la_code,la_name,year,claimants_december,claimants_annual
95AA,Antrim,2016,675.0,747.9
95AA,Antrim,2017,640.0,661.7
95AA,Antrim,2018,560.0,615.0
95AA,Antrim,2019,675.0,641.7
95AA,Antrim,2020,1380.0,1266.2
95AA,Antrim,2021,940.0,1220.4
95AA,Antrim,2022,845.0,852.5
95AA,Antrim,2023,825.0,877.1
95BB,Ards,2016,1255.0,1417.5
95BB,Ards,2017,1190.0,1240.8
95BB,Ards,2018,1150.0,1168.3
95BB,Ards,2019,1190.0,1202.1
95BB,Ards,2020,2325.0,2119.2
95BB,Ards,2021,1650.0,2050.8
95BB,Ards,2022,1445.0,1445.8
95BB,Ards,2023,1515.0,1485.4
95CC,Armagh,2016,740.0,819.6
95CC,Armagh,2017,695.0,713.8
95CC,Armagh,2018,745.0,713.3
95CC,Armagh,2019,725.0,767.1
95CC,Armagh,2020,1725.0,1518.8
95CC,Armagh,2021,1125.0,1470.8
95CC,Armagh,2022,1055.0,1036.7
95CC,Armagh,2023,1050.0,1098.8
95DD,Ballymena,2016,925.0,1007.1
95DD,Ballymena,2017,855.0,890.8
95DD,Ballymena,2018,795.0,828.3
95DD,Ballymena,2019,1250.0,958.3
95DD,Ballymena,2020,1760.0,1680.8
95DD,Ballymena,2021,1350.0,1594.2
95DD,Ballymena,2022,1225.0,1244.2
95DD,Ballymena,2023,1195.0,1238.8
95EE,Ballymoney,2016,480.0,545.0
95EE,Ballymoney,2017,410.0,440.0
95EE,Ballymoney,2018,485.0,466.7
95EE,Ballymoney,2019,550.0,502.1
95EE,Ballymoney,2020,850.0,831.2
95EE,Ballymoney,2021,525.0,710.0
95EE,Ballymoney,2022,440.0,469.6
95EE,Ballymoney,2023,485.0,465.8
95FF,Banbridge,2016,540.0,593.8
95FF,Banbridge,2017,445.0,482.5
95FF,Banbridge,2018,485.0,447.5
95FF,Banbridge,2019,480.0,516.7
95FF,Banbridge,2020,1115.0,1037.5
95FF,Banbridge,2021,730.0,959.2
95FF,Banbridge,2022,660.0,645.4
95FF,Banbridge,2023,670.0,672.9
95GG,Belfast,2016,7040.0,7824.6
95GG,Belfast,2017,6120.0,6681.2
95GG,Belfast,2018,5660.0,5960.4
95GG,Belfast,2019,6165.0,5542.5
95GG,Belfast,2020,11965.0,10866.2
95GG,Belfast,2021,9185.0,10973.8
95GG,Belfast,2022,7900.0,8172.1
95GG,Belfast,2023,8045.0,8072.5
95HH,Carrickfergus,2016,660.0,724.2
95HH,Carrickfergus,2017,630.0,648.3
95HH,Carrickfergus,2018,575.0,612.5
95HH,Carrickfergus,2019,615.0,641.2
95HH,Carrickfergus,2020,1100.0,1011.2
95HH,Carrickfergus,2021,850.0,1060.4
95HH,Carrickfergus,2022,750.0,794.2
95HH,Carrickfergus,2023,740.0,759.6
95II,Castlereagh,2016,775.0,867.1
95II,Castlereagh,2017,630.0,742.9
95II,Castlereagh,2018,605.0,630.8
95II,Castlereagh,2019,630.0,656.2
95II,Castlereagh,2020,1530.0,1331.7
95II,Castlereagh,2021,990.0,1343.3
95II,Castlereagh,2022,820.0,866.2
95II,Castlereagh,2023,860.0,872.9
95JJ,Coleraine,2016,1075.0,1179.6
95JJ,Coleraine,2017,1005.0,1009.2
95JJ,Coleraine,2018,1155.0,1061.2
95JJ,Coleraine,2019,1070.0,1097.5
95JJ,Coleraine,2020,1645.0,1605.4
95JJ,Coleraine,2021,1230.0,1467.9
95JJ,Coleraine,2022,1140.0,1113.3
95JJ,Coleraine,2023,1150.0,1137.9
95KK,Cookstown,2016,355.0,430.0
95KK,Cookstown,2017,335.0,356.7
95KK,Cookstown,2018,310.0,327.9
95KK,Cookstown,2019,385.0,365.8
95KK,Cookstown,2020,940.0,852.1
95KK,Cookstown,2021,610.0,795.0
95KK,Cookstown,2022,500.0,505.0
95KK,Cookstown,2023,465.0,484.2
95LL,Craigavon,2016,1285.0,1637.1
95LL,Craigavon,2017,1225.0,1280.0
95LL,Craigavon,2018,1380.0,1307.9
95LL,Craigavon,2019,1355.0,1447.5
95LL,Craigavon,2020,2960.0,2606.2
95LL,Craigavon,2021,1985.0,2540.0
95LL,Craigavon,2022,1850.0,1787.1
95LL,Craigavon,2023,1935.0,1923.3
95MM,Derry,2016,3825.0,4310.4
95MM,Derry,2017,3460.0,3681.2
95MM,Derry,2018,3570.0,3486.2
95MM,Derry,2019,3285.0,3454.6
95MM,Derry,2020,4930.0,4679.6
95MM,Derry,2021,3870.0,4536.7
95MM,Derry,2022,3570.0,3627.1
95MM,Derry,2023,3700.0,3697.5
95NN,Down,2016,1140.0,1290.4
95NN,Down,2017,1020.0,1107.9
95NN,Down,2018,1095.0,1052.9
95NN,Down,2019,1040.0,1105.0
95NN,Down,2020,2170.0,1994.2
95NN,Down,2021,1475.0,1836.2
95NN,Down,2022,1340.0,1355.4
95NN,Down,2023,1180.0,1319.2
95OO,Dungannon,2016,625.0,726.2
95OO,Dungannon,2017,565.0,596.7
95OO,Dungannon,2018,710.0,634.6
95OO,Dungannon,2019,670.0,694.6
95OO,Dungannon,2020,1610.0,1452.9
95OO,Dungannon,2021,1000.0,1332.9
95OO,Dungannon,2022,925.0,940.4
95OO,Dungannon,2023,960.0,963.8
95PP,Fermanagh,2016,1075.0,1230.4
95PP,Fermanagh,2017,885.0,983.3
95PP,Fermanagh,2018,935.0,928.3
95PP,Fermanagh,2019,965.0,1001.2
95PP,Fermanagh,2020,1515.0,1494.6
95PP,Fermanagh,2021,1135.0,1369.2
95PP,Fermanagh,2022,1000.0,1023.8
95PP,Fermanagh,2023,950.0,978.8
95QQ,Larne,2016,575.0,558.8
95QQ,Larne,2017,530.0,515.4
95QQ,Larne,2018,475.0,512.9
95QQ,Larne,2019,540.0,550.4
95QQ,Larne,2020,1000.0,887.1
95QQ,Larne,2021,745.0,922.5
95QQ,Larne,2022,580.0,635.8
95QQ,Larne,2023,515.0,557.5
95RR,Limavady,2016,800.0,870.0
95RR,Limavady,2017,710.0,731.7
95RR,Limavady,2018,785.0,754.6
95RR,Limavady,2019,710.0,757.5
95RR,Limavady,2020,1235.0,1202.1
95RR,Limavady,2021,880.0,1038.8
95RR,Limavady,2022,800.0,814.2
95RR,Limavady,2023,735.0,776.2
95SS,Lisburn,2016,1775.0,2047.5
95SS,Lisburn,2017,1525.0,1644.2
95SS,Lisburn,2018,1485.0,1528.3
95SS,Lisburn,2019,1660.0,1620.8
95SS,Lisburn,2020,3505.0,3191.2
95SS,Lisburn,2021,2410.0,3053.8
95SS,Lisburn,2022,2010.0,2157.1
95SS,Lisburn,2023,1970.0,1990.4
95TT,Magherafelt,2016,495.0,558.8
95TT,Magherafelt,2017,455.0,481.2
95TT,Magherafelt,2018,555.0,540.8
95TT,Magherafelt,2019,515.0,536.7
95TT,Magherafelt,2020,1080.0,1015.8
95TT,Magherafelt,2021,665.0,882.1
95TT,Magherafelt,2022,625.0,634.2
95TT,Magherafelt,2023,525.0,570.8
95UU,Moyle,2016,355.0,382.1
95UU,Moyle,2017,325.0,333.3
95UU,Moyle,2018,350.0,336.7
95UU,Moyle,2019,345.0,337.9
95UU,Moyle,2020,570.0,564.2
95UU,Moyle,2021,375.0,494.2
95UU,Moyle,2022,340.0,338.8
95UU,Moyle,2023,325.0,331.7
95VV,Newry and Mourne,2016,1365.0,1620.4
95VV,Newry and Mourne,2017,1235.0,1304.6
95VV,Newry and Mourne,2018,1225.0,1239.6
95VV,Newry and Mourne,2019,1420.0,1383.8
95VV,Newry and Mourne,2020,3260.0,3051.7
95VV,Newry and Mourne,2021,2170.0,2791.7
95VV,Newry and Mourne,2022,1840.0,1882.9
95VV,Newry and Mourne,2023,1805.0,1877.1
95WW,Newtownabbey,2016,1235.0,1413.3
95WW,Newtownabbey,2017,1155.0,1214.2
95WW,Newtownabbey,2018,1035.0,1117.1
95WW,Newtownabbey,2019,1120.0,1160.0
95WW,Newtownabbey,2020,2230.0,2047.1
95WW,Newtownabbey,2021,1545.0,1977.9
95WW,Newtownabbey,2022,1310.0,1352.9
95WW,Newtownabbey,2023,1250.0,1321.2
95XX,North Down,2016,1065.0,1143.8
95XX,North Down,2017,910.0,1010.0
95XX,North Down,2018,855.0,923.3
95XX,North Down,2019,1020.0,960.4
95XX,North Down,2020,2040.0,1843.8
95XX,North Down,2021,1360.0,1758.3
95XX,North Down,2022,1190.0,1222.5
95XX,North Down,2023,1110.0,1141.2
95YY,Omagh,2016,620.0,800.0
95YY,Omagh,2017,550.0,582.5
95YY,Omagh,2018,640.0,601.2
95YY,Omagh,2019,605.0,659.6
95YY,Omagh,2020,1200.0,1110.8
95YY,Omagh,2021,790.0,1031.2
95YY,Omagh,2022,660.0,701.7
95YY,Omagh,2023,665.0,688.8
95ZZ,Strabane,2016,1245.0,1360.8
95ZZ,Strabane,2017,1050.0,1136.7
95ZZ,Strabane,2018,1050.0,1047.9
95ZZ,Strabane,2019,1000.0,1030.0
95ZZ,Strabane,2020,1475.0,1421.2
95ZZ,Strabane,2021,1075.0,1297.5
95ZZ,Strabane,2022,915.0,980.4
95ZZ,Strabane,2023,865.0,923.8
E06000001,Hartlepool,2016,2690.0,2752.1
E06000001,Hartlepool,2017,3815.0,3347.5
E06000001,Hartlepool,2018,3960.0,3987.1
E06000001,Hartlepool,2019,3270.0,3620.0
E06000001,Hartlepool,2020,4835.0,4698.3
E06000001,Hartlepool,2021,3560.0,4288.3
E06000001,Hartlepool,2022,3080.0,3082.9
E06000001,Hartlepool,2023,2855.0,2940.8
E06000002,Middlesbrough,2016,4230.0,4227.1
E06000002,Middlesbrough,2017,3985.0,4145.4
E06000002,Middlesbrough,2018,3910.0,3949.2
E06000002,Middlesbrough,2019,5215.0,4935.0
E06000002,Middlesbrough,2020,8830.0,7976.2
E06000002,Middlesbrough,2021,6595.0,8017.5
E06000002,Middlesbrough,2022,5590.0,5684.6
E06000002,Middlesbrough,2023,4960.0,5252.5
E06000003,Redcar and Cleveland,2016,3235.0,3292.1
E06000003,Redcar and Cleveland,2017,2875.0,3071.7
E06000003,Redcar and Cleveland,2018,2625.0,2787.9
E06000003,Redcar and Cleveland,2019,3640.0,3316.7
E06000003,Redcar and Cleveland,2020,5760.0,5410.8
E06000003,Redcar and Cleveland,2021,3900.0,4975.8
E06000003,Redcar and Cleveland,2022,3360.0,3491.2
E06000003,Redcar and Cleveland,2023,3220.0,3300.8
E06000004,Stockton-on-Tees,2016,3920.0,3927.9
E06000004,Stockton-on-Tees,2017,3775.0,3913.8
E06000004,Stockton-on-Tees,2018,4410.0,3944.2
E06000004,Stockton-on-Tees,2019,5070.0,4893.3
E06000004,Stockton-on-Tees,2020,8120.0,7663.3
E06000004,Stockton-on-Tees,2021,5805.0,7158.8
E06000004,Stockton-on-Tees,2022,4880.0,5170.4
E06000004,Stockton-on-Tees,2023,4670.0,4857.9
E06000005,Darlington,2016,2175.0,2060.0
E06000005,Darlington,2017,2245.0,2253.3
E06000005,Darlington,2018,2590.0,2397.1
E06000005,Darlington,2019,3010.0,2842.1
E06000005,Darlington,2020,4460.0,4215.8
E06000005,Darlington,2021,3290.0,4077.5
E06000005,Darlington,2022,2820.0,2860.4
E06000005,Darlington,2023,2765.0,2817.1
E06000006,Halton,2016,2175.0,2138.3
E06000006,Halton,2017,2765.0,2822.1
E06000006,Halton,2018,3190.0,3150.0
E06000006,Halton,2019,3120.0,3290.0
E06000006,Halton,2020,5355.0,5061.7
E06000006,Halton,2021,3660.0,4715.8
E06000006,Halton,2022,3330.0,3461.7
E06000006,Halton,2023,3495.0,3457.5
E06000007,Warrington,2016,1950.0,2159.2
E06000007,Warrington,2017,2720.0,2456.2
E06000007,Warrington,2018,3200.0,3133.8
E06000007,Warrington,2019,3285.0,3299.6
E06000007,Warrington,2020,6545.0,5835.0
E06000007,Warrington,2021,4420.0,5698.8
E06000007,Warrington,2022,3275.0,3765.0
E06000007,Warrington,2023,3140.0,3220.0
E06000008,Blackburn with Darwen,2016,2380.0,2603.8
E06000008,Blackburn with Darwen,2017,2750.0,2591.2
E06000008,Blackburn with Darwen,2018,3835.0,3275.0
E06000008,Blackburn with Darwen,2019,4415.0,4296.2
E06000008,Blackburn with Darwen,2020,7500.0,6743.3
E06000008,Blackburn with Darwen,2021,5700.0,6865.8
E06000008,Blackburn with Darwen,2022,5015.0,5140.4
E06000008,Blackburn with Darwen,2023,4855.0,5026.7
E06000009,Blackpool,2016,3500.0,3360.8
E06000009,Blackpool,2017,3780.0,3692.9
E06000009,Blackpool,2018,3845.0,3797.9
E06000009,Blackpool,2019,5645.0,4940.4
E06000009,Blackpool,2020,10030.0,8990.8
E06000009,Blackpool,2021,6965.0,8687.5
E06000009,Blackpool,2022,5760.0,6220.4
E06000009,Blackpool,2023,5225.0,5577.5
E06000010,"Kingston upon Hull, City of",2016,5990.0,6468.8
E06000010,"Kingston upon Hull, City of",2017,6140.0,6214.6
E06000010,"Kingston upon Hull, City of",2018,6485.0,6311.7
E06000010,"Kingston upon Hull, City of",2019,9180.0,8235.0
E06000010,"Kingston upon Hull, City of",2020,15975.0,14355.0
E06000010,"Kingston upon Hull, City of",2021,12330.0,14458.8
E06000010,"Kingston upon Hull, City of",2022,9905.0,10568.8
E06000010,"Kingston upon Hull, City of",2023,9795.0,9670.8
E06000011,East Riding of Yorkshire,2016,2880.0,2864.6
E06000011,East Riding of Yorkshire,2017,2855.0,2782.5
E06000011,East Riding of Yorkshire,2018,3570.0,3032.5
E06000011,East Riding of Yorkshire,2019,4375.0,4029.6
E06000011,East Riding of Yorkshire,2020,8510.0,7799.2
E06000011,East Riding of Yorkshire,2021,5630.0,7173.3
E06000011,East Riding of Yorkshire,2022,4800.0,4961.7
E06000011,East Riding of Yorkshire,2023,4885.0,4685.8
E06000012,North East Lincolnshire,2016,3315.0,3495.0
E06000012,North East Lincolnshire,2017,3275.0,3365.8
E06000012,North East Lincolnshire,2018,4165.0,3930.4
E06000012,North East Lincolnshire,2019,4025.0,4151.2
E06000012,North East Lincolnshire,2020,6530.0,6221.7
E06000012,North East Lincolnshire,2021,4710.0,5657.5
E06000012,North East Lincolnshire,2022,3945.0,4146.2
E06000012,North East Lincolnshire,2023,4220.0,4170.4
E06000013,North Lincolnshire,2016,2275.0,2516.7
E06000013,North Lincolnshire,2017,2285.0,2241.7
E06000013,North Lincolnshire,2018,3195.0,2987.1
E06000013,North Lincolnshire,2019,3435.0,3364.2
E06000013,North Lincolnshire,2020,5865.0,5487.1
E06000013,North Lincolnshire,2021,4185.0,5175.4
E06000013,North Lincolnshire,2022,3555.0,3696.2
E06000013,North Lincolnshire,2023,3445.0,3460.0
E06000014,York,2016,910.0,958.8
E06000014,York,2017,1350.0,1056.7
E06000014,York,2018,1690.0,1665.0
E06000014,York,2019,1715.0,1749.6
E06000014,York,2020,4705.0,4048.8
E06000014,York,2021,2885.0,3932.1
E06000014,York,2022,2400.0,2551.7
E06000014,York,2023,2265.0,2246.2
E06000015,Derby,2016,2190.0,2509.2
E06000015,Derby,2017,2595.0,2693.8
E06000015,Derby,2018,3685.0,3345.8
E06000015,Derby,2019,5365.0,4931.7
E06000015,Derby,2020,11950.0,10090.8
E06000015,Derby,2021,8690.0,10882.5
E06000015,Derby,2022,7465.0,7792.5
E06000015,Derby,2023,8015.0,8005.0
E06000016,Leicester,2016,3605.0,4358.3
E06000016,Leicester,2017,3915.0,4035.0
E06000016,Leicester,2018,5295.0,4508.3
E06000016,Leicester,2019,7440.0,6829.6
E06000016,Leicester,2020,17035.0,14354.6
E06000016,Leicester,2021,13195.0,15915.0
E06000016,Leicester,2022,11460.0,11863.8
E06000016,Leicester,2023,11940.0,12335.4
E06000017,Rutland,2016,100.0,123.8
E06000017,Rutland,2017,130.0,129.6
E06000017,Rutland,2018,225.0,190.4
E06000017,Rutland,2019,270.0,250.0
E06000017,Rutland,2020,750.0,643.8
E06000017,Rutland,2021,455.0,626.2
E06000017,Rutland,2022,330.0,346.7
E06000017,Rutland,2023,405.0,377.1
E06000018,Nottingham,2016,6535.0,7005.0
E06000018,Nottingham,2017,6905.0,7130.4
E06000018,Nottingham,2018,6390.0,7038.8
E06000018,Nottingham,2019,9680.0,8668.8
E06000018,Nottingham,2020,17500.0,15585.8
E06000018,Nottingham,2021,13750.0,16391.7
E06000018,Nottingham,2022,11855.0,12360.8
E06000018,Nottingham,2023,12360.0,12322.9
E06000019,"Herefordshire, County of",2016,1175.0,1152.9
E06000019,"Herefordshire, County of",2017,1145.0,1145.0
E06000019,"Herefordshire, County of",2018,1580.0,1278.8
E06000019,"Herefordshire, County of",2019,1965.0,1854.6
E06000019,"Herefordshire, County of",2020,4545.0,4029.2
E06000019,"Herefordshire, County of",2021,2955.0,3902.9
E06000019,"Herefordshire, County of",2022,2535.0,2665.0
E06000019,"Herefordshire, County of",2023,2580.0,2589.2
E06000020,Telford and Wrekin,2016,1675.0,1704.6
E06000020,Telford and Wrekin,2017,1840.0,1903.8
E06000020,Telford and Wrekin,2018,1845.0,1963.8
E06000020,Telford and Wrekin,2019,3260.0,2805.4
E06000020,Telford and Wrekin,2020,6715.0,5997.1
E06000020,Telford and Wrekin,2021,4745.0,5767.1
E06000020,Telford and Wrekin,2022,3940.0,4233.8
E06000020,Telford and Wrekin,2023,3945.0,3962.1
E06000021,Stoke-on-Trent,2016,3065.0,3343.8
E06000021,Stoke-on-Trent,2017,3665.0,3704.6
E06000021,Stoke-on-Trent,2018,4955.0,4429.6
E06000021,Stoke-on-Trent,2019,6750.0,6287.9
E06000021,Stoke-on-Trent,2020,12470.0,11199.6
E06000021,Stoke-on-Trent,2021,9685.0,11523.8
E06000021,Stoke-on-Trent,2022,8365.0,8764.2
E06000021,Stoke-on-Trent,2023,8705.0,8695.4
E06000022,Bath and North East Somerset,2016,1410.0,1174.6
E06000022,Bath and North East Somerset,2017,1980.0,1843.8
E06000022,Bath and North East Somerset,2018,2120.0,2103.3
E06000022,Bath and North East Somerset,2019,2145.0,2204.6
E06000022,Bath and North East Somerset,2020,4945.0,4265.8
E06000022,Bath and North East Somerset,2021,3055.0,4091.7
E06000022,Bath and North East Somerset,2022,2110.0,2409.6
E06000022,Bath and North East Somerset,2023,2195.0,2200.0
E06000023,"Bristol, City of",2016,5105.0,5190.0
E06000023,"Bristol, City of",2017,5030.0,5257.1
E06000023,"Bristol, City of",2018,6030.0,5355.0
E06000023,"Bristol, City of",2019,8220.0,7550.8
E06000023,"Bristol, City of",2020,19430.0,16644.2
E06000023,"Bristol, City of",2021,13325.0,16685.8
E06000023,"Bristol, City of",2022,10865.0,11391.7
E06000023,"Bristol, City of",2023,11340.0,11021.7
E06000024,North Somerset,2016,1225.0,1245.8
E06000024,North Somerset,2017,1660.0,1352.5
E06000024,North Somerset,2018,2260.0,2060.8
E06000024,North Somerset,2019,2615.0,2519.2
E06000024,North Somerset,2020,5645.0,4990.0
E06000024,North Somerset,2021,3645.0,4723.8
E06000024,North Somerset,2022,2915.0,3089.6
E06000024,North Somerset,2023,3145.0,2979.2
E06000025,South Gloucestershire,2016,1485.0,1541.7
E06000025,South Gloucestershire,2017,1470.0,1550.0
E06000025,South Gloucestershire,2018,1515.0,1511.2
E06000025,South Gloucestershire,2019,2440.0,2182.9
E06000025,South Gloucestershire,2020,6480.0,5598.3
E06000025,South Gloucestershire,2021,3960.0,5375.4
E06000025,South Gloucestershire,2022,3115.0,3325.0
E06000025,South Gloucestershire,2023,3200.0,3155.4
E06000026,Plymouth,2016,3475.0,3690.8
E06000026,Plymouth,2017,3390.0,3595.8
E06000026,Plymouth,2018,5120.0,4400.0
E06000026,Plymouth,2019,5405.0,5371.2
E06000026,Plymouth,2020,9895.0,9201.2
E06000026,Plymouth,2021,6795.0,8564.2
E06000026,Plymouth,2022,5445.0,5772.5
E06000026,Plymouth,2023,5625.0,5497.9
E06000027,Torbay,2016,1500.0,1509.6
E06000027,Torbay,2017,1620.0,1555.0
E06000027,Torbay,2018,1840.0,1611.7
E06000027,Torbay,2019,2415.0,2302.9
E06000027,Torbay,2020,5455.0,4947.5
E06000027,Torbay,2021,3160.0,4375.0
E06000027,Torbay,2022,2480.0,2707.1
E06000027,Torbay,2023,2545.0,2522.1
E06000030,Swindon,2016,1640.0,1869.6
E06000030,Swindon,2017,2745.0,2473.8
E06000030,Swindon,2018,3050.0,3083.3
E06000030,Swindon,2019,3240.0,3339.2
E06000030,Swindon,2020,7825.0,6806.7
E06000030,Swindon,2021,5710.0,7017.5
E06000030,Swindon,2022,4490.0,4801.2
E06000030,Swindon,2023,4540.0,4465.4
E06000031,Peterborough,2016,1475.0,1770.4
E06000031,Peterborough,2017,1705.0,1762.1
E06000031,Peterborough,2018,3425.0,2957.1
E06000031,Peterborough,2019,4245.0,3989.2
E06000031,Peterborough,2020,9345.0,8042.9
E06000031,Peterborough,2021,7445.0,9067.9
E06000031,Peterborough,2022,6345.0,6668.8
E06000031,Peterborough,2023,6920.0,6932.5
E06000032,Luton,2016,2330.0,2516.7
E06000032,Luton,2017,2495.0,2600.4
E06000032,Luton,2018,2570.0,2530.8
E06000032,Luton,2019,4280.0,3607.5
E06000032,Luton,2020,11440.0,9230.4
E06000032,Luton,2021,9255.0,10957.1
E06000032,Luton,2022,7420.0,8037.1
E06000032,Luton,2023,8355.0,8103.3
E06000033,Southend-on-Sea,2016,2215.0,2187.5
E06000033,Southend-on-Sea,2017,2605.0,2362.1
E06000033,Southend-on-Sea,2018,3780.0,3400.8
E06000033,Southend-on-Sea,2019,4075.0,4019.6
E06000033,Southend-on-Sea,2020,8745.0,7481.2
E06000033,Southend-on-Sea,2021,6045.0,7509.2
E06000033,Southend-on-Sea,2022,4730.0,5098.8
E06000033,Southend-on-Sea,2023,4820.0,4745.4
E06000034,Thurrock,2016,1975.0,2057.9
E06000034,Thurrock,2017,1790.0,1994.6
E06000034,Thurrock,2018,2685.0,2375.0
E06000034,Thurrock,2019,3280.0,3143.8
E06000034,Thurrock,2020,7565.0,6442.5
E06000034,Thurrock,2021,4905.0,6606.7
E06000034,Thurrock,2022,4175.0,4322.9
E06000034,Thurrock,2023,4630.0,4439.6
E06000035,Medway,2016,3345.0,3533.3
E06000035,Medway,2017,3245.0,3371.7
E06000035,Medway,2018,4095.0,3550.0
E06000035,Medway,2019,5490.0,5073.3
E06000035,Medway,2020,11695.0,10124.2
E06000035,Medway,2021,8625.0,10544.2
E06000035,Medway,2022,6485.0,7116.2
E06000035,Medway,2023,6770.0,6713.3
E06000036,Bracknell Forest,2016,570.0,613.8
E06000036,Bracknell Forest,2017,520.0,604.2
E06000036,Bracknell Forest,2018,860.0,642.1
E06000036,Bracknell Forest,2019,1180.0,1059.6
E06000036,Bracknell Forest,2020,3400.0,2824.2
E06000036,Bracknell Forest,2021,2000.0,2801.2
E06000036,Bracknell Forest,2022,1600.0,1695.8
E06000036,Bracknell Forest,2023,1615.0,1613.3
E06000037,West Berkshire,2016,590.0,592.1
E06000037,West Berkshire,2017,575.0,628.3
E06000037,West Berkshire,2018,1125.0,910.0
E06000037,West Berkshire,2019,1440.0,1302.5
E06000037,West Berkshire,2020,3755.0,3170.8
E06000037,West Berkshire,2021,2495.0,3217.9
E06000037,West Berkshire,2022,2060.0,2192.1
E06000037,West Berkshire,2023,2000.0,1996.7
E06000038,Reading,2016,1585.0,1537.9
E06000038,Reading,2017,1645.0,1732.1
E06000038,Reading,2018,2410.0,2057.5
E06000038,Reading,2019,2925.0,2757.9
E06000038,Reading,2020,6825.0,5664.2
E06000038,Reading,2021,4955.0,6172.1
E06000038,Reading,2022,4275.0,4411.7
E06000038,Reading,2023,4725.0,4480.4
E06000039,Slough,2016,1295.0,1348.8
E06000039,Slough,2017,1200.0,1303.8
E06000039,Slough,2018,1815.0,1453.3
E06000039,Slough,2019,2650.0,2362.5
E06000039,Slough,2020,8000.0,6239.6
E06000039,Slough,2021,5735.0,7112.5
E06000039,Slough,2022,4635.0,5042.5
E06000039,Slough,2023,5095.0,4918.8
E06000040,Windsor and Maidenhead,2016,730.0,666.2
E06000040,Windsor and Maidenhead,2017,630.0,726.7
E06000040,Windsor and Maidenhead,2018,930.0,740.0
E06000040,Windsor and Maidenhead,2019,1225.0,1130.0
E06000040,Windsor and Maidenhead,2020,4235.0,3282.9
E06000040,Windsor and Maidenhead,2021,2540.0,3415.0
E06000040,Windsor and Maidenhead,2022,2020.0,2199.6
E06000040,Windsor and Maidenhead,2023,2065.0,2002.9
E06000041,Wokingham,2016,605.0,580.0
E06000041,Wokingham,2017,500.0,581.2
E06000041,Wokingham,2018,855.0,682.9
E06000041,Wokingham,2019,1085.0,979.2
E06000041,Wokingham,2020,3505.0,2819.6
E06000041,Wokingham,2021,2025.0,2838.8
E06000041,Wokingham,2022,1715.0,1741.2
E06000041,Wokingham,2023,1915.0,1815.0
E06000042,Milton Keynes,2016,2190.0,2468.8
E06000042,Milton Keynes,2017,2395.0,2595.8
E06000042,Milton Keynes,2018,2400.0,2633.3
E06000042,Milton Keynes,2019,4025.0,3412.9
E06000042,Milton Keynes,2020,9950.0,8635.8
E06000042,Milton Keynes,2021,7310.0,9323.3
E06000042,Milton Keynes,2022,6195.0,6500.8
E06000042,Milton Keynes,2023,6710.0,6601.7
E06000043,Brighton and Hove,2016,2950.0,2905.4
E06000043,Brighton and Hove,2017,3060.0,2965.0
E06000043,Brighton and Hove,2018,4665.0,4122.5
E06000043,Brighton and Hove,2019,5500.0,5089.6
E06000043,Brighton and Hove,2020,13855.0,11539.2
E06000043,Brighton and Hove,2021,9405.0,11885.0
E06000043,Brighton and Hove,2022,7905.0,8153.3
E06000043,Brighton and Hove,2023,7855.0,7695.4
E06000044,Portsmouth,2016,1990.0,2034.2
E06000044,Portsmouth,2017,2255.0,2270.8
E06000044,Portsmouth,2018,2565.0,2445.4
E06000044,Portsmouth,2019,4280.0,3561.2
E06000044,Portsmouth,2020,9890.0,8476.7
E06000044,Portsmouth,2021,7205.0,8795.4
E06000044,Portsmouth,2022,6245.0,6416.2
E06000044,Portsmouth,2023,6305.0,6235.4
E06000045,Southampton,2016,2220.0,2472.5
E06000045,Southampton,2017,3745.0,2940.8
E06000045,Southampton,2018,4830.0,4477.1
E06000045,Southampton,2019,5265.0,5107.9
E06000045,Southampton,2020,11525.0,9967.1
E06000045,Southampton,2021,8255.0,10275.4
E06000045,Southampton,2022,6750.0,7221.2
E06000045,Southampton,2023,6930.0,6859.2
E06000046,Isle of Wight,2016,1610.0,1465.8
E06000046,Isle of Wight,2017,1565.0,1490.4
E06000046,Isle of Wight,2018,1740.0,1522.1
E06000046,Isle of Wight,2019,2380.0,2100.0
E06000046,Isle of Wight,2020,5160.0,4479.6
E06000046,Isle of Wight,2021,3335.0,4317.9
E06000046,Isle of Wight,2022,2900.0,2885.8
E06000046,Isle of Wight,2023,3015.0,2771.2
E06000047,County Durham,2016,7835.0,7579.2
E06000047,County Durham,2017,8410.0,8170.0
E06000047,County Durham,2018,12170.0,10696.2
E06000047,County Durham,2019,12765.0,12597.1
E06000047,County Durham,2020,20035.0,18955.8
E06000047,County Durham,2021,14140.0,17630.8
E06000047,County Durham,2022,10915.0,11899.6
E06000047,County Durham,2023,10445.0,10505.4
E06000049,Cheshire East,2016,2390.0,2520.0
E06000049,Cheshire East,2017,2910.0,2637.1
E06000049,Cheshire East,2018,3770.0,3420.8
E06000049,Cheshire East,2019,4480.0,4188.8
E06000049,Cheshire East,2020,10310.0,8979.6
E06000049,Cheshire East,2021,6555.0,8661.2
E06000049,Cheshire East,2022,5645.0,5781.7
E06000049,Cheshire East,2023,5685.0,5619.2
E06000050,Cheshire West and Chester,2016,2785.0,2821.2
E06000050,Cheshire West and Chester,2017,3240.0,3026.2
E06000050,Cheshire West and Chester,2018,4815.0,4357.9
E06000050,Cheshire West and Chester,2019,5230.0,5132.5
E06000050,Cheshire West and Chester,2020,10495.0,9571.7
E06000050,Cheshire West and Chester,2021,6660.0,8808.8
E06000050,Cheshire West and Chester,2022,5715.0,5860.8
E06000050,Cheshire West and Chester,2023,5480.0,5569.2
E06000051,Shropshire,2016,1880.0,1970.8
E06000051,Shropshire,2017,2040.0,1982.9
E06000051,Shropshire,2018,2970.0,2501.2
E06000051,Shropshire,2019,3765.0,3539.2
E06000051,Shropshire,2020,8440.0,7410.4
E06000051,Shropshire,2021,5575.0,7109.2
E06000051,Shropshire,2022,4505.0,4768.3
E06000051,Shropshire,2023,4130.0,4389.2
E06000052,Cornwall,2016,4785.0,4518.8
E06000052,Cornwall,2017,4255.0,4426.2
E06000052,Cornwall,2018,6670.0,5083.3
E06000052,Cornwall,2019,8010.0,7419.2
E06000052,Cornwall,2020,17950.0,16572.1
E06000052,Cornwall,2021,11320.0,15085.0
E06000052,Cornwall,2022,9240.0,9483.3
E06000052,Cornwall,2023,9735.0,9154.2
E06000053,Isles of Scilly,2016,5.0,4.6
E06000053,Isles of Scilly,2017,5.0,6.7
E06000053,Isles of Scilly,2018,10.0,5.0
E06000053,Isles of Scilly,2019,10.0,9.6
E06000053,Isles of Scilly,2020,45.0,46.7
E06000053,Isles of Scilly,2021,30.0,36.7
E06000053,Isles of Scilly,2022,15.0,17.5
E06000053,Isles of Scilly,2023,20.0,16.7
E06000054,Wiltshire,2016,2525.0,2572.5
E06000054,Wiltshire,2017,3305.0,2838.3
E06000054,Wiltshire,2018,4380.0,4150.4
E06000054,Wiltshire,2019,4935.0,4744.2
E06000054,Wiltshire,2020,11620.0,10218.3
E06000054,Wiltshire,2021,7915.0,10087.9
E06000054,Wiltshire,2022,6205.0,6594.6
E06000054,Wiltshire,2023,6190.0,6138.3
E06000055,Bedford,2016,1895.0,2115.0
E06000055,Bedford,2017,2670.0,2335.0
E06000055,Bedford,2018,3220.0,3144.2
E06000055,Bedford,2019,3420.0,3412.9
E06000055,Bedford,2020,6850.0,6098.8
E06000055,Bedford,2021,5210.0,6353.8
E06000055,Bedford,2022,4215.0,4509.6
E06000055,Bedford,2023,4735.0,4571.7
E06000056,Central Bedfordshire,2016,1270.0,1354.6
E06000056,Central Bedfordshire,2017,1475.0,1411.7
E06000056,Central Bedfordshire,2018,1475.0,1585.8
E06000056,Central Bedfordshire,2019,2515.0,2163.3
E06000056,Central Bedfordshire,2020,7115.0,6202.9
E06000056,Central Bedfordshire,2021,4890.0,6248.8
E06000056,Central Bedfordshire,2022,3850.0,4193.8
E06000056,Central Bedfordshire,2023,4130.0,4038.3
E06000057,Northumberland,2016,4640.0,4592.5
E06000057,Northumberland,2017,4745.0,4718.3
E06000057,Northumberland,2018,4790.0,4842.5
E06000057,Northumberland,2019,6450.0,5887.1
E06000057,Northumberland,2020,10915.0,10050.0
E06000057,Northumberland,2021,7505.0,9387.5
E06000057,Northumberland,2022,6280.0,6440.0
E06000057,Northumberland,2023,5775.0,6001.7
E07000008,Cambridge,2016,720.0,705.8
E07000008,Cambridge,2017,705.0,704.2
E07000008,Cambridge,2018,735.0,733.8
E07000008,Cambridge,2019,1380.0,1140.0
E07000008,Cambridge,2020,3550.0,2889.2
E07000008,Cambridge,2021,2280.0,3005.8
E07000008,Cambridge,2022,2055.0,2089.2
E07000008,Cambridge,2023,2075.0,2026.7
E07000009,East Cambridgeshire,2016,290.0,330.8
E07000009,East Cambridgeshire,2017,320.0,296.2
E07000009,East Cambridgeshire,2018,405.0,368.3
E07000009,East Cambridgeshire,2019,665.0,559.2
E07000009,East Cambridgeshire,2020,1785.0,1519.6
E07000009,East Cambridgeshire,2021,1265.0,1544.6
E07000009,East Cambridgeshire,2022,980.0,1092.9
E07000009,East Cambridgeshire,2023,1015.0,1004.2
E07000010,Fenland,2016,550.0,645.0
E07000010,Fenland,2017,650.0,650.0
E07000010,Fenland,2018,980.0,812.9
E07000010,Fenland,2019,1585.0,1353.3
E07000010,Fenland,2020,3470.0,3017.9
E07000010,Fenland,2021,2610.0,3150.4
E07000010,Fenland,2022,2210.0,2344.6
E07000010,Fenland,2023,2230.0,2276.7
E07000011,Huntingdonshire,2016,660.0,685.4
E07000011,Huntingdonshire,2017,755.0,722.1
E07000011,Huntingdonshire,2018,875.0,864.2
E07000011,Huntingdonshire,2019,1540.0,1305.8
E07000011,Huntingdonshire,2020,4190.0,3617.5
E07000011,Huntingdonshire,2021,2700.0,3456.2
E07000011,Huntingdonshire,2022,2335.0,2437.5
E07000011,Huntingdonshire,2023,2345.0,2338.3
E07000012,South Cambridgeshire,2016,430.0,465.8
E07000012,South Cambridgeshire,2017,465.0,442.9
E07000012,South Cambridgeshire,2018,500.0,485.8
E07000012,South Cambridgeshire,2019,985.0,786.7
E07000012,South Cambridgeshire,2020,3025.0,2522.9
E07000012,South Cambridgeshire,2021,1940.0,2552.5
E07000012,South Cambridgeshire,2022,1770.0,1758.8
E07000012,South Cambridgeshire,2023,1765.0,1721.2
E07000032,Amber Valley,2016,890.0,1016.7
E07000032,Amber Valley,2017,895.0,943.8
E07000032,Amber Valley,2018,1380.0,1131.2
E07000032,Amber Valley,2019,1780.0,1614.6
E07000032,Amber Valley,2020,3335.0,3144.6
E07000032,Amber Valley,2021,2185.0,2863.8
E07000032,Amber Valley,2022,1930.0,1949.6
E07000032,Amber Valley,2023,2000.0,1976.2
E07000033,Bolsover,2016,680.0,706.2
E07000033,Bolsover,2017,660.0,701.2
E07000033,Bolsover,2018,880.0,833.3
E07000033,Bolsover,2019,1190.0,1094.2
E07000033,Bolsover,2020,2410.0,2180.8
E07000033,Bolsover,2021,1600.0,2078.3
E07000033,Bolsover,2022,1485.0,1477.9
E07000033,Bolsover,2023,1565.0,1552.9
E07000034,Chesterfield,2016,1125.0,1149.6
E07000034,Chesterfield,2017,1265.0,1253.8
E07000034,Chesterfield,2018,1820.0,1630.4
E07000034,Chesterfield,2019,2010.0,1977.5
E07000034,Chesterfield,2020,3575.0,3242.1
E07000034,Chesterfield,2021,2485.0,3122.1
E07000034,Chesterfield,2022,2175.0,2162.9
E07000034,Chesterfield,2023,2360.0,2257.9
E07000035,Derbyshire Dales,2016,250.0,239.6
E07000035,Derbyshire Dales,2017,255.0,238.8
E07000035,Derbyshire Dales,2018,345.0,289.6
E07000035,Derbyshire Dales,2019,510.0,456.7
E07000035,Derbyshire Dales,2020,1310.0,1174.2
E07000035,Derbyshire Dales,2021,775.0,1073.8
E07000035,Derbyshire Dales,2022,715.0,686.2
E07000035,Derbyshire Dales,2023,750.0,737.1
E07000036,Erewash,2016,1115.0,1248.8
E07000036,Erewash,2017,1585.0,1352.5
E07000036,Erewash,2018,1980.0,1920.4
E07000036,Erewash,2019,2035.0,2043.3
E07000036,Erewash,2020,3655.0,3450.0
E07000036,Erewash,2021,2435.0,3162.1
E07000036,Erewash,2022,2115.0,2227.1
E07000036,Erewash,2023,2220.0,2160.0
E07000037,High Peak,2016,575.0,641.2
E07000037,High Peak,2017,630.0,629.6
E07000037,High Peak,2018,780.0,719.6
E07000037,High Peak,2019,1130.0,1003.8
E07000037,High Peak,2020,2575.0,2257.5
E07000037,High Peak,2021,1595.0,2114.6
E07000037,High Peak,2022,1415.0,1392.9
E07000037,High Peak,2023,1380.0,1408.8
E07000038,North East Derbyshire,2016,720.0,759.6
E07000038,North East Derbyshire,2017,740.0,804.2
E07000038,North East Derbyshire,2018,1010.0,865.8
E07000038,North East Derbyshire,2019,1205.0,1127.9
E07000038,North East Derbyshire,2020,2580.0,2261.7
E07000038,North East Derbyshire,2021,1680.0,2193.8
E07000038,North East Derbyshire,2022,1460.0,1498.8
E07000038,North East Derbyshire,2023,1600.0,1526.7
E07000039,South Derbyshire,2016,325.0,395.0
E07000039,South Derbyshire,2017,425.0,439.2
E07000039,South Derbyshire,2018,530.0,517.1
E07000039,South Derbyshire,2019,1050.0,881.7
E07000039,South Derbyshire,2020,2620.0,2267.5
E07000039,South Derbyshire,2021,1670.0,2185.8
E07000039,South Derbyshire,2022,1395.0,1442.1
E07000039,South Derbyshire,2023,1545.0,1477.5
E07000040,East Devon,2016,635.0,613.3
E07000040,East Devon,2017,640.0,633.8
E07000040,East Devon,2018,745.0,621.2
E07000040,East Devon,2019,1155.0,1008.3
E07000040,East Devon,2020,3210.0,2835.0
E07000040,East Devon,2021,1925.0,2602.1
E07000040,East Devon,2022,1490.0,1576.2
E07000040,East Devon,2023,1460.0,1449.2
E07000041,Exeter,2016,865.0,859.2
E07000041,Exeter,2017,815.0,872.9
E07000041,Exeter,2018,895.0,825.4
E07000041,Exeter,2019,1380.0,1232.9
E07000041,Exeter,2020,3540.0,3062.9
E07000041,Exeter,2021,2220.0,2976.7
E07000041,Exeter,2022,1725.0,1852.9
E07000041,Exeter,2023,1800.0,1781.7
E07000042,Mid Devon,2016,425.0,456.7
E07000042,Mid Devon,2017,430.0,456.2
E07000042,Mid Devon,2018,545.0,445.0
E07000042,Mid Devon,2019,735.0,690.8
E07000042,Mid Devon,2020,1845.0,1653.3
E07000042,Mid Devon,2021,1195.0,1537.5
E07000042,Mid Devon,2022,925.0,974.6
E07000042,Mid Devon,2023,905.0,912.5
E07000043,North Devon,2016,520.0,533.8
E07000043,North Devon,2017,575.0,547.9
E07000043,North Devon,2018,835.0,593.8
E07000043,North Devon,2019,1085.0,987.9
E07000043,North Devon,2020,2845.0,2560.8
E07000043,North Devon,2021,1690.0,2335.8
E07000043,North Devon,2022,1455.0,1475.8
E07000043,North Devon,2023,1515.0,1453.3
E07000044,South Hams,2016,315.0,324.6
E07000044,South Hams,2017,380.0,335.4
E07000044,South Hams,2018,535.0,415.8
E07000044,South Hams,2019,685.0,620.0
E07000044,South Hams,2020,2080.0,1862.5
E07000044,South Hams,2021,1255.0,1684.6
E07000044,South Hams,2022,920.0,1052.9
E07000044,South Hams,2023,870.0,862.9
E07000045,Teignbridge,2016,670.0,660.0
E07000045,Teignbridge,2017,670.0,682.1
E07000045,Teignbridge,2018,775.0,666.2
E07000045,Teignbridge,2019,1305.0,1122.9
E07000045,Teignbridge,2020,3355.0,3090.4
E07000045,Teignbridge,2021,2095.0,2797.5
E07000045,Teignbridge,2022,1515.0,1629.6
E07000045,Teignbridge,2023,1540.0,1492.5
E07000046,Torridge,2016,495.0,510.8
E07000046,Torridge,2017,470.0,465.8
E07000046,Torridge,2018,685.0,527.5
E07000046,Torridge,2019,860.0,765.0
E07000046,Torridge,2020,1890.0,1744.6
E07000046,Torridge,2021,1115.0,1544.2
E07000046,Torridge,2022,875.0,914.2
E07000046,Torridge,2023,915.0,877.9
E07000047,West Devon,2016,260.0,252.1
E07000047,West Devon,2017,240.0,243.8
E07000047,West Devon,2018,345.0,305.0
E07000047,West Devon,2019,465.0,411.7
E07000047,West Devon,2020,1310.0,1084.6
E07000047,West Devon,2021,775.0,1046.7
E07000047,West Devon,2022,595.0,635.0
E07000047,West Devon,2023,605.0,590.4
E07000061,Eastbourne,2016,1045.0,1077.1
E07000061,Eastbourne,2017,1145.0,1094.6
E07000061,Eastbourne,2018,1865.0,1592.5
E07000061,Eastbourne,2019,2155.0,2013.8
E07000061,Eastbourne,2020,4440.0,3887.9
E07000061,Eastbourne,2021,3280.0,3921.7
E07000061,Eastbourne,2022,2645.0,2888.3
E07000061,Eastbourne,2023,2615.0,2639.2
E07000062,Hastings,2016,1415.0,1392.5
E07000062,Hastings,2017,2340.0,1892.9
E07000062,Hastings,2018,2670.0,2561.2
E07000062,Hastings,2019,2620.0,2646.7
E07000062,Hastings,2020,5070.0,4407.9
E07000062,Hastings,2021,3760.0,4469.2
E07000062,Hastings,2022,3090.0,3298.3
E07000062,Hastings,2023,2970.0,3001.7
E07000063,Lewes,2016,650.0,654.2
E07000063,Lewes,2017,695.0,705.4
E07000063,Lewes,2018,845.0,729.2
E07000063,Lewes,2019,1340.0,1130.0
E07000063,Lewes,2020,3230.0,2760.0
E07000063,Lewes,2021,2235.0,2792.1
E07000063,Lewes,2022,1810.0,1928.8
E07000063,Lewes,2023,1760.0,1721.7
E07000064,Rother,2016,600.0,590.4
E07000064,Rother,2017,960.0,741.2
E07000064,Rother,2018,1220.0,1136.7
E07000064,Rother,2019,1315.0,1265.4
E07000064,Rother,2020,2875.0,2505.4
E07000064,Rother,2021,1990.0,2466.2
E07000064,Rother,2022,1700.0,1755.0
E07000064,Rother,2023,1610.0,1627.5
E07000065,Wealden,2016,555.0,588.8
E07000065,Wealden,2017,580.0,594.6
E07000065,Wealden,2018,910.0,747.1
E07000065,Wealden,2019,1275.0,1127.1
E07000065,Wealden,2020,3815.0,3212.1
E07000065,Wealden,2021,2415.0,3178.3
E07000065,Wealden,2022,1965.0,2101.2
E07000065,Wealden,2023,1880.0,1854.2
E07000066,Basildon,2016,1930.0,2015.4
E07000066,Basildon,2017,1840.0,1978.8
E07000066,Basildon,2018,2950.0,2617.9
E07000066,Basildon,2019,3415.0,3307.1
E07000066,Basildon,2020,7795.0,6698.3
E07000066,Basildon,2021,4945.0,6542.9
E07000066,Basildon,2022,4005.0,4283.3
E07000066,Basildon,2023,4095.0,4061.7
E07000067,Braintree,2016,995.0,1040.0
E07000067,Braintree,2017,975.0,985.4
E07000067,Braintree,2018,1525.0,1339.2
E07000067,Braintree,2019,1960.0,1768.8
E07000067,Braintree,2020,4745.0,4059.6
E07000067,Braintree,2021,2910.0,3896.2
E07000067,Braintree,2022,2410.0,2476.7
E07000067,Braintree,2023,2515.0,2476.7
E07000068,Brentwood,2016,380.0,327.9
E07000068,Brentwood,2017,370.0,392.5
E07000068,Brentwood,2018,645.0,559.2
E07000068,Brentwood,2019,745.0,706.7
E07000068,Brentwood,2020,2310.0,1907.1
E07000068,Brentwood,2021,1450.0,1942.5
E07000068,Brentwood,2022,1060.0,1206.7
E07000068,Brentwood,2023,1160.0,1113.3
E07000069,Castle Point,2016,655.0,699.6
E07000069,Castle Point,2017,495.0,606.2
E07000069,Castle Point,2018,725.0,574.6
E07000069,Castle Point,2019,950.0,886.2
E07000069,Castle Point,2020,2730.0,2392.9
E07000069,Castle Point,2021,1565.0,2174.6
E07000069,Castle Point,2022,1135.0,1255.4
E07000069,Castle Point,2023,1190.0,1174.6
E07000070,Chelmsford,2016,1140.0,1189.6
E07000070,Chelmsford,2017,1135.0,1187.1
E07000070,Chelmsford,2018,1185.0,1197.9
E07000070,Chelmsford,2019,1930.0,1667.5
E07000070,Chelmsford,2020,5095.0,4287.1
E07000070,Chelmsford,2021,3270.0,4187.1
E07000070,Chelmsford,2022,2480.0,2729.2
E07000070,Chelmsford,2023,2695.0,2591.2
E07000071,Colchester,2016,1355.0,1449.6
E07000071,Colchester,2017,1325.0,1366.2
E07000071,Colchester,2018,1890.0,1499.6
E07000071,Colchester,2019,2480.0,2269.6
E07000071,Colchester,2020,6090.0,5232.5
E07000071,Colchester,2021,4160.0,5275.8
E07000071,Colchester,2022,3335.0,3431.7
E07000071,Colchester,2023,3475.0,3430.8
E07000072,Epping Forest,2016,950.0,938.3
E07000072,Epping Forest,2017,945.0,964.2
E07000072,Epping Forest,2018,925.0,968.8
E07000072,Epping Forest,2019,1435.0,1285.4
E07000072,Epping Forest,2020,4765.0,3798.3
E07000072,Epping Forest,2021,2940.0,3906.7
E07000072,Epping Forest,2022,2210.0,2380.8
E07000072,Epping Forest,2023,2275.0,2146.7
E07000073,Harlow,2016,950.0,979.2
E07000073,Harlow,2017,1145.0,1035.8
E07000073,Harlow,2018,1760.0,1545.4
E07000073,Harlow,2019,1895.0,1885.4
E07000073,Harlow,2020,4305.0,3722.5
E07000073,Harlow,2021,3035.0,3796.7
E07000073,Harlow,2022,2340.0,2627.1
E07000073,Harlow,2023,2720.0,2530.8
E07000074,Maldon,2016,310.0,338.3
E07000074,Maldon,2017,350.0,357.5
E07000074,Maldon,2018,330.0,360.8
E07000074,Maldon,2019,620.0,486.2
E07000074,Maldon,2020,1780.0,1512.9
E07000074,Maldon,2021,1165.0,1479.2
E07000074,Maldon,2022,835.0,918.3
E07000074,Maldon,2023,875.0,855.4
E07000075,Rochford,2016,415.0,437.5
E07000075,Rochford,2017,425.0,447.9
E07000075,Rochford,2018,575.0,475.0
E07000075,Rochford,2019,795.0,720.4
E07000075,Rochford,2020,2300.0,1939.2
E07000075,Rochford,2021,1380.0,1843.8
E07000075,Rochford,2022,1050.0,1131.2
E07000075,Rochford,2023,1050.0,1035.4
E07000076,Tendring,2016,2185.0,2157.1
E07000076,Tendring,2017,2130.0,2106.7
E07000076,Tendring,2018,2740.0,2232.9
E07000076,Tendring,2019,3325.0,3121.2
E07000076,Tendring,2020,6340.0,5642.9
E07000076,Tendring,2021,4220.0,5276.7
E07000076,Tendring,2022,3335.0,3562.9
E07000076,Tendring,2023,3295.0,3270.4
E07000077,Uttlesford,2016,250.0,247.9
E07000077,Uttlesford,2017,260.0,248.3
E07000077,Uttlesford,2018,445.0,384.2
E07000077,Uttlesford,2019,620.0,541.7
E07000077,Uttlesford,2020,2115.0,1700.0
E07000077,Uttlesford,2021,1195.0,1720.0
E07000077,Uttlesford,2022,950.0,990.4
E07000077,Uttlesford,2023,990.0,965.4
E07000078,Cheltenham,2016,750.0,822.9
E07000078,Cheltenham,2017,645.0,763.3
E07000078,Cheltenham,2018,1185.0,998.8
E07000078,Cheltenham,2019,1450.0,1370.4
E07000078,Cheltenham,2020,3650.0,3130.4
E07000078,Cheltenham,2021,2335.0,3050.0
E07000078,Cheltenham,2022,1755.0,1893.3
E07000078,Cheltenham,2023,1990.0,1875.8
E07000079,Cotswold,2016,315.0,325.8
E07000079,Cotswold,2017,310.0,326.2
E07000079,Cotswold,2018,595.0,476.2
E07000079,Cotswold,2019,695.0,670.0
E07000079,Cotswold,2020,1840.0,1667.5
E07000079,Cotswold,2021,1205.0,1537.9
E07000079,Cotswold,2022,850.0,955.4
E07000079,Cotswold,2023,955.0,897.9
E07000080,Forest of Dean,2016,585.0,640.8
E07000080,Forest of Dean,2017,560.0,592.9
E07000080,Forest of Dean,2018,985.0,849.2
E07000080,Forest of Dean,2019,1125.0,1080.4
E07000080,Forest of Dean,2020,2305.0,2076.7
E07000080,Forest of Dean,2021,1445.0,1885.0
E07000080,Forest of Dean,2022,1195.0,1222.1
E07000080,Forest of Dean,2023,1320.0,1232.5
E07000081,Gloucester,2016,1315.0,1396.7
E07000081,Gloucester,2017,1170.0,1265.0
E07000081,Gloucester,2018,1865.0,1540.0
E07000081,Gloucester,2019,2245.0,2152.9
E07000081,Gloucester,2020,4725.0,4142.1
E07000081,Gloucester,2021,3235.0,4095.0
E07000081,Gloucester,2022,2615.0,2753.8
E07000081,Gloucester,2023,2890.0,2734.2
E07000082,Stroud,2016,490.0,524.6
E07000082,Stroud,2017,535.0,490.4
E07000082,Stroud,2018,800.0,749.2
E07000082,Stroud,2019,1050.0,935.4
E07000082,Stroud,2020,2645.0,2309.6
E07000082,Stroud,2021,1560.0,2107.1
E07000082,Stroud,2022,1165.0,1219.6
E07000082,Stroud,2023,1340.0,1215.0
E07000083,Tewkesbury,2016,495.0,525.0
E07000083,Tewkesbury,2017,420.0,480.8
E07000083,Tewkesbury,2018,740.0,602.1
E07000083,Tewkesbury,2019,920.0,846.2
E07000083,Tewkesbury,2020,2145.0,1918.8
E07000083,Tewkesbury,2021,1290.0,1768.8
E07000083,Tewkesbury,2022,1090.0,1131.2
E07000083,Tewkesbury,2023,1220.0,1165.4
E07000084,Basingstoke and Deane,2016,810.0,859.6
E07000084,Basingstoke and Deane,2017,940.0,961.7
E07000084,Basingstoke and Deane,2018,1360.0,1135.0
E07000084,Basingstoke and Deane,2019,1810.0,1695.4
E07000084,Basingstoke and Deane,2020,4680.0,3882.1
E07000084,Basingstoke and Deane,2021,3185.0,4055.4
E07000084,Basingstoke and Deane,2022,2920.0,2954.2
E07000084,Basingstoke and Deane,2023,2885.0,2976.7
E07000085,East Hampshire,2016,400.0,432.9
E07000085,East Hampshire,2017,415.0,430.0
E07000085,East Hampshire,2018,445.0,430.8
E07000085,East Hampshire,2019,790.0,666.2
E07000085,East Hampshire,2020,2615.0,2245.0
E07000085,East Hampshire,2021,1645.0,2192.1
E07000085,East Hampshire,2022,1460.0,1453.3
E07000085,East Hampshire,2023,1525.0,1436.7
E07000086,Eastleigh,2016,505.0,550.8
E07000086,Eastleigh,2017,730.0,612.1
E07000086,Eastleigh,2018,995.0,941.2
E07000086,Eastleigh,2019,1155.0,1092.5
E07000086,Eastleigh,2020,3070.0,2649.6
E07000086,Eastleigh,2021,1990.0,2551.2
E07000086,Eastleigh,2022,1610.0,1706.2
E07000086,Eastleigh,2023,1695.0,1613.8
E07000087,Fareham,2016,395.0,441.7
E07000087,Fareham,2017,510.0,452.1
E07000087,Fareham,2018,455.0,515.0
E07000087,Fareham,2019,780.0,652.1
E07000087,Fareham,2020,2440.0,2050.8
E07000087,Fareham,2021,1455.0,1941.2
E07000087,Fareham,2022,1165.0,1269.6
E07000087,Fareham,2023,1095.0,1147.5
E07000088,Gosport,2016,535.0,572.5
E07000088,Gosport,2017,690.0,643.8
E07000088,Gosport,2018,685.0,750.8
E07000088,Gosport,2019,1145.0,980.4
E07000088,Gosport,2020,2750.0,2381.2
E07000088,Gosport,2021,2010.0,2466.7
E07000088,Gosport,2022,1660.0,1781.7
E07000088,Gosport,2023,1620.0,1662.5
E07000089,Hart,2016,240.0,242.1
E07000089,Hart,2017,295.0,280.8
E07000089,Hart,2018,245.0,261.7
E07000089,Hart,2019,485.0,369.6
E07000089,Hart,2020,1830.0,1472.1
E07000089,Hart,2021,1070.0,1515.4
E07000089,Hart,2022,950.0,941.2
E07000089,Hart,2023,880.0,863.8
E07000090,Havant,2016,1035.0,1052.5
E07000090,Havant,2017,1120.0,1117.9
E07000090,Havant,2018,1155.0,1156.7
E07000090,Havant,2019,1825.0,1559.2
E07000090,Havant,2020,4425.0,3828.3
E07000090,Havant,2021,2970.0,3783.8
E07000090,Havant,2022,2485.0,2622.5
E07000090,Havant,2023,2505.0,2480.8
E07000091,New Forest,2016,630.0,669.2
E07000091,New Forest,2017,805.0,712.5
E07000091,New Forest,2018,1040.0,878.3
E07000091,New Forest,2019,1425.0,1272.5
E07000091,New Forest,2020,3905.0,3364.2
E07000091,New Forest,2021,2330.0,3170.4
E07000091,New Forest,2022,1945.0,2029.6
E07000091,New Forest,2023,1975.0,1885.4
E07000092,Rushmoor,2016,535.0,548.3
E07000092,Rushmoor,2017,520.0,572.5
E07000092,Rushmoor,2018,545.0,542.5
E07000092,Rushmoor,2019,980.0,840.8
E07000092,Rushmoor,2020,2980.0,2399.2
E07000092,Rushmoor,2021,2125.0,2670.8
E07000092,Rushmoor,2022,1790.0,1825.4
E07000092,Rushmoor,2023,1840.0,1757.9
E07000093,Test Valley,2016,425.0,434.2
E07000093,Test Valley,2017,500.0,464.2
E07000093,Test Valley,2018,720.0,571.2
E07000093,Test Valley,2019,1010.0,901.7
E07000093,Test Valley,2020,2565.0,2253.8
E07000093,Test Valley,2021,1660.0,2206.2
E07000093,Test Valley,2022,1470.0,1489.6
E07000093,Test Valley,2023,1420.0,1406.7
E07000094,Winchester,2016,375.0,410.8
E07000094,Winchester,2017,460.0,402.1
E07000094,Winchester,2018,605.0,511.2
E07000094,Winchester,2019,900.0,792.9
E07000094,Winchester,2020,2655.0,2226.2
E07000094,Winchester,2021,1745.0,2260.8
E07000094,Winchester,2022,1485.0,1501.2
E07000094,Winchester,2023,1555.0,1536.2
E07000095,Broxbourne,2016,715.0,744.2
E07000095,Broxbourne,2017,730.0,730.0
E07000095,Broxbourne,2018,1125.0,1037.1
E07000095,Broxbourne,2019,1405.0,1313.8
E07000095,Broxbourne,2020,3885.0,3180.8
E07000095,Broxbourne,2021,2495.0,3345.8
E07000095,Broxbourne,2022,1950.0,2089.6
E07000095,Broxbourne,2023,2015.0,1998.8
E07000096,Dacorum,2016,1020.0,1078.8
E07000096,Dacorum,2017,1090.0,1146.7
E07000096,Dacorum,2018,945.0,1062.9
E07000096,Dacorum,2019,1620.0,1372.5
E07000096,Dacorum,2020,4800.0,4012.9
E07000096,Dacorum,2021,3210.0,4184.6
E07000096,Dacorum,2022,2545.0,2676.7
E07000096,Dacorum,2023,2800.0,2702.5
E07000098,Hertsmere,2016,760.0,780.4
E07000098,Hertsmere,2017,765.0,755.8
E07000098,Hertsmere,2018,875.0,842.1
E07000098,Hertsmere,2019,1270.0,1148.8
E07000098,Hertsmere,2020,3630.0,2940.4
E07000098,Hertsmere,2021,2350.0,3079.2
E07000098,Hertsmere,2022,1905.0,2023.8
E07000098,Hertsmere,2023,2080.0,1932.1
E07000099,North Hertfordshire,2016,895.0,900.8
E07000099,North Hertfordshire,2017,910.0,939.6
E07000099,North Hertfordshire,2018,930.0,907.9
E07000099,North Hertfordshire,2019,1320.0,1230.0
E07000099,North Hertfordshire,2020,3565.0,3025.4
E07000099,North Hertfordshire,2021,2315.0,2978.3
E07000099,North Hertfordshire,2022,1705.0,1884.6
E07000099,North Hertfordshire,2023,1685.0,1676.2
E07000102,Three Rivers,2016,495.0,506.2
E07000102,Three Rivers,2017,535.0,530.0
E07000102,Three Rivers,2018,805.0,694.6
E07000102,Three Rivers,2019,910.0,885.0
E07000102,Three Rivers,2020,2660.0,2167.9
E07000102,Three Rivers,2021,1445.0,2069.6
E07000102,Three Rivers,2022,1250.0,1294.6
E07000102,Three Rivers,2023,1425.0,1325.8
E07000103,Watford,2016,785.0,851.7
E07000103,Watford,2017,840.0,885.4
E07000103,Watford,2018,1385.0,1204.6
E07000103,Watford,2019,1570.0,1525.8
E07000103,Watford,2020,4220.0,3410.0
E07000103,Watford,2021,2535.0,3537.1
E07000103,Watford,2022,2205.0,2246.7
E07000103,Watford,2023,2605.0,2438.3
E07000105,Ashford,2016,1125.0,1100.4
E07000105,Ashford,2017,1295.0,1249.2
E07000105,Ashford,2018,1690.0,1426.7
E07000105,Ashford,2019,2095.0,1935.4
E07000105,Ashford,2020,4585.0,4037.5
E07000105,Ashford,2021,3060.0,3872.9
E07000105,Ashford,2022,2325.0,2568.3
E07000105,Ashford,2023,2460.0,2431.7
E07000106,Canterbury,2016,1330.0,1257.9
E07000106,Canterbury,2017,1350.0,1308.8
E07000106,Canterbury,2018,1845.0,1477.1
E07000106,Canterbury,2019,2300.0,2172.1
E07000106,Canterbury,2020,5145.0,4504.2
E07000106,Canterbury,2021,3495.0,4369.6
E07000106,Canterbury,2022,3005.0,3093.3
E07000106,Canterbury,2023,3225.0,3113.3
E07000107,Dartford,2016,740.0,765.8
E07000107,Dartford,2017,755.0,789.6
E07000107,Dartford,2018,920.0,792.9
E07000107,Dartford,2019,1475.0,1287.9
E07000107,Dartford,2020,3890.0,3295.8
E07000107,Dartford,2021,2480.0,3335.0
E07000107,Dartford,2022,2110.0,2165.4
E07000107,Dartford,2023,2220.0,2202.1
E07000108,Dover,2016,1400.0,1352.5
E07000108,Dover,2017,1915.0,1619.6
E07000108,Dover,2018,2355.0,2197.5
E07000108,Dover,2019,2440.0,2465.8
E07000108,Dover,2020,4600.0,4109.6
E07000108,Dover,2021,3100.0,3826.2
E07000108,Dover,2022,2620.0,2681.2
E07000108,Dover,2023,2710.0,2616.2
E07000109,Gravesham,2016,1240.0,1317.9
E07000109,Gravesham,2017,1330.0,1358.3
E07000109,Gravesham,2018,1610.0,1453.3
E07000109,Gravesham,2019,2240.0,2015.0
E07000109,Gravesham,2020,4760.0,4090.8
E07000109,Gravesham,2021,3245.0,4162.5
E07000109,Gravesham,2022,2615.0,2741.7
E07000109,Gravesham,2023,2805.0,2804.2
E07000110,Maidstone,2016,1185.0,1215.8
E07000110,Maidstone,2017,1195.0,1242.9
E07000110,Maidstone,2018,1175.0,1215.4
E07000110,Maidstone,2019,2100.0,1771.7
E07000110,Maidstone,2020,5220.0,4502.5
E07000110,Maidstone,2021,3785.0,4664.6
E07000110,Maidstone,2022,3025.0,3212.1
E07000110,Maidstone,2023,3265.0,3145.0
E07000111,Sevenoaks,2016,510.0,524.6
E07000111,Sevenoaks,2017,525.0,514.6
E07000111,Sevenoaks,2018,570.0,510.8
E07000111,Sevenoaks,2019,915.0,803.8
E07000111,Sevenoaks,2020,2865.0,2360.0
E07000111,Sevenoaks,2021,1765.0,2391.2
E07000111,Sevenoaks,2022,1435.0,1477.1
E07000111,Sevenoaks,2023,1470.0,1415.4
E07000112,Folkestone and Hythe,2016,1355.0,1354.2
E07000112,Folkestone and Hythe,2017,1435.0,1392.1
E07000112,Folkestone and Hythe,2018,1850.0,1610.8
E07000112,Folkestone and Hythe,2019,2365.0,2179.6
E07000112,Folkestone and Hythe,2020,4850.0,4180.0
E07000112,Folkestone and Hythe,2021,3335.0,4065.8
E07000112,Folkestone and Hythe,2022,2550.0,2769.2
E07000112,Folkestone and Hythe,2023,2595.0,2513.8
E07000113,Swale,2016,1915.0,1904.2
E07000113,Swale,2017,1950.0,1982.9
E07000113,Swale,2018,2720.0,2453.3
E07000113,Swale,2019,3155.0,2980.8
E07000113,Swale,2020,5890.0,5301.2
E07000113,Swale,2021,4235.0,5185.4
E07000113,Swale,2022,3405.0,3580.0
E07000113,Swale,2023,3465.0,3367.1
E07000114,Thanet,2016,2735.0,2709.2
E07000114,Thanet,2017,3275.0,2892.5
E07000114,Thanet,2018,4200.0,3923.8
E07000114,Thanet,2019,4340.0,4334.6
E07000114,Thanet,2020,8230.0,7362.1
E07000114,Thanet,2021,5860.0,6978.3
E07000114,Thanet,2022,4640.0,4969.2
E07000114,Thanet,2023,4530.0,4523.3
E07000115,Tonbridge and Malling,2016,730.0,726.2
E07000115,Tonbridge and Malling,2017,745.0,730.4
E07000115,Tonbridge and Malling,2018,655.0,715.4
E07000115,Tonbridge and Malling,2019,1190.0,997.1
E07000115,Tonbridge and Malling,2020,3305.0,2792.5
E07000115,Tonbridge and Malling,2021,2015.0,2757.5
E07000115,Tonbridge and Malling,2022,1665.0,1710.8
E07000115,Tonbridge and Malling,2023,1775.0,1712.5
E07000116,Tunbridge Wells,2016,520.0,531.7
E07000116,Tunbridge Wells,2017,620.0,622.1
E07000116,Tunbridge Wells,2018,550.0,608.3
E07000116,Tunbridge Wells,2019,1075.0,900.0
E07000116,Tunbridge Wells,2020,3120.0,2587.9
E07000116,Tunbridge Wells,2021,1990.0,2622.1
E07000116,Tunbridge Wells,2022,1565.0,1689.2
E07000116,Tunbridge Wells,2023,1630.0,1622.9
E07000117,Burnley,2016,1605.0,1617.5
E07000117,Burnley,2017,2280.0,1924.6
E07000117,Burnley,2018,2695.0,2606.2
E07000117,Burnley,2019,2770.0,2751.7
E07000117,Burnley,2020,4750.0,4216.2
E07000117,Burnley,2021,3490.0,4311.7
E07000117,Burnley,2022,3010.0,3022.9
E07000117,Burnley,2023,3275.0,3159.2
E07000118,Chorley,2016,1060.0,1059.6
E07000118,Chorley,2017,1085.0,1132.5
E07000118,Chorley,2018,1310.0,1147.5
E07000118,Chorley,2019,1575.0,1472.9
E07000118,Chorley,2020,3120.0,2865.0
E07000118,Chorley,2021,2110.0,2689.2
E07000118,Chorley,2022,1920.0,1915.0
E07000118,Chorley,2023,1730.0,1793.3
E07000119,Fylde,2016,605.0,602.1
E07000119,Fylde,2017,645.0,664.6
E07000119,Fylde,2018,635.0,622.1
E07000119,Fylde,2019,1025.0,875.0
E07000119,Fylde,2020,2485.0,2144.2
E07000119,Fylde,2021,1500.0,1972.1
E07000119,Fylde,2022,1320.0,1337.9
E07000119,Fylde,2023,1315.0,1250.0
E07000120,Hyndburn,2016,1145.0,1202.5
E07000120,Hyndburn,2017,1310.0,1307.5
E07000120,Hyndburn,2018,1795.0,1634.6
E07000120,Hyndburn,2019,2140.0,2055.0
E07000120,Hyndburn,2020,3850.0,3472.1
E07000120,Hyndburn,2021,2940.0,3575.4
E07000120,Hyndburn,2022,2680.0,2718.3
E07000120,Hyndburn,2023,2690.0,2774.6
E07000121,Lancaster,2016,1845.0,1647.9
E07000121,Lancaster,2017,2395.0,2279.2
E07000121,Lancaster,2018,2595.0,2587.9
E07000121,Lancaster,2019,2790.0,2735.8
E07000121,Lancaster,2020,4840.0,4394.6
E07000121,Lancaster,2021,3410.0,4186.7
E07000121,Lancaster,2022,2785.0,2812.1
E07000121,Lancaster,2023,2670.0,2734.6
E07000122,Pendle,2016,1060.0,1160.0
E07000122,Pendle,2017,1120.0,1103.8
E07000122,Pendle,2018,1185.0,1185.8
E07000122,Pendle,2019,1955.0,1622.1
E07000122,Pendle,2020,4000.0,3397.5
E07000122,Pendle,2021,3100.0,3733.8
E07000122,Pendle,2022,2790.0,2787.1
E07000122,Pendle,2023,3010.0,2911.2
E07000123,Preston,2016,1835.0,1919.6
E07000123,Preston,2017,2115.0,2095.8
E07000123,Preston,2018,2515.0,2260.4
E07000123,Preston,2019,3345.0,3082.1
E07000123,Preston,2020,6185.0,5468.3
E07000123,Preston,2021,4520.0,5545.8
E07000123,Preston,2022,4105.0,4189.6
E07000123,Preston,2023,4415.0,4347.9
E07000124,Ribble Valley,2016,220.0,249.6
E07000124,Ribble Valley,2017,275.0,245.4
E07000124,Ribble Valley,2018,290.0,286.7
E07000124,Ribble Valley,2019,430.0,385.0
E07000124,Ribble Valley,2020,1140.0,994.6
E07000124,Ribble Valley,2021,705.0,935.4
E07000124,Ribble Valley,2022,635.0,638.8
E07000124,Ribble Valley,2023,675.0,652.1
E07000125,Rossendale,2016,830.0,882.5
E07000125,Rossendale,2017,905.0,887.5
E07000125,Rossendale,2018,955.0,963.3
E07000125,Rossendale,2019,1380.0,1281.2
E07000125,Rossendale,2020,2860.0,2520.0
E07000125,Rossendale,2021,2005.0,2480.8
E07000125,Rossendale,2022,1740.0,1797.9
E07000125,Rossendale,2023,1730.0,1702.9
E07000126,South Ribble,2016,815.0,842.5
E07000126,South Ribble,2017,890.0,945.8
E07000126,South Ribble,2018,1005.0,955.0
E07000126,South Ribble,2019,1255.0,1231.2
E07000126,South Ribble,2020,2750.0,2486.2
E07000126,South Ribble,2021,1755.0,2257.9
E07000126,South Ribble,2022,1600.0,1590.8
E07000126,South Ribble,2023,1640.0,1626.7
E07000127,West Lancashire,2016,1275.0,1305.4
E07000127,West Lancashire,2017,1155.0,1244.6
E07000127,West Lancashire,2018,1565.0,1484.6
E07000127,West Lancashire,2019,1655.0,1706.2
E07000127,West Lancashire,2020,3565.0,3122.9
E07000127,West Lancashire,2021,2475.0,3085.0
E07000127,West Lancashire,2022,2085.0,2174.2
E07000127,West Lancashire,2023,2050.0,2052.9
E07000128,Wyre,2016,1025.0,963.8
E07000128,Wyre,2017,995.0,1033.3
E07000128,Wyre,2018,1010.0,989.2
E07000128,Wyre,2019,1685.0,1382.5
E07000128,Wyre,2020,3680.0,3185.0
E07000128,Wyre,2021,2285.0,3060.8
E07000128,Wyre,2022,1975.0,2007.5
E07000128,Wyre,2023,1940.0,1940.8
E07000129,Blaby,2016,365.0,431.2
E07000129,Blaby,2017,430.0,433.8
E07000129,Blaby,2018,590.0,502.5
E07000129,Blaby,2019,810.0,744.2
E07000129,Blaby,2020,2290.0,2078.8
E07000129,Blaby,2021,1455.0,1928.3
E07000129,Blaby,2022,1245.0,1295.4
E07000129,Blaby,2023,1265.0,1257.5
E07000130,Charnwood,2016,850.0,927.9
E07000130,Charnwood,2017,885.0,895.8
E07000130,Charnwood,2018,1310.0,1042.1
E07000130,Charnwood,2019,1835.0,1731.7
E07000130,Charnwood,2020,4540.0,3922.9
E07000130,Charnwood,2021,3100.0,3855.0
E07000130,Charnwood,2022,2560.0,2667.9
E07000130,Charnwood,2023,2575.0,2611.7
E07000131,Harborough,2016,255.0,276.2
E07000131,Harborough,2017,420.0,340.0
E07000131,Harborough,2018,535.0,510.8
E07000131,Harborough,2019,650.0,610.0
E07000131,Harborough,2020,1915.0,1667.1
E07000131,Harborough,2021,1110.0,1518.8
E07000131,Harborough,2022,995.0,1015.4
E07000131,Harborough,2023,950.0,966.7
E07000132,Hinckley and Bosworth,2016,625.0,708.3
E07000132,Hinckley and Bosworth,2017,870.0,737.1
E07000132,Hinckley and Bosworth,2018,1170.0,1057.9
E07000132,Hinckley and Bosworth,2019,1330.0,1347.1
E07000132,Hinckley and Bosworth,2020,2930.0,2606.2
E07000132,Hinckley and Bosworth,2021,1935.0,2491.2
E07000132,Hinckley and Bosworth,2022,1685.0,1730.0
E07000132,Hinckley and Bosworth,2023,1575.0,1646.2
E07000133,Melton,2016,280.0,307.1
E07000133,Melton,2017,510.0,451.2
E07000133,Melton,2018,630.0,617.5
E07000133,Melton,2019,565.0,614.6
E07000133,Melton,2020,1245.0,1107.5
E07000133,Melton,2021,820.0,1057.5
E07000133,Melton,2022,815.0,767.1
E07000133,Melton,2023,820.0,852.9
E07000134,North West Leicestershire,2016,415.0,560.0
E07000134,North West Leicestershire,2017,500.0,481.2
E07000134,North West Leicestershire,2018,770.0,672.5
E07000134,North West Leicestershire,2019,1000.0,952.9
E07000134,North West Leicestershire,2020,2530.0,2209.6
E07000134,North West Leicestershire,2021,1630.0,2093.8
E07000134,North West Leicestershire,2022,1330.0,1393.3
E07000134,North West Leicestershire,2023,1345.0,1356.7
E07000135,Oadby and Wigston,2016,275.0,317.1
E07000135,Oadby and Wigston,2017,260.0,284.6
E07000135,Oadby and Wigston,2018,390.0,309.2
E07000135,Oadby and Wigston,2019,520.0,475.8
E07000135,Oadby and Wigston,2020,1560.0,1299.2
E07000135,Oadby and Wigston,2021,1040.0,1320.4
E07000135,Oadby and Wigston,2022,840.0,883.3
E07000135,Oadby and Wigston,2023,875.0,868.8
E07000136,Boston,2016,595.0,630.0
E07000136,Boston,2017,610.0,637.1
E07000136,Boston,2018,775.0,663.3
E07000136,Boston,2019,1155.0,1026.2
E07000136,Boston,2020,2665.0,2191.2
E07000136,Boston,2021,2185.0,2557.5
E07000136,Boston,2022,1930.0,1945.4
E07000136,Boston,2023,1825.0,1901.7
E07000137,East Lindsey,2016,1725.0,1480.0
E07000137,East Lindsey,2017,1915.0,1596.2
E07000137,East Lindsey,2018,2340.0,1824.2
E07000137,East Lindsey,2019,2935.0,2557.1
E07000137,East Lindsey,2020,5035.0,4708.3
E07000137,East Lindsey,2021,3250.0,4220.8
E07000137,East Lindsey,2022,2610.0,2672.9
E07000137,East Lindsey,2023,2535.0,2323.3
E07000138,Lincoln,2016,1460.0,1581.2
E07000138,Lincoln,2017,1575.0,1603.3
E07000138,Lincoln,2018,2140.0,1913.3
E07000138,Lincoln,2019,2400.0,2364.2
E07000138,Lincoln,2020,4275.0,3872.1
E07000138,Lincoln,2021,3300.0,3912.1
E07000138,Lincoln,2022,3030.0,2974.6
E07000138,Lincoln,2023,2730.0,2892.1
E07000139,North Kesteven,2016,635.0,649.2
E07000139,North Kesteven,2017,610.0,667.1
E07000139,North Kesteven,2018,740.0,672.1
E07000139,North Kesteven,2019,1140.0,967.9
E07000139,North Kesteven,2020,2530.0,2300.0
E07000139,North Kesteven,2021,1625.0,2137.5
E07000139,North Kesteven,2022,1390.0,1421.7
E07000139,North Kesteven,2023,1325.0,1330.8
E07000140,South Holland,2016,580.0,630.8
E07000140,South Holland,2017,635.0,643.8
E07000140,South Holland,2018,790.0,679.6
E07000140,South Holland,2019,1185.0,1030.4
E07000140,South Holland,2020,2915.0,2412.9
E07000140,South Holland,2021,1985.0,2487.9
E07000140,South Holland,2022,1525.0,1675.8
E07000140,South Holland,2023,1590.0,1582.1
E07000141,South Kesteven,2016,1010.0,1020.8
E07000141,South Kesteven,2017,1170.0,1080.0
E07000141,South Kesteven,2018,1735.0,1591.7
E07000141,South Kesteven,2019,1995.0,1906.7
E07000141,South Kesteven,2020,3975.0,3707.1
E07000141,South Kesteven,2021,2745.0,3461.2
E07000141,South Kesteven,2022,2350.0,2422.1
E07000141,South Kesteven,2023,2285.0,2291.7
E07000142,West Lindsey,2016,1040.0,1133.3
E07000142,West Lindsey,2017,1070.0,1045.0
E07000142,West Lindsey,2018,1280.0,1191.7
E07000142,West Lindsey,2019,1615.0,1559.6
E07000142,West Lindsey,2020,2765.0,2565.4
E07000142,West Lindsey,2021,1980.0,2444.6
E07000142,West Lindsey,2022,1760.0,1790.0
E07000142,West Lindsey,2023,1650.0,1665.4
E07000143,Breckland,2016,835.0,869.2
E07000143,Breckland,2017,780.0,851.2
E07000143,Breckland,2018,1055.0,926.7
E07000143,Breckland,2019,1505.0,1342.5
E07000143,Breckland,2020,3490.0,3027.5
E07000143,Breckland,2021,2330.0,2916.7
E07000143,Breckland,2022,1810.0,2001.7
E07000143,Breckland,2023,1905.0,1837.5
E07000144,Broadland,2016,490.0,515.0
E07000144,Broadland,2017,475.0,532.1
E07000144,Broadland,2018,585.0,585.8
E07000144,Broadland,2019,1020.0,857.9
E07000144,Broadland,2020,2755.0,2381.7
E07000144,Broadland,2021,1745.0,2223.8
E07000144,Broadland,2022,1320.0,1485.8
E07000144,Broadland,2023,1400.0,1365.4
E07000145,Great Yarmouth,2016,2350.0,1778.8
E07000145,Great Yarmouth,2017,2885.0,2751.7
E07000145,Great Yarmouth,2018,2990.0,2977.1
E07000145,Great Yarmouth,2019,2945.0,2885.4
E07000145,Great Yarmouth,2020,4630.0,4305.4
E07000145,Great Yarmouth,2021,3480.0,4119.2
E07000145,Great Yarmouth,2022,2805.0,2836.7
E07000145,Great Yarmouth,2023,2730.0,2792.5
E07000146,King's Lynn and West Norfolk,2016,825.0,916.7
E07000146,King's Lynn and West Norfolk,2017,845.0,868.3
E07000146,King's Lynn and West Norfolk,2018,940.0,922.1
E07000146,King's Lynn and West Norfolk,2019,1925.0,1520.0
E07000146,King's Lynn and West Norfolk,2020,4210.0,3698.8
E07000146,King's Lynn and West Norfolk,2021,2695.0,3575.4
E07000146,King's Lynn and West Norfolk,2022,2270.0,2353.8
E07000146,King's Lynn and West Norfolk,2023,2375.0,2363.8
E07000147,North Norfolk,2016,515.0,537.5
E07000147,North Norfolk,2017,485.0,508.3
E07000147,North Norfolk,2018,485.0,499.2
E07000147,North Norfolk,2019,955.0,770.8
E07000147,North Norfolk,2020,2380.0,2143.3
E07000147,North Norfolk,2021,1710.0,2067.1
E07000147,North Norfolk,2022,1425.0,1496.2
E07000147,North Norfolk,2023,1415.0,1392.5
E07000148,Norwich,2016,1560.0,1697.9
E07000148,Norwich,2017,1520.0,1632.1
E07000148,Norwich,2018,1815.0,1708.3
E07000148,Norwich,2019,3070.0,2654.2
E07000148,Norwich,2020,6240.0,5427.5
E07000148,Norwich,2021,4545.0,5528.3
E07000148,Norwich,2022,3510.0,3865.4
E07000148,Norwich,2023,3710.0,3559.6
E07000149,South Norfolk,2016,555.0,591.7
E07000149,South Norfolk,2017,615.0,622.9
E07000149,South Norfolk,2018,765.0,687.5
E07000149,South Norfolk,2019,1240.0,1044.6
E07000149,South Norfolk,2020,2975.0,2627.9
E07000149,South Norfolk,2021,2045.0,2504.2
E07000149,South Norfolk,2022,1630.0,1759.2
E07000149,South Norfolk,2023,1655.0,1621.2
E07000170,Ashfield,2016,1410.0,1565.4
E07000170,Ashfield,2017,1495.0,1537.1
E07000170,Ashfield,2018,1495.0,1587.9
E07000170,Ashfield,2019,2365.0,2098.8
E07000170,Ashfield,2020,4465.0,4213.8
E07000170,Ashfield,2021,3415.0,4087.1
E07000170,Ashfield,2022,2900.0,3067.1
E07000170,Ashfield,2023,2955.0,2977.1
E07000171,Bassetlaw,2016,1125.0,1107.5
E07000171,Bassetlaw,2017,1130.0,1140.0
E07000171,Bassetlaw,2018,1600.0,1463.3
E07000171,Bassetlaw,2019,1840.0,1850.0
E07000171,Bassetlaw,2020,3455.0,3221.2
E07000171,Bassetlaw,2021,2460.0,3017.1
E07000171,Bassetlaw,2022,2115.0,2217.9
E07000171,Bassetlaw,2023,2430.0,2260.8
E07000172,Broxtowe,2016,935.0,990.0
E07000172,Broxtowe,2017,1020.0,1066.2
E07000172,Broxtowe,2018,1055.0,1060.4
E07000172,Broxtowe,2019,1505.0,1382.9
E07000172,Broxtowe,2020,3055.0,2786.2
E07000172,Broxtowe,2021,2055.0,2615.8
E07000172,Broxtowe,2022,1740.0,1792.5
E07000172,Broxtowe,2023,1770.0,1772.5
E07000173,Gedling,2016,1020.0,1085.8
E07000173,Gedling,2017,1070.0,1126.7
E07000173,Gedling,2018,1125.0,1114.6
E07000173,Gedling,2019,1705.0,1526.7
E07000173,Gedling,2020,3490.0,3156.2
E07000173,Gedling,2021,2425.0,3023.3
E07000173,Gedling,2022,2060.0,2155.0
E07000173,Gedling,2023,2105.0,2111.2
E07000174,Mansfield,2016,1225.0,1340.0
E07000174,Mansfield,2017,1370.0,1391.2
E07000174,Mansfield,2018,1430.0,1360.4
E07000174,Mansfield,2019,2145.0,1889.2
E07000174,Mansfield,2020,3940.0,3740.0
E07000174,Mansfield,2021,3010.0,3598.3
E07000174,Mansfield,2022,2565.0,2693.8
E07000174,Mansfield,2023,2640.0,2655.4
E07000175,Newark and Sherwood,2016,870.0,952.5
E07000175,Newark and Sherwood,2017,935.0,991.7
E07000175,Newark and Sherwood,2018,1120.0,1022.5
E07000175,Newark and Sherwood,2019,1620.0,1461.2
E07000175,Newark and Sherwood,2020,3400.0,3075.4
E07000175,Newark and Sherwood,2021,2435.0,2959.6
E07000175,Newark and Sherwood,2022,2070.0,2213.3
E07000175,Newark and Sherwood,2023,2075.0,2083.3
E07000176,Rushcliffe,2016,570.0,580.4
E07000176,Rushcliffe,2017,610.0,621.7
E07000176,Rushcliffe,2018,555.0,588.3
E07000176,Rushcliffe,2019,975.0,823.8
E07000176,Rushcliffe,2020,2265.0,1997.9
E07000176,Rushcliffe,2021,1465.0,1897.9
E07000176,Rushcliffe,2022,1245.0,1272.1
E07000176,Rushcliffe,2023,1350.0,1285.0
E07000177,Cherwell,2016,500.0,532.1
E07000177,Cherwell,2017,520.0,525.8
E07000177,Cherwell,2018,1025.0,842.9
E07000177,Cherwell,2019,1275.0,1172.1
E07000177,Cherwell,2020,3745.0,3173.8
E07000177,Cherwell,2021,2465.0,3345.0
E07000177,Cherwell,2022,2100.0,2117.9
E07000177,Cherwell,2023,2110.0,2140.8
E07000178,Oxford,2016,980.0,1006.7
E07000178,Oxford,2017,1090.0,1047.5
E07000178,Oxford,2018,1730.0,1477.1
E07000178,Oxford,2019,2040.0,1912.5
E07000178,Oxford,2020,4665.0,3891.7
E07000178,Oxford,2021,3300.0,4249.2
E07000178,Oxford,2022,2710.0,2842.1
E07000178,Oxford,2023,2685.0,2695.0
E07000179,South Oxfordshire,2016,400.0,406.2
E07000179,South Oxfordshire,2017,455.0,424.2
E07000179,South Oxfordshire,2018,820.0,685.8
E07000179,South Oxfordshire,2019,1010.0,926.7
E07000179,South Oxfordshire,2020,2875.0,2462.5
E07000179,South Oxfordshire,2021,1875.0,2456.2
E07000179,South Oxfordshire,2022,1700.0,1660.0
E07000179,South Oxfordshire,2023,1695.0,1678.3
E07000180,Vale of White Horse,2016,415.0,436.2
E07000180,Vale of White Horse,2017,540.0,482.9
E07000180,Vale of White Horse,2018,905.0,768.3
E07000180,Vale of White Horse,2019,1030.0,967.9
E07000180,Vale of White Horse,2020,2670.0,2317.5
E07000180,Vale of White Horse,2021,1825.0,2330.8
E07000180,Vale of White Horse,2022,1635.0,1690.0
E07000180,Vale of White Horse,2023,1775.0,1722.1
E07000181,West Oxfordshire,2016,350.0,377.9
E07000181,West Oxfordshire,2017,370.0,394.6
E07000181,West Oxfordshire,2018,685.0,580.0
E07000181,West Oxfordshire,2019,875.0,763.3
E07000181,West Oxfordshire,2020,2345.0,2066.7
E07000181,West Oxfordshire,2021,1535.0,2011.2
E07000181,West Oxfordshire,2022,1355.0,1356.2
E07000181,West Oxfordshire,2023,1245.0,1241.7
E07000192,Cannock Chase,2016,700.0,739.6
E07000192,Cannock Chase,2017,735.0,783.3
E07000192,Cannock Chase,2018,830.0,854.2
E07000192,Cannock Chase,2019,1520.0,1271.2
E07000192,Cannock Chase,2020,3350.0,3057.5
E07000192,Cannock Chase,2021,2280.0,2891.7
E07000192,Cannock Chase,2022,2015.0,2035.0
E07000192,Cannock Chase,2023,2070.0,2111.7
E07000193,East Staffordshire,2016,575.0,692.9
E07000193,East Staffordshire,2017,655.0,717.1
E07000193,East Staffordshire,2018,755.0,829.6
E07000193,East Staffordshire,2019,1530.0,1302.9
E07000193,East Staffordshire,2020,3685.0,3181.7
E07000193,East Staffordshire,2021,2535.0,3344.6
E07000193,East Staffordshire,2022,2240.0,2277.9
E07000193,East Staffordshire,2023,2575.0,2532.5
E07000194,Lichfield,2016,385.0,420.4
E07000194,Lichfield,2017,435.0,449.6
E07000194,Lichfield,2018,865.0,730.8
E07000194,Lichfield,2019,1190.0,1055.0
E07000194,Lichfield,2020,2725.0,2457.1
E07000194,Lichfield,2021,1735.0,2294.2
E07000194,Lichfield,2022,1540.0,1567.1
E07000194,Lichfield,2023,1435.0,1504.2
E07000195,Newcastle-under-Lyme,2016,890.0,950.0
E07000195,Newcastle-under-Lyme,2017,1010.0,1065.4
E07000195,Newcastle-under-Lyme,2018,1085.0,1173.3
E07000195,Newcastle-under-Lyme,2019,1845.0,1600.0
E07000195,Newcastle-under-Lyme,2020,3765.0,3365.0
E07000195,Newcastle-under-Lyme,2021,2490.0,3169.6
E07000195,Newcastle-under-Lyme,2022,2190.0,2292.5
E07000195,Newcastle-under-Lyme,2023,2315.0,2310.8
E07000196,South Staffordshire,2016,680.0,708.3
E07000196,South Staffordshire,2017,825.0,775.4
E07000196,South Staffordshire,2018,925.0,915.4
E07000196,South Staffordshire,2019,1250.0,1123.8
E07000196,South Staffordshire,2020,2965.0,2549.6
E07000196,South Staffordshire,2021,2110.0,2567.9
E07000196,South Staffordshire,2022,1700.0,1797.9
E07000196,South Staffordshire,2023,1675.0,1720.4
E07000197,Stafford,2016,615.0,650.0
E07000197,Stafford,2017,725.0,727.5
E07000197,Stafford,2018,800.0,812.1
E07000197,Stafford,2019,1515.0,1234.6
E07000197,Stafford,2020,3375.0,2987.9
E07000197,Stafford,2021,2325.0,2887.9
E07000197,Stafford,2022,2055.0,2070.0
E07000197,Stafford,2023,2050.0,2024.2
E07000198,Staffordshire Moorlands,2016,440.0,457.1
E07000198,Staffordshire Moorlands,2017,535.0,501.7
E07000198,Staffordshire Moorlands,2018,645.0,591.7
E07000198,Staffordshire Moorlands,2019,905.0,797.1
E07000198,Staffordshire Moorlands,2020,2115.0,1815.4
E07000198,Staffordshire Moorlands,2021,1315.0,1741.7
E07000198,Staffordshire Moorlands,2022,1055.0,1126.7
E07000198,Staffordshire Moorlands,2023,1155.0,1094.6
E07000199,Tamworth,2016,450.0,452.5
E07000199,Tamworth,2017,510.0,484.6
E07000199,Tamworth,2018,1045.0,891.2
E07000199,Tamworth,2019,1350.0,1223.8
E07000199,Tamworth,2020,2875.0,2485.4
E07000199,Tamworth,2021,1910.0,2455.8
E07000199,Tamworth,2022,1640.0,1734.6
E07000199,Tamworth,2023,1695.0,1667.9
E07000200,Babergh,2016,400.0,439.2
E07000200,Babergh,2017,435.0,428.8
E07000200,Babergh,2018,790.0,653.3
E07000200,Babergh,2019,930.0,857.5
E07000200,Babergh,2020,2450.0,2087.9
E07000200,Babergh,2021,1490.0,1991.7
E07000200,Babergh,2022,1195.0,1260.4
E07000200,Babergh,2023,1245.0,1183.3
E07000202,Ipswich,2016,1700.0,1779.6
E07000202,Ipswich,2017,1700.0,1755.0
E07000202,Ipswich,2018,2400.0,2067.1
E07000202,Ipswich,2019,3120.0,2809.6
E07000202,Ipswich,2020,6200.0,5318.8
E07000202,Ipswich,2021,4785.0,5760.4
E07000202,Ipswich,2022,4020.0,4081.2
E07000202,Ipswich,2023,3950.0,3985.8
E07000203,Mid Suffolk,2016,435.0,468.8
E07000203,Mid Suffolk,2017,450.0,461.2
E07000203,Mid Suffolk,2018,680.0,543.3
E07000203,Mid Suffolk,2019,900.0,817.5
E07000203,Mid Suffolk,2020,2205.0,1878.8
E07000203,Mid Suffolk,2021,1345.0,1791.7
E07000203,Mid Suffolk,2022,1225.0,1198.8
E07000203,Mid Suffolk,2023,1190.0,1160.8
E07000207,Elmbridge,2016,415.0,396.2
E07000207,Elmbridge,2017,490.0,468.8
E07000207,Elmbridge,2018,510.0,511.7
E07000207,Elmbridge,2019,935.0,732.9
E07000207,Elmbridge,2020,3220.0,2502.1
E07000207,Elmbridge,2021,1940.0,2634.2
E07000207,Elmbridge,2022,1650.0,1698.3
E07000207,Elmbridge,2023,1715.0,1705.8
E07000208,Epsom and Ewell,2016,320.0,298.3
E07000208,Epsom and Ewell,2017,340.0,352.9
E07000208,Epsom and Ewell,2018,395.0,386.7
E07000208,Epsom and Ewell,2019,550.0,489.2
E07000208,Epsom and Ewell,2020,1825.0,1491.7
E07000208,Epsom and Ewell,2021,1085.0,1518.8
E07000208,Epsom and Ewell,2022,890.0,948.8
E07000208,Epsom and Ewell,2023,995.0,918.8
E07000209,Guildford,2016,535.0,526.7
E07000209,Guildford,2017,530.0,552.1
E07000209,Guildford,2018,530.0,556.7
E07000209,Guildford,2019,970.0,789.2
E07000209,Guildford,2020,3120.0,2507.9
E07000209,Guildford,2021,1955.0,2622.1
E07000209,Guildford,2022,1715.0,1738.3
E07000209,Guildford,2023,1795.0,1747.5
E07000210,Mole Valley,2016,260.0,260.4
E07000210,Mole Valley,2017,280.0,282.1
E07000210,Mole Valley,2018,275.0,288.8
E07000210,Mole Valley,2019,515.0,432.5
E07000210,Mole Valley,2020,1855.0,1466.7
E07000210,Mole Valley,2021,1110.0,1529.6
E07000210,Mole Valley,2022,915.0,987.5
E07000210,Mole Valley,2023,930.0,892.9
E07000211,Reigate and Banstead,2016,655.0,639.2
E07000211,Reigate and Banstead,2017,705.0,705.8
E07000211,Reigate and Banstead,2018,695.0,724.2
E07000211,Reigate and Banstead,2019,1130.0,993.8
E07000211,Reigate and Banstead,2020,3850.0,3022.1
E07000211,Reigate and Banstead,2021,2340.0,3217.9
E07000211,Reigate and Banstead,2022,1780.0,1984.6
E07000211,Reigate and Banstead,2023,1805.0,1773.3
E07000212,Runnymede,2016,330.0,321.2
E07000212,Runnymede,2017,365.0,363.8
E07000212,Runnymede,2018,370.0,382.9
E07000212,Runnymede,2019,695.0,527.9
E07000212,Runnymede,2020,2485.0,1910.0
E07000212,Runnymede,2021,1540.0,2074.6
E07000212,Runnymede,2022,1285.0,1346.2
E07000212,Runnymede,2023,1305.0,1314.2
E07000213,Spelthorne,2016,560.0,540.4
E07000213,Spelthorne,2017,560.0,595.0
E07000213,Spelthorne,2018,515.0,558.8
E07000213,Spelthorne,2019,955.0,785.0
E07000213,Spelthorne,2020,3490.0,2650.8
E07000213,Spelthorne,2021,2155.0,2913.8
E07000213,Spelthorne,2022,1865.0,1887.5
E07000213,Spelthorne,2023,2015.0,2010.0
E07000214,Surrey Heath,2016,310.0,282.1
E07000214,Surrey Heath,2017,335.0,345.0
E07000214,Surrey Heath,2018,265.0,327.9
E07000214,Surrey Heath,2019,520.0,426.7
E07000214,Surrey Heath,2020,2145.0,1696.7
E07000214,Surrey Heath,2021,1240.0,1700.0
E07000214,Surrey Heath,2022,1075.0,1116.7
E07000214,Surrey Heath,2023,1155.0,1112.9
E07000215,Tandridge,2016,365.0,347.9
E07000215,Tandridge,2017,460.0,450.4
E07000215,Tandridge,2018,545.0,520.4
E07000215,Tandridge,2019,715.0,638.8
E07000215,Tandridge,2020,2255.0,1825.8
E07000215,Tandridge,2021,1335.0,1844.6
E07000215,Tandridge,2022,1065.0,1146.2
E07000215,Tandridge,2023,1125.0,1086.2
E07000216,Waverley,2016,345.0,369.2
E07000216,Waverley,2017,360.0,381.2
E07000216,Waverley,2018,400.0,388.3
E07000216,Waverley,2019,690.0,577.5
E07000216,Waverley,2020,2375.0,1943.8
E07000216,Waverley,2021,1475.0,1932.9
E07000216,Waverley,2022,1315.0,1316.7
E07000216,Waverley,2023,1280.0,1270.8
E07000217,Woking,2016,395.0,363.8
E07000217,Woking,2017,420.0,406.2
E07000217,Woking,2018,395.0,412.5
E07000217,Woking,2019,695.0,620.0
E07000217,Woking,2020,2705.0,2125.0
E07000217,Woking,2021,1695.0,2262.1
E07000217,Woking,2022,1455.0,1486.2
E07000217,Woking,2023,1580.0,1517.5
E07000218,North Warwickshire,2016,390.0,432.1
E07000218,North Warwickshire,2017,400.0,413.3
E07000218,North Warwickshire,2018,545.0,513.3
E07000218,North Warwickshire,2019,775.0,701.2
E07000218,North Warwickshire,2020,1975.0,1701.2
E07000218,North Warwickshire,2021,1210.0,1625.4
E07000218,North Warwickshire,2022,1015.0,1067.1
E07000218,North Warwickshire,2023,980.0,995.0
E07000219,Nuneaton and Bedworth,2016,1345.0,1409.6
E07000219,Nuneaton and Bedworth,2017,1420.0,1417.5
E07000219,Nuneaton and Bedworth,2018,2175.0,2077.5
E07000219,Nuneaton and Bedworth,2019,2690.0,2520.8
E07000219,Nuneaton and Bedworth,2020,5060.0,4588.8
E07000219,Nuneaton and Bedworth,2021,3650.0,4445.8
E07000219,Nuneaton and Bedworth,2022,3055.0,3252.1
E07000219,Nuneaton and Bedworth,2023,2980.0,3134.2
E07000220,Rugby,2016,865.0,792.5
E07000220,Rugby,2017,1250.0,1211.7
E07000220,Rugby,2018,1305.0,1378.3
E07000220,Rugby,2019,1495.0,1483.8
E07000220,Rugby,2020,2965.0,2700.0
E07000220,Rugby,2021,2145.0,2682.5
E07000220,Rugby,2022,1905.0,1962.9
E07000220,Rugby,2023,1805.0,1965.0
E07000221,Stratford-on-Avon,2016,270.0,284.2
E07000221,Stratford-on-Avon,2017,595.0,500.4
E07000221,Stratford-on-Avon,2018,815.0,759.2
E07000221,Stratford-on-Avon,2019,990.0,935.4
E07000221,Stratford-on-Avon,2020,2915.0,2450.4
E07000221,Stratford-on-Avon,2021,2035.0,2515.8
E07000221,Stratford-on-Avon,2022,1610.0,1713.8
E07000221,Stratford-on-Avon,2023,1510.0,1550.0
E07000222,Warwick,2016,575.0,586.2
E07000222,Warwick,2017,650.0,631.2
E07000222,Warwick,2018,790.0,742.1
E07000222,Warwick,2019,1475.0,1210.4
E07000222,Warwick,2020,3565.0,3048.8
E07000222,Warwick,2021,2430.0,3055.0
E07000222,Warwick,2022,2020.0,2159.6
E07000222,Warwick,2023,1940.0,1995.4
E07000223,Adur,2016,440.0,467.9
E07000223,Adur,2017,500.0,483.8
E07000223,Adur,2018,655.0,533.3
E07000223,Adur,2019,790.0,735.0
E07000223,Adur,2020,2205.0,1859.6
E07000223,Adur,2021,1355.0,1843.3
E07000223,Adur,2022,1030.0,1118.3
E07000223,Adur,2023,965.0,991.7
E07000224,Arun,2016,985.0,1005.8
E07000224,Arun,2017,1130.0,1075.4
E07000224,Arun,2018,1465.0,1210.8
E07000224,Arun,2019,2000.0,1790.0
E07000224,Arun,2020,4945.0,4254.2
E07000224,Arun,2021,3455.0,4375.8
E07000224,Arun,2022,2865.0,2938.3
E07000224,Arun,2023,2895.0,2808.8
E07000225,Chichester,2016,645.0,635.8
E07000225,Chichester,2017,665.0,673.3
E07000225,Chichester,2018,825.0,725.4
E07000225,Chichester,2019,1275.0,1109.2
E07000225,Chichester,2020,3280.0,2797.5
E07000225,Chichester,2021,2405.0,2908.8
E07000225,Chichester,2022,2015.0,2059.2
E07000225,Chichester,2023,2040.0,2019.2
E07000226,Crawley,2016,930.0,992.9
E07000226,Crawley,2017,890.0,923.8
E07000226,Crawley,2018,1340.0,1082.9
E07000226,Crawley,2019,1870.0,1634.6
E07000226,Crawley,2020,5995.0,4426.7
E07000226,Crawley,2021,3605.0,5029.6
E07000226,Crawley,2022,2915.0,3125.4
E07000226,Crawley,2023,3020.0,2962.9
E07000227,Horsham,2016,535.0,536.7
E07000227,Horsham,2017,610.0,590.0
E07000227,Horsham,2018,820.0,665.4
E07000227,Horsham,2019,1085.0,974.2
E07000227,Horsham,2020,3340.0,2750.0
E07000227,Horsham,2021,1975.0,2725.0
E07000227,Horsham,2022,1620.0,1727.5
E07000227,Horsham,2023,1650.0,1612.9
E07000228,Mid Sussex,2016,430.0,422.9
E07000228,Mid Sussex,2017,410.0,406.7
E07000228,Mid Sussex,2018,670.0,478.3
E07000228,Mid Sussex,2019,920.0,813.8
E07000228,Mid Sussex,2020,3180.0,2600.8
E07000228,Mid Sussex,2021,1815.0,2550.0
E07000228,Mid Sussex,2022,1450.0,1563.3
E07000228,Mid Sussex,2023,1645.0,1567.1
E07000229,Worthing,2016,800.0,796.7
E07000229,Worthing,2017,855.0,862.1
E07000229,Worthing,2018,1150.0,937.9
E07000229,Worthing,2019,1545.0,1421.2
E07000229,Worthing,2020,3790.0,3210.8
E07000229,Worthing,2021,2595.0,3318.3
E07000229,Worthing,2022,1995.0,2154.2
E07000229,Worthing,2023,1855.0,1882.9
E07000234,Bromsgrove,2016,565.0,593.8
E07000234,Bromsgrove,2017,660.0,634.6
E07000234,Bromsgrove,2018,870.0,781.2
E07000234,Bromsgrove,2019,1095.0,1046.2
E07000234,Bromsgrove,2020,2660.0,2257.5
E07000234,Bromsgrove,2021,1805.0,2251.2
E07000234,Bromsgrove,2022,1525.0,1606.7
E07000234,Bromsgrove,2023,1395.0,1457.1
E07000235,Malvern Hills,2016,430.0,434.2
E07000235,Malvern Hills,2017,495.0,442.9
E07000235,Malvern Hills,2018,545.0,515.0
E07000235,Malvern Hills,2019,840.0,738.3
E07000235,Malvern Hills,2020,2065.0,1779.6
E07000235,Malvern Hills,2021,1380.0,1732.5
E07000235,Malvern Hills,2022,1155.0,1211.7
E07000235,Malvern Hills,2023,1080.0,1147.9
E07000236,Redditch,2016,825.0,916.2
E07000236,Redditch,2017,865.0,919.2
E07000236,Redditch,2018,1400.0,1252.9
E07000236,Redditch,2019,1455.0,1492.5
E07000236,Redditch,2020,3135.0,2768.3
E07000236,Redditch,2021,2235.0,2739.2
E07000236,Redditch,2022,2000.0,2049.2
E07000236,Redditch,2023,1975.0,1972.5
E07000237,Worcester,2016,1000.0,1039.2
E07000237,Worcester,2017,970.0,987.9
E07000237,Worcester,2018,1125.0,1100.8
E07000237,Worcester,2019,1665.0,1555.8
E07000237,Worcester,2020,3610.0,3182.5
E07000237,Worcester,2021,2550.0,3167.5
E07000237,Worcester,2022,2350.0,2409.6
E07000237,Worcester,2023,2270.0,2341.7
E07000238,Wychavon,2016,645.0,656.2
E07000238,Wychavon,2017,700.0,669.2
E07000238,Wychavon,2018,760.0,775.4
E07000238,Wychavon,2019,1235.0,1082.1
E07000238,Wychavon,2020,3260.0,2861.2
E07000238,Wychavon,2021,2275.0,2797.9
E07000238,Wychavon,2022,2170.0,2137.1
E07000238,Wychavon,2023,2150.0,2042.9
E07000239,Wyre Forest,2016,735.0,744.2
E07000239,Wyre Forest,2017,860.0,789.2
E07000239,Wyre Forest,2018,950.0,945.8
E07000239,Wyre Forest,2019,1535.0,1351.7
E07000239,Wyre Forest,2020,3480.0,3012.5
E07000239,Wyre Forest,2021,2195.0,2875.0
E07000239,Wyre Forest,2022,1915.0,1985.8
E07000239,Wyre Forest,2023,1835.0,1844.2
E07000240,St Albans,2016,710.0,699.6
E07000240,St Albans,2017,825.0,788.8
E07000240,St Albans,2018,1125.0,1088.3
E07000240,St Albans,2019,1400.0,1286.2
E07000240,St Albans,2020,3470.0,2986.2
E07000240,St Albans,2021,2280.0,2941.7
E07000240,St Albans,2022,1885.0,1925.8
E07000240,St Albans,2023,1905.0,1823.8
E07000241,Welwyn Hatfield,2016,820.0,875.4
E07000241,Welwyn Hatfield,2017,880.0,863.8
E07000241,Welwyn Hatfield,2018,1335.0,1207.5
E07000241,Welwyn Hatfield,2019,1530.0,1432.9
E07000241,Welwyn Hatfield,2020,3610.0,3063.3
E07000241,Welwyn Hatfield,2021,2610.0,3265.4
E07000241,Welwyn Hatfield,2022,1905.0,2005.8
E07000241,Welwyn Hatfield,2023,2010.0,1917.9
E07000242,East Hertfordshire,2016,625.0,620.4
E07000242,East Hertfordshire,2017,605.0,620.4
E07000242,East Hertfordshire,2018,625.0,610.0
E07000242,East Hertfordshire,2019,1105.0,975.0
E07000242,East Hertfordshire,2020,3715.0,2992.1
E07000242,East Hertfordshire,2021,2195.0,3071.2
E07000242,East Hertfordshire,2022,1665.0,1802.1
E07000242,East Hertfordshire,2023,1805.0,1714.2
E07000243,Stevenage,2016,835.0,861.7
E07000243,Stevenage,2017,925.0,880.4
E07000243,Stevenage,2018,890.0,880.4
E07000243,Stevenage,2019,1315.0,1216.7
E07000243,Stevenage,2020,3205.0,2795.8
E07000243,Stevenage,2021,2335.0,2966.2
E07000243,Stevenage,2022,1715.0,1807.5
E07000243,Stevenage,2023,1725.0,1750.0
E08000001,Bolton,2016,5125.0,5264.6
E08000001,Bolton,2017,5475.0,5548.3
E08000001,Bolton,2018,5380.0,5707.1
E08000001,Bolton,2019,7760.0,7139.2
E08000001,Bolton,2020,14795.0,13073.3
E08000001,Bolton,2021,11035.0,13357.9
E08000001,Bolton,2022,9875.0,10238.8
E08000001,Bolton,2023,9690.0,9914.2
E08000002,Bury,2016,2650.0,2855.8
E08000002,Bury,2017,2750.0,2819.2
E08000002,Bury,2018,3245.0,2949.2
E08000002,Bury,2019,4040.0,3837.1
E08000002,Bury,2020,7995.0,7159.2
E08000002,Bury,2021,5805.0,7138.3
E08000002,Bury,2022,5035.0,5280.4
E08000002,Bury,2023,4920.0,5018.3
E08000003,Manchester,2016,9665.0,10432.5
E08000003,Manchester,2017,9335.0,9768.3
E08000003,Manchester,2018,14005.0,12135.8
E08000003,Manchester,2019,16325.0,15934.6
E08000003,Manchester,2020,34335.0,29510.4
E08000003,Manchester,2021,25960.0,31377.1
E08000003,Manchester,2022,22385.0,23598.3
E08000003,Manchester,2023,23620.0,23425.0
E08000004,Oldham,2016,3835.0,4198.8
E08000004,Oldham,2017,5175.0,4433.3
E08000004,Oldham,2018,6025.0,6038.8
E08000004,Oldham,2019,6850.0,6696.2
E08000004,Oldham,2020,13380.0,11806.7
E08000004,Oldham,2021,10600.0,12875.0
E08000004,Oldham,2022,9345.0,9747.9
E08000004,Oldham,2023,9320.0,9552.1
E08000005,Rochdale,2016,3710.0,3884.2
E08000005,Rochdale,2017,3670.0,4017.5
E08000005,Rochdale,2018,4950.0,4307.5
E08000005,Rochdale,2019,5715.0,5755.4
E08000005,Rochdale,2020,11460.0,10247.5
E08000005,Rochdale,2021,9250.0,10766.2
E08000005,Rochdale,2022,8080.0,8529.2
E08000005,Rochdale,2023,7695.0,8017.9
E08000006,Salford,2016,4245.0,4509.6
E08000006,Salford,2017,4190.0,4444.2
E08000006,Salford,2018,5020.0,4705.4
E08000006,Salford,2019,6665.0,6310.4
E08000006,Salford,2020,13985.0,12104.2
E08000006,Salford,2021,10215.0,12644.2
E08000006,Salford,2022,9000.0,9333.8
E08000006,Salford,2023,9125.0,9296.7
E08000007,Stockport,2016,3230.0,3362.9
E08000007,Stockport,2017,3265.0,3323.3
E08000007,Stockport,2018,3235.0,3317.1
E08000007,Stockport,2019,4915.0,4257.1
E08000007,Stockport,2020,10500.0,9080.8
E08000007,Stockport,2021,7100.0,9014.6
E08000007,Stockport,2022,5905.0,6320.0
E08000007,Stockport,2023,5650.0,5717.1
E08000008,Tameside,2016,3590.0,3707.9
E08000008,Tameside,2017,3635.0,3740.4
E08000008,Tameside,2018,5000.0,4379.6
E08000008,Tameside,2019,5480.0,5437.5
E08000008,Tameside,2020,11045.0,9650.8
E08000008,Tameside,2021,7600.0,9600.4
E08000008,Tameside,2022,6605.0,6902.5
E08000008,Tameside,2023,6725.0,6709.2
E08000009,Trafford,2016,2220.0,2404.2
E08000009,Trafford,2017,2470.0,2357.1
E08000009,Trafford,2018,3215.0,3062.5
E08000009,Trafford,2019,3380.0,3437.9
E08000009,Trafford,2020,7635.0,6572.5
E08000009,Trafford,2021,5020.0,6497.1
E08000009,Trafford,2022,4295.0,4552.9
E08000009,Trafford,2023,4335.0,4394.2
E08000010,Wigan,2016,5090.0,5165.0
E08000010,Wigan,2017,5080.0,5286.7
E08000010,Wigan,2018,6750.0,5987.1
E08000010,Wigan,2019,7360.0,7408.8
E08000010,Wigan,2020,13370.0,12334.2
E08000010,Wigan,2021,9295.0,11560.0
E08000010,Wigan,2022,7710.0,8202.1
E08000010,Wigan,2023,7655.0,7756.7
E08000011,Knowsley,2016,2875.0,3102.9
E08000011,Knowsley,2017,3035.0,3192.9
E08000011,Knowsley,2018,3795.0,3411.2
E08000011,Knowsley,2019,4220.0,4254.6
E08000011,Knowsley,2020,7930.0,7114.2
E08000011,Knowsley,2021,5545.0,7037.1
E08000011,Knowsley,2022,4620.0,4872.9
E08000011,Knowsley,2023,4370.0,4562.1
E08000012,Liverpool,2016,10590.0,11048.3
E08000012,Liverpool,2017,10980.0,11421.2
E08000012,Liverpool,2018,11110.0,11405.4
E08000012,Liverpool,2019,15390.0,14039.6
E08000012,Liverpool,2020,29055.0,25600.8
E08000012,Liverpool,2021,21540.0,26382.5
E08000012,Liverpool,2022,18070.0,19312.5
E08000012,Liverpool,2023,18480.0,18624.2
E08000013,St. Helens,2016,2960.0,3114.6
E08000013,St. Helens,2017,2855.0,3030.4
E08000013,St. Helens,2018,3710.0,3217.9
E08000013,St. Helens,2019,4165.0,4141.7
E08000013,St. Helens,2020,7370.0,6740.8
E08000013,St. Helens,2021,5265.0,6523.3
E08000013,St. Helens,2022,4470.0,4731.7
E08000013,St. Helens,2023,4420.0,4464.6
E08000014,Sefton,2016,4005.0,4212.9
E08000014,Sefton,2017,4340.0,4220.8
E08000014,Sefton,2018,5850.0,5407.1
E08000014,Sefton,2019,6205.0,6176.2
E08000014,Sefton,2020,11360.0,10148.8
E08000014,Sefton,2021,7770.0,9854.6
E08000014,Sefton,2022,6215.0,6808.8
E08000014,Sefton,2023,6190.0,6245.0
E08000015,Wirral,2016,3815.0,4081.2
E08000015,Wirral,2017,4065.0,4191.2
E08000015,Wirral,2018,6350.0,5601.2
E08000015,Wirral,2019,6810.0,6907.1
E08000015,Wirral,2020,12190.0,11127.5
E08000015,Wirral,2021,8385.0,10546.7
E08000015,Wirral,2022,6995.0,7453.8
E08000015,Wirral,2023,6850.0,6977.5
E08000016,Barnsley,2016,3215.0,3507.9
E08000016,Barnsley,2017,4080.0,3662.9
E08000016,Barnsley,2018,4935.0,4909.6
E08000016,Barnsley,2019,4840.0,5191.2
E08000016,Barnsley,2020,9240.0,8450.4
E08000016,Barnsley,2021,6785.0,8409.6
E08000016,Barnsley,2022,5130.0,5635.8
E08000016,Barnsley,2023,5265.0,5346.7
E08000017,Doncaster,2016,4730.0,5201.2
E08000017,Doncaster,2017,4695.0,4937.1
E08000017,Doncaster,2018,6495.0,6093.3
E08000017,Doncaster,2019,6955.0,6887.1
E08000017,Doncaster,2020,13910.0,12292.9
E08000017,Doncaster,2021,10280.0,12678.3
E08000017,Doncaster,2022,8630.0,9150.8
E08000017,Doncaster,2023,8880.0,8927.1
E08000018,Rotherham,2016,4115.0,4310.0
E08000018,Rotherham,2017,4090.0,4195.8
E08000018,Rotherham,2018,4800.0,4356.7
E08000018,Rotherham,2019,5645.0,5459.6
E08000018,Rotherham,2020,11375.0,10026.2
E08000018,Rotherham,2021,8495.0,10295.4
E08000018,Rotherham,2022,6855.0,7462.1
E08000018,Rotherham,2023,6920.0,6981.2
E08000019,Sheffield,2016,8795.0,9307.1
E08000019,Sheffield,2017,8700.0,9216.2
E08000019,Sheffield,2018,7825.0,8733.3
E08000019,Sheffield,2019,10875.0,9788.8
E08000019,Sheffield,2020,23295.0,19756.7
E08000019,Sheffield,2021,17820.0,21360.8
E08000019,Sheffield,2022,14910.0,15807.9
E08000019,Sheffield,2023,15890.0,15630.8
E08000021,Newcastle upon Tyne,2016,5495.0,5367.1
E08000021,Newcastle upon Tyne,2017,7475.0,6508.8
E08000021,Newcastle upon Tyne,2018,8680.0,8209.6
E08000021,Newcastle upon Tyne,2019,8970.0,8969.2
E08000021,Newcastle upon Tyne,2020,15230.0,13725.8
E08000021,Newcastle upon Tyne,2021,11090.0,13537.1
E08000021,Newcastle upon Tyne,2022,9150.0,9594.2
E08000021,Newcastle upon Tyne,2023,8350.0,8873.8
E08000022,North Tyneside,2016,3215.0,3238.8
E08000022,North Tyneside,2017,3245.0,3248.8
E08000022,North Tyneside,2018,4200.0,3647.9
E08000022,North Tyneside,2019,4595.0,4626.2
E08000022,North Tyneside,2020,8015.0,7265.4
E08000022,North Tyneside,2021,5380.0,6897.1
E08000022,North Tyneside,2022,4485.0,4678.8
E08000022,North Tyneside,2023,4305.0,4409.6
E08000023,South Tyneside,2016,4115.0,4117.5
E08000023,South Tyneside,2017,4150.0,4150.4
E08000023,South Tyneside,2018,5055.0,4507.1
E08000023,South Tyneside,2019,5530.0,5506.2
E08000023,South Tyneside,2020,8215.0,7864.2
E08000023,South Tyneside,2021,6000.0,7333.8
E08000023,South Tyneside,2022,5100.0,5418.3
E08000023,South Tyneside,2023,4655.0,4925.0
E08000024,Sunderland,2016,5585.0,5483.8
E08000024,Sunderland,2017,5450.0,5660.8
E08000024,Sunderland,2018,7095.0,6028.3
E08000024,Sunderland,2019,8435.0,8283.8
E08000024,Sunderland,2020,13355.0,12660.4
E08000024,Sunderland,2021,9670.0,11751.7
E08000024,Sunderland,2022,7955.0,8465.0
E08000024,Sunderland,2023,7070.0,7507.5
E08000025,Birmingham,2016,29815.0,30489.2
E08000025,Birmingham,2017,30585.0,31383.8
E08000025,Birmingham,2018,39795.0,36635.4
E08000025,Birmingham,2019,47865.0,45186.2
E08000025,Birmingham,2020,81235.0,70947.9
E08000025,Birmingham,2021,67095.0,76791.2
E08000025,Birmingham,2022,60820.0,62704.2
E08000025,Birmingham,2023,63180.0,62236.2
E08000026,Coventry,2016,4035.0,4380.0
E08000026,Coventry,2017,3860.0,4258.8
E08000026,Coventry,2018,4970.0,4490.0
E08000026,Coventry,2019,7450.0,6616.2
E08000026,Coventry,2020,16425.0,13760.8
E08000026,Coventry,2021,12495.0,15132.1
E08000026,Coventry,2022,11725.0,11892.1
E08000026,Coventry,2023,12115.0,12500.0
E08000027,Dudley,2016,5575.0,5611.2
E08000027,Dudley,2017,6290.0,5891.2
E08000027,Dudley,2018,7455.0,7204.6
E08000027,Dudley,2019,8215.0,7988.8
E08000027,Dudley,2020,14220.0,12736.7
E08000027,Dudley,2021,10450.0,12620.4
E08000027,Dudley,2022,9170.0,9607.9
E08000027,Dudley,2023,8995.0,9091.7
E08000028,Sandwell,2016,7040.0,7102.5
E08000028,Sandwell,2017,6870.0,7085.8
E08000028,Sandwell,2018,7040.0,7331.7
E08000028,Sandwell,2019,10065.0,8863.3
E08000028,Sandwell,2020,19385.0,16487.1
E08000028,Sandwell,2021,14830.0,17616.7
E08000028,Sandwell,2022,13400.0,13662.5
E08000028,Sandwell,2023,13150.0,13353.3
E08000029,Solihull,2016,2200.0,2153.8
E08000029,Solihull,2017,2460.0,2327.5
E08000029,Solihull,2018,3065.0,2989.6
E08000029,Solihull,2019,3595.0,3473.8
E08000029,Solihull,2020,7515.0,6362.5
E08000029,Solihull,2021,4975.0,6434.2
E08000029,Solihull,2022,4040.0,4427.1
E08000029,Solihull,2023,4050.0,4090.0
E08000030,Walsall,2016,4805.0,4762.9
E08000030,Walsall,2017,4800.0,4920.0
E08000030,Walsall,2018,5660.0,5124.2
E08000030,Walsall,2019,7955.0,7156.2
E08000030,Walsall,2020,14685.0,13050.0
E08000030,Walsall,2021,11160.0,13458.3
E08000030,Walsall,2022,9395.0,9927.1
E08000030,Walsall,2023,9485.0,9649.2
E08000031,Wolverhampton,2016,6415.0,6614.2
E08000031,Wolverhampton,2017,6575.0,6744.6
E08000031,Wolverhampton,2018,8430.0,7854.2
E08000031,Wolverhampton,2019,9705.0,9317.1
E08000031,Wolverhampton,2020,16720.0,14963.8
E08000031,Wolverhampton,2021,13115.0,15576.7
E08000031,Wolverhampton,2022,12250.0,12257.5
E08000031,Wolverhampton,2023,11760.0,12307.5
E08000032,Bradford,2016,8785.0,9173.3
E08000032,Bradford,2017,8540.0,8868.3
E08000032,Bradford,2018,11995.0,9827.5
E08000032,Bradford,2019,15900.0,14402.5
E08000032,Bradford,2020,30800.0,26637.1
E08000032,Bradford,2021,24880.0,29054.2
E08000032,Bradford,2022,21840.0,22809.2
E08000032,Bradford,2023,22530.0,22017.1
E08000033,Calderdale,2016,2550.0,2649.6
E08000033,Calderdale,2017,3615.0,2912.9
E08000033,Calderdale,2018,4385.0,4285.4
E08000033,Calderdale,2019,4645.0,4650.8
E08000033,Calderdale,2020,8865.0,7759.6
E08000033,Calderdale,2021,6065.0,7706.7
E08000033,Calderdale,2022,5065.0,5314.2
E08000033,Calderdale,2023,5370.0,5262.5
E08000034,Kirklees,2016,5385.0,5707.9
E08000034,Kirklees,2017,5750.0,5852.9
E08000034,Kirklees,2018,8640.0,7839.6
E08000034,Kirklees,2019,9645.0,9411.7
E08000034,Kirklees,2020,18145.0,16067.5
E08000034,Kirklees,2021,13150.0,16150.4
E08000034,Kirklees,2022,11320.0,11887.9
E08000034,Kirklees,2023,11710.0,11557.9
E08000035,Leeds,2016,10845.0,11517.1
E08000035,Leeds,2017,10975.0,11480.0
E08000035,Leeds,2018,11665.0,11424.2
E08000035,Leeds,2019,16840.0,15189.6
E08000035,Leeds,2020,35035.0,30386.2
E08000035,Leeds,2021,25530.0,31721.7
E08000035,Leeds,2022,22260.0,23088.3
E08000035,Leeds,2023,23245.0,22885.8
E08000036,Wakefield,2016,3710.0,3940.4
E08000036,Wakefield,2017,3840.0,4037.5
E08000036,Wakefield,2018,3920.0,4133.8
E08000036,Wakefield,2019,6400.0,5599.2
E08000036,Wakefield,2020,12625.0,11320.4
E08000036,Wakefield,2021,9230.0,11426.2
E08000036,Wakefield,2022,7530.0,8027.9
E08000036,Wakefield,2023,7775.0,7768.8
E08000037,Gateshead,2016,3490.0,3461.7
E08000037,Gateshead,2017,3745.0,3640.4
E08000037,Gateshead,2018,5260.0,4799.6
E08000037,Gateshead,2019,5510.0,5545.4
E08000037,Gateshead,2020,9315.0,8573.3
E08000037,Gateshead,2021,6445.0,8162.5
E08000037,Gateshead,2022,5275.0,5707.5
E08000037,Gateshead,2023,5245.0,5428.3
E09000001,City of London,2016,55.0,60.0
E09000001,City of London,2017,65.0,57.1
E09000001,City of London,2018,65.0,64.2
E09000001,City of London,2019,80.0,72.9
E09000001,City of London,2020,260.0,197.5
E09000001,City of London,2021,330.0,257.5
E09000001,City of London,2022,210.0,278.8
E09000001,City of London,2023,140.0,161.7
E09000002,Barking and Dagenham,2016,3175.0,3177.9
E09000002,Barking and Dagenham,2017,3110.0,3212.9
E09000002,Barking and Dagenham,2018,4235.0,3673.8
E09000002,Barking and Dagenham,2019,5430.0,4995.0
E09000002,Barking and Dagenham,2020,14330.0,11239.2
E09000002,Barking and Dagenham,2021,10300.0,12977.9
E09000002,Barking and Dagenham,2022,8745.0,9069.2
E09000002,Barking and Dagenham,2023,9600.0,9287.1
E09000003,Barnet,2016,3515.0,3640.4
E09000003,Barnet,2017,3425.0,3550.0
E09000003,Barnet,2018,4435.0,3798.3
E09000003,Barnet,2019,6235.0,5470.0
E09000003,Barnet,2020,18545.0,14551.7
E09000003,Barnet,2021,13125.0,16283.8
E09000003,Barnet,2022,10985.0,11405.8
E09000003,Barnet,2023,10930.0,10819.6
E09000004,Bexley,2016,2025.0,1969.2
E09000004,Bexley,2017,2130.0,2140.0
E09000004,Bexley,2018,2000.0,1994.6
E09000004,Bexley,2019,3250.0,2835.8
E09000004,Bexley,2020,8915.0,7285.0
E09000004,Bexley,2021,5570.0,7552.5
E09000004,Bexley,2022,4705.0,4832.5
E09000004,Bexley,2023,4980.0,4822.9
E09000005,Brent,2016,5065.0,5321.7
E09000005,Brent,2017,4775.0,4998.8
E09000005,Brent,2018,4805.0,4800.4
E09000005,Brent,2019,7240.0,6297.1
E09000005,Brent,2020,22885.0,17418.3
E09000005,Brent,2021,16460.0,20916.2
E09000005,Brent,2022,14105.0,14528.3
E09000005,Brent,2023,15200.0,14570.4
E09000006,Bromley,2016,2270.0,2196.2
E09000006,Bromley,2017,2215.0,2285.4
E09000006,Bromley,2018,2865.0,2436.2
E09000006,Bromley,2019,4085.0,3641.2
E09000006,Bromley,2020,11395.0,9213.8
E09000006,Bromley,2021,7170.0,9607.1
E09000006,Bromley,2022,5905.0,6102.5
E09000006,Bromley,2023,6445.0,6097.1
E09000007,Camden,2016,2645.0,2710.4
E09000007,Camden,2017,2690.0,2702.9
E09000007,Camden,2018,2960.0,2801.2
E09000007,Camden,2019,4140.0,3724.2
E09000007,Camden,2020,11220.0,8811.2
E09000007,Camden,2021,8410.0,10121.7
E09000007,Camden,2022,6635.0,7124.6
E09000007,Camden,2023,6640.0,6640.0
E09000008,Croydon,2016,6560.0,5484.2
E09000008,Croydon,2017,8700.0,8302.5
E09000008,Croydon,2018,9460.0,9460.4
E09000008,Croydon,2019,10525.0,10216.7
E09000008,Croydon,2020,23000.0,19018.8
E09000008,Croydon,2021,16660.0,20493.3
E09000008,Croydon,2022,13830.0,14445.8
E09000008,Croydon,2023,14565.0,14278.8
E09000009,Ealing,2016,4750.0,5003.8
E09000009,Ealing,2017,4900.0,5003.3
E09000009,Ealing,2018,6365.0,5586.7
E09000009,Ealing,2019,7740.0,7266.2
E09000009,Ealing,2020,21755.0,16944.6
E09000009,Ealing,2021,15750.0,19704.2
E09000009,Ealing,2022,13060.0,13770.8
E09000009,Ealing,2023,14045.0,13550.4
E09000010,Enfield,2016,4505.0,4694.2
E09000010,Enfield,2017,4425.0,4584.6
E09000010,Enfield,2018,5840.0,5267.1
E09000010,Enfield,2019,7295.0,6786.2
E09000010,Enfield,2020,19410.0,15351.2
E09000010,Enfield,2021,14440.0,17885.0
E09000010,Enfield,2022,11960.0,12805.0
E09000010,Enfield,2023,12605.0,12218.3
E09000011,Greenwich,2016,3870.0,4000.4
E09000011,Greenwich,2017,4030.0,4109.2
E09000011,Greenwich,2018,3950.0,4081.2
E09000011,Greenwich,2019,6040.0,5375.8
E09000011,Greenwich,2020,16070.0,12844.2
E09000011,Greenwich,2021,11365.0,14357.5
E09000011,Greenwich,2022,9455.0,9993.8
E09000011,Greenwich,2023,10120.0,9754.2
E09000012,Hackney,2016,4645.0,4863.3
E09000012,Hackney,2017,4820.0,4821.7
E09000012,Hackney,2018,5375.0,5063.3
E09000012,Hackney,2019,7350.0,6619.2
E09000012,Hackney,2020,18805.0,14990.4
E09000012,Hackney,2021,13085.0,16694.6
E09000012,Hackney,2022,11015.0,11547.5
E09000012,Hackney,2023,11835.0,11480.8
E09000013,Hammersmith and Fulham,2016,3085.0,3084.6
E09000013,Hammersmith and Fulham,2017,4075.0,3809.6
E09000013,Hammersmith and Fulham,2018,4360.0,4423.3
E09000013,Hammersmith and Fulham,2019,4565.0,4552.5
E09000013,Hammersmith and Fulham,2020,10745.0,8636.2
E09000013,Hammersmith and Fulham,2021,7580.0,9524.2
E09000013,Hammersmith and Fulham,2022,6020.0,6439.2
E09000013,Hammersmith and Fulham,2023,6045.0,5999.6
E09000014,Haringey,2016,4535.0,4708.3
E09000014,Haringey,2017,4465.0,4675.4
E09000014,Haringey,2018,4645.0,4542.1
E09000014,Haringey,2019,6735.0,5967.5
E09000014,Haringey,2020,20745.0,15768.3
E09000014,Haringey,2021,14885.0,18777.1
E09000014,Haringey,2022,12275.0,13018.8
E09000014,Haringey,2023,12495.0,12475.0
E09000015,Harrow,2016,1840.0,1884.6
E09000015,Harrow,2017,1795.0,1867.5
E09000015,Harrow,2018,2270.0,1927.1
E09000015,Harrow,2019,3255.0,2876.2
E09000015,Harrow,2020,11200.0,8557.5
E09000015,Harrow,2021,7725.0,9779.6
E09000015,Harrow,2022,5830.0,6246.2
E09000015,Harrow,2023,6190.0,6107.5
E09000016,Havering,2016,2570.0,2464.2
E09000016,Havering,2017,2375.0,2563.3
E09000016,Havering,2018,3120.0,2655.0
E09000016,Havering,2019,3990.0,3684.2
E09000016,Havering,2020,10380.0,8605.4
E09000016,Havering,2021,6975.0,8965.0
E09000016,Havering,2022,5990.0,6015.4
E09000016,Havering,2023,6425.0,6343.3
E09000017,Hillingdon,2016,2580.0,2662.9
E09000017,Hillingdon,2017,2520.0,2605.4
E09000017,Hillingdon,2018,2635.0,2573.3
E09000017,Hillingdon,2019,4325.0,3825.0
E09000017,Hillingdon,2020,14405.0,10998.8
E09000017,Hillingdon,2021,9335.0,12472.1
E09000017,Hillingdon,2022,7765.0,7987.5
E09000017,Hillingdon,2023,8495.0,8123.8
E09000018,Hounslow,2016,3880.0,3232.5
E09000018,Hounslow,2017,4825.0,4694.2
E09000018,Hounslow,2018,5610.0,5451.2
E09000018,Hounslow,2019,6260.0,6102.5
E09000018,Hounslow,2020,16835.0,13046.7
E09000018,Hounslow,2021,11445.0,14907.5
E09000018,Hounslow,2022,9205.0,9705.4
E09000018,Hounslow,2023,9775.0,9669.2
E09000019,Islington,2016,3615.0,3586.2
E09000019,Islington,2017,3700.0,3676.7
E09000019,Islington,2018,4625.0,4061.2
E09000019,Islington,2019,5580.0,5306.7
E09000019,Islington,2020,13730.0,10862.1
E09000019,Islington,2021,9460.0,12126.7
E09000019,Islington,2022,8140.0,8507.5
E09000019,Islington,2023,8750.0,8571.2
E09000020,Kensington and Chelsea,2016,1615.0,1630.0
E09000020,Kensington and Chelsea,2017,1850.0,1793.8
E09000020,Kensington and Chelsea,2018,1940.0,1941.7
E09000020,Kensington and Chelsea,2019,2275.0,2182.9
E09000020,Kensington and Chelsea,2020,6255.0,4884.6
E09000020,Kensington and Chelsea,2021,4565.0,5614.2
E09000020,Kensington and Chelsea,2022,3420.0,3732.9
E09000020,Kensington and Chelsea,2023,3350.0,3334.6
E09000021,Kingston upon Thames,2016,1190.0,1198.3
E09000021,Kingston upon Thames,2017,1270.0,1261.2
E09000021,Kingston upon Thames,2018,1670.0,1363.3
E09000021,Kingston upon Thames,2019,2115.0,1930.8
E09000021,Kingston upon Thames,2020,5985.0,4828.3
E09000021,Kingston upon Thames,2021,3725.0,5005.8
E09000021,Kingston upon Thames,2022,2805.0,3020.4
E09000021,Kingston upon Thames,2023,3110.0,3007.9
E09000022,Lambeth,2016,5550.0,5832.9
E09000022,Lambeth,2017,5880.0,5840.4
E09000022,Lambeth,2018,7420.0,6838.8
E09000022,Lambeth,2019,8720.0,8272.1
E09000022,Lambeth,2020,21630.0,17172.9
E09000022,Lambeth,2021,14820.0,19167.9
E09000022,Lambeth,2022,12055.0,13016.2
E09000022,Lambeth,2023,12695.0,12479.6
E09000023,Lewisham,2016,4900.0,5190.4
E09000023,Lewisham,2017,5185.0,5259.6
E09000023,Lewisham,2018,6230.0,5585.4
E09000023,Lewisham,2019,8115.0,7471.7
E09000023,Lewisham,2020,20260.0,16202.5
E09000023,Lewisham,2021,14365.0,18050.8
E09000023,Lewisham,2022,12060.0,12633.8
E09000023,Lewisham,2023,13015.0,12431.7
E09000024,Merton,2016,2175.0,2118.3
E09000024,Merton,2017,2330.0,2364.2
E09000024,Merton,2018,3015.0,2772.1
E09000024,Merton,2019,3595.0,3370.4
E09000024,Merton,2020,9855.0,7924.2
E09000024,Merton,2021,6425.0,8369.6
E09000024,Merton,2022,5485.0,5686.7
E09000024,Merton,2023,6030.0,5758.8
E09000025,Newham,2016,4530.0,4574.6
E09000025,Newham,2017,4535.0,4606.2
E09000025,Newham,2018,5440.0,4879.2
E09000025,Newham,2019,7640.0,6815.8
E09000025,Newham,2020,26340.0,19285.0
E09000025,Newham,2021,19815.0,24458.3
E09000025,Newham,2022,15215.0,16197.5
E09000025,Newham,2023,16805.0,16151.7
E09000026,Redbridge,2016,2740.0,2750.0
E09000026,Redbridge,2017,2400.0,2600.8
E09000026,Redbridge,2018,3210.0,2694.2
E09000026,Redbridge,2019,4910.0,4256.2
E09000026,Redbridge,2020,15870.0,12424.2
E09000026,Redbridge,2021,11605.0,14528.8
E09000026,Redbridge,2022,9285.0,9560.4
E09000026,Redbridge,2023,10015.0,9809.6
E09000027,Richmond upon Thames,2016,1400.0,1353.3
E09000027,Richmond upon Thames,2017,1485.0,1470.4
E09000027,Richmond upon Thames,2018,1740.0,1581.2
E09000027,Richmond upon Thames,2019,2055.0,2019.6
E09000027,Richmond upon Thames,2020,5940.0,4723.3
E09000027,Richmond upon Thames,2021,3560.0,4872.1
E09000027,Richmond upon Thames,2022,2970.0,3057.9
E09000027,Richmond upon Thames,2023,2870.0,2907.1
E09000028,Southwark,2016,5490.0,5314.6
E09000028,Southwark,2017,7160.0,6703.8
E09000028,Southwark,2018,8130.0,7891.2
E09000028,Southwark,2019,8415.0,8437.1
E09000028,Southwark,2020,20270.0,16248.3
E09000028,Southwark,2021,13995.0,17895.4
E09000028,Southwark,2022,11175.0,12058.3
E09000028,Southwark,2023,11640.0,11398.3
E09000029,Sutton,2016,2225.0,1847.5
E09000029,Sutton,2017,2695.0,2646.7
E09000029,Sutton,2018,3075.0,2972.9
E09000029,Sutton,2019,3125.0,3160.8
E09000029,Sutton,2020,7355.0,6137.5
E09000029,Sutton,2021,4485.0,6171.7
E09000029,Sutton,2022,3740.0,3821.2
E09000029,Sutton,2023,3925.0,3872.5
E09000030,Tower Hamlets,2016,4730.0,4950.8
E09000030,Tower Hamlets,2017,6090.0,5467.9
E09000030,Tower Hamlets,2018,6885.0,6692.5
E09000030,Tower Hamlets,2019,7935.0,7629.2
E09000030,Tower Hamlets,2020,21190.0,16615.4
E09000030,Tower Hamlets,2021,15010.0,19054.6
E09000030,Tower Hamlets,2022,12155.0,12936.2
E09000030,Tower Hamlets,2023,13130.0,12483.8
E09000031,Waltham Forest,2016,4135.0,4255.8
E09000031,Waltham Forest,2017,3910.0,4060.8
E09000031,Waltham Forest,2018,4735.0,4196.7
E09000031,Waltham Forest,2019,6100.0,5568.3
E09000031,Waltham Forest,2020,18855.0,14462.1
E09000031,Waltham Forest,2021,12615.0,16537.9
E09000031,Waltham Forest,2022,10560.0,10700.8
E09000031,Waltham Forest,2023,11650.0,11241.7
E09000032,Wandsworth,2016,3125.0,3194.6
E09000032,Wandsworth,2017,3185.0,3222.9
E09000032,Wandsworth,2018,3705.0,3489.6
E09000032,Wandsworth,2019,4860.0,4463.8
E09000032,Wandsworth,2020,14215.0,11127.1
E09000032,Wandsworth,2021,9260.0,12165.0
E09000032,Wandsworth,2022,7645.0,8150.8
E09000032,Wandsworth,2023,8155.0,7926.7
E09000033,Westminster,2016,2450.0,2537.1
E09000033,Westminster,2017,2450.0,2515.4
E09000033,Westminster,2018,3005.0,2668.3
E09000033,Westminster,2019,3825.0,3564.6
E09000033,Westminster,2020,10600.0,7990.8
E09000033,Westminster,2021,7770.0,9609.2
E09000033,Westminster,2022,6105.0,6622.1
E09000033,Westminster,2023,6205.0,6072.5
S12000005,Clackmannanshire,2016,840.0,859.6
S12000005,Clackmannanshire,2017,1160.0,987.9
S12000005,Clackmannanshire,2018,1295.0,1343.8
S12000005,Clackmannanshire,2019,1305.0,1337.1
S12000005,Clackmannanshire,2020,2065.0,1935.8
S12000005,Clackmannanshire,2021,1370.0,1747.1
S12000005,Clackmannanshire,2022,1175.0,1210.8
S12000005,Clackmannanshire,2023,1120.0,1158.3
S12000006,Dumfries and Galloway,2016,1455.0,1533.3
S12000006,Dumfries and Galloway,2017,1580.0,1553.8
S12000006,Dumfries and Galloway,2018,2230.0,1795.4
S12000006,Dumfries and Galloway,2019,2725.0,2630.4
S12000006,Dumfries and Galloway,2020,4435.0,4317.1
S12000006,Dumfries and Galloway,2021,3175.0,3922.5
S12000006,Dumfries and Galloway,2022,2555.0,2685.8
S12000006,Dumfries and Galloway,2023,2390.0,2490.4
S12000008,East Ayrshire,2016,2510.0,2526.2
S12000008,East Ayrshire,2017,2525.0,2513.8
S12000008,East Ayrshire,2018,3635.0,3321.2
S12000008,East Ayrshire,2019,3620.0,3713.8
S12000008,East Ayrshire,2020,5615.0,5313.8
S12000008,East Ayrshire,2021,4090.0,4965.0
S12000008,East Ayrshire,2022,3125.0,3402.5
S12000008,East Ayrshire,2023,2935.0,3116.7
S12000010,East Lothian,2016,1270.0,1102.9
S12000010,East Lothian,2017,1765.0,1655.4
S12000010,East Lothian,2018,1830.0,1840.4
S12000010,East Lothian,2019,1750.0,1767.5
S12000010,East Lothian,2020,3220.0,2993.3
S12000010,East Lothian,2021,2130.0,2824.6
S12000010,East Lothian,2022,1480.0,1642.5
S12000010,East Lothian,2023,1545.0,1545.4
S12000011,East Renfrewshire,2016,685.0,672.5
S12000011,East Renfrewshire,2017,645.0,668.3
S12000011,East Renfrewshire,2018,710.0,681.2
S12000011,East Renfrewshire,2019,960.0,892.1
S12000011,East Renfrewshire,2020,2135.0,1905.0
S12000011,East Renfrewshire,2021,1235.0,1708.3
S12000011,East Renfrewshire,2022,955.0,1030.0
S12000011,East Renfrewshire,2023,985.0,1014.6
S12000013,Na h-Eileanan Siar,2016,305.0,328.3
S12000013,Na h-Eileanan Siar,2017,270.0,289.6
S12000013,Na h-Eileanan Siar,2018,290.0,259.6
S12000013,Na h-Eileanan Siar,2019,400.0,336.7
S12000013,Na h-Eileanan Siar,2020,755.0,721.2
S12000013,Na h-Eileanan Siar,2021,460.0,614.2
S12000013,Na h-Eileanan Siar,2022,290.0,362.1
S12000013,Na h-Eileanan Siar,2023,280.0,289.6
S12000014,Falkirk,2016,2190.0,2228.8
S12000014,Falkirk,2017,2190.0,2307.5
S12000014,Falkirk,2018,3080.0,2736.2
S12000014,Falkirk,2019,3300.0,3285.0
S12000014,Falkirk,2020,5815.0,5326.2
S12000014,Falkirk,2021,3755.0,5002.5
S12000014,Falkirk,2022,3120.0,3264.6
S12000014,Falkirk,2023,2780.0,2979.2
S12000047,Fife,2016,5445.0,5682.5
S12000047,Fife,2017,5635.0,5937.5
S12000047,Fife,2018,8275.0,7735.4
S12000047,Fife,2019,8610.0,8753.3
S12000047,Fife,2020,14080.0,13294.2
S12000047,Fife,2021,9800.0,12620.4
S12000047,Fife,2022,7920.0,8517.9
S12000047,Fife,2023,7365.0,7870.4
S12000017,Highland,2016,2465.0,2276.7
S12000017,Highland,2017,3380.0,2965.4
S12000017,Highland,2018,3510.0,3590.0
S12000017,Highland,2019,3540.0,3512.5
S12000017,Highland,2020,7200.0,6735.8
S12000017,Highland,2021,4205.0,5930.0
S12000017,Highland,2022,3340.0,3583.3
S12000017,Highland,2023,3160.0,3306.2
S12000018,Inverclyde,2016,1215.0,1476.7
S12000018,Inverclyde,2017,2360.0,2138.8
S12000018,Inverclyde,2018,2400.0,2553.3
S12000018,Inverclyde,2019,2160.0,2364.6
S12000018,Inverclyde,2020,2890.0,2882.5
S12000018,Inverclyde,2021,2275.0,2717.5
S12000018,Inverclyde,2022,1805.0,1935.8
S12000018,Inverclyde,2023,1725.0,1779.6
S12000019,Midlothian,2016,860.0,900.0
S12000019,Midlothian,2017,1405.0,1122.5
S12000019,Midlothian,2018,1350.0,1453.8
S12000019,Midlothian,2019,1370.0,1393.3
S12000019,Midlothian,2020,2905.0,2603.8
S12000019,Midlothian,2021,1735.0,2469.2
S12000019,Midlothian,2022,1300.0,1414.6
S12000019,Midlothian,2023,1320.0,1342.5
S12000020,Moray,2016,960.0,970.8
S12000020,Moray,2017,1010.0,1076.2
S12000020,Moray,2018,1290.0,1139.6
S12000020,Moray,2019,1465.0,1465.0
S12000020,Moray,2020,2755.0,2511.2
S12000020,Moray,2021,1810.0,2444.6
S12000020,Moray,2022,1360.0,1511.7
S12000020,Moray,2023,1225.0,1317.9
S12000021,North Ayrshire,2016,3295.0,3486.7
S12000021,North Ayrshire,2017,3145.0,3258.3
S12000021,North Ayrshire,2018,4490.0,4112.1
S12000021,North Ayrshire,2019,4360.0,4537.9
S12000021,North Ayrshire,2020,6650.0,6315.0
S12000021,North Ayrshire,2021,4530.0,5684.2
S12000021,North Ayrshire,2022,3665.0,3905.4
S12000021,North Ayrshire,2023,3505.0,3611.2
S12000023,Orkney Islands,2016,130.0,110.8
S12000023,Orkney Islands,2017,115.0,122.5
S12000023,Orkney Islands,2018,135.0,102.9
S12000023,Orkney Islands,2019,175.0,176.7
S12000023,Orkney Islands,2020,365.0,340.8
S12000023,Orkney Islands,2021,250.0,303.8
S12000023,Orkney Islands,2022,215.0,216.7
S12000023,Orkney Islands,2023,215.0,215.4
S12000048,Perth and Kinross,2016,995.0,1057.9
S12000048,Perth and Kinross,2017,1020.0,1091.7
S12000048,Perth and Kinross,2018,1445.0,1193.3
S12000048,Perth and Kinross,2019,1810.0,1743.3
S12000048,Perth and Kinross,2020,4055.0,3645.4
S12000048,Perth and Kinross,2021,2630.0,3469.6
S12000048,Perth and Kinross,2022,2035.0,2232.9
S12000048,Perth and Kinross,2023,1975.0,2159.2
S12000026,Scottish Borders,2016,1080.0,1157.9
S12000026,Scottish Borders,2017,1030.0,1122.5
S12000026,Scottish Borders,2018,1425.0,1188.3
S12000026,Scottish Borders,2019,1775.0,1730.8
S12000026,Scottish Borders,2020,3485.0,3165.8
S12000026,Scottish Borders,2021,2365.0,3042.5
S12000026,Scottish Borders,2022,2010.0,2072.9
S12000026,Scottish Borders,2023,1920.0,1991.7
S12000027,Shetland Islands,2016,120.0,129.2
S12000027,Shetland Islands,2017,95.0,112.5
S12000027,Shetland Islands,2018,150.0,124.6
S12000027,Shetland Islands,2019,245.0,206.2
S12000027,Shetland Islands,2020,450.0,432.5
S12000027,Shetland Islands,2021,315.0,378.8
S12000027,Shetland Islands,2022,240.0,262.5
S12000027,Shetland Islands,2023,210.0,228.8
S12000028,South Ayrshire,2016,1685.0,1663.3
S12000028,South Ayrshire,2017,1565.0,1660.0
S12000028,South Ayrshire,2018,2420.0,2037.1
S12000028,South Ayrshire,2019,2695.0,2610.8
S12000028,South Ayrshire,2020,4545.0,4175.0
S12000028,South Ayrshire,2021,3080.0,3915.0
S12000028,South Ayrshire,2022,2400.0,2593.3
S12000028,South Ayrshire,2023,2305.0,2323.8
S12000029,South Lanarkshire,2016,4255.0,4475.8
S12000029,South Lanarkshire,2017,4695.0,4445.0
S12000029,South Lanarkshire,2018,6685.0,6224.2
S12000029,South Lanarkshire,2019,6675.0,6962.1
S12000029,South Lanarkshire,2020,12250.0,11350.8
S12000029,South Lanarkshire,2021,8160.0,10625.4
S12000029,South Lanarkshire,2022,6240.0,6861.2
S12000029,South Lanarkshire,2023,5825.0,6190.8
S12000030,Stirling,2016,945.0,935.8
S12000030,Stirling,2017,1165.0,1005.0
S12000030,Stirling,2018,1370.0,1398.8
S12000030,Stirling,2019,1465.0,1482.9
S12000030,Stirling,2020,2720.0,2565.4
S12000030,Stirling,2021,1610.0,2195.4
S12000030,Stirling,2022,1420.0,1432.1
S12000030,Stirling,2023,1395.0,1435.0
S12000033,Aberdeen City,2016,3420.0,3381.7
S12000033,Aberdeen City,2017,3110.0,3542.1
S12000033,Aberdeen City,2018,2760.0,3129.6
S12000033,Aberdeen City,2019,4035.0,3595.0
S12000033,Aberdeen City,2020,9295.0,7520.0
S12000033,Aberdeen City,2021,6410.0,8131.2
S12000033,Aberdeen City,2022,5020.0,5477.1
S12000033,Aberdeen City,2023,4610.0,4834.6
S12000034,Aberdeenshire,2016,2365.0,2431.2
S12000034,Aberdeenshire,2017,2045.0,2332.9
S12000034,Aberdeenshire,2018,2180.0,2110.8
S12000034,Aberdeenshire,2019,2915.0,2688.8
S12000034,Aberdeenshire,2020,6410.0,5434.2
S12000034,Aberdeenshire,2021,4155.0,5398.3
S12000034,Aberdeenshire,2022,2985.0,3345.0
S12000034,Aberdeenshire,2023,2795.0,2977.1
S12000035,Argyll and Bute,2016,855.0,874.2
S12000035,Argyll and Bute,2017,900.0,873.8
S12000035,Argyll and Bute,2018,1085.0,896.7
S12000035,Argyll and Bute,2019,1360.0,1338.8
S12000035,Argyll and Bute,2020,2785.0,2614.2
S12000035,Argyll and Bute,2021,1795.0,2327.9
S12000035,Argyll and Bute,2022,1400.0,1497.5
S12000035,Argyll and Bute,2023,1390.0,1375.4
S12000036,City of Edinburgh,2016,4930.0,5232.5
S12000036,City of Edinburgh,2017,4480.0,4981.7
S12000036,City of Edinburgh,2018,4420.0,4734.2
S12000036,City of Edinburgh,2019,6970.0,6049.6
S12000036,City of Edinburgh,2020,17780.0,14976.2
S12000036,City of Edinburgh,2021,10735.0,14982.9
S12000036,City of Edinburgh,2022,8630.0,9133.8
S12000036,City of Edinburgh,2023,8370.0,8553.8
S12000038,Renfrewshire,2016,2700.0,2867.9
S12000038,Renfrewshire,2017,3075.0,3030.0
S12000038,Renfrewshire,2018,3135.0,3105.4
S12000038,Renfrewshire,2019,3875.0,3790.0
S12000038,Renfrewshire,2020,7045.0,6502.9
S12000038,Renfrewshire,2021,4420.0,5929.2
S12000038,Renfrewshire,2022,3485.0,3759.2
S12000038,Renfrewshire,2023,3680.0,3701.2
S12000039,West Dunbartonshire,2016,1960.0,2128.8
S12000039,West Dunbartonshire,2017,1970.0,2010.4
S12000039,West Dunbartonshire,2018,1990.0,2073.3
S12000039,West Dunbartonshire,2019,2795.0,2568.3
S12000039,West Dunbartonshire,2020,4535.0,4219.6
S12000039,West Dunbartonshire,2021,3145.0,3879.6
S12000039,West Dunbartonshire,2022,2525.0,2657.9
S12000039,West Dunbartonshire,2023,2385.0,2465.8
S12000040,West Lothian,2016,1875.0,2078.8
S12000040,West Lothian,2017,1835.0,2072.9
S12000040,West Lothian,2018,2705.0,2281.7
S12000040,West Lothian,2019,3305.0,3239.2
S12000040,West Lothian,2020,6140.0,5665.4
S12000040,West Lothian,2021,3795.0,5299.6
S12000040,West Lothian,2022,3000.0,3267.5
S12000040,West Lothian,2023,3105.0,3145.0
S12000041,Angus,2016,1405.0,1453.3
S12000041,Angus,2017,1520.0,1495.4
S12000041,Angus,2018,2040.0,1924.2
S12000041,Angus,2019,2075.0,2147.1
S12000041,Angus,2020,3670.0,3322.5
S12000041,Angus,2021,2415.0,3159.2
S12000041,Angus,2022,2010.0,2041.2
S12000041,Angus,2023,1855.0,1989.2
S12000042,Dundee City,2016,3215.0,3452.5
S12000042,Dundee City,2017,3175.0,3227.9
S12000042,Dundee City,2018,4270.0,4075.0
S12000042,Dundee City,2019,4455.0,4598.8
S12000042,Dundee City,2020,6805.0,6424.6
S12000042,Dundee City,2021,4875.0,6080.4
S12000042,Dundee City,2022,4055.0,4302.9
S12000042,Dundee City,2023,3970.0,4188.3
S12000050,North Lanarkshire,2016,5610.0,6071.7
S12000050,North Lanarkshire,2017,5645.0,5985.0
S12000050,North Lanarkshire,2018,7675.0,6837.1
S12000050,North Lanarkshire,2019,7890.0,8280.0
S12000050,North Lanarkshire,2020,14195.0,13159.6
S12000050,North Lanarkshire,2021,9580.0,12255.8
S12000050,North Lanarkshire,2022,7330.0,8077.1
S12000050,North Lanarkshire,2023,7270.0,7443.3
S12000045,East Dunbartonshire,2016,725.0,765.8
S12000045,East Dunbartonshire,2017,1070.0,1000.8
S12000045,East Dunbartonshire,2018,1105.0,1133.3
S12000045,East Dunbartonshire,2019,1215.0,1218.3
S12000045,East Dunbartonshire,2020,2525.0,2331.7
S12000045,East Dunbartonshire,2021,1650.0,2125.8
S12000045,East Dunbartonshire,2022,1250.0,1347.1
S12000045,East Dunbartonshire,2023,1180.0,1237.1
S12000049,Glasgow City,2016,13145.0,13777.9
S12000049,Glasgow City,2017,13455.0,13870.8
S12000049,Glasgow City,2018,13600.0,13673.3
S12000049,Glasgow City,2019,19405.0,17673.8
S12000049,Glasgow City,2020,36040.0,32135.4
S12000049,Glasgow City,2021,25895.0,31840.8
S12000049,Glasgow City,2022,21590.0,22595.4
S12000049,Glasgow City,2023,20680.0,21200.0
W06000001,Isle of Anglesey,2016,1115.0,1223.3
W06000001,Isle of Anglesey,2017,945.0,1012.1
W06000001,Isle of Anglesey,2018,810.0,916.7
W06000001,Isle of Anglesey,2019,1265.0,1081.7
W06000001,Isle of Anglesey,2020,2350.0,2188.3
W06000001,Isle of Anglesey,2021,1640.0,2019.2
W06000001,Isle of Anglesey,2022,1290.0,1368.8
W06000001,Isle of Anglesey,2023,1405.0,1401.2
W06000002,Gwynedd,2016,1440.0,1438.8
W06000002,Gwynedd,2017,1270.0,1301.7
W06000002,Gwynedd,2018,1235.0,1248.3
W06000002,Gwynedd,2019,1830.0,1525.8
W06000002,Gwynedd,2020,3875.0,3522.9
W06000002,Gwynedd,2021,2505.0,3188.8
W06000002,Gwynedd,2022,2055.0,2085.4
W06000002,Gwynedd,2023,1950.0,1962.9
W06000003,Conwy,2016,1435.0,1516.2
W06000003,Conwy,2017,1280.0,1339.6
W06000003,Conwy,2018,1775.0,1445.0
W06000003,Conwy,2019,2220.0,2057.9
W06000003,Conwy,2020,4325.0,3923.3
W06000003,Conwy,2021,2915.0,3616.7
W06000003,Conwy,2022,2330.0,2418.8
W06000003,Conwy,2023,2380.0,2280.8
W06000004,Denbighshire,2016,1185.0,1214.2
W06000004,Denbighshire,2017,1040.0,1045.8
W06000004,Denbighshire,2018,1565.0,1261.7
W06000004,Denbighshire,2019,1935.0,1806.7
W06000004,Denbighshire,2020,3530.0,3213.8
W06000004,Denbighshire,2021,2450.0,3037.9
W06000004,Denbighshire,2022,2065.0,2077.1
W06000004,Denbighshire,2023,1930.0,1968.8
W06000005,Flintshire,2016,1480.0,1540.4
W06000005,Flintshire,2017,1795.0,1600.4
W06000005,Flintshire,2018,2265.0,2134.2
W06000005,Flintshire,2019,2580.0,2517.1
W06000005,Flintshire,2020,4845.0,4422.9
W06000005,Flintshire,2021,3380.0,4189.2
W06000005,Flintshire,2022,2660.0,2900.0
W06000005,Flintshire,2023,2630.0,2691.2
W06000006,Wrexham,2016,1465.0,1577.5
W06000006,Wrexham,2017,1365.0,1385.4
W06000006,Wrexham,2018,2250.0,2026.2
W06000006,Wrexham,2019,2665.0,2522.9
W06000006,Wrexham,2020,4715.0,4325.8
W06000006,Wrexham,2021,3290.0,4146.7
W06000006,Wrexham,2022,2410.0,2678.3
W06000006,Wrexham,2023,2420.0,2474.6
W06000008,Ceredigion,2016,520.0,514.6
W06000008,Ceredigion,2017,530.0,487.5
W06000008,Ceredigion,2018,455.0,464.2
W06000008,Ceredigion,2019,815.0,681.7
W06000008,Ceredigion,2020,1875.0,1635.0
W06000008,Ceredigion,2021,1285.0,1581.2
W06000008,Ceredigion,2022,1190.0,1177.9
W06000008,Ceredigion,2023,1110.0,1058.3
W06000009,Pembrokeshire,2016,1665.0,1659.2
W06000009,Pembrokeshire,2017,1470.0,1516.7
W06000009,Pembrokeshire,2018,1655.0,1455.0
W06000009,Pembrokeshire,2019,2085.0,1907.1
W06000009,Pembrokeshire,2020,4000.0,3723.8
W06000009,Pembrokeshire,2021,2795.0,3366.7
W06000009,Pembrokeshire,2022,2335.0,2375.4
W06000009,Pembrokeshire,2023,2270.0,2213.3
W06000010,Carmarthenshire,2016,1995.0,2153.8
W06000010,Carmarthenshire,2017,1820.0,2010.4
W06000010,Carmarthenshire,2018,1995.0,2070.0
W06000010,Carmarthenshire,2019,3020.0,2657.9
W06000010,Carmarthenshire,2020,5615.0,5188.8
W06000010,Carmarthenshire,2021,3780.0,4863.3
W06000010,Carmarthenshire,2022,3120.0,3302.5
W06000010,Carmarthenshire,2023,3050.0,3039.6
W06000011,Swansea,2016,3105.0,3537.9
W06000011,Swansea,2017,3195.0,3389.6
W06000011,Swansea,2018,4800.0,4432.1
W06000011,Swansea,2019,5200.0,5238.3
W06000011,Swansea,2020,8655.0,8050.0
W06000011,Swansea,2021,6275.0,7664.6
W06000011,Swansea,2022,5305.0,5522.5
W06000011,Swansea,2023,5000.0,5193.8
W06000012,Neath Port Talbot,2016,1985.0,2179.2
W06000012,Neath Port Talbot,2017,2005.0,1996.2
W06000012,Neath Port Talbot,2018,2815.0,2743.8
W06000012,Neath Port Talbot,2019,3015.0,2988.3
W06000012,Neath Port Talbot,2020,4845.0,4605.4
W06000012,Neath Port Talbot,2021,3275.0,4144.2
W06000012,Neath Port Talbot,2022,2720.0,2867.5
W06000012,Neath Port Talbot,2023,2540.0,2642.1
W06000013,Bridgend,2016,1840.0,1911.7
W06000013,Bridgend,2017,1740.0,1850.0
W06000013,Bridgend,2018,2145.0,1890.8
W06000013,Bridgend,2019,2535.0,2456.2
W06000013,Bridgend,2020,4990.0,4455.0
W06000013,Bridgend,2021,3330.0,4175.8
W06000013,Bridgend,2022,2555.0,2896.7
W06000013,Bridgend,2023,2410.0,2551.7
W06000014,Vale of Glamorgan,2016,1345.0,1432.1
W06000014,Vale of Glamorgan,2017,1275.0,1372.9
W06000014,Vale of Glamorgan,2018,1235.0,1218.3
W06000014,Vale of Glamorgan,2019,2030.0,1765.4
W06000014,Vale of Glamorgan,2020,4185.0,3710.8
W06000014,Vale of Glamorgan,2021,2725.0,3551.2
W06000014,Vale of Glamorgan,2022,2330.0,2457.5
W06000014,Vale of Glamorgan,2023,2285.0,2279.2
W06000015,Cardiff,2016,4975.0,5577.9
W06000015,Cardiff,2017,4750.0,5172.5
W06000015,Cardiff,2018,6545.0,5745.0
W06000015,Cardiff,2019,8155.0,7519.6
W06000015,Cardiff,2020,15830.0,13732.1
W06000015,Cardiff,2021,10805.0,13696.7
W06000015,Cardiff,2022,9125.0,9662.9
W06000015,Cardiff,2023,9210.0,9175.8
W06000016,Rhondda Cynon Taff,2016,3250.0,3677.5
W06000016,Rhondda Cynon Taff,2017,2930.0,3358.8
W06000016,Rhondda Cynon Taff,2018,2930.0,3120.8
W06000016,Rhondda Cynon Taff,2019,4750.0,4232.1
W06000016,Rhondda Cynon Taff,2020,9025.0,8250.4
W06000016,Rhondda Cynon Taff,2021,5945.0,7548.3
W06000016,Rhondda Cynon Taff,2022,4680.0,5119.2
W06000016,Rhondda Cynon Taff,2023,4770.0,4665.8
W06000018,Caerphilly,2016,3050.0,3406.2
W06000018,Caerphilly,2017,2845.0,3037.5
W06000018,Caerphilly,2018,2835.0,2745.0
W06000018,Caerphilly,2019,3550.0,3452.5
W06000018,Caerphilly,2020,6475.0,5943.8
W06000018,Caerphilly,2021,4690.0,5711.7
W06000018,Caerphilly,2022,3700.0,4001.2
W06000018,Caerphilly,2023,3600.0,3681.7
W06000019,Blaenau Gwent,2016,1510.0,1691.2
W06000019,Blaenau Gwent,2017,1170.0,1407.1
W06000019,Blaenau Gwent,2018,1340.0,1202.5
W06000019,Blaenau Gwent,2019,1705.0,1609.2
W06000019,Blaenau Gwent,2020,2800.0,2662.5
W06000019,Blaenau Gwent,2021,2140.0,2531.7
W06000019,Blaenau Gwent,2022,1775.0,1874.2
W06000019,Blaenau Gwent,2023,1660.0,1753.8
W06000020,Torfaen,2016,1200.0,1371.2
W06000020,Torfaen,2017,1600.0,1306.7
W06000020,Torfaen,2018,1925.0,1910.4
W06000020,Torfaen,2019,1995.0,1995.8
W06000020,Torfaen,2020,3425.0,3192.1
W06000020,Torfaen,2021,2585.0,3068.3
W06000020,Torfaen,2022,2105.0,2221.2
W06000020,Torfaen,2023,2065.0,2042.9
W06000021,Monmouthshire,2016,610.0,672.1
W06000021,Monmouthshire,2017,575.0,604.2
W06000021,Monmouthshire,2018,785.0,662.5
W06000021,Monmouthshire,2019,970.0,892.5
W06000021,Monmouthshire,2020,2145.0,1917.9
W06000021,Monmouthshire,2021,1475.0,1871.7
W06000021,Monmouthshire,2022,1195.0,1313.8
W06000021,Monmouthshire,2023,1215.0,1218.3
W06000022,Newport,2016,2665.0,2927.5
W06000022,Newport,2017,2460.0,2664.2
W06000022,Newport,2018,3480.0,3255.4
W06000022,Newport,2019,3790.0,3753.3
W06000022,Newport,2020,7075.0,6301.2
W06000022,Newport,2021,5450.0,6524.6
W06000022,Newport,2022,4270.0,4727.1
W06000022,Newport,2023,4585.0,4557.5
W06000023,Powys,2016,795.0,821.7
W06000023,Powys,2017,675.0,729.2
W06000023,Powys,2018,770.0,726.7
W06000023,Powys,2019,1330.0,1152.5
W06000023,Powys,2020,3260.0,2915.8
W06000023,Powys,2021,2125.0,2703.8
W06000023,Powys,2022,1730.0,1820.4
W06000023,Powys,2023,1655.0,1710.0
W06000024,Merthyr Tydfil,2016,965.0,1041.2
W06000024,Merthyr Tydfil,2017,960.0,1053.3
W06000024,Merthyr Tydfil,2018,1150.0,1001.7
W06000024,Merthyr Tydfil,2019,1510.0,1385.0
W06000024,Merthyr Tydfil,2020,2375.0,2284.2
W06000024,Merthyr Tydfil,2021,1655.0,2052.1
W06000024,Merthyr Tydfil,2022,1345.0,1465.8
W06000024,Merthyr Tydfil,2023,1235.0,1260.8
E06000058,"Bournemouth, Christchurch and Poole",2016,1577.73,1547.75
E06000058,"Bournemouth, Christchurch and Poole",2017,1571.25,1628.93
E06000058,"Bournemouth, Christchurch and Poole",2018,2557.51,2173.86
E06000058,"Bournemouth, Christchurch and Poole",2019,2957.59,2826.99
E06000058,"Bournemouth, Christchurch and Poole",2020,7127.85,6147.28
E06000058,"Bournemouth, Christchurch and Poole",2021,4700.64,6116.08
E06000058,"Bournemouth, Christchurch and Poole",2022,4041.86,4189.75
E06000058,"Bournemouth, Christchurch and Poole",2023,4070.51,3975.67
E06000059,Dorset,2016,353.76,346.25
E06000059,Dorset,2017,392.73,364.01
E06000059,Dorset,2018,627.31,528.52
E06000059,Dorset,2019,726.46,687.88
E06000059,Dorset,2020,1864.19,1601.52
E06000059,Dorset,2021,1172.62,1558.13
E06000059,Dorset,2022,1013.51,1039.63
E06000059,Dorset,2023,989.57,970.84
E07000244,East Suffolk,2016,1142.7,956.92
E07000244,East Suffolk,2017,1371.78,1303.9
E07000244,East Suffolk,2018,1483.22,1448.82
E07000244,East Suffolk,2019,1777.2,1656.84
E07000244,East Suffolk,2020,3428.72,3057.19
E07000244,East Suffolk,2021,2326.35,2944.03
E07000244,East Suffolk,2022,1855.99,1982.39
E07000244,East Suffolk,2023,1772.66,1772.57
E07000245,West Suffolk,2016,507.43,544.28
E07000245,West Suffolk,2017,633.85,603.38
E07000245,West Suffolk,2018,874.49,818.87
E07000245,West Suffolk,2019,1083.07,1019.15
E07000245,West Suffolk,2020,2386.0,2091.03
E07000245,West Suffolk,2021,1503.97,2039.74
E07000245,West Suffolk,2022,1262.6,1339.44
E07000245,West Suffolk,2023,1328.05,1294.24
E06000060,Buckinghamshire,2016,776.64,783.64
E06000060,Buckinghamshire,2017,854.19,874.23
E06000060,Buckinghamshire,2018,948.25,906.26
E06000060,Buckinghamshire,2019,1499.1,1294.36
E06000060,Buckinghamshire,2020,4353.51,3581.7
E06000060,Buckinghamshire,2021,3007.84,3799.1
E06000060,Buckinghamshire,2022,2611.82,2697.11
E06000060,Buckinghamshire,2023,2669.14,2619.26
E06000061,North Northamptonshire,2016,696.3,830.05
E06000061,North Northamptonshire,2017,843.22,841.57
E06000061,North Northamptonshire,2018,984.7,980.96
E06000061,North Northamptonshire,2019,1318.28,1261.75
E06000061,North Northamptonshire,2020,2860.9,2602.24
E06000061,North Northamptonshire,2021,1922.79,2501.39
E06000061,North Northamptonshire,2022,1696.45,1752.34
E06000061,North Northamptonshire,2023,1835.53,1843.99
E06000062,West Northamptonshire,2016,1554.05,1705.53
E06000062,West Northamptonshire,2017,1654.83,1689.15
E06000062,West Northamptonshire,2018,1678.41,1792.39
E06000062,West Northamptonshire,2019,2532.11,2305.51
E06000062,West Northamptonshire,2020,6271.73,5405.25
E06000062,West Northamptonshire,2021,4490.81,5560.13
E06000062,West Northamptonshire,2022,3786.53,4068.91
E06000062,West Northamptonshire,2023,3872.83,3934.54
E06000063,Cumberland,2016,910.4,971.97
E06000063,Cumberland,2017,1191.65,1153.72
E06000063,Cumberland,2018,1363.41,1310.75
E06000063,Cumberland,2019,1485.82,1472.97
E06000063,Cumberland,2020,2632.9,2460.13
E06000063,Cumberland,2021,1837.67,2373.67
E06000063,Cumberland,2022,1557.2,1580.94
E06000063,Cumberland,2023,1413.43,1470.01
E06000064,Westmorland and Furness,2016,531.31,548.76
E06000064,Westmorland and Furness,2017,527.9,539.15
E06000064,Westmorland and Furness,2018,524.97,519.7
E06000064,Westmorland and Furness,2019,753.91,686.71
E06000064,Westmorland and Furness,2020,1733.91,1600.93
E06000064,Westmorland and Furness,2021,1131.01,1462.4
E06000064,Westmorland and Furness,2022,962.86,984.17
E06000064,Westmorland and Furness,2023,864.27,887.72
E06000065,North Yorkshire,2016,688.0,605.12
E06000065,North Yorkshire,2017,848.7,814.71
E06000065,North Yorkshire,2018,966.2,923.97
E06000065,North Yorkshire,2019,1011.77,993.36
E06000065,North Yorkshire,2020,2392.4,2147.12
E06000065,North Yorkshire,2021,1486.19,1977.47
E06000065,North Yorkshire,2022,1241.63,1294.03
E06000065,North Yorkshire,2023,1217.2,1203.27
E06000066,Somerset,2016,896.66,825.95
E06000066,Somerset,2017,1386.8,1234.56
E06000066,Somerset,2018,1592.1,1589.98
E06000066,Somerset,2019,1678.11,1652.64
E06000066,Somerset,2020,3482.1,3119.22
E06000066,Somerset,2021,2240.99,2922.64
E06000066,Somerset,2022,1796.63,1909.85
E06000066,Somerset,2023,1894.61,1812.49
