la_code,la_name,year,nation,region,measure,value,se,ci_lower,ci_upper,tot,tot_new,tot_old,claimants_december,claimants_annual,pop_total,pop_65plus,overseas_share,filled_posts,employees,vacant_posts,vacancy_rate,fte_posts
CUMBRIA_COMBINED,Cumbria (combined),2016,England,North West,,,,,,54.0,13.0,41.0,1441.71,1520.73,498946.0,81250.0,0.0819,10500.0,9900.0,550.0,0.0497737556561085,7400.0
CUMBRIA_COMBINED,Cumbria (combined),2017,England,North West,,,,,,58.0,14.0,44.0,1719.5500000000002,1692.87,498693.0,81196.0,0.0846,10000.0,9600.0,650.0,0.0610328638497652,7300.0
CUMBRIA_COMBINED,Cumbria (combined),2018,England,North West,,,,,,59.0,14.0,45.0,1888.38,1830.45,498941.0,80928.0,0.0869,10000.0,9700.0,850.0,0.0783410138248847,7300.0
CUMBRIA_COMBINED,Cumbria (combined),2019,England,North West,,,,,,61.0,15.0,46.0,2239.73,2159.6800000000003,499171.0,80611.0,0.0916,10500.0,9900.0,900.0,0.0789473684210526,7500.0
CUMBRIA_COMBINED,Cumbria (combined),2020,England,North West,,,,,,61.0,15.0,46.0,4366.81,4061.0600000000004,498439.0,79936.0,0.0971,10500.0,10000.0,650.0,0.0582959641255605,7600.0
CUMBRIA_COMBINED,Cumbria (combined),2021,England,North West,,,,,,62.0,15.0,47.0,2968.6800000000003,3836.07,500729.0,79663.0,0.1057,10000.0,9400.0,1300.0,0.1150442477876106,7300.0
CUMBRIA_COMBINED,Cumbria (combined),2022,England,North West,,,,,,63.0,15.0,48.0,2520.06,2565.11,503177.0,79787.0,0.1229,10500.0,9600.0,1100.0,0.0948275862068965,7700.0
CUMBRIA_COMBINED,Cumbria (combined),2023,England,North West,,,,,,77.0,17.0,60.0,2277.7,2357.73,506716.0,80309.0,0.1554,10600.0,9900.0,1100.0,0.094017094017094,8000.0
DORSET_COMBINED,Dorset (combined),2016,England,South West,,,,,,110.0,18.0,92.0,1931.49,1894.0,769482.0,123856.0,0.1085,21900.0,20700.0,925.0,0.04052573932092,15400.0
DORSET_COMBINED,Dorset (combined),2017,England,South West,,,,,,114.0,20.0,94.0,1963.98,1992.94,774049.0,124473.0,0.112,21900.0,20500.0,1825.0,0.0769230769230769,15400.0
DORSET_COMBINED,Dorset (combined),2018,England,South West,,,,,,116.0,22.0,94.0,3184.82,2702.38,775668.0,124546.0,0.1135,21600.0,20700.0,1675.0,0.0719656283566058,15600.0
DORSET_COMBINED,Dorset (combined),2019,England,South West,,,,,,117.0,22.0,95.0,3684.05,3514.87,777881.0,124107.0,0.1182,21600.0,19800.0,1400.0,0.0608695652173913,15200.0
DORSET_COMBINED,Dorset (combined),2020,England,South West,,,,,,120.0,25.0,95.0,8992.04,7748.799999999999,777234.0,123060.0,0.1232,22500.0,21300.0,1600.0,0.0663900414937759,15800.0
DORSET_COMBINED,Dorset (combined),2021,England,South West,,,,,,123.0,26.0,97.0,5873.26,7674.21,781400.0,122902.0,0.1281,21100.0,19300.0,2050.0,0.0885529157667386,14800.0
DORSET_COMBINED,Dorset (combined),2022,England,South West,,,,,,131.0,29.0,102.0,5055.37,5229.38,786293.0,123741.0,0.1422,20900.0,19600.0,1850.0,0.0813186813186813,15500.0
DORSET_COMBINED,Dorset (combined),2023,England,South West,,,,,,145.0,29.0,116.0,5060.08,4946.51,792777.0,124096.0,0.1732,21800.0,19900.0,1650.0,0.0703624733475479,16400.0
E06000001,Hartlepool,2016,England,North East,anxiety,2.8,0.1020408163265305,2.6,3.0,14.0,3.0,11.0,2690.0,2752.1,92260.0,17661.0,0.0537,2500.0,2400.0,,,1800.0
E06000001,Hartlepool,2016,England,North East,happiness,7.44,0.0790816326530611,7.28,7.59,14.0,3.0,11.0,2690.0,2752.1,92260.0,17661.0,0.0537,2500.0,2400.0,,,1800.0
E06000001,Hartlepool,2016,England,North East,life-satisfaction,7.56,0.0688775510204082,7.43,7.7,14.0,3.0,11.0,2690.0,2752.1,92260.0,17661.0,0.0537,2500.0,2400.0,,,1800.0
E06000001,Hartlepool,2016,England,North East,worthwhile,7.7,0.0663265306122448,7.57,7.83,14.0,3.0,11.0,2690.0,2752.1,92260.0,17661.0,0.0537,2500.0,2400.0,,,1800.0
E06000001,Hartlepool,2017,England,North East,anxiety,2.79,0.1045918367346939,2.58,2.99,15.0,3.0,12.0,3815.0,3347.5,92306.0,17727.0,0.0563,2400.0,2200.0,,,1600.0
E06000001,Hartlepool,2017,England,North East,happiness,7.47,0.0816326530612245,7.31,7.63,15.0,3.0,12.0,3815.0,3347.5,92306.0,17727.0,0.0563,2400.0,2200.0,,,1600.0
E06000001,Hartlepool,2017,England,North East,life-satisfaction,7.49,0.0688775510204082,7.35,7.62,15.0,3.0,12.0,3815.0,3347.5,92306.0,17727.0,0.0563,2400.0,2200.0,,,1600.0
E06000001,Hartlepool,2017,England,North East,worthwhile,7.81,0.0688775510204082,7.68,7.95,15.0,3.0,12.0,3815.0,3347.5,92306.0,17727.0,0.0563,2400.0,2200.0,,,1600.0
E06000001,Hartlepool,2018,England,North East,anxiety,2.74,0.1071428571428572,2.53,2.95,15.0,3.0,12.0,3960.0,3987.1,92288.0,17773.0,0.0584,2500.0,2400.0,,,1800.0
E06000001,Hartlepool,2018,England,North East,happiness,7.39,0.0816326530612243,7.23,7.55,15.0,3.0,12.0,3960.0,3987.1,92288.0,17773.0,0.0584,2500.0,2400.0,,,1800.0
E06000001,Hartlepool,2018,England,North East,life-satisfaction,7.56,0.0739795918367347,7.42,7.71,15.0,3.0,12.0,3960.0,3987.1,92288.0,17773.0,0.0584,2500.0,2400.0,,,1800.0
E06000001,Hartlepool,2018,England,North East,worthwhile,7.84,0.0765306122448979,7.69,7.99,15.0,3.0,12.0,3960.0,3987.1,92288.0,17773.0,0.0584,2500.0,2400.0,,,1800.0
E06000001,Hartlepool,2019,England,North East,anxiety,3.26,0.1224489795918367,3.02,3.5,16.0,4.0,12.0,3270.0,3620.0,92401.0,17856.0,0.0606,2500.0,2400.0,,,1800.0
E06000001,Hartlepool,2019,England,North East,happiness,7.3,0.096938775510204,7.11,7.49,16.0,4.0,12.0,3270.0,3620.0,92401.0,17856.0,0.0606,2500.0,2400.0,,,1800.0
E06000001,Hartlepool,2019,England,North East,life-satisfaction,7.6,0.0816326530612243,7.44,7.76,16.0,4.0,12.0,3270.0,3620.0,92401.0,17856.0,0.0606,2500.0,2400.0,,,1800.0
E06000001,Hartlepool,2019,England,North East,worthwhile,7.8,0.0867346938775509,7.63,7.97,16.0,4.0,12.0,3270.0,3620.0,92401.0,17856.0,0.0606,2500.0,2400.0,,,1800.0
E06000001,Hartlepool,2020,England,North East,anxiety,3.39,0.1505102040816326,3.1,3.69,16.0,4.0,12.0,4835.0,4698.3,92202.0,17685.0,0.064,2600.0,2500.0,,,1900.0
E06000001,Hartlepool,2020,England,North East,happiness,7.21,0.1122448979591835,6.99,7.43,16.0,4.0,12.0,4835.0,4698.3,92202.0,17685.0,0.064,2600.0,2500.0,,,1900.0
E06000001,Hartlepool,2020,England,North East,life-satisfaction,7.33,0.0994897959183672,7.13,7.52,16.0,4.0,12.0,4835.0,4698.3,92202.0,17685.0,0.064,2600.0,2500.0,,,1900.0
E06000001,Hartlepool,2020,England,North East,worthwhile,7.68,0.1071428571428571,7.47,7.89,16.0,4.0,12.0,4835.0,4698.3,92202.0,17685.0,0.064,2600.0,2500.0,,,1900.0
E06000001,Hartlepool,2021,England,North East,anxiety,3.3,0.1836734693877551,2.94,3.66,18.0,4.0,14.0,3560.0,4288.3,92575.0,17612.0,0.0701,2600.0,2500.0,,,2000.0
E06000001,Hartlepool,2021,England,North East,happiness,7.54,0.1045918367346939,7.34,7.75,18.0,4.0,14.0,3560.0,4288.3,92575.0,17612.0,0.0701,2600.0,2500.0,,,2000.0
E06000001,Hartlepool,2021,England,North East,life-satisfaction,7.42,0.1147959183673469,7.2,7.65,18.0,4.0,14.0,3560.0,4288.3,92575.0,17612.0,0.0701,2600.0,2500.0,,,2000.0
E06000001,Hartlepool,2021,England,North East,worthwhile,7.75,0.1096938775510203,7.53,7.96,18.0,4.0,14.0,3560.0,4288.3,92575.0,17612.0,0.0701,2600.0,2500.0,,,2000.0
E06000001,Hartlepool,2022,England,North East,anxiety,3.48,0.2244897959183673,3.04,3.92,19.0,4.0,15.0,3080.0,3082.9,94161.0,17802.0,0.0859,2600.0,2500.0,,,2000.0
E06000001,Hartlepool,2022,England,North East,happiness,7.57,0.1326530612244899,7.31,7.83,19.0,4.0,15.0,3080.0,3082.9,94161.0,17802.0,0.0859,2600.0,2500.0,,,2000.0
E06000001,Hartlepool,2022,England,North East,life-satisfaction,7.29,0.1071428571428571,7.08,7.5,19.0,4.0,15.0,3080.0,3082.9,94161.0,17802.0,0.0859,2600.0,2500.0,,,2000.0
E06000001,Hartlepool,2022,England,North East,worthwhile,7.75,0.1122448979591835,7.53,7.97,19.0,4.0,15.0,3080.0,3082.9,94161.0,17802.0,0.0859,2600.0,2500.0,,,2000.0
E06000001,Hartlepool,2023,England,North East,,,,,,22.0,4.0,18.0,2855.0,2940.8,95942.0,18147.0,0.1166,2400.0,2400.0,75.0,0.0342102124691974,1900.0
E06000002,Middlesbrough,2016,England,North East,anxiety,2.87,0.1173469387755102,2.64,3.1,28.0,5.0,23.0,4230.0,4227.1,140649.0,28999.0,0.0537,3900.0,3700.0,75.0,0.0203783376539049,
E06000002,Middlesbrough,2016,England,North East,happiness,7.53,0.0841836734693877,7.36,7.69,28.0,5.0,23.0,4230.0,4227.1,140649.0,28999.0,0.0537,3900.0,3700.0,75.0,0.0203783376539049,
E06000002,Middlesbrough,2016,England,North East,life-satisfaction,7.64,0.0688775510204082,7.51,7.78,28.0,5.0,23.0,4230.0,4227.1,140649.0,28999.0,0.0537,3900.0,3700.0,75.0,0.0203783376539049,
E06000002,Middlesbrough,2016,England,North East,worthwhile,7.7,0.0739795918367347,7.55,7.84,28.0,5.0,23.0,4230.0,4227.1,140649.0,28999.0,0.0537,3900.0,3700.0,75.0,0.0203783376539049,
E06000002,Middlesbrough,2017,England,North East,anxiety,2.99,0.1147959183673469,2.77,3.22,29.0,5.0,24.0,3985.0,4145.4,141213.0,29324.0,0.0563,4400.0,3900.0,125.0,0.033285562760202,
E06000002,Middlesbrough,2017,England,North East,happiness,7.39,0.0892857142857141,7.21,7.56,29.0,5.0,24.0,3985.0,4145.4,141213.0,29324.0,0.0563,4400.0,3900.0,125.0,0.033285562760202,
E06000002,Middlesbrough,2017,England,North East,life-satisfaction,7.62,0.0739795918367344,7.48,7.77,29.0,5.0,24.0,3985.0,4145.4,141213.0,29324.0,0.0563,4400.0,3900.0,125.0,0.033285562760202,
E06000002,Middlesbrough,2017,England,North East,worthwhile,7.84,0.0714285714285715,7.7,7.98,29.0,5.0,24.0,3985.0,4145.4,141213.0,29324.0,0.0563,4400.0,3900.0,125.0,0.033285562760202,
E06000002,Middlesbrough,2018,England,North East,anxiety,2.75,0.1173469387755102,2.52,2.98,29.0,5.0,24.0,3910.0,3949.2,141057.0,29499.0,0.0584,4400.0,3900.0,150.0,0.0363588644337619,
E06000002,Middlesbrough,2018,England,North East,happiness,7.43,0.096938775510204,7.24,7.62,29.0,5.0,24.0,3910.0,3949.2,141057.0,29499.0,0.0584,4400.0,3900.0,150.0,0.0363588644337619,
E06000002,Middlesbrough,2018,England,North East,life-satisfaction,7.61,0.0790816326530611,7.46,7.77,29.0,5.0,24.0,3910.0,3949.2,141057.0,29499.0,0.0584,4400.0,3900.0,150.0,0.0363588644337619,
E06000002,Middlesbrough,2018,England,North East,worthwhile,7.92,0.0739795918367347,7.78,8.07,29.0,5.0,24.0,3910.0,3949.2,141057.0,29499.0,0.0584,4400.0,3900.0,150.0,0.0363588644337619,
E06000002,Middlesbrough,2019,England,North East,anxiety,2.77,0.1198979591836734,2.54,3.01,29.0,5.0,24.0,5215.0,4935.0,142134.0,29828.0,0.0606,4800.0,4500.0,200.0,0.0432017803053137,
E06000002,Middlesbrough,2019,England,North East,happiness,7.21,0.0994897959183675,7.01,7.4,29.0,5.0,24.0,5215.0,4935.0,142134.0,29828.0,0.0606,4800.0,4500.0,200.0,0.0432017803053137,
E06000002,Middlesbrough,2019,England,North East,life-satisfaction,7.45,0.0816326530612245,7.29,7.61,29.0,5.0,24.0,5215.0,4935.0,142134.0,29828.0,0.0606,4800.0,4500.0,200.0,0.0432017803053137,
E06000002,Middlesbrough,2019,England,North East,worthwhile,7.75,0.0841836734693877,7.59,7.92,29.0,5.0,24.0,5215.0,4935.0,142134.0,29828.0,0.0606,4800.0,4500.0,200.0,0.0432017803053137,
E06000002,Middlesbrough,2020,England,North East,anxiety,3.11,0.1479591836734694,2.82,3.4,27.0,5.0,22.0,8830.0,7976.2,142459.0,29924.0,0.064,4800.0,4600.0,125.0,0.0242376103151369,
E06000002,Middlesbrough,2020,England,North East,happiness,7.26,0.1096938775510205,7.05,7.48,27.0,5.0,22.0,8830.0,7976.2,142459.0,29924.0,0.064,4800.0,4600.0,125.0,0.0242376103151369,
E06000002,Middlesbrough,2020,England,North East,life-satisfaction,7.21,0.0994897959183675,7.01,7.4,27.0,5.0,22.0,8830.0,7976.2,142459.0,29924.0,0.064,4800.0,4600.0,125.0,0.0242376103151369,
E06000002,Middlesbrough,2020,England,North East,worthwhile,7.62,0.096938775510204,7.43,7.81,27.0,5.0,22.0,8830.0,7976.2,142459.0,29924.0,0.064,4800.0,4600.0,125.0,0.0242376103151369,
E06000002,Middlesbrough,2021,England,North East,anxiety,3.02,0.1581632653061224,2.71,3.33,28.0,5.0,23.0,6595.0,8017.5,143943.0,29928.0,0.0701,5200.0,5000.0,275.0,0.0500225981395588,
E06000002,Middlesbrough,2021,England,North East,happiness,7.41,0.1071428571428571,7.2,7.62,28.0,5.0,23.0,6595.0,8017.5,143943.0,29928.0,0.0701,5200.0,5000.0,275.0,0.0500225981395588,
E06000002,Middlesbrough,2021,England,North East,life-satisfaction,7.5,0.0918367346938774,7.32,7.68,28.0,5.0,23.0,6595.0,8017.5,143943.0,29928.0,0.0701,5200.0,5000.0,275.0,0.0500225981395588,
E06000002,Middlesbrough,2021,England,North East,worthwhile,7.65,0.0943877551020408,7.47,7.84,28.0,5.0,23.0,6595.0,8017.5,143943.0,29928.0,0.0701,5200.0,5000.0,275.0,0.0500225981395588,
E06000002,Middlesbrough,2022,England,North East,anxiety,3.07,0.2193877551020407,2.64,3.5,29.0,5.0,24.0,5590.0,5684.6,149339.0,30715.0,0.0859,5600.0,5200.0,300.0,0.0555754935019993,
E06000002,Middlesbrough,2022,England,North East,happiness,7.05,0.1632653061224489,6.73,7.37,29.0,5.0,24.0,5590.0,5684.6,149339.0,30715.0,0.0859,5600.0,5200.0,300.0,0.0555754935019993,
E06000002,Middlesbrough,2022,England,North East,life-satisfaction,7.35,0.1147959183673469,7.12,7.57,29.0,5.0,24.0,5590.0,5684.6,149339.0,30715.0,0.0859,5600.0,5200.0,300.0,0.0555754935019993,
E06000002,Middlesbrough,2022,England,North East,worthwhile,7.64,0.1122448979591837,7.42,7.86,29.0,5.0,24.0,5590.0,5684.6,149339.0,30715.0,0.0859,5600.0,5200.0,300.0,0.0555754935019993,
E06000002,Middlesbrough,2023,England,North East,,,,,,31.0,5.0,26.0,4960.0,5252.5,153639.0,31412.0,0.1166,6300.0,6000.0,200.0,0.0308028883875721,5000.0
E06000003,Redcar and Cleveland,2016,England,North East,anxiety,2.69,0.1122448979591836,2.47,2.91,26.0,3.0,23.0,3235.0,3292.1,135344.0,24199.0,0.0537,3200.0,3000.0,125.0,0.0390243063498091,2200.0
E06000003,Redcar and Cleveland,2016,England,North East,happiness,7.4,0.0892857142857141,7.23,7.58,26.0,3.0,23.0,3235.0,3292.1,135344.0,24199.0,0.0537,3200.0,3000.0,125.0,0.0390243063498091,2200.0
E06000003,Redcar and Cleveland,2016,England,North East,life-satisfaction,7.63,0.0765306122448979,7.48,7.78,26.0,3.0,23.0,3235.0,3292.1,135344.0,24199.0,0.0537,3200.0,3000.0,125.0,0.0390243063498091,2200.0
E06000003,Redcar and Cleveland,2016,England,North East,worthwhile,7.76,0.0765306122448979,7.61,7.91,26.0,3.0,23.0,3235.0,3292.1,135344.0,24199.0,0.0537,3200.0,3000.0,125.0,0.0390243063498091,2200.0
E06000003,Redcar and Cleveland,2017,England,North East,anxiety,2.73,0.1071428571428571,2.52,2.94,26.0,3.0,23.0,2875.0,3071.7,135584.0,24440.0,0.0563,3000.0,2600.0,175.0,0.0623066626497464,1900.0
E06000003,Redcar and Cleveland,2017,England,North East,happiness,7.6,0.0816326530612243,7.44,7.76,26.0,3.0,23.0,2875.0,3071.7,135584.0,24440.0,0.0563,3000.0,2600.0,175.0,0.0623066626497464,1900.0
E06000003,Redcar and Cleveland,2017,England,North East,life-satisfaction,7.72,0.068877551020408,7.58,7.85,26.0,3.0,23.0,2875.0,3071.7,135584.0,24440.0,0.0563,3000.0,2600.0,175.0,0.0623066626497464,1900.0
E06000003,Redcar and Cleveland,2017,England,North East,worthwhile,7.91,0.0663265306122446,7.78,8.04,26.0,3.0,23.0,2875.0,3071.7,135584.0,24440.0,0.0563,3000.0,2600.0,175.0,0.0623066626497464,1900.0
E06000003,Redcar and Cleveland,2018,England,North East,anxiety,2.61,0.1122448979591836,2.39,2.83,27.0,3.0,24.0,2625.0,2787.9,136276.0,24615.0,0.0584,3100.0,2900.0,200.0,0.0640038874284448,2000.0
E06000003,Redcar and Cleveland,2018,England,North East,happiness,7.59,0.0841836734693877,7.42,7.75,27.0,3.0,24.0,2625.0,2787.9,136276.0,24615.0,0.0584,3100.0,2900.0,200.0,0.0640038874284448,2000.0
E06000003,Redcar and Cleveland,2018,England,North East,life-satisfaction,7.71,0.0790816326530613,7.55,7.86,27.0,3.0,24.0,2625.0,2787.9,136276.0,24615.0,0.0584,3100.0,2900.0,200.0,0.0640038874284448,2000.0
E06000003,Redcar and Cleveland,2018,England,North East,worthwhile,7.85,0.0714285714285715,7.71,7.99,27.0,3.0,24.0,2625.0,2787.9,136276.0,24615.0,0.0584,3100.0,2900.0,200.0,0.0640038874284448,2000.0
E06000003,Redcar and Cleveland,2019,England,North East,anxiety,2.66,0.1224489795918367,2.42,2.9,28.0,4.0,24.0,3640.0,3316.7,136699.0,24584.0,0.0606,3100.0,2800.0,175.0,0.0596120547700934,2000.0
E06000003,Redcar and Cleveland,2019,England,North East,happiness,7.49,0.0918367346938776,7.31,7.67,28.0,4.0,24.0,3640.0,3316.7,136699.0,24584.0,0.0606,3100.0,2800.0,175.0,0.0596120547700934,2000.0
E06000003,Redcar and Cleveland,2019,England,North East,life-satisfaction,7.59,0.0841836734693877,7.42,7.75,28.0,4.0,24.0,3640.0,3316.7,136699.0,24584.0,0.0606,3100.0,2800.0,175.0,0.0596120547700934,2000.0
E06000003,Redcar and Cleveland,2019,England,North East,worthwhile,7.85,0.0816326530612243,7.69,8.01,28.0,4.0,24.0,3640.0,3316.7,136699.0,24584.0,0.0606,3100.0,2800.0,175.0,0.0596120547700934,2000.0
E06000003,Redcar and Cleveland,2020,England,North East,anxiety,3.15,0.1377551020408163,2.88,3.42,29.0,5.0,24.0,5760.0,5410.8,136571.0,24395.0,0.064,3000.0,2900.0,175.0,0.0546770936947957,2000.0
E06000003,Redcar and Cleveland,2020,England,North East,happiness,7.49,0.0943877551020408,7.3,7.67,29.0,5.0,24.0,5760.0,5410.8,136571.0,24395.0,0.064,3000.0,2900.0,175.0,0.0546770936947957,2000.0
E06000003,Redcar and Cleveland,2020,England,North East,life-satisfaction,7.44,0.0943877551020408,7.25,7.62,29.0,5.0,24.0,5760.0,5410.8,136571.0,24395.0,0.064,3000.0,2900.0,175.0,0.0546770936947957,2000.0
E06000003,Redcar and Cleveland,2020,England,North East,worthwhile,7.76,0.0892857142857144,7.59,7.94,29.0,5.0,24.0,5760.0,5410.8,136571.0,24395.0,0.064,3000.0,2900.0,175.0,0.0546770936947957,2000.0
E06000003,Redcar and Cleveland,2021,England,North East,anxiety,2.73,0.1530612244897958,2.43,3.03,28.0,5.0,23.0,3900.0,4975.8,136605.0,24167.0,0.0701,3100.0,3000.0,275.0,0.0857021047485856,2000.0
E06000003,Redcar and Cleveland,2021,England,North East,happiness,7.46,0.1198979591836734,7.23,7.7,28.0,5.0,23.0,3900.0,4975.8,136605.0,24167.0,0.0701,3100.0,3000.0,275.0,0.0857021047485856,2000.0
E06000003,Redcar and Cleveland,2021,England,North East,life-satisfaction,7.5,0.1122448979591835,7.28,7.72,28.0,5.0,23.0,3900.0,4975.8,136605.0,24167.0,0.0701,3100.0,3000.0,275.0,0.0857021047485856,2000.0
E06000003,Redcar and Cleveland,2021,England,North East,worthwhile,7.74,0.1071428571428571,7.53,7.95,28.0,5.0,23.0,3900.0,4975.8,136605.0,24167.0,0.0701,3100.0,3000.0,275.0,0.0857021047485856,2000.0
E06000003,Redcar and Cleveland,2022,England,North East,anxiety,3.25,0.183673469387755,2.89,3.61,30.0,5.0,25.0,3360.0,3491.2,137233.0,24150.0,0.0859,3100.0,3000.0,175.0,0.0521905918801207,2000.0
E06000003,Redcar and Cleveland,2022,England,North East,happiness,7.49,0.1377551020408163,7.22,7.76,30.0,5.0,25.0,3360.0,3491.2,137233.0,24150.0,0.0859,3100.0,3000.0,175.0,0.0521905918801207,2000.0
E06000003,Redcar and Cleveland,2022,England,North East,life-satisfaction,7.25,0.1173469387755104,7.02,7.48,30.0,5.0,25.0,3360.0,3491.2,137233.0,24150.0,0.0859,3100.0,3000.0,175.0,0.0521905918801207,2000.0
E06000003,Redcar and Cleveland,2022,England,North East,worthwhile,7.67,0.1275510204081632,7.42,7.92,30.0,5.0,25.0,3360.0,3491.2,137233.0,24150.0,0.0859,3100.0,3000.0,175.0,0.0521905918801207,2000.0
E06000003,Redcar and Cleveland,2023,England,North East,,,,,,33.0,5.0,28.0,3220.0,3300.8,138115.0,24214.0,0.1166,3300.0,3100.0,225.0,0.0698575942883023,2200.0
E06000004,Stockton-on-Tees,2016,England,North East,anxiety,2.61,0.1301020408163266,2.36,2.87,32.0,6.0,26.0,3920.0,3927.9,196412.0,38327.0,0.0537,4400.0,4100.0,200.0,0.0482757331845428,3000.0
E06000004,Stockton-on-Tees,2016,England,North East,happiness,7.53,0.096938775510204,7.34,7.72,32.0,6.0,26.0,3920.0,3927.9,196412.0,38327.0,0.0537,4400.0,4100.0,200.0,0.0482757331845428,3000.0
E06000004,Stockton-on-Tees,2016,England,North East,life-satisfaction,7.72,0.0790816326530611,7.57,7.88,32.0,6.0,26.0,3920.0,3927.9,196412.0,38327.0,0.0537,4400.0,4100.0,200.0,0.0482757331845428,3000.0
E06000004,Stockton-on-Tees,2016,England,North East,worthwhile,7.87,0.0790816326530611,7.72,8.03,32.0,6.0,26.0,3920.0,3927.9,196412.0,38327.0,0.0537,4400.0,4100.0,200.0,0.0482757331845428,3000.0
E06000004,Stockton-on-Tees,2017,England,North East,anxiety,2.79,0.1326530612244898,2.53,3.05,32.0,6.0,26.0,3775.0,3913.8,197046.0,38618.0,0.0563,4400.0,4200.0,125.0,0.0317459980361412,3100.0
E06000004,Stockton-on-Tees,2017,England,North East,happiness,7.56,0.0918367346938776,7.38,7.74,32.0,6.0,26.0,3775.0,3913.8,197046.0,38618.0,0.0563,4400.0,4200.0,125.0,0.0317459980361412,3100.0
E06000004,Stockton-on-Tees,2017,England,North East,life-satisfaction,7.79,0.0816326530612245,7.63,7.95,32.0,6.0,26.0,3775.0,3913.8,197046.0,38618.0,0.0563,4400.0,4200.0,125.0,0.0317459980361412,3100.0
E06000004,Stockton-on-Tees,2017,England,North East,worthwhile,7.98,0.0790816326530613,7.82,8.13,32.0,6.0,26.0,3775.0,3913.8,197046.0,38618.0,0.0563,4400.0,4200.0,125.0,0.0317459980361412,3100.0
E06000004,Stockton-on-Tees,2018,England,North East,anxiety,2.39,0.1122448979591836,2.17,2.61,32.0,8.0,24.0,4410.0,3944.2,197509.0,38917.0,0.0584,4900.0,4500.0,,,3300.0
E06000004,Stockton-on-Tees,2018,England,North East,happiness,7.6,0.0918367346938776,7.42,7.78,32.0,8.0,24.0,4410.0,3944.2,197509.0,38917.0,0.0584,4900.0,4500.0,,,3300.0
E06000004,Stockton-on-Tees,2018,England,North East,life-satisfaction,7.68,0.0867346938775509,7.51,7.85,32.0,8.0,24.0,4410.0,3944.2,197509.0,38917.0,0.0584,4900.0,4500.0,,,3300.0
E06000004,Stockton-on-Tees,2018,England,North East,worthwhile,7.82,0.0867346938775509,7.65,7.99,32.0,8.0,24.0,4410.0,3944.2,197509.0,38917.0,0.0584,4900.0,4500.0,,,3300.0
E06000004,Stockton-on-Tees,2019,England,North East,anxiety,3.14,0.1301020408163266,2.88,3.39,32.0,8.0,24.0,5070.0,4893.3,196860.0,38961.0,0.0606,5000.0,4800.0,,,3400.0
E06000004,Stockton-on-Tees,2019,England,North East,happiness,7.37,0.0994897959183672,7.17,7.56,32.0,8.0,24.0,5070.0,4893.3,196860.0,38961.0,0.0606,5000.0,4800.0,,,3400.0
E06000004,Stockton-on-Tees,2019,England,North East,life-satisfaction,7.66,0.0841836734693877,7.49,7.82,32.0,8.0,24.0,5070.0,4893.3,196860.0,38961.0,0.0606,5000.0,4800.0,,,3400.0
E06000004,Stockton-on-Tees,2019,England,North East,worthwhile,7.83,0.0765306122448981,7.68,7.98,32.0,8.0,24.0,5070.0,4893.3,196860.0,38961.0,0.0606,5000.0,4800.0,,,3400.0
E06000004,Stockton-on-Tees,2020,England,North East,anxiety,3.26,0.1479591836734693,2.97,3.55,33.0,8.0,25.0,8120.0,7663.3,196388.0,38784.0,0.064,4900.0,4700.0,200.0,0.0410391367029765,3400.0
E06000004,Stockton-on-Tees,2020,England,North East,happiness,7.25,0.1377551020408161,6.98,7.52,33.0,8.0,25.0,8120.0,7663.3,196388.0,38784.0,0.064,4900.0,4700.0,200.0,0.0410391367029765,3400.0
E06000004,Stockton-on-Tees,2020,England,North East,life-satisfaction,7.4,0.1045918367346939,7.2,7.61,33.0,8.0,25.0,8120.0,7663.3,196388.0,38784.0,0.064,4900.0,4700.0,200.0,0.0410391367029765,3400.0
E06000004,Stockton-on-Tees,2020,England,North East,worthwhile,7.74,0.1020408163265307,7.54,7.94,33.0,8.0,25.0,8120.0,7663.3,196388.0,38784.0,0.064,4900.0,4700.0,200.0,0.0410391367029765,3400.0
E06000004,Stockton-on-Tees,2021,England,North East,anxiety,3.18,0.1862244897959183,2.82,3.55,35.0,9.0,26.0,5805.0,7158.8,197032.0,38500.0,0.0701,5400.0,5200.0,475.0,0.0813593083211362,3600.0
E06000004,Stockton-on-Tees,2021,England,North East,happiness,7.23,0.1632653061224489,6.91,7.55,35.0,9.0,26.0,5805.0,7158.8,197032.0,38500.0,0.0701,5400.0,5200.0,475.0,0.0813593083211362,3600.0
E06000004,Stockton-on-Tees,2021,England,North East,life-satisfaction,7.3,0.1301020408163264,7.04,7.55,35.0,9.0,26.0,5805.0,7158.8,197032.0,38500.0,0.0701,5400.0,5200.0,475.0,0.0813593083211362,3600.0
E06000004,Stockton-on-Tees,2021,England,North East,worthwhile,7.45,0.142857142857143,7.17,7.73,35.0,9.0,26.0,5805.0,7158.8,197032.0,38500.0,0.0701,5400.0,5200.0,475.0,0.0813593083211362,3600.0
E06000004,Stockton-on-Tees,2022,England,North East,anxiety,3.23,0.1709183673469387,2.89,3.56,35.0,9.0,26.0,4880.0,5170.4,200753.0,39054.0,0.0859,5000.0,4800.0,,,3600.0
E06000004,Stockton-on-Tees,2022,England,North East,happiness,7.29,0.1352040816326531,7.02,7.55,35.0,9.0,26.0,4880.0,5170.4,200753.0,39054.0,0.0859,5000.0,4800.0,,,3600.0
E06000004,Stockton-on-Tees,2022,England,North East,life-satisfaction,7.33,0.1173469387755102,7.1,7.56,35.0,9.0,26.0,4880.0,5170.4,200753.0,39054.0,0.0859,5000.0,4800.0,,,3600.0
E06000004,Stockton-on-Tees,2022,England,North East,worthwhile,7.62,0.1122448979591835,7.4,7.84,35.0,9.0,26.0,4880.0,5170.4,200753.0,39054.0,0.0859,5000.0,4800.0,,,3600.0
E06000004,Stockton-on-Tees,2023,England,North East,,,,,,40.0,11.0,29.0,4670.0,4857.9,203768.0,39308.0,0.1166,5200.0,4900.0,475.0,0.0896655356122628,3900.0
E06000005,Darlington,2016,England,North East,anxiety,2.77,0.1045918367346939,2.56,2.97,14.0,2.0,12.0,2175.0,2060.0,106258.0,19943.0,0.0537,3200.0,2800.0,225.0,0.0769706678714527,2300.0
E06000005,Darlington,2016,England,North East,happiness,7.49,0.0841836734693877,7.33,7.66,14.0,2.0,12.0,2175.0,2060.0,106258.0,19943.0,0.0537,3200.0,2800.0,225.0,0.0769706678714527,2300.0
E06000005,Darlington,2016,England,North East,life-satisfaction,7.61,0.0688775510204082,7.47,7.74,14.0,2.0,12.0,2175.0,2060.0,106258.0,19943.0,0.0537,3200.0,2800.0,225.0,0.0769706678714527,2300.0
E06000005,Darlington,2016,England,North East,worthwhile,7.77,0.0688775510204082,7.64,7.91,14.0,2.0,12.0,2175.0,2060.0,106258.0,19943.0,0.0537,3200.0,2800.0,225.0,0.0769706678714527,2300.0
E06000005,Darlington,2017,England,North East,anxiety,2.79,0.1045918367346939,2.58,2.99,17.0,3.0,14.0,2245.0,2253.3,106541.0,20008.0,0.0563,3200.0,2900.0,175.0,0.0579523287326223,2300.0
E06000005,Darlington,2017,England,North East,happiness,7.54,0.0790816326530613,7.38,7.69,17.0,3.0,14.0,2245.0,2253.3,106541.0,20008.0,0.0563,3200.0,2900.0,175.0,0.0579523287326223,2300.0
E06000005,Darlington,2017,England,North East,life-satisfaction,7.74,0.0637755102040816,7.61,7.86,17.0,3.0,14.0,2245.0,2253.3,106541.0,20008.0,0.0563,3200.0,2900.0,175.0,0.0579523287326223,2300.0
E06000005,Darlington,2017,England,North East,worthwhile,7.87,0.0612244897959184,7.75,7.99,17.0,3.0,14.0,2245.0,2253.3,106541.0,20008.0,0.0563,3200.0,2900.0,175.0,0.0579523287326223,2300.0
E06000005,Darlington,2018,England,North East,anxiety,2.98,0.1045918367346939,2.77,3.18,17.0,4.0,13.0,2590.0,2397.1,106411.0,19950.0,0.0584,3000.0,2800.0,,,2200.0
E06000005,Darlington,2018,England,North East,happiness,7.58,0.0841836734693877,7.41,7.74,17.0,4.0,13.0,2590.0,2397.1,106411.0,19950.0,0.0584,3000.0,2800.0,,,2200.0
E06000005,Darlington,2018,England,North East,life-satisfaction,7.73,0.0688775510204082,7.59,7.86,17.0,4.0,13.0,2590.0,2397.1,106411.0,19950.0,0.0584,3000.0,2800.0,,,2200.0
E06000005,Darlington,2018,England,North East,worthwhile,7.93,0.0739795918367347,7.78,8.07,17.0,4.0,13.0,2590.0,2397.1,106411.0,19950.0,0.0584,3000.0,2800.0,,,2200.0
E06000005,Darlington,2019,England,North East,anxiety,3.09,0.1198979591836734,2.85,3.32,18.0,4.0,14.0,3010.0,2842.1,106532.0,19839.0,0.0606,2800.0,2600.0,200.0,0.0680623065162297,2100.0
E06000005,Darlington,2019,England,North East,happiness,7.59,0.0867346938775509,7.42,7.76,18.0,4.0,14.0,3010.0,2842.1,106532.0,19839.0,0.0606,2800.0,2600.0,200.0,0.0680623065162297,2100.0
E06000005,Darlington,2019,England,North East,life-satisfaction,7.71,0.0663265306122448,7.58,7.84,18.0,4.0,14.0,3010.0,2842.1,106532.0,19839.0,0.0606,2800.0,2600.0,200.0,0.0680623065162297,2100.0
E06000005,Darlington,2019,England,North East,worthwhile,7.91,0.0688775510204082,7.78,8.05,18.0,4.0,14.0,3010.0,2842.1,106532.0,19839.0,0.0606,2800.0,2600.0,200.0,0.0680623065162297,2100.0
E06000005,Darlington,2020,England,North East,anxiety,3.63,0.163265306122449,3.31,3.95,17.0,4.0,13.0,4460.0,4215.8,106827.0,19753.0,0.064,2900.0,2600.0,125.0,0.0414387155299166,2100.0
E06000005,Darlington,2020,England,North East,happiness,7.12,0.1096938775510203,6.91,7.34,17.0,4.0,13.0,4460.0,4215.8,106827.0,19753.0,0.064,2900.0,2600.0,125.0,0.0414387155299166,2100.0
E06000005,Darlington,2020,England,North East,life-satisfaction,7.25,0.0943877551020408,7.07,7.44,17.0,4.0,13.0,4460.0,4215.8,106827.0,19753.0,0.064,2900.0,2600.0,125.0,0.0414387155299166,2100.0
E06000005,Darlington,2020,England,North East,worthwhile,7.55,0.0892857142857144,7.38,7.73,17.0,4.0,13.0,4460.0,4215.8,106827.0,19753.0,0.064,2900.0,2600.0,125.0,0.0414387155299166,2100.0
E06000005,Darlington,2021,England,North East,anxiety,3.29,0.1428571428571428,3.01,3.57,18.0,4.0,14.0,3290.0,4077.5,108210.0,19714.0,0.0701,3000.0,2600.0,,,2200.0
E06000005,Darlington,2021,England,North East,happiness,7.35,0.1122448979591837,7.13,7.57,18.0,4.0,14.0,3290.0,4077.5,108210.0,19714.0,0.0701,3000.0,2600.0,,,2200.0
E06000005,Darlington,2021,England,North East,life-satisfaction,7.37,0.1020408163265307,7.17,7.57,18.0,4.0,14.0,3290.0,4077.5,108210.0,19714.0,0.0701,3000.0,2600.0,,,2200.0
E06000005,Darlington,2021,England,North East,worthwhile,7.8,0.1020408163265307,7.6,8.0,18.0,4.0,14.0,3290.0,4077.5,108210.0,19714.0,0.0701,3000.0,2600.0,,,2200.0
E06000005,Darlington,2022,England,North East,anxiety,3.38,0.2704081632653061,2.85,3.91,19.0,4.0,15.0,2820.0,2860.4,109461.0,19801.0,0.0859,3300.0,3000.0,250.0,0.0794742181953511,2500.0
E06000005,Darlington,2022,England,North East,happiness,7.17,0.1377551020408163,6.9,7.44,19.0,4.0,15.0,2820.0,2860.4,109461.0,19801.0,0.0859,3300.0,3000.0,250.0,0.0794742181953511,2500.0
E06000005,Darlington,2022,England,North East,life-satisfaction,7.32,0.1301020408163267,7.06,7.57,19.0,4.0,15.0,2820.0,2860.4,109461.0,19801.0,0.0859,3300.0,3000.0,250.0,0.0794742181953511,2500.0
E06000005,Darlington,2022,England,North East,worthwhile,7.63,0.1454081632653062,7.35,7.92,19.0,4.0,15.0,2820.0,2860.4,109461.0,19801.0,0.0859,3300.0,3000.0,250.0,0.0794742181953511,2500.0
E06000005,Darlington,2023,England,North East,,,,,,22.0,5.0,17.0,2765.0,2817.1,110925.0,19897.0,0.1166,3400.0,3000.0,175.0,0.0541507703263446,2500.0
E06000006,Halton,2016,England,North West,anxiety,2.97,0.1096938775510204,2.75,3.18,11.0,3.0,8.0,2175.0,2138.3,126851.0,24860.0,0.0819,1800.0,1600.0,50.0,0.0342139847908731,1300.0
E06000006,Halton,2016,England,North West,happiness,7.29,0.0892857142857141,7.12,7.47,11.0,3.0,8.0,2175.0,2138.3,126851.0,24860.0,0.0819,1800.0,1600.0,50.0,0.0342139847908731,1300.0
E06000006,Halton,2016,England,North West,life-satisfaction,7.56,0.0765306122448979,7.41,7.71,11.0,3.0,8.0,2175.0,2138.3,126851.0,24860.0,0.0819,1800.0,1600.0,50.0,0.0342139847908731,1300.0
E06000006,Halton,2016,England,North West,worthwhile,7.8,0.0714285714285715,7.66,7.94,11.0,3.0,8.0,2175.0,2138.3,126851.0,24860.0,0.0819,1800.0,1600.0,50.0,0.0342139847908731,1300.0
E06000006,Halton,2017,England,North West,anxiety,2.77,0.1224489795918367,2.53,3.01,11.0,3.0,8.0,2765.0,2822.1,127038.0,24904.0,0.0846,1900.0,1700.0,100.0,0.0611781474750117,1500.0
E06000006,Halton,2017,England,North West,happiness,7.42,0.096938775510204,7.23,7.61,11.0,3.0,8.0,2765.0,2822.1,127038.0,24904.0,0.0846,1900.0,1700.0,100.0,0.0611781474750117,1500.0
E06000006,Halton,2017,England,North West,life-satisfaction,7.63,0.0739795918367347,7.49,7.78,11.0,3.0,8.0,2765.0,2822.1,127038.0,24904.0,0.0846,1900.0,1700.0,100.0,0.0611781474750117,1500.0
E06000006,Halton,2017,England,North West,worthwhile,7.82,0.0739795918367347,7.68,7.97,11.0,3.0,8.0,2765.0,2822.1,127038.0,24904.0,0.0846,1900.0,1700.0,100.0,0.0611781474750117,1500.0
E06000006,Halton,2018,England,North West,anxiety,2.6,0.1147959183673469,2.38,2.83,11.0,3.0,8.0,3190.0,3150.0,127873.0,25001.0,0.0869,1900.0,1800.0,50.0,0.0233827385590316,1400.0
E06000006,Halton,2018,England,North West,happiness,7.49,0.0816326530612245,7.33,7.65,11.0,3.0,8.0,3190.0,3150.0,127873.0,25001.0,0.0869,1900.0,1800.0,50.0,0.0233827385590316,1400.0
E06000006,Halton,2018,England,North West,life-satisfaction,7.62,0.0739795918367344,7.48,7.77,11.0,3.0,8.0,3190.0,3150.0,127873.0,25001.0,0.0869,1900.0,1800.0,50.0,0.0233827385590316,1400.0
E06000006,Halton,2018,England,North West,worthwhile,7.87,0.0663265306122448,7.74,8.0,11.0,3.0,8.0,3190.0,3150.0,127873.0,25001.0,0.0869,1900.0,1800.0,50.0,0.0233827385590316,1400.0
E06000006,Halton,2019,England,North West,anxiety,2.86,0.1275510204081632,2.61,3.11,12.0,4.0,8.0,3120.0,3290.0,128456.0,25011.0,0.0916,1800.0,1700.0,50.0,0.0217057222620644,1300.0
E06000006,Halton,2019,England,North West,happiness,7.51,0.0918367346938776,7.33,7.69,12.0,4.0,8.0,3120.0,3290.0,128456.0,25011.0,0.0916,1800.0,1700.0,50.0,0.0217057222620644,1300.0
E06000006,Halton,2019,England,North West,life-satisfaction,7.55,0.0816326530612245,7.39,7.71,12.0,4.0,8.0,3120.0,3290.0,128456.0,25011.0,0.0916,1800.0,1700.0,50.0,0.0217057222620644,1300.0
E06000006,Halton,2019,England,North West,worthwhile,7.76,0.0841836734693877,7.6,7.93,12.0,4.0,8.0,3120.0,3290.0,128456.0,25011.0,0.0916,1800.0,1700.0,50.0,0.0217057222620644,1300.0
E06000006,Halton,2020,England,North West,anxiety,3.13,0.1479591836734694,2.84,3.42,14.0,5.0,9.0,5355.0,5061.7,128508.0,24763.0,0.0971,1900.0,1800.0,25.0,0.0179220829818873,1400.0
E06000006,Halton,2020,England,North West,happiness,7.31,0.125,7.06,7.55,14.0,5.0,9.0,5355.0,5061.7,128508.0,24763.0,0.0971,1900.0,1800.0,25.0,0.0179220829818873,1400.0
E06000006,Halton,2020,England,North West,life-satisfaction,7.29,0.1020408163265307,7.09,7.49,14.0,5.0,9.0,5355.0,5061.7,128508.0,24763.0,0.0971,1900.0,1800.0,25.0,0.0179220829818873,1400.0
E06000006,Halton,2020,England,North West,worthwhile,7.68,0.096938775510204,7.49,7.87,14.0,5.0,9.0,5355.0,5061.7,128508.0,24763.0,0.0971,1900.0,1800.0,25.0,0.0179220829818873,1400.0
E06000006,Halton,2021,England,North West,anxiety,3.24,0.1734693877551021,2.9,3.58,14.0,5.0,9.0,3660.0,4715.8,128570.0,24492.0,0.1057,1700.0,1600.0,,,1200.0
E06000006,Halton,2021,England,North West,happiness,7.36,0.1147959183673469,7.14,7.59,14.0,5.0,9.0,3660.0,4715.8,128570.0,24492.0,0.1057,1700.0,1600.0,,,1200.0
E06000006,Halton,2021,England,North West,life-satisfaction,7.34,0.1122448979591835,7.12,7.56,14.0,5.0,9.0,3660.0,4715.8,128570.0,24492.0,0.1057,1700.0,1600.0,,,1200.0
E06000006,Halton,2021,England,North West,worthwhile,7.68,0.1122448979591837,7.46,7.9,14.0,5.0,9.0,3660.0,4715.8,128570.0,24492.0,0.1057,1700.0,1600.0,,,1200.0
E06000006,Halton,2022,England,North West,anxiety,3.35,0.2066326530612245,2.94,3.75,14.0,5.0,9.0,3330.0,3461.7,129449.0,24475.0,0.1229,1700.0,1600.0,,,1200.0
E06000006,Halton,2022,England,North West,happiness,7.45,0.1352040816326531,7.18,7.71,14.0,5.0,9.0,3330.0,3461.7,129449.0,24475.0,0.1229,1700.0,1600.0,,,1200.0
E06000006,Halton,2022,England,North West,life-satisfaction,7.49,0.1096938775510203,7.28,7.71,14.0,5.0,9.0,3330.0,3461.7,129449.0,24475.0,0.1229,1700.0,1600.0,,,1200.0
E06000006,Halton,2022,England,North West,worthwhile,7.79,0.1071428571428571,7.58,8.0,14.0,5.0,9.0,3330.0,3461.7,129449.0,24475.0,0.1229,1700.0,1600.0,,,1200.0
E06000006,Halton,2023,England,North West,,,,,,16.0,5.0,11.0,3495.0,3457.5,130384.0,24447.0,0.1554,1800.0,1700.0,150.0,0.0783934172178048,1400.0
E06000007,Warrington,2016,England,North West,anxiety,2.84,0.125,2.59,3.08,25.0,6.0,19.0,1950.0,2159.2,210873.0,39443.0,0.0819,4900.0,4600.0,300.0,0.0642015995943406,3700.0
E06000007,Warrington,2016,England,North West,happiness,7.62,0.0918367346938774,7.44,7.8,25.0,6.0,19.0,1950.0,2159.2,210873.0,39443.0,0.0819,4900.0,4600.0,300.0,0.0642015995943406,3700.0
E06000007,Warrington,2016,England,North West,life-satisfaction,7.83,0.0739795918367347,7.69,7.98,25.0,6.0,19.0,1950.0,2159.2,210873.0,39443.0,0.0819,4900.0,4600.0,300.0,0.0642015995943406,3700.0
E06000007,Warrington,2016,England,North West,worthwhile,7.96,0.0765306122448979,7.81,8.11,25.0,6.0,19.0,1950.0,2159.2,210873.0,39443.0,0.0819,4900.0,4600.0,300.0,0.0642015995943406,3700.0
E06000007,Warrington,2017,England,North West,anxiety,2.83,0.1224489795918367,2.59,3.07,27.0,7.0,20.0,2720.0,2456.2,212137.0,39507.0,0.0846,4900.0,4600.0,250.0,0.052835610552779,3600.0
E06000007,Warrington,2017,England,North West,happiness,7.65,0.0841836734693877,7.49,7.82,27.0,7.0,20.0,2720.0,2456.2,212137.0,39507.0,0.0846,4900.0,4600.0,250.0,0.052835610552779,3600.0
E06000007,Warrington,2017,England,North West,life-satisfaction,7.85,0.0790816326530611,7.7,8.01,27.0,7.0,20.0,2720.0,2456.2,212137.0,39507.0,0.0846,4900.0,4600.0,250.0,0.052835610552779,3600.0
E06000007,Warrington,2017,England,North West,worthwhile,7.99,0.0765306122448981,7.84,8.14,27.0,7.0,20.0,2720.0,2456.2,212137.0,39507.0,0.0846,4900.0,4600.0,250.0,0.052835610552779,3600.0
E06000007,Warrington,2018,England,North West,anxiety,2.69,0.1326530612244898,2.43,2.95,27.0,7.0,20.0,3200.0,3133.8,212008.0,39204.0,0.0869,5000.0,4700.0,275.0,0.0567913046375869,3700.0
E06000007,Warrington,2018,England,North West,happiness,7.69,0.0867346938775512,7.52,7.86,27.0,7.0,20.0,3200.0,3133.8,212008.0,39204.0,0.0869,5000.0,4700.0,275.0,0.0567913046375869,3700.0
E06000007,Warrington,2018,England,North West,life-satisfaction,7.76,0.0765306122448979,7.61,7.91,27.0,7.0,20.0,3200.0,3133.8,212008.0,39204.0,0.0869,5000.0,4700.0,275.0,0.0567913046375869,3700.0
E06000007,Warrington,2018,England,North West,worthwhile,7.93,0.0739795918367347,7.79,8.08,27.0,7.0,20.0,3200.0,3133.8,212008.0,39204.0,0.0869,5000.0,4700.0,275.0,0.0567913046375869,3700.0
E06000007,Warrington,2019,England,North West,anxiety,2.87,0.1275510204081632,2.62,3.12,27.0,7.0,20.0,3285.0,3299.6,212245.0,39012.0,0.0916,4500.0,4300.0,300.0,0.0643703114035969,3500.0
E06000007,Warrington,2019,England,North West,happiness,7.56,0.0892857142857144,7.38,7.73,27.0,7.0,20.0,3285.0,3299.6,212245.0,39012.0,0.0916,4500.0,4300.0,300.0,0.0643703114035969,3500.0
E06000007,Warrington,2019,England,North West,life-satisfaction,7.79,0.0739795918367347,7.64,7.93,27.0,7.0,20.0,3285.0,3299.6,212245.0,39012.0,0.0916,4500.0,4300.0,300.0,0.0643703114035969,3500.0
E06000007,Warrington,2019,England,North West,worthwhile,7.93,0.0688775510204082,7.79,8.06,27.0,7.0,20.0,3285.0,3299.6,212245.0,39012.0,0.0916,4500.0,4300.0,300.0,0.0643703114035969,3500.0
E06000007,Warrington,2020,England,North West,anxiety,3.65,0.1760204081632654,3.3,3.99,29.0,7.0,22.0,6545.0,5835.0,211627.0,38615.0,0.0971,5200.0,4800.0,200.0,0.0406245455480803,3800.0
E06000007,Warrington,2020,England,North West,happiness,7.14,0.1301020408163267,6.89,7.4,29.0,7.0,22.0,6545.0,5835.0,211627.0,38615.0,0.0971,5200.0,4800.0,200.0,0.0406245455480803,3800.0
E06000007,Warrington,2020,England,North West,life-satisfaction,7.21,0.1326530612244897,6.95,7.47,29.0,7.0,22.0,6545.0,5835.0,211627.0,38615.0,0.0971,5200.0,4800.0,200.0,0.0406245455480803,3800.0
E06000007,Warrington,2020,England,North West,worthwhile,7.5,0.1122448979591835,7.28,7.72,29.0,7.0,22.0,6545.0,5835.0,211627.0,38615.0,0.0971,5200.0,4800.0,200.0,0.0406245455480803,3800.0
E06000007,Warrington,2021,England,North West,anxiety,3.04,0.1811224489795918,2.69,3.4,32.0,7.0,25.0,4420.0,5698.8,211182.0,38117.0,0.1057,5300.0,4900.0,650.0,0.1181583721718152,3800.0
E06000007,Warrington,2021,England,North West,happiness,7.38,0.1173469387755102,7.15,7.61,32.0,7.0,25.0,4420.0,5698.8,211182.0,38117.0,0.1057,5300.0,4900.0,650.0,0.1181583721718152,3800.0
E06000007,Warrington,2021,England,North West,life-satisfaction,7.43,0.1020408163265304,7.23,7.63,32.0,7.0,25.0,4420.0,5698.8,211182.0,38117.0,0.1057,5300.0,4900.0,650.0,0.1181583721718152,3800.0
E06000007,Warrington,2021,England,North West,worthwhile,7.78,0.0867346938775509,7.61,7.95,32.0,7.0,25.0,4420.0,5698.8,211182.0,38117.0,0.1057,5300.0,4900.0,650.0,0.1181583721718152,3800.0
E06000007,Warrington,2022,England,North West,anxiety,3.18,0.1964285714285714,2.79,3.56,35.0,7.0,28.0,3275.0,3765.0,211756.0,38772.0,0.1229,6900.0,6200.0,550.0,0.0799143523777723,5500.0
E06000007,Warrington,2022,England,North West,happiness,7.32,0.1173469387755102,7.09,7.55,35.0,7.0,28.0,3275.0,3765.0,211756.0,38772.0,0.1229,6900.0,6200.0,550.0,0.0799143523777723,5500.0
E06000007,Warrington,2022,England,North West,life-satisfaction,7.45,0.1147959183673469,7.22,7.67,35.0,7.0,28.0,3275.0,3765.0,211756.0,38772.0,0.1229,6900.0,6200.0,550.0,0.0799143523777723,5500.0
E06000007,Warrington,2022,England,North West,worthwhile,7.69,0.1045918367346939,7.49,7.9,35.0,7.0,28.0,3275.0,3765.0,211756.0,38772.0,0.1229,6900.0,6200.0,550.0,0.0799143523777723,5500.0
E06000007,Warrington,2023,England,North West,,,,,,40.0,9.0,31.0,3140.0,3220.0,213598.0,39414.0,0.1554,7200.0,6400.0,425.0,0.0612997910894303,5700.0
E06000008,Blackburn with Darwen,2016,England,North West,anxiety,3.0,0.1122448979591837,2.78,3.22,16.0,4.0,12.0,2380.0,2603.8,151497.0,35229.0,0.0819,3200.0,2800.0,125.0,0.0412535675610875,2300.0
E06000008,Blackburn with Darwen,2016,England,North West,happiness,7.47,0.0841836734693877,7.31,7.64,16.0,4.0,12.0,2380.0,2603.8,151497.0,35229.0,0.0819,3200.0,2800.0,125.0,0.0412535675610875,2300.0
E06000008,Blackburn with Darwen,2016,England,North West,life-satisfaction,7.54,0.0790816326530613,7.39,7.7,16.0,4.0,12.0,2380.0,2603.8,151497.0,35229.0,0.0819,3200.0,2800.0,125.0,0.0412535675610875,2300.0
E06000008,Blackburn with Darwen,2016,England,North West,worthwhile,7.78,0.0714285714285715,7.64,7.92,16.0,4.0,12.0,2380.0,2603.8,151497.0,35229.0,0.0819,3200.0,2800.0,125.0,0.0412535675610875,2300.0
E06000008,Blackburn with Darwen,2017,England,North West,anxiety,2.72,0.1122448979591836,2.5,2.94,18.0,4.0,14.0,2750.0,2591.2,152312.0,35675.0,0.0846,3100.0,2600.0,,,2100.0
E06000008,Blackburn with Darwen,2017,England,North West,happiness,7.67,0.0918367346938774,7.49,7.85,18.0,4.0,14.0,2750.0,2591.2,152312.0,35675.0,0.0846,3100.0,2600.0,,,2100.0
E06000008,Blackburn with Darwen,2017,England,North West,life-satisfaction,7.78,0.0790816326530611,7.62,7.93,18.0,4.0,14.0,2750.0,2591.2,152312.0,35675.0,0.0846,3100.0,2600.0,,,2100.0
E06000008,Blackburn with Darwen,2017,England,North West,worthwhile,7.89,0.0765306122448976,7.74,8.04,18.0,4.0,14.0,2750.0,2591.2,152312.0,35675.0,0.0846,3100.0,2600.0,,,2100.0
E06000008,Blackburn with Darwen,2018,England,North West,anxiety,2.55,0.1224489795918367,2.31,2.79,16.0,4.0,12.0,3835.0,3275.0,152787.0,35503.0,0.0869,3000.0,2600.0,225.0,0.0809267501467089,2100.0
E06000008,Blackburn with Darwen,2018,England,North West,happiness,7.67,0.0892857142857141,7.49,7.84,16.0,4.0,12.0,3835.0,3275.0,152787.0,35503.0,0.0869,3000.0,2600.0,225.0,0.0809267501467089,2100.0
E06000008,Blackburn with Darwen,2018,England,North West,life-satisfaction,7.8,0.0790816326530613,7.64,7.95,16.0,4.0,12.0,3835.0,3275.0,152787.0,35503.0,0.0869,3000.0,2600.0,225.0,0.0809267501467089,2100.0
E06000008,Blackburn with Darwen,2018,England,North West,worthwhile,7.95,0.0765306122448979,7.8,8.1,16.0,4.0,12.0,3835.0,3275.0,152787.0,35503.0,0.0869,3000.0,2600.0,225.0,0.0809267501467089,2100.0
E06000008,Blackburn with Darwen,2019,England,North West,anxiety,2.97,0.125,2.73,3.22,16.0,4.0,12.0,4415.0,4296.2,154066.0,35594.0,0.0916,3200.0,2700.0,225.0,0.0722974602209628,2100.0
E06000008,Blackburn with Darwen,2019,England,North West,happiness,7.69,0.0841836734693877,7.53,7.86,16.0,4.0,12.0,4415.0,4296.2,154066.0,35594.0,0.0916,3200.0,2700.0,225.0,0.0722974602209628,2100.0
E06000008,Blackburn with Darwen,2019,England,North West,life-satisfaction,7.83,0.0739795918367347,7.69,7.98,16.0,4.0,12.0,4415.0,4296.2,154066.0,35594.0,0.0916,3200.0,2700.0,225.0,0.0722974602209628,2100.0
E06000008,Blackburn with Darwen,2019,England,North West,worthwhile,8.01,0.0739795918367347,7.86,8.15,16.0,4.0,12.0,4415.0,4296.2,154066.0,35594.0,0.0916,3200.0,2700.0,225.0,0.0722974602209628,2100.0
E06000008,Blackburn with Darwen,2020,England,North West,anxiety,3.46,0.1734693877551019,3.12,3.8,19.0,5.0,14.0,7500.0,6743.3,154564.0,35390.0,0.0971,3200.0,2800.0,250.0,0.085045879514275,2200.0
E06000008,Blackburn with Darwen,2020,England,North West,happiness,7.49,0.1096938775510205,7.27,7.7,19.0,5.0,14.0,7500.0,6743.3,154564.0,35390.0,0.0971,3200.0,2800.0,250.0,0.085045879514275,2200.0
E06000008,Blackburn with Darwen,2020,England,North West,life-satisfaction,7.43,0.1045918367346936,7.23,7.64,19.0,5.0,14.0,7500.0,6743.3,154564.0,35390.0,0.0971,3200.0,2800.0,250.0,0.085045879514275,2200.0
E06000008,Blackburn with Darwen,2020,England,North West,worthwhile,7.69,0.096938775510204,7.5,7.88,19.0,5.0,14.0,7500.0,6743.3,154564.0,35390.0,0.0971,3200.0,2800.0,250.0,0.085045879514275,2200.0
E06000008,Blackburn with Darwen,2021,England,North West,anxiety,3.2,0.1709183673469387,2.86,3.53,20.0,5.0,15.0,5700.0,6865.8,154954.0,35220.0,0.1057,3300.0,3000.0,300.0,0.0930431518525326,2100.0
E06000008,Blackburn with Darwen,2021,England,North West,happiness,7.36,0.1275510204081632,7.11,7.61,20.0,5.0,15.0,5700.0,6865.8,154954.0,35220.0,0.1057,3300.0,3000.0,300.0,0.0930431518525326,2100.0
E06000008,Blackburn with Darwen,2021,England,North West,life-satisfaction,7.42,0.1096938775510203,7.21,7.64,20.0,5.0,15.0,5700.0,6865.8,154954.0,35220.0,0.1057,3300.0,3000.0,300.0,0.0930431518525326,2100.0
E06000008,Blackburn with Darwen,2021,England,North West,worthwhile,7.76,0.1096938775510203,7.54,7.97,20.0,5.0,15.0,5700.0,6865.8,154954.0,35220.0,0.1057,3300.0,3000.0,300.0,0.0930431518525326,2100.0
E06000008,Blackburn with Darwen,2022,England,North West,anxiety,3.07,0.2193877551020407,2.64,3.5,20.0,5.0,15.0,5015.0,5140.4,156268.0,35437.0,0.1229,3300.0,2900.0,275.0,0.0850996088642332,2300.0
E06000008,Blackburn with Darwen,2022,England,North West,happiness,7.43,0.1403061224489795,7.16,7.71,20.0,5.0,15.0,5015.0,5140.4,156268.0,35437.0,0.1229,3300.0,2900.0,275.0,0.0850996088642332,2300.0
E06000008,Blackburn with Darwen,2022,England,North West,life-satisfaction,7.24,0.1275510204081632,6.99,7.49,20.0,5.0,15.0,5015.0,5140.4,156268.0,35437.0,0.1229,3300.0,2900.0,275.0,0.0850996088642332,2300.0
E06000008,Blackburn with Darwen,2022,England,North West,worthwhile,7.8,0.1147959183673467,7.57,8.02,20.0,5.0,15.0,5015.0,5140.4,156268.0,35437.0,0.1229,3300.0,2900.0,275.0,0.0850996088642332,2300.0
E06000008,Blackburn with Darwen,2023,England,North West,,,,,,20.0,5.0,15.0,4855.0,5026.7,159189.0,36068.0,0.1554,3600.0,3000.0,300.0,0.0953033235045513,2500.0
E06000009,Blackpool,2016,England,North West,anxiety,3.06,0.1122448979591836,2.84,3.28,26.0,5.0,21.0,3500.0,3360.8,141996.0,25100.0,0.0819,3800.0,3600.0,150.0,0.0374040570453669,2700.0
E06000009,Blackpool,2016,England,North West,happiness,7.35,0.0867346938775509,7.18,7.52,26.0,5.0,21.0,3500.0,3360.8,141996.0,25100.0,0.0819,3800.0,3600.0,150.0,0.0374040570453669,2700.0
E06000009,Blackpool,2016,England,North West,life-satisfaction,7.46,0.0739795918367347,7.31,7.6,26.0,5.0,21.0,3500.0,3360.8,141996.0,25100.0,0.0819,3800.0,3600.0,150.0,0.0374040570453669,2700.0
E06000009,Blackpool,2016,England,North West,worthwhile,7.59,0.0841836734693877,7.43,7.76,26.0,5.0,21.0,3500.0,3360.8,141996.0,25100.0,0.0819,3800.0,3600.0,150.0,0.0374040570453669,2700.0
E06000009,Blackpool,2017,England,North West,anxiety,3.0,0.1147959183673469,2.78,3.23,25.0,5.0,20.0,3780.0,3692.9,142121.0,25297.0,0.0846,4100.0,3900.0,150.0,0.0374201605454392,2900.0
E06000009,Blackpool,2017,England,North West,happiness,7.3,0.0918367346938776,7.12,7.48,25.0,5.0,20.0,3780.0,3692.9,142121.0,25297.0,0.0846,4100.0,3900.0,150.0,0.0374201605454392,2900.0
E06000009,Blackpool,2017,England,North West,life-satisfaction,7.46,0.0790816326530613,7.31,7.62,25.0,5.0,20.0,3780.0,3692.9,142121.0,25297.0,0.0846,4100.0,3900.0,150.0,0.0374201605454392,2900.0
E06000009,Blackpool,2017,England,North West,worthwhile,7.73,0.0739795918367347,7.58,7.87,25.0,5.0,20.0,3780.0,3692.9,142121.0,25297.0,0.0846,4100.0,3900.0,150.0,0.0374201605454392,2900.0
E06000009,Blackpool,2018,England,North West,anxiety,3.05,0.1096938775510204,2.84,3.27,25.0,5.0,20.0,3845.0,3797.9,141880.0,25405.0,0.0869,3900.0,3800.0,325.0,0.0771750046108295,2700.0
E06000009,Blackpool,2018,England,North West,happiness,7.44,0.0918367346938776,7.26,7.62,25.0,5.0,20.0,3845.0,3797.9,141880.0,25405.0,0.0869,3900.0,3800.0,325.0,0.0771750046108295,2700.0
E06000009,Blackpool,2018,England,North West,life-satisfaction,7.55,0.0714285714285715,7.41,7.69,25.0,5.0,20.0,3845.0,3797.9,141880.0,25405.0,0.0869,3900.0,3800.0,325.0,0.0771750046108295,2700.0
E06000009,Blackpool,2018,England,North West,worthwhile,7.8,0.068877551020408,7.66,7.93,25.0,5.0,20.0,3845.0,3797.9,141880.0,25405.0,0.0869,3900.0,3800.0,325.0,0.0771750046108295,2700.0
E06000009,Blackpool,2019,England,North West,anxiety,3.13,0.1224489795918367,2.89,3.37,25.0,5.0,20.0,5645.0,4940.4,142407.0,25660.0,0.0916,4200.0,4000.0,,,2900.0
E06000009,Blackpool,2019,England,North West,happiness,7.35,0.096938775510204,7.16,7.54,25.0,5.0,20.0,5645.0,4940.4,142407.0,25660.0,0.0916,4200.0,4000.0,,,2900.0
E06000009,Blackpool,2019,England,North West,life-satisfaction,7.54,0.0816326530612245,7.38,7.7,25.0,5.0,20.0,5645.0,4940.4,142407.0,25660.0,0.0916,4200.0,4000.0,,,2900.0
E06000009,Blackpool,2019,England,North West,worthwhile,7.72,0.0790816326530611,7.57,7.88,25.0,5.0,20.0,5645.0,4940.4,142407.0,25660.0,0.0916,4200.0,4000.0,,,2900.0
E06000009,Blackpool,2020,England,North West,anxiety,3.65,0.1403061224489795,3.37,3.92,28.0,5.0,23.0,10030.0,8990.8,141560.0,25236.0,0.0971,4300.0,3900.0,150.0,0.0353963510486574,3100.0
E06000009,Blackpool,2020,England,North West,happiness,7.16,0.0943877551020406,6.98,7.35,28.0,5.0,23.0,10030.0,8990.8,141560.0,25236.0,0.0971,4300.0,3900.0,150.0,0.0353963510486574,3100.0
E06000009,Blackpool,2020,England,North West,life-satisfaction,7.16,0.0892857142857141,6.99,7.34,28.0,5.0,23.0,10030.0,8990.8,141560.0,25236.0,0.0971,4300.0,3900.0,150.0,0.0353963510486574,3100.0
E06000009,Blackpool,2020,England,North West,worthwhile,7.45,0.0994897959183675,7.26,7.65,28.0,5.0,23.0,10030.0,8990.8,141560.0,25236.0,0.0971,4300.0,3900.0,150.0,0.0353963510486574,3100.0
E06000009,Blackpool,2021,England,North West,anxiety,3.27,0.1581632653061224,2.96,3.58,27.0,5.0,22.0,6965.0,8687.5,140976.0,24600.0,0.1057,4300.0,4000.0,375.0,0.0839408809312023,3000.0
E06000009,Blackpool,2021,England,North West,happiness,7.43,0.1173469387755102,7.2,7.66,27.0,5.0,22.0,6965.0,8687.5,140976.0,24600.0,0.1057,4300.0,4000.0,375.0,0.0839408809312023,3000.0
E06000009,Blackpool,2021,England,North West,life-satisfaction,7.44,0.1071428571428571,7.23,7.65,27.0,5.0,22.0,6965.0,8687.5,140976.0,24600.0,0.1057,4300.0,4000.0,375.0,0.0839408809312023,3000.0
E06000009,Blackpool,2021,England,North West,worthwhile,7.7,0.1071428571428571,7.49,7.91,27.0,5.0,22.0,6965.0,8687.5,140976.0,24600.0,0.1057,4300.0,4000.0,375.0,0.0839408809312023,3000.0
E06000009,Blackpool,2022,England,North West,anxiety,3.5,0.1709183673469387,3.17,3.84,28.0,5.0,23.0,5760.0,6220.4,141680.0,25026.0,0.1229,4100.0,3900.0,300.0,0.0727428977443926,3000.0
E06000009,Blackpool,2022,England,North West,happiness,7.31,0.1173469387755102,7.08,7.54,28.0,5.0,23.0,5760.0,6220.4,141680.0,25026.0,0.1229,4100.0,3900.0,300.0,0.0727428977443926,3000.0
E06000009,Blackpool,2022,England,North West,life-satisfaction,7.49,0.0918367346938776,7.31,7.67,28.0,5.0,23.0,5760.0,6220.4,141680.0,25026.0,0.1229,4100.0,3900.0,300.0,0.0727428977443926,3000.0
E06000009,Blackpool,2022,England,North West,worthwhile,7.64,0.0943877551020408,7.46,7.83,28.0,5.0,23.0,5760.0,6220.4,141680.0,25026.0,0.1229,4100.0,3900.0,300.0,0.0727428977443926,3000.0
E06000009,Blackpool,2023,England,North West,,,,,,32.0,5.0,27.0,5225.0,5577.5,143070.0,25424.0,0.1554,3900.0,3600.0,250.0,0.0652315599412559,2900.0
E06000010,"Kingston upon Hull, City of",2016,England,Yorkshire and the Humber,anxiety,2.95,0.1249999999999999,2.7,3.19,49.0,8.0,41.0,5990.0,6468.8,265338.0,51929.0,0.0793,5300.0,4900.0,150.0,0.0317632479068612,
E06000010,"Kingston upon Hull, City of",2016,England,Yorkshire and the Humber,happiness,7.28,0.096938775510204,7.09,7.47,49.0,8.0,41.0,5990.0,6468.8,265338.0,51929.0,0.0793,5300.0,4900.0,150.0,0.0317632479068612,
E06000010,"Kingston upon Hull, City of",2016,England,Yorkshire and the Humber,life-satisfaction,7.56,0.0790816326530611,7.41,7.72,49.0,8.0,41.0,5990.0,6468.8,265338.0,51929.0,0.0793,5300.0,4900.0,150.0,0.0317632479068612,
E06000010,"Kingston upon Hull, City of",2016,England,Yorkshire and the Humber,worthwhile,7.78,0.0790816326530613,7.63,7.94,49.0,8.0,41.0,5990.0,6468.8,265338.0,51929.0,0.0793,5300.0,4900.0,150.0,0.0317632479068612,
E06000010,"Kingston upon Hull, City of",2017,England,Yorkshire and the Humber,anxiety,2.89,0.1377551020408163,2.62,3.16,50.0,8.0,42.0,6140.0,6214.6,267566.0,52623.0,0.0818,5100.0,4900.0,175.0,0.0341961037158062,3800.0
E06000010,"Kingston upon Hull, City of",2017,England,Yorkshire and the Humber,happiness,7.59,0.1045918367346939,7.39,7.8,50.0,8.0,42.0,6140.0,6214.6,267566.0,52623.0,0.0818,5100.0,4900.0,175.0,0.0341961037158062,3800.0
E06000010,"Kingston upon Hull, City of",2017,England,Yorkshire and the Humber,life-satisfaction,7.64,0.0816326530612243,7.48,7.8,50.0,8.0,42.0,6140.0,6214.6,267566.0,52623.0,0.0818,5100.0,4900.0,175.0,0.0341961037158062,3800.0
E06000010,"Kingston upon Hull, City of",2017,England,Yorkshire and the Humber,worthwhile,7.8,0.0841836734693877,7.64,7.97,50.0,8.0,42.0,6140.0,6214.6,267566.0,52623.0,0.0818,5100.0,4900.0,175.0,0.0341961037158062,3800.0
E06000010,"Kingston upon Hull, City of",2018,England,Yorkshire and the Humber,anxiety,2.86,0.1198979591836734,2.62,3.09,48.0,7.0,41.0,6485.0,6311.7,268223.0,53072.0,0.0837,5300.0,5100.0,150.0,0.0274437795453965,3800.0
E06000010,"Kingston upon Hull, City of",2018,England,Yorkshire and the Humber,happiness,7.35,0.1198979591836734,7.12,7.59,48.0,7.0,41.0,6485.0,6311.7,268223.0,53072.0,0.0837,5300.0,5100.0,150.0,0.0274437795453965,3800.0
E06000010,"Kingston upon Hull, City of",2018,England,Yorkshire and the Humber,life-satisfaction,7.62,0.1020408163265307,7.42,7.82,48.0,7.0,41.0,6485.0,6311.7,268223.0,53072.0,0.0837,5300.0,5100.0,150.0,0.0274437795453965,3800.0
E06000010,"Kingston upon Hull, City of",2018,England,Yorkshire and the Humber,worthwhile,7.86,0.0918367346938774,7.68,8.04,48.0,7.0,41.0,6485.0,6311.7,268223.0,53072.0,0.0837,5300.0,5100.0,150.0,0.0274437795453965,3800.0
E06000010,"Kingston upon Hull, City of",2019,England,Yorkshire and the Humber,anxiety,3.2,0.1428571428571428,2.92,3.48,48.0,7.0,41.0,9180.0,8235.0,268749.0,53608.0,0.0868,5500.0,5100.0,150.0,0.0297493315716051,3900.0
E06000010,"Kingston upon Hull, City of",2019,England,Yorkshire and the Humber,happiness,7.15,0.1147959183673469,6.92,7.37,48.0,7.0,41.0,9180.0,8235.0,268749.0,53608.0,0.0868,5500.0,5100.0,150.0,0.0297493315716051,3900.0
E06000010,"Kingston upon Hull, City of",2019,England,Yorkshire and the Humber,life-satisfaction,7.58,0.0943877551020408,7.39,7.76,48.0,7.0,41.0,9180.0,8235.0,268749.0,53608.0,0.0868,5500.0,5100.0,150.0,0.0297493315716051,3900.0
E06000010,"Kingston upon Hull, City of",2019,England,Yorkshire and the Humber,worthwhile,7.82,0.0943877551020408,7.64,8.01,48.0,7.0,41.0,9180.0,8235.0,268749.0,53608.0,0.0868,5500.0,5100.0,150.0,0.0297493315716051,3900.0
E06000010,"Kingston upon Hull, City of",2020,England,Yorkshire and the Humber,anxiety,3.16,0.1862244897959183,2.8,3.53,46.0,8.0,38.0,15975.0,14355.0,267591.0,53440.0,0.0903,5500.0,5000.0,100.0,0.0218054375413,3900.0
E06000010,"Kingston upon Hull, City of",2020,England,Yorkshire and the Humber,happiness,7.28,0.1377551020408163,7.01,7.55,46.0,8.0,38.0,15975.0,14355.0,267591.0,53440.0,0.0903,5500.0,5000.0,100.0,0.0218054375413,3900.0
E06000010,"Kingston upon Hull, City of",2020,England,Yorkshire and the Humber,life-satisfaction,7.14,0.1224489795918366,6.9,7.38,46.0,8.0,38.0,15975.0,14355.0,267591.0,53440.0,0.0903,5500.0,5000.0,100.0,0.0218054375413,3900.0
E06000010,"Kingston upon Hull, City of",2020,England,Yorkshire and the Humber,worthwhile,7.44,0.1301020408163264,7.19,7.7,46.0,8.0,38.0,15975.0,14355.0,267591.0,53440.0,0.0903,5500.0,5000.0,100.0,0.0218054375413,3900.0
E06000010,"Kingston upon Hull, City of",2021,England,Yorkshire and the Humber,anxiety,3.27,0.1887755102040817,2.9,3.64,47.0,7.0,40.0,12330.0,14458.8,266516.0,52928.0,0.0963,5200.0,4700.0,500.0,0.0986684520873682,3600.0
E06000010,"Kingston upon Hull, City of",2021,England,Yorkshire and the Humber,happiness,7.38,0.1479591836734694,7.09,7.67,47.0,7.0,40.0,12330.0,14458.8,266516.0,52928.0,0.0963,5200.0,4700.0,500.0,0.0986684520873682,3600.0
E06000010,"Kingston upon Hull, City of",2021,England,Yorkshire and the Humber,life-satisfaction,7.25,0.1096938775510203,7.03,7.46,47.0,7.0,40.0,12330.0,14458.8,266516.0,52928.0,0.0963,5200.0,4700.0,500.0,0.0986684520873682,3600.0
E06000010,"Kingston upon Hull, City of",2021,England,Yorkshire and the Humber,worthwhile,7.42,0.1862244897959185,7.06,7.79,47.0,7.0,40.0,12330.0,14458.8,266516.0,52928.0,0.0963,5200.0,4700.0,500.0,0.0986684520873682,3600.0
E06000010,"Kingston upon Hull, City of",2022,England,Yorkshire and the Humber,anxiety,3.51,0.2066326530612245,3.11,3.92,47.0,7.0,40.0,9905.0,10568.8,268768.0,53742.0,0.1126,5500.0,4500.0,375.0,0.0780376053614515,3900.0
E06000010,"Kingston upon Hull, City of",2022,England,Yorkshire and the Humber,happiness,7.32,0.1352040816326531,7.05,7.58,47.0,7.0,40.0,9905.0,10568.8,268768.0,53742.0,0.1126,5500.0,4500.0,375.0,0.0780376053614515,3900.0
E06000010,"Kingston upon Hull, City of",2022,England,Yorkshire and the Humber,life-satisfaction,7.38,0.1198979591836736,7.14,7.61,47.0,7.0,40.0,9905.0,10568.8,268768.0,53742.0,0.1126,5500.0,4500.0,375.0,0.0780376053614515,3900.0
E06000010,"Kingston upon Hull, City of",2022,England,Yorkshire and the Humber,worthwhile,7.73,0.1020408163265304,7.53,7.93,47.0,7.0,40.0,9905.0,10568.8,268768.0,53742.0,0.1126,5500.0,4500.0,375.0,0.0780376053614515,3900.0
E06000010,"Kingston upon Hull, City of",2023,England,Yorkshire and the Humber,,,,,,52.0,7.0,45.0,9795.0,9670.8,273069.0,54912.0,0.1444,6000.0,5500.0,250.0,0.0454004964169095,4500.0
E06000011,East Riding of Yorkshire,2016,England,Yorkshire and the Humber,anxiety,2.76,0.1122448979591836,2.54,2.98,39.0,8.0,31.0,2880.0,2864.6,336323.0,54434.0,0.0793,9000.0,8700.0,250.0,0.0269391681382551,6300.0
E06000011,East Riding of Yorkshire,2016,England,Yorkshire and the Humber,happiness,7.73,0.0765306122448979,7.58,7.88,39.0,8.0,31.0,2880.0,2864.6,336323.0,54434.0,0.0793,9000.0,8700.0,250.0,0.0269391681382551,6300.0
E06000011,East Riding of Yorkshire,2016,England,Yorkshire and the Humber,life-satisfaction,7.93,0.0688775510204082,7.8,8.07,39.0,8.0,31.0,2880.0,2864.6,336323.0,54434.0,0.0793,9000.0,8700.0,250.0,0.0269391681382551,6300.0
E06000011,East Riding of Yorkshire,2016,England,Yorkshire and the Humber,worthwhile,8.14,0.0637755102040816,8.02,8.27,39.0,8.0,31.0,2880.0,2864.6,336323.0,54434.0,0.0793,9000.0,8700.0,250.0,0.0269391681382551,6300.0
E06000011,East Riding of Yorkshire,2017,England,Yorkshire and the Humber,anxiety,2.7,0.1045918367346939,2.5,2.91,40.0,8.0,32.0,2855.0,2782.5,336697.0,54275.0,0.0818,8700.0,8200.0,275.0,0.0325095527672047,6100.0
E06000011,East Riding of Yorkshire,2017,England,Yorkshire and the Humber,happiness,7.66,0.0790816326530611,7.5,7.81,40.0,8.0,32.0,2855.0,2782.5,336697.0,54275.0,0.0818,8700.0,8200.0,275.0,0.0325095527672047,6100.0
E06000011,East Riding of Yorkshire,2017,England,Yorkshire and the Humber,life-satisfaction,7.88,0.0612244897959184,7.76,8.0,40.0,8.0,32.0,2855.0,2782.5,336697.0,54275.0,0.0818,8700.0,8200.0,275.0,0.0325095527672047,6100.0
E06000011,East Riding of Yorkshire,2017,England,Yorkshire and the Humber,worthwhile,7.94,0.0637755102040816,7.82,8.07,40.0,8.0,32.0,2855.0,2782.5,336697.0,54275.0,0.0818,8700.0,8200.0,275.0,0.0325095527672047,6100.0
E06000011,East Riding of Yorkshire,2018,England,Yorkshire and the Humber,anxiety,2.69,0.1147959183673468,2.47,2.92,39.0,9.0,30.0,3570.0,3032.5,337192.0,54248.0,0.0837,8400.0,7900.0,350.0,0.0436192684556538,6000.0
E06000011,East Riding of Yorkshire,2018,England,Yorkshire and the Humber,happiness,7.65,0.0892857142857144,7.47,7.82,39.0,9.0,30.0,3570.0,3032.5,337192.0,54248.0,0.0837,8400.0,7900.0,350.0,0.0436192684556538,6000.0
E06000011,East Riding of Yorkshire,2018,England,Yorkshire and the Humber,life-satisfaction,7.94,0.0714285714285715,7.8,8.08,39.0,9.0,30.0,3570.0,3032.5,337192.0,54248.0,0.0837,8400.0,7900.0,350.0,0.0436192684556538,6000.0
E06000011,East Riding of Yorkshire,2018,England,Yorkshire and the Humber,worthwhile,8.12,0.0714285714285712,7.98,8.26,39.0,9.0,30.0,3570.0,3032.5,337192.0,54248.0,0.0837,8400.0,7900.0,350.0,0.0436192684556538,6000.0
E06000011,East Riding of Yorkshire,2019,England,Yorkshire and the Humber,anxiety,2.84,0.1173469387755102,2.61,3.07,39.0,9.0,30.0,4375.0,4029.6,338944.0,54108.0,0.0868,8600.0,8100.0,550.0,0.0619019103826171,6000.0
E06000011,East Riding of Yorkshire,2019,England,Yorkshire and the Humber,happiness,7.79,0.0841836734693877,7.62,7.95,39.0,9.0,30.0,4375.0,4029.6,338944.0,54108.0,0.0868,8600.0,8100.0,550.0,0.0619019103826171,6000.0
E06000011,East Riding of Yorkshire,2019,England,Yorkshire and the Humber,life-satisfaction,7.94,0.0688775510204082,7.81,8.08,39.0,9.0,30.0,4375.0,4029.6,338944.0,54108.0,0.0868,8600.0,8100.0,550.0,0.0619019103826171,6000.0
E06000011,East Riding of Yorkshire,2019,England,Yorkshire and the Humber,worthwhile,8.06,0.0739795918367349,7.92,8.21,39.0,9.0,30.0,4375.0,4029.6,338944.0,54108.0,0.0868,8600.0,8100.0,550.0,0.0619019103826171,6000.0
E06000011,East Riding of Yorkshire,2020,England,Yorkshire and the Humber,anxiety,2.98,0.1352040816326531,2.71,3.24,42.0,10.0,32.0,8510.0,7799.2,341050.0,53909.0,0.0903,8800.0,8100.0,700.0,0.0790681629753796,6100.0
E06000011,East Riding of Yorkshire,2020,England,Yorkshire and the Humber,happiness,7.56,0.0994897959183672,7.37,7.76,42.0,10.0,32.0,8510.0,7799.2,341050.0,53909.0,0.0903,8800.0,8100.0,700.0,0.0790681629753796,6100.0
E06000011,East Riding of Yorkshire,2020,England,Yorkshire and the Humber,life-satisfaction,7.74,0.068877551020408,7.61,7.88,42.0,10.0,32.0,8510.0,7799.2,341050.0,53909.0,0.0903,8800.0,8100.0,700.0,0.0790681629753796,6100.0
E06000011,East Riding of Yorkshire,2020,England,Yorkshire and the Humber,worthwhile,8.01,0.066326530612245,7.88,8.14,42.0,10.0,32.0,8510.0,7799.2,341050.0,53909.0,0.0903,8800.0,8100.0,700.0,0.0790681629753796,6100.0
E06000011,East Riding of Yorkshire,2021,England,Yorkshire and the Humber,anxiety,3.04,0.1505102040816326,2.74,3.33,45.0,11.0,34.0,5630.0,7173.3,343145.0,53986.0,0.0963,8300.0,7600.0,850.0,0.10204548174183,5900.0
E06000011,East Riding of Yorkshire,2021,England,Yorkshire and the Humber,happiness,7.74,0.1096938775510203,7.53,7.96,45.0,11.0,34.0,5630.0,7173.3,343145.0,53986.0,0.0963,8300.0,7600.0,850.0,0.10204548174183,5900.0
E06000011,East Riding of Yorkshire,2021,England,Yorkshire and the Humber,life-satisfaction,7.69,0.1122448979591837,7.47,7.91,45.0,11.0,34.0,5630.0,7173.3,343145.0,53986.0,0.0963,8300.0,7600.0,850.0,0.10204548174183,5900.0
E06000011,East Riding of Yorkshire,2021,England,Yorkshire and the Humber,worthwhile,7.89,0.1020408163265304,7.69,8.09,45.0,11.0,34.0,5630.0,7173.3,343145.0,53986.0,0.0963,8300.0,7600.0,850.0,0.10204548174183,5900.0
E06000011,East Riding of Yorkshire,2022,England,Yorkshire and the Humber,anxiety,3.26,0.1607142857142857,2.94,3.57,49.0,12.0,37.0,4800.0,4961.7,346600.0,54507.0,0.1126,8500.0,7900.0,800.0,0.0931587347066386,6200.0
E06000011,East Riding of Yorkshire,2022,England,Yorkshire and the Humber,happiness,7.3,0.1224489795918368,7.06,7.54,49.0,12.0,37.0,4800.0,4961.7,346600.0,54507.0,0.1126,8500.0,7900.0,800.0,0.0931587347066386,6200.0
E06000011,East Riding of Yorkshire,2022,England,Yorkshire and the Humber,life-satisfaction,7.4,0.1096938775510203,7.19,7.62,49.0,12.0,37.0,4800.0,4961.7,346600.0,54507.0,0.1126,8500.0,7900.0,800.0,0.0931587347066386,6200.0
E06000011,East Riding of Yorkshire,2022,England,Yorkshire and the Humber,worthwhile,7.69,0.1198979591836734,7.45,7.92,49.0,12.0,37.0,4800.0,4961.7,346600.0,54507.0,0.1126,8500.0,7900.0,800.0,0.0931587347066386,6200.0
E06000011,East Riding of Yorkshire,2023,England,Yorkshire and the Humber,,,,,,54.0,12.0,42.0,4885.0,4685.8,351237.0,55142.0,0.1444,8600.0,8200.0,550.0,0.0639346906815113,6400.0
E06000012,North East Lincolnshire,2016,England,Yorkshire and the Humber,anxiety,2.73,0.1096938775510204,2.52,2.95,21.0,5.0,16.0,3315.0,3495.0,158877.0,30041.0,0.0793,3500.0,3300.0,150.0,0.0445751438816859,2500.0
E06000012,North East Lincolnshire,2016,England,Yorkshire and the Humber,happiness,7.51,0.0892857142857141,7.33,7.68,21.0,5.0,16.0,3315.0,3495.0,158877.0,30041.0,0.0793,3500.0,3300.0,150.0,0.0445751438816859,2500.0
E06000012,North East Lincolnshire,2016,England,Yorkshire and the Humber,life-satisfaction,7.6,0.0841836734693877,7.43,7.76,21.0,5.0,16.0,3315.0,3495.0,158877.0,30041.0,0.0793,3500.0,3300.0,150.0,0.0445751438816859,2500.0
E06000012,North East Lincolnshire,2016,England,Yorkshire and the Humber,worthwhile,7.9,0.0739795918367344,7.75,8.04,21.0,5.0,16.0,3315.0,3495.0,158877.0,30041.0,0.0793,3500.0,3300.0,150.0,0.0445751438816859,2500.0
E06000012,North East Lincolnshire,2017,England,Yorkshire and the Humber,anxiety,3.02,0.1198979591836735,2.78,3.25,20.0,5.0,15.0,3275.0,3365.8,158699.0,30159.0,0.0818,3900.0,3700.0,150.0,0.0365425694784084,2900.0
E06000012,North East Lincolnshire,2017,England,Yorkshire and the Humber,happiness,7.49,0.0841836734693877,7.33,7.66,20.0,5.0,15.0,3275.0,3365.8,158699.0,30159.0,0.0818,3900.0,3700.0,150.0,0.0365425694784084,2900.0
E06000012,North East Lincolnshire,2017,England,Yorkshire and the Humber,life-satisfaction,7.74,0.0765306122448979,7.59,7.89,20.0,5.0,15.0,3275.0,3365.8,158699.0,30159.0,0.0818,3900.0,3700.0,150.0,0.0365425694784084,2900.0
E06000012,North East Lincolnshire,2017,England,Yorkshire and the Humber,worthwhile,8.01,0.0714285714285715,7.87,8.15,20.0,5.0,15.0,3275.0,3365.8,158699.0,30159.0,0.0818,3900.0,3700.0,150.0,0.0365425694784084,2900.0
E06000012,North East Lincolnshire,2018,England,Yorkshire and the Humber,anxiety,2.98,0.1224489795918367,2.74,3.22,21.0,5.0,16.0,4165.0,3930.4,158460.0,30236.0,0.0837,3700.0,3500.0,150.0,0.0389526058223255,2600.0
E06000012,North East Lincolnshire,2018,England,Yorkshire and the Humber,happiness,7.52,0.0892857142857144,7.34,7.69,21.0,5.0,16.0,4165.0,3930.4,158460.0,30236.0,0.0837,3700.0,3500.0,150.0,0.0389526058223255,2600.0
E06000012,North East Lincolnshire,2018,England,Yorkshire and the Humber,life-satisfaction,7.73,0.0714285714285715,7.59,7.87,21.0,5.0,16.0,4165.0,3930.4,158460.0,30236.0,0.0837,3700.0,3500.0,150.0,0.0389526058223255,2600.0
E06000012,North East Lincolnshire,2018,England,Yorkshire and the Humber,worthwhile,7.95,0.0841836734693875,7.78,8.11,21.0,5.0,16.0,4165.0,3930.4,158460.0,30236.0,0.0837,3700.0,3500.0,150.0,0.0389526058223255,2600.0
E06000012,North East Lincolnshire,2019,England,Yorkshire and the Humber,anxiety,2.79,0.1122448979591836,2.57,3.01,21.0,5.0,16.0,4025.0,4151.2,157957.0,30017.0,0.0868,3800.0,3600.0,125.0,0.0344845225437984,2700.0
E06000012,North East Lincolnshire,2019,England,Yorkshire and the Humber,happiness,7.59,0.0867346938775509,7.42,7.76,21.0,5.0,16.0,4025.0,4151.2,157957.0,30017.0,0.0868,3800.0,3600.0,125.0,0.0344845225437984,2700.0
E06000012,North East Lincolnshire,2019,England,Yorkshire and the Humber,life-satisfaction,7.72,0.0765306122448979,7.57,7.87,21.0,5.0,16.0,4025.0,4151.2,157957.0,30017.0,0.0868,3800.0,3600.0,125.0,0.0344845225437984,2700.0
E06000012,North East Lincolnshire,2019,England,Yorkshire and the Humber,worthwhile,7.98,0.0739795918367344,7.83,8.12,21.0,5.0,16.0,4025.0,4151.2,157957.0,30017.0,0.0868,3800.0,3600.0,125.0,0.0344845225437984,2700.0
E06000012,North East Lincolnshire,2020,England,Yorkshire and the Humber,anxiety,3.41,0.1505102040816326,3.12,3.71,21.0,5.0,16.0,6530.0,6221.7,157313.0,29692.0,0.0903,4200.0,3900.0,125.0,0.0335892878325236,3100.0
E06000012,North East Lincolnshire,2020,England,Yorkshire and the Humber,happiness,7.4,0.1045918367346939,7.2,7.61,21.0,5.0,16.0,6530.0,6221.7,157313.0,29692.0,0.0903,4200.0,3900.0,125.0,0.0335892878325236,3100.0
E06000012,North East Lincolnshire,2020,England,Yorkshire and the Humber,life-satisfaction,7.42,0.0841836734693877,7.25,7.58,21.0,5.0,16.0,6530.0,6221.7,157313.0,29692.0,0.0903,4200.0,3900.0,125.0,0.0335892878325236,3100.0
E06000012,North East Lincolnshire,2020,England,Yorkshire and the Humber,worthwhile,7.66,0.0841836734693877,7.5,7.83,21.0,5.0,16.0,6530.0,6221.7,157313.0,29692.0,0.0903,4200.0,3900.0,125.0,0.0335892878325236,3100.0
E06000012,North East Lincolnshire,2021,England,Yorkshire and the Humber,anxiety,3.49,0.1403061224489795,3.22,3.77,22.0,5.0,17.0,4710.0,5657.5,157188.0,29361.0,0.0963,4200.0,3900.0,350.0,0.0832943574213253,3000.0
E06000012,North East Lincolnshire,2021,England,Yorkshire and the Humber,happiness,7.54,0.1122448979591835,7.32,7.76,22.0,5.0,17.0,4710.0,5657.5,157188.0,29361.0,0.0963,4200.0,3900.0,350.0,0.0832943574213253,3000.0
E06000012,North East Lincolnshire,2021,England,Yorkshire and the Humber,life-satisfaction,7.38,0.0918367346938774,7.2,7.56,22.0,5.0,17.0,4710.0,5657.5,157188.0,29361.0,0.0963,4200.0,3900.0,350.0,0.0832943574213253,3000.0
E06000012,North East Lincolnshire,2021,England,Yorkshire and the Humber,worthwhile,7.9,0.0816326530612245,7.74,8.06,22.0,5.0,17.0,4710.0,5657.5,157188.0,29361.0,0.0963,4200.0,3900.0,350.0,0.0832943574213253,3000.0
E06000012,North East Lincolnshire,2022,England,Yorkshire and the Humber,anxiety,2.94,0.1709183673469387,2.61,3.28,24.0,6.0,18.0,3945.0,4146.2,157842.0,29344.0,0.1126,4600.0,4400.0,350.0,0.0720435730479579,3400.0
E06000012,North East Lincolnshire,2022,England,Yorkshire and the Humber,happiness,7.82,0.1096938775510203,7.6,8.03,24.0,6.0,18.0,3945.0,4146.2,157842.0,29344.0,0.1126,4600.0,4400.0,350.0,0.0720435730479579,3400.0
E06000012,North East Lincolnshire,2022,England,Yorkshire and the Humber,life-satisfaction,7.71,0.1020408163265307,7.51,7.91,24.0,6.0,18.0,3945.0,4146.2,157842.0,29344.0,0.1126,4600.0,4400.0,350.0,0.0720435730479579,3400.0
E06000012,North East Lincolnshire,2022,England,Yorkshire and the Humber,worthwhile,8.02,0.1020408163265307,7.82,8.22,24.0,6.0,18.0,3945.0,4146.2,157842.0,29344.0,0.1126,4600.0,4400.0,350.0,0.0720435730479579,3400.0
E06000012,North East Lincolnshire,2023,England,Yorkshire and the Humber,,,,,,27.0,6.0,21.0,4220.0,4170.4,158663.0,29574.0,0.1444,5100.0,4700.0,275.0,0.0561890816900008,3800.0
E06000013,North Lincolnshire,2016,England,Yorkshire and the Humber,anxiety,2.81,0.1173469387755102,2.58,3.04,19.0,5.0,14.0,2275.0,2516.7,170174.0,31053.0,0.0793,3300.0,3100.0,100.0,0.0312168066542837,2500.0
E06000013,North Lincolnshire,2016,England,Yorkshire and the Humber,happiness,7.54,0.0867346938775509,7.37,7.71,19.0,5.0,14.0,2275.0,2516.7,170174.0,31053.0,0.0793,3300.0,3100.0,100.0,0.0312168066542837,2500.0
E06000013,North Lincolnshire,2016,England,Yorkshire and the Humber,life-satisfaction,7.8,0.068877551020408,7.66,7.93,19.0,5.0,14.0,2275.0,2516.7,170174.0,31053.0,0.0793,3300.0,3100.0,100.0,0.0312168066542837,2500.0
E06000013,North Lincolnshire,2016,England,Yorkshire and the Humber,worthwhile,7.93,0.0739795918367347,7.79,8.08,19.0,5.0,14.0,2275.0,2516.7,170174.0,31053.0,0.0793,3300.0,3100.0,100.0,0.0312168066542837,2500.0
E06000013,North Lincolnshire,2017,England,Yorkshire and the Humber,anxiety,2.95,0.1198979591836735,2.71,3.18,19.0,5.0,14.0,2285.0,2241.7,170616.0,31086.0,0.0818,3300.0,3200.0,125.0,0.0394129315397235,2400.0
E06000013,North Lincolnshire,2017,England,Yorkshire and the Humber,happiness,7.56,0.0943877551020408,7.37,7.74,19.0,5.0,14.0,2285.0,2241.7,170616.0,31086.0,0.0818,3300.0,3200.0,125.0,0.0394129315397235,2400.0
E06000013,North Lincolnshire,2017,England,Yorkshire and the Humber,life-satisfaction,7.77,0.0739795918367347,7.62,7.91,19.0,5.0,14.0,2285.0,2241.7,170616.0,31086.0,0.0818,3300.0,3200.0,125.0,0.0394129315397235,2400.0
E06000013,North Lincolnshire,2017,England,Yorkshire and the Humber,worthwhile,7.89,0.0765306122448976,7.74,8.04,19.0,5.0,14.0,2285.0,2241.7,170616.0,31086.0,0.0818,3300.0,3200.0,125.0,0.0394129315397235,2400.0
E06000013,North Lincolnshire,2018,England,Yorkshire and the Humber,anxiety,3.04,0.1147959183673468,2.81,3.26,19.0,5.0,14.0,3195.0,2987.1,170384.0,30894.0,0.0837,3200.0,3000.0,175.0,0.0512838901331403,2300.0
E06000013,North Lincolnshire,2018,England,Yorkshire and the Humber,happiness,7.41,0.0994897959183672,7.21,7.6,19.0,5.0,14.0,3195.0,2987.1,170384.0,30894.0,0.0837,3200.0,3000.0,175.0,0.0512838901331403,2300.0
E06000013,North Lincolnshire,2018,England,Yorkshire and the Humber,life-satisfaction,7.62,0.0841836734693877,7.46,7.79,19.0,5.0,14.0,3195.0,2987.1,170384.0,30894.0,0.0837,3200.0,3000.0,175.0,0.0512838901331403,2300.0
E06000013,North Lincolnshire,2018,England,Yorkshire and the Humber,worthwhile,7.81,0.0841836734693877,7.65,7.98,19.0,5.0,14.0,3195.0,2987.1,170384.0,30894.0,0.0837,3200.0,3000.0,175.0,0.0512838901331403,2300.0
E06000013,North Lincolnshire,2019,England,Yorkshire and the Humber,anxiety,3.09,0.125,2.84,3.33,20.0,6.0,14.0,3435.0,3364.2,170283.0,30768.0,0.0868,3300.0,3200.0,175.0,0.0535125973222861,2500.0
E06000013,North Lincolnshire,2019,England,Yorkshire and the Humber,happiness,7.48,0.0943877551020408,7.29,7.66,20.0,6.0,14.0,3435.0,3364.2,170283.0,30768.0,0.0868,3300.0,3200.0,175.0,0.0535125973222861,2500.0
E06000013,North Lincolnshire,2019,England,Yorkshire and the Humber,life-satisfaction,7.65,0.0816326530612243,7.49,7.81,20.0,6.0,14.0,3435.0,3364.2,170283.0,30768.0,0.0868,3300.0,3200.0,175.0,0.0535125973222861,2500.0
E06000013,North Lincolnshire,2019,England,Yorkshire and the Humber,worthwhile,7.88,0.084183673469388,7.72,8.05,20.0,6.0,14.0,3435.0,3364.2,170283.0,30768.0,0.0868,3300.0,3200.0,175.0,0.0535125973222861,2500.0
E06000013,North Lincolnshire,2020,England,Yorkshire and the Humber,anxiety,3.23,0.1530612244897958,2.93,3.53,23.0,7.0,16.0,5865.0,5487.1,170034.0,30526.0,0.0903,3300.0,3100.0,125.0,0.0413845151832285,2500.0
E06000013,North Lincolnshire,2020,England,Yorkshire and the Humber,happiness,7.45,0.1071428571428571,7.24,7.66,23.0,7.0,16.0,5865.0,5487.1,170034.0,30526.0,0.0903,3300.0,3100.0,125.0,0.0413845151832285,2500.0
E06000013,North Lincolnshire,2020,England,Yorkshire and the Humber,life-satisfaction,7.45,0.1020408163265307,7.25,7.65,23.0,7.0,16.0,5865.0,5487.1,170034.0,30526.0,0.0903,3300.0,3100.0,125.0,0.0413845151832285,2500.0
E06000013,North Lincolnshire,2020,England,Yorkshire and the Humber,worthwhile,7.81,0.0994897959183672,7.61,8.0,23.0,7.0,16.0,5865.0,5487.1,170034.0,30526.0,0.0903,3300.0,3100.0,125.0,0.0413845151832285,2500.0
E06000013,North Lincolnshire,2021,England,Yorkshire and the Humber,anxiety,2.82,0.1607142857142857,2.5,3.13,24.0,8.0,16.0,4185.0,5175.4,169929.0,30136.0,0.0963,3300.0,3100.0,275.0,0.0833534037375885,2500.0
E06000013,North Lincolnshire,2021,England,Yorkshire and the Humber,happiness,7.57,0.1198979591836734,7.34,7.81,24.0,8.0,16.0,4185.0,5175.4,169929.0,30136.0,0.0963,3300.0,3100.0,275.0,0.0833534037375885,2500.0
E06000013,North Lincolnshire,2021,England,Yorkshire and the Humber,life-satisfaction,7.77,0.0841836734693877,7.61,7.94,24.0,8.0,16.0,4185.0,5175.4,169929.0,30136.0,0.0963,3300.0,3100.0,275.0,0.0833534037375885,2500.0
E06000013,North Lincolnshire,2021,England,Yorkshire and the Humber,worthwhile,7.89,0.084183673469388,7.72,8.05,24.0,8.0,16.0,4185.0,5175.4,169929.0,30136.0,0.0963,3300.0,3100.0,275.0,0.0833534037375885,2500.0
E06000013,North Lincolnshire,2022,England,Yorkshire and the Humber,anxiety,2.98,0.2321428571428571,2.53,3.44,24.0,8.0,16.0,3555.0,3696.2,170125.0,30411.0,0.1126,3400.0,3100.0,175.0,0.0574340011215782,2600.0
E06000013,North Lincolnshire,2022,England,Yorkshire and the Humber,happiness,7.55,0.1556122448979592,7.25,7.86,24.0,8.0,16.0,3555.0,3696.2,170125.0,30411.0,0.1126,3400.0,3100.0,175.0,0.0574340011215782,2600.0
E06000013,North Lincolnshire,2022,England,Yorkshire and the Humber,life-satisfaction,7.66,0.1122448979591835,7.44,7.88,24.0,8.0,16.0,3555.0,3696.2,170125.0,30411.0,0.1126,3400.0,3100.0,175.0,0.0574340011215782,2600.0
E06000013,North Lincolnshire,2022,England,Yorkshire and the Humber,worthwhile,7.94,0.1071428571428571,7.73,8.15,24.0,8.0,16.0,3555.0,3696.2,170125.0,30411.0,0.1126,3400.0,3100.0,175.0,0.0574340011215782,2600.0
E06000013,North Lincolnshire,2023,England,Yorkshire and the Humber,,,,,,27.0,8.0,19.0,3445.0,3460.0,170477.0,30530.0,0.1444,3400.0,3100.0,175.0,0.0517943505560954,2600.0
E06000014,York,2016,England,Yorkshire and the Humber,anxiety,3.0,0.1045918367346939,2.79,3.2,34.0,3.0,31.0,910.0,958.8,202892.0,31970.0,0.0793,4500.0,3900.0,275.0,0.0644074211481511,3200.0
E06000014,York,2016,England,Yorkshire and the Humber,happiness,7.58,0.0765306122448981,7.43,7.73,34.0,3.0,31.0,910.0,958.8,202892.0,31970.0,0.0793,4500.0,3900.0,275.0,0.0644074211481511,3200.0
E06000014,York,2016,England,Yorkshire and the Humber,life-satisfaction,7.77,0.0561224489795917,7.66,7.88,34.0,3.0,31.0,910.0,958.8,202892.0,31970.0,0.0793,4500.0,3900.0,275.0,0.0644074211481511,3200.0
E06000014,York,2016,England,Yorkshire and the Humber,worthwhile,7.84,0.0688775510204082,7.71,7.98,34.0,3.0,31.0,910.0,958.8,202892.0,31970.0,0.0793,4500.0,3900.0,275.0,0.0644074211481511,3200.0
E06000014,York,2017,England,Yorkshire and the Humber,anxiety,3.19,0.135204081632653,2.93,3.46,33.0,3.0,30.0,1350.0,1056.7,203546.0,31855.0,0.0818,4400.0,4000.0,200.0,0.0488768963906925,3200.0
E06000014,York,2017,England,Yorkshire and the Humber,happiness,7.4,0.0841836734693877,7.24,7.57,33.0,3.0,30.0,1350.0,1056.7,203546.0,31855.0,0.0818,4400.0,4000.0,200.0,0.0488768963906925,3200.0
E06000014,York,2017,England,Yorkshire and the Humber,life-satisfaction,7.74,0.0612244897959184,7.62,7.86,33.0,3.0,30.0,1350.0,1056.7,203546.0,31855.0,0.0818,4400.0,4000.0,200.0,0.0488768963906925,3200.0
E06000014,York,2017,England,Yorkshire and the Humber,worthwhile,7.74,0.0816326530612245,7.58,7.9,33.0,3.0,30.0,1350.0,1056.7,203546.0,31855.0,0.0818,4400.0,4000.0,200.0,0.0488768963906925,3200.0
E06000014,York,2018,England,Yorkshire and the Humber,anxiety,2.98,0.1403061224489795,2.7,3.25,34.0,4.0,30.0,1690.0,1665.0,203906.0,31621.0,0.0837,4500.0,4100.0,275.0,0.0641415994800313,3200.0
E06000014,York,2018,England,Yorkshire and the Humber,happiness,7.36,0.1071428571428571,7.15,7.57,34.0,4.0,30.0,1690.0,1665.0,203906.0,31621.0,0.0837,4500.0,4100.0,275.0,0.0641415994800313,3200.0
E06000014,York,2018,England,Yorkshire and the Humber,life-satisfaction,7.69,0.0816326530612243,7.53,7.85,34.0,4.0,30.0,1690.0,1665.0,203906.0,31621.0,0.0837,4500.0,4100.0,275.0,0.0641415994800313,3200.0
E06000014,York,2018,England,Yorkshire and the Humber,worthwhile,7.75,0.0867346938775509,7.58,7.92,34.0,4.0,30.0,1690.0,1665.0,203906.0,31621.0,0.0837,4500.0,4100.0,275.0,0.0641415994800313,3200.0
E06000014,York,2019,England,Yorkshire and the Humber,anxiety,3.21,0.1377551020408163,2.94,3.48,35.0,4.0,31.0,1715.0,1749.6,203877.0,31482.0,0.0868,4900.0,4400.0,225.0,0.047736697413049,3500.0
E06000014,York,2019,England,Yorkshire and the Humber,happiness,7.53,0.1045918367346939,7.32,7.73,35.0,4.0,31.0,1715.0,1749.6,203877.0,31482.0,0.0868,4900.0,4400.0,225.0,0.047736697413049,3500.0
E06000014,York,2019,England,Yorkshire and the Humber,life-satisfaction,7.75,0.0790816326530613,7.6,7.91,35.0,4.0,31.0,1715.0,1749.6,203877.0,31482.0,0.0868,4900.0,4400.0,225.0,0.047736697413049,3500.0
E06000014,York,2019,England,Yorkshire and the Humber,worthwhile,7.92,0.0765306122448981,7.77,8.07,35.0,4.0,31.0,1715.0,1749.6,203877.0,31482.0,0.0868,4900.0,4400.0,225.0,0.047736697413049,3500.0
E06000014,York,2020,England,Yorkshire and the Humber,anxiety,3.53,0.1556122448979591,3.23,3.84,36.0,5.0,31.0,4705.0,4048.8,202169.0,31147.0,0.0903,5000.0,4600.0,350.0,0.0688421263351228,3700.0
E06000014,York,2020,England,Yorkshire and the Humber,happiness,7.39,0.1147959183673469,7.16,7.61,36.0,5.0,31.0,4705.0,4048.8,202169.0,31147.0,0.0903,5000.0,4600.0,350.0,0.0688421263351228,3700.0
E06000014,York,2020,England,Yorkshire and the Humber,life-satisfaction,7.46,0.0969387755102042,7.27,7.65,36.0,5.0,31.0,4705.0,4048.8,202169.0,31147.0,0.0903,5000.0,4600.0,350.0,0.0688421263351228,3700.0
E06000014,York,2020,England,Yorkshire and the Humber,worthwhile,7.62,0.125,7.38,7.87,36.0,5.0,31.0,4705.0,4048.8,202169.0,31147.0,0.0903,5000.0,4600.0,350.0,0.0688421263351228,3700.0
E06000014,York,2021,England,Yorkshire and the Humber,anxiety,3.33,0.1505102040816327,3.03,3.62,39.0,5.0,34.0,2885.0,3932.1,201851.0,30695.0,0.0963,5000.0,4500.0,425.0,0.0887200246245842,3700.0
E06000014,York,2021,England,Yorkshire and the Humber,happiness,7.34,0.125,7.1,7.59,39.0,5.0,34.0,2885.0,3932.1,201851.0,30695.0,0.0963,5000.0,4500.0,425.0,0.0887200246245842,3700.0
E06000014,York,2021,England,Yorkshire and the Humber,life-satisfaction,7.65,0.0918367346938776,7.47,7.83,39.0,5.0,34.0,2885.0,3932.1,201851.0,30695.0,0.0963,5000.0,4500.0,425.0,0.0887200246245842,3700.0
E06000014,York,2021,England,Yorkshire and the Humber,worthwhile,7.81,0.0867346938775512,7.64,7.98,39.0,5.0,34.0,2885.0,3932.1,201851.0,30695.0,0.0963,5000.0,4500.0,425.0,0.0887200246245842,3700.0
E06000014,York,2022,England,Yorkshire and the Humber,anxiety,3.45,0.1964285714285714,3.07,3.84,41.0,5.0,36.0,2400.0,2551.7,204748.0,30555.0,0.1126,4700.0,4300.0,500.0,0.1057217868455778,3600.0
E06000014,York,2022,England,Yorkshire and the Humber,happiness,7.45,0.1122448979591835,7.23,7.67,41.0,5.0,36.0,2400.0,2551.7,204748.0,30555.0,0.1126,4700.0,4300.0,500.0,0.1057217868455778,3600.0
E06000014,York,2022,England,Yorkshire and the Humber,life-satisfaction,7.57,0.0765306122448979,7.42,7.72,41.0,5.0,36.0,2400.0,2551.7,204748.0,30555.0,0.1126,4700.0,4300.0,500.0,0.1057217868455778,3600.0
E06000014,York,2022,England,Yorkshire and the Humber,worthwhile,7.68,0.1045918367346936,7.48,7.89,41.0,5.0,36.0,2400.0,2551.7,204748.0,30555.0,0.1126,4700.0,4300.0,500.0,0.1057217868455778,3600.0
E06000014,York,2023,England,Yorkshire and the Humber,,,,,,44.0,5.0,39.0,2265.0,2246.2,206746.0,30744.0,0.1444,5000.0,4700.0,225.0,0.047381443968373,3800.0
E06000015,Derby,2016,England,East Midlands,anxiety,2.89,0.1198979591836734,2.66,3.13,30.0,6.0,24.0,2190.0,2509.2,259883.0,53118.0,0.1105,6000.0,5400.0,425.0,0.0741296907857026,
E06000015,Derby,2016,England,East Midlands,happiness,7.42,0.0892857142857141,7.24,7.59,30.0,6.0,24.0,2190.0,2509.2,259883.0,53118.0,0.1105,6000.0,5400.0,425.0,0.0741296907857026,
E06000015,Derby,2016,England,East Midlands,life-satisfaction,7.47,0.0816326530612245,7.31,7.63,30.0,6.0,24.0,2190.0,2509.2,259883.0,53118.0,0.1105,6000.0,5400.0,425.0,0.0741296907857026,
E06000015,Derby,2016,England,East Midlands,worthwhile,7.9,0.0714285714285712,7.76,8.04,30.0,6.0,24.0,2190.0,2509.2,259883.0,53118.0,0.1105,6000.0,5400.0,425.0,0.0741296907857026,
E06000015,Derby,2017,England,East Midlands,anxiety,2.89,0.1173469387755102,2.66,3.12,31.0,6.0,25.0,2595.0,2693.8,261104.0,53479.0,0.1168,6300.0,6000.0,550.0,0.0824427079541082,
E06000015,Derby,2017,England,East Midlands,happiness,7.39,0.0892857142857144,7.22,7.57,31.0,6.0,25.0,2595.0,2693.8,261104.0,53479.0,0.1168,6300.0,6000.0,550.0,0.0824427079541082,
E06000015,Derby,2017,England,East Midlands,life-satisfaction,7.63,0.068877551020408,7.5,7.77,31.0,6.0,25.0,2595.0,2693.8,261104.0,53479.0,0.1168,6300.0,6000.0,550.0,0.0824427079541082,
E06000015,Derby,2017,England,East Midlands,worthwhile,7.89,0.068877551020408,7.75,8.02,31.0,6.0,25.0,2595.0,2693.8,261104.0,53479.0,0.1168,6300.0,6000.0,550.0,0.0824427079541082,
E06000015,Derby,2018,England,East Midlands,anxiety,2.59,0.1122448979591836,2.37,2.81,32.0,7.0,25.0,3685.0,3345.8,262395.0,53614.0,0.1217,6700.0,6400.0,700.0,0.0984932231948785,
E06000015,Derby,2018,England,East Midlands,happiness,7.58,0.0918367346938774,7.4,7.76,32.0,7.0,25.0,3685.0,3345.8,262395.0,53614.0,0.1217,6700.0,6400.0,700.0,0.0984932231948785,
E06000015,Derby,2018,England,East Midlands,life-satisfaction,7.7,0.0739795918367347,7.55,7.84,32.0,7.0,25.0,3685.0,3345.8,262395.0,53614.0,0.1217,6700.0,6400.0,700.0,0.0984932231948785,
E06000015,Derby,2018,England,East Midlands,worthwhile,8.05,0.0739795918367344,7.9,8.19,32.0,7.0,25.0,3685.0,3345.8,262395.0,53614.0,0.1217,6700.0,6400.0,700.0,0.0984932231948785,
E06000015,Derby,2019,England,East Midlands,anxiety,2.89,0.1275510204081632,2.64,3.14,32.0,7.0,25.0,5365.0,4931.7,263014.0,53387.0,0.1281,7700.0,7200.0,500.0,0.0674941312292732,
E06000015,Derby,2019,England,East Midlands,happiness,7.48,0.1122448979591837,7.26,7.7,32.0,7.0,25.0,5365.0,4931.7,263014.0,53387.0,0.1281,7700.0,7200.0,500.0,0.0674941312292732,
E06000015,Derby,2019,England,East Midlands,life-satisfaction,7.57,0.0765306122448979,7.42,7.72,32.0,7.0,25.0,5365.0,4931.7,263014.0,53387.0,0.1281,7700.0,7200.0,500.0,0.0674941312292732,
E06000015,Derby,2019,England,East Midlands,worthwhile,7.89,0.0790816326530609,7.73,8.04,32.0,7.0,25.0,5365.0,4931.7,263014.0,53387.0,0.1281,7700.0,7200.0,500.0,0.0674941312292732,
E06000015,Derby,2020,England,East Midlands,anxiety,3.19,0.1403061224489796,2.92,3.47,35.0,8.0,27.0,11950.0,10090.8,261999.0,52846.0,0.1328,7900.0,7000.0,,,
E06000015,Derby,2020,England,East Midlands,happiness,7.29,0.1147959183673467,7.07,7.52,35.0,8.0,27.0,11950.0,10090.8,261999.0,52846.0,0.1328,7900.0,7000.0,,,
E06000015,Derby,2020,England,East Midlands,life-satisfaction,7.35,0.0892857142857141,7.17,7.52,35.0,8.0,27.0,11950.0,10090.8,261999.0,52846.0,0.1328,7900.0,7000.0,,,
E06000015,Derby,2020,England,East Midlands,worthwhile,7.68,0.0867346938775509,7.51,7.85,35.0,8.0,27.0,11950.0,10090.8,261999.0,52846.0,0.1328,7900.0,7000.0,,,
E06000015,Derby,2021,England,East Midlands,anxiety,3.15,0.2040816326530611,2.75,3.55,36.0,9.0,27.0,8690.0,10882.5,261260.0,52190.0,0.1408,6900.0,6200.0,650.0,0.0935862000785354,
E06000015,Derby,2021,England,East Midlands,happiness,7.39,0.1428571428571427,7.11,7.67,36.0,9.0,27.0,8690.0,10882.5,261260.0,52190.0,0.1408,6900.0,6200.0,650.0,0.0935862000785354,
E06000015,Derby,2021,England,East Midlands,life-satisfaction,7.35,0.1122448979591837,7.13,7.57,36.0,9.0,27.0,8690.0,10882.5,261260.0,52190.0,0.1408,6900.0,6200.0,650.0,0.0935862000785354,
E06000015,Derby,2021,England,East Midlands,worthwhile,7.77,0.1071428571428573,7.56,7.98,36.0,9.0,27.0,8690.0,10882.5,261260.0,52190.0,0.1408,6900.0,6200.0,650.0,0.0935862000785354,
E06000015,Derby,2022,England,East Midlands,anxiety,3.57,0.1989795918367346,3.18,3.96,42.0,12.0,30.0,7465.0,7792.5,264321.0,52890.0,0.1609,6900.0,6400.0,650.0,0.0938867445011076,
E06000015,Derby,2022,England,East Midlands,happiness,7.28,0.1479591836734694,6.99,7.57,42.0,12.0,30.0,7465.0,7792.5,264321.0,52890.0,0.1609,6900.0,6400.0,650.0,0.0938867445011076,
E06000015,Derby,2022,England,East Midlands,life-satisfaction,7.36,0.1275510204081632,7.11,7.61,42.0,12.0,30.0,7465.0,7792.5,264321.0,52890.0,0.1609,6900.0,6400.0,650.0,0.0938867445011076,
E06000015,Derby,2022,England,East Midlands,worthwhile,7.65,0.1275510204081632,7.4,7.9,42.0,12.0,30.0,7465.0,7792.5,264321.0,52890.0,0.1609,6900.0,6400.0,650.0,0.0938867445011076,
E06000015,Derby,2023,England,East Midlands,,,,,,46.0,12.0,34.0,8015.0,8005.0,269903.0,54006.0,0.2016,7700.0,6900.0,750.0,0.0963328098706781,5900.0
E06000016,Leicester,2016,England,East Midlands,anxiety,3.14,0.1096938775510204,2.92,3.35,38.0,7.0,31.0,3605.0,4358.3,356789.0,77446.0,0.1105,12000.0,11500.0,700.0,0.058480465934258,7700.0
E06000016,Leicester,2016,England,East Midlands,happiness,7.56,0.0892857142857144,7.38,7.73,38.0,7.0,31.0,3605.0,4358.3,356789.0,77446.0,0.1105,12000.0,11500.0,700.0,0.058480465934258,7700.0
E06000016,Leicester,2016,England,East Midlands,life-satisfaction,7.51,0.0790816326530611,7.36,7.67,38.0,7.0,31.0,3605.0,4358.3,356789.0,77446.0,0.1105,12000.0,11500.0,700.0,0.058480465934258,7700.0
E06000016,Leicester,2016,England,East Midlands,worthwhile,7.68,0.0714285714285715,7.54,7.82,38.0,7.0,31.0,3605.0,4358.3,356789.0,77446.0,0.1105,12000.0,11500.0,700.0,0.058480465934258,7700.0
E06000016,Leicester,2017,England,East Midlands,anxiety,3.3,0.1198979591836734,3.06,3.53,41.0,9.0,32.0,3915.0,4035.0,361895.0,78582.0,0.1168,11500.0,11000.0,,,7800.0
E06000016,Leicester,2017,England,East Midlands,happiness,7.27,0.0943877551020408,7.09,7.46,41.0,9.0,32.0,3915.0,4035.0,361895.0,78582.0,0.1168,11500.0,11000.0,,,7800.0
E06000016,Leicester,2017,England,East Midlands,life-satisfaction,7.44,0.0790816326530611,7.29,7.6,41.0,9.0,32.0,3915.0,4035.0,361895.0,78582.0,0.1168,11500.0,11000.0,,,7800.0
E06000016,Leicester,2017,England,East Midlands,worthwhile,7.55,0.0714285714285715,7.41,7.69,41.0,9.0,32.0,3915.0,4035.0,361895.0,78582.0,0.1168,11500.0,11000.0,,,7800.0
E06000016,Leicester,2018,England,East Midlands,anxiety,2.78,0.1326530612244898,2.52,3.04,42.0,10.0,32.0,5295.0,4508.3,367094.0,79163.0,0.1217,11500.0,11000.0,,,8100.0
E06000016,Leicester,2018,England,East Midlands,happiness,7.63,0.1045918367346939,7.42,7.83,42.0,10.0,32.0,5295.0,4508.3,367094.0,79163.0,0.1217,11500.0,11000.0,,,8100.0
E06000016,Leicester,2018,England,East Midlands,life-satisfaction,7.77,0.0892857142857144,7.6,7.95,42.0,10.0,32.0,5295.0,4508.3,367094.0,79163.0,0.1217,11500.0,11000.0,,,8100.0
E06000016,Leicester,2018,England,East Midlands,worthwhile,7.84,0.0867346938775509,7.67,8.01,42.0,10.0,32.0,5295.0,4508.3,367094.0,79163.0,0.1217,11500.0,11000.0,,,8100.0
E06000016,Leicester,2019,England,East Midlands,anxiety,2.92,0.1454081632653062,2.63,3.2,42.0,10.0,32.0,7440.0,6829.6,369776.0,79208.0,0.1281,12500.0,10500.0,600.0,0.054343419317687,8500.0
E06000016,Leicester,2019,England,East Midlands,happiness,7.52,0.1122448979591837,7.3,7.74,42.0,10.0,32.0,7440.0,6829.6,369776.0,79208.0,0.1281,12500.0,10500.0,600.0,0.054343419317687,8500.0
E06000016,Leicester,2019,England,East Midlands,life-satisfaction,7.66,0.0994897959183672,7.46,7.85,42.0,10.0,32.0,7440.0,6829.6,369776.0,79208.0,0.1281,12500.0,10500.0,600.0,0.054343419317687,8500.0
E06000016,Leicester,2019,England,East Midlands,worthwhile,7.84,0.0943877551020406,7.66,8.03,42.0,10.0,32.0,7440.0,6829.6,369776.0,79208.0,0.1281,12500.0,10500.0,600.0,0.054343419317687,8500.0
E06000016,Leicester,2020,England,East Midlands,anxiety,3.47,0.1887755102040815,3.1,3.84,43.0,10.0,33.0,17035.0,14354.6,368922.0,78689.0,0.1328,13000.0,11500.0,,,9300.0
E06000016,Leicester,2020,England,East Midlands,happiness,7.35,0.1301020408163267,7.1,7.61,43.0,10.0,33.0,17035.0,14354.6,368922.0,78689.0,0.1328,13000.0,11500.0,,,9300.0
E06000016,Leicester,2020,England,East Midlands,life-satisfaction,7.41,0.1275510204081632,7.16,7.66,43.0,10.0,33.0,17035.0,14354.6,368922.0,78689.0,0.1328,13000.0,11500.0,,,9300.0
E06000016,Leicester,2020,England,East Midlands,worthwhile,7.68,0.1096938775510205,7.47,7.9,43.0,10.0,33.0,17035.0,14354.6,368922.0,78689.0,0.1328,13000.0,11500.0,,,9300.0
E06000016,Leicester,2021,England,East Midlands,anxiety,3.48,0.2066326530612245,3.07,3.88,44.0,11.0,33.0,13195.0,15915.0,366940.0,77171.0,0.1408,11500.0,11000.0,1600.0,0.1306768109058893,8000.0
E06000016,Leicester,2021,England,East Midlands,happiness,7.41,0.1454081632653062,7.12,7.69,44.0,11.0,33.0,13195.0,15915.0,366940.0,77171.0,0.1408,11500.0,11000.0,1600.0,0.1306768109058893,8000.0
E06000016,Leicester,2021,England,East Midlands,life-satisfaction,7.57,0.1275510204081632,7.32,7.82,44.0,11.0,33.0,13195.0,15915.0,366940.0,77171.0,0.1408,11500.0,11000.0,1600.0,0.1306768109058893,8000.0
E06000016,Leicester,2021,England,East Midlands,worthwhile,7.84,0.1071428571428573,7.63,8.05,44.0,11.0,33.0,13195.0,15915.0,366940.0,77171.0,0.1408,11500.0,11000.0,1600.0,0.1306768109058893,8000.0
E06000016,Leicester,2022,England,East Midlands,anxiety,3.21,0.1913265306122449,2.83,3.58,47.0,11.0,36.0,11460.0,11863.8,373086.0,78024.0,0.1609,11500.0,10500.0,850.0,0.0778482979154929,
E06000016,Leicester,2022,England,East Midlands,happiness,7.24,0.1760204081632654,6.89,7.58,47.0,11.0,36.0,11460.0,11863.8,373086.0,78024.0,0.1609,11500.0,10500.0,850.0,0.0778482979154929,
E06000016,Leicester,2022,England,East Midlands,life-satisfaction,7.36,0.1581632653061224,7.05,7.67,47.0,11.0,36.0,11460.0,11863.8,373086.0,78024.0,0.1609,11500.0,10500.0,850.0,0.0778482979154929,
E06000016,Leicester,2022,England,East Midlands,worthwhile,7.59,0.1275510204081632,7.34,7.84,47.0,11.0,36.0,11460.0,11863.8,373086.0,78024.0,0.1609,11500.0,10500.0,850.0,0.0778482979154929,
E06000016,Leicester,2023,England,East Midlands,,,,,,50.0,11.0,39.0,11940.0,12335.4,382696.0,79348.0,0.2016,12000.0,10500.0,850.0,0.0727781176954912,8700.0
E06000017,Rutland,2016,England,East Midlands,anxiety,2.95,0.1709183673469387,2.62,3.29,1.0,0.0,1.0,100.0,123.8,39044.0,6723.0,0.1105,900.0,750.0,75.0,0.0750546005906706,
E06000017,Rutland,2016,England,East Midlands,happiness,7.68,0.1198979591836734,7.45,7.92,1.0,0.0,1.0,100.0,123.8,39044.0,6723.0,0.1105,900.0,750.0,75.0,0.0750546005906706,
E06000017,Rutland,2016,England,East Midlands,life-satisfaction,7.96,0.0994897959183675,7.76,8.15,1.0,0.0,1.0,100.0,123.8,39044.0,6723.0,0.1105,900.0,750.0,75.0,0.0750546005906706,
E06000017,Rutland,2016,England,East Midlands,worthwhile,8.06,0.1045918367346939,7.85,8.26,1.0,0.0,1.0,100.0,123.8,39044.0,6723.0,0.1105,900.0,750.0,75.0,0.0750546005906706,
E06000017,Rutland,2017,England,East Midlands,anxiety,3.11,0.1964285714285714,2.72,3.49,2.0,1.0,1.0,130.0,129.6,39831.0,6851.0,0.1168,850.0,800.0,50.0,0.0617034033835043,
E06000017,Rutland,2017,England,East Midlands,happiness,7.68,0.1428571428571427,7.4,7.96,2.0,1.0,1.0,130.0,129.6,39831.0,6851.0,0.1168,850.0,800.0,50.0,0.0617034033835043,
E06000017,Rutland,2017,England,East Midlands,life-satisfaction,7.87,0.1122448979591835,7.65,8.09,2.0,1.0,1.0,130.0,129.6,39831.0,6851.0,0.1168,850.0,800.0,50.0,0.0617034033835043,
E06000017,Rutland,2017,England,East Midlands,worthwhile,8.04,0.1020408163265307,7.84,8.24,2.0,1.0,1.0,130.0,129.6,39831.0,6851.0,0.1168,850.0,800.0,50.0,0.0617034033835043,
E06000017,Rutland,2018,England,East Midlands,anxiety,3.0,0.2015306122448979,2.61,3.4,3.0,2.0,1.0,225.0,190.4,40053.0,6901.0,0.1217,850.0,800.0,75.0,0.0775065375966128,
E06000017,Rutland,2018,England,East Midlands,happiness,7.77,0.1658163265306121,7.44,8.09,3.0,2.0,1.0,225.0,190.4,40053.0,6901.0,0.1217,850.0,800.0,75.0,0.0775065375966128,
E06000017,Rutland,2018,England,East Midlands,life-satisfaction,7.75,0.1198979591836736,7.51,7.98,3.0,2.0,1.0,225.0,190.4,40053.0,6901.0,0.1217,850.0,800.0,75.0,0.0775065375966128,
E06000017,Rutland,2018,England,East Midlands,worthwhile,7.98,0.1198979591836736,7.75,8.22,3.0,2.0,1.0,225.0,190.4,40053.0,6901.0,0.1217,850.0,800.0,75.0,0.0775065375966128,
E06000017,Rutland,2019,England,East Midlands,anxiety,3.15,0.211734693877551,2.73,3.56,3.0,2.0,1.0,270.0,250.0,40175.0,6870.0,0.1281,950.0,900.0,75.0,0.0875644203027816,
E06000017,Rutland,2019,England,East Midlands,happiness,7.65,0.1377551020408163,7.38,7.92,3.0,2.0,1.0,270.0,250.0,40175.0,6870.0,0.1281,950.0,900.0,75.0,0.0875644203027816,
E06000017,Rutland,2019,England,East Midlands,life-satisfaction,7.8,0.1122448979591835,7.58,8.02,3.0,2.0,1.0,270.0,250.0,40175.0,6870.0,0.1281,950.0,900.0,75.0,0.0875644203027816,
E06000017,Rutland,2019,England,East Midlands,worthwhile,8.04,0.1020408163265307,7.84,8.24,3.0,2.0,1.0,270.0,250.0,40175.0,6870.0,0.1281,950.0,900.0,75.0,0.0875644203027816,
E06000017,Rutland,2020,England,East Midlands,anxiety,2.72,0.2295918367346938,2.27,3.17,3.0,2.0,1.0,750.0,643.8,40633.0,6729.0,0.1328,1100.0,900.0,75.0,0.0808806083909761,
E06000017,Rutland,2020,England,East Midlands,happiness,7.68,0.1964285714285715,7.3,8.07,3.0,2.0,1.0,750.0,643.8,40633.0,6729.0,0.1328,1100.0,900.0,75.0,0.0808806083909761,
E06000017,Rutland,2020,England,East Midlands,life-satisfaction,7.48,0.1632653061224489,7.16,7.8,3.0,2.0,1.0,750.0,643.8,40633.0,6729.0,0.1328,1100.0,900.0,75.0,0.0808806083909761,
E06000017,Rutland,2020,England,East Midlands,worthwhile,7.93,0.1352040816326529,7.66,8.19,3.0,2.0,1.0,750.0,643.8,40633.0,6729.0,0.1328,1100.0,900.0,75.0,0.0808806083909761,
E06000017,Rutland,2021,England,East Midlands,anxiety,3.43,0.2959183673469387,2.85,4.01,3.0,2.0,1.0,455.0,626.2,41342.0,6688.0,0.1408,1000.0,850.0,150.0,0.145709089930115,
E06000017,Rutland,2021,England,East Midlands,happiness,7.78,0.1760204081632652,7.43,8.12,3.0,2.0,1.0,455.0,626.2,41342.0,6688.0,0.1408,1000.0,850.0,150.0,0.145709089930115,
E06000017,Rutland,2021,England,East Midlands,life-satisfaction,7.76,0.1377551020408161,7.49,8.03,3.0,2.0,1.0,455.0,626.2,41342.0,6688.0,0.1408,1000.0,850.0,150.0,0.145709089930115,
E06000017,Rutland,2021,England,East Midlands,worthwhile,8.12,0.127551020408163,7.87,8.37,3.0,2.0,1.0,455.0,626.2,41342.0,6688.0,0.1408,1000.0,850.0,150.0,0.145709089930115,
E06000017,Rutland,2022,England,East Midlands,anxiety,3.03,0.2551020408163265,2.53,3.53,3.0,2.0,1.0,330.0,346.7,41165.0,6707.0,0.1609,1000.0,850.0,,,
E06000017,Rutland,2022,England,East Midlands,happiness,7.7,0.1658163265306121,7.38,8.03,3.0,2.0,1.0,330.0,346.7,41165.0,6707.0,0.1609,1000.0,850.0,,,
E06000017,Rutland,2022,England,East Midlands,life-satisfaction,7.74,0.1224489795918368,7.5,7.98,3.0,2.0,1.0,330.0,346.7,41165.0,6707.0,0.1609,1000.0,850.0,,,
E06000017,Rutland,2022,England,East Midlands,worthwhile,8.22,0.1198979591836731,7.98,8.45,3.0,2.0,1.0,330.0,346.7,41165.0,6707.0,0.1609,1000.0,850.0,,,
E06000017,Rutland,2023,England,East Midlands,,,,,,3.0,2.0,1.0,405.0,377.1,40807.0,6611.0,0.2016,1100.0,950.0,100.0,0.0958330900806639,750.0
E06000018,Nottingham,2016,England,East Midlands,anxiety,3.08,0.1045918367346939,2.88,3.29,46.0,8.0,38.0,6535.0,7005.0,317625.0,59504.0,0.1105,8200.0,7700.0,,,5700.0
E06000018,Nottingham,2016,England,East Midlands,happiness,7.2,0.0816326530612245,7.04,7.36,46.0,8.0,38.0,6535.0,7005.0,317625.0,59504.0,0.1105,8200.0,7700.0,,,5700.0
E06000018,Nottingham,2016,England,East Midlands,life-satisfaction,7.38,0.0714285714285712,7.24,7.52,46.0,8.0,38.0,6535.0,7005.0,317625.0,59504.0,0.1105,8200.0,7700.0,,,5700.0
E06000018,Nottingham,2016,England,East Midlands,worthwhile,7.6,0.0688775510204082,7.46,7.73,46.0,8.0,38.0,6535.0,7005.0,317625.0,59504.0,0.1105,8200.0,7700.0,,,5700.0
E06000018,Nottingham,2017,England,East Midlands,anxiety,3.09,0.1096938775510204,2.88,3.31,47.0,9.0,38.0,6905.0,7130.4,320378.0,60088.0,0.1168,8200.0,7800.0,,,6000.0
E06000018,Nottingham,2017,England,East Midlands,happiness,7.21,0.0867346938775509,7.04,7.38,47.0,9.0,38.0,6905.0,7130.4,320378.0,60088.0,0.1168,8200.0,7800.0,,,6000.0
E06000018,Nottingham,2017,England,East Midlands,life-satisfaction,7.42,0.0892857142857141,7.24,7.59,47.0,9.0,38.0,6905.0,7130.4,320378.0,60088.0,0.1168,8200.0,7800.0,,,6000.0
E06000018,Nottingham,2017,England,East Midlands,worthwhile,7.64,0.0765306122448979,7.49,7.79,47.0,9.0,38.0,6905.0,7130.4,320378.0,60088.0,0.1168,8200.0,7800.0,,,6000.0
E06000018,Nottingham,2018,England,East Midlands,anxiety,3.19,0.1147959183673468,2.97,3.42,48.0,11.0,37.0,6390.0,7038.8,322323.0,60603.0,0.1217,8700.0,8300.0,,,6500.0
E06000018,Nottingham,2018,England,East Midlands,happiness,7.36,0.0841836734693875,7.19,7.52,48.0,11.0,37.0,6390.0,7038.8,322323.0,60603.0,0.1217,8700.0,8300.0,,,6500.0
E06000018,Nottingham,2018,England,East Midlands,life-satisfaction,7.49,0.0714285714285715,7.35,7.63,48.0,11.0,37.0,6390.0,7038.8,322323.0,60603.0,0.1217,8700.0,8300.0,,,6500.0
E06000018,Nottingham,2018,England,East Midlands,worthwhile,7.57,0.0765306122448979,7.42,7.72,48.0,11.0,37.0,6390.0,7038.8,322323.0,60603.0,0.1217,8700.0,8300.0,,,6500.0
E06000018,Nottingham,2019,England,East Midlands,anxiety,3.64,0.1224489795918367,3.4,3.88,48.0,12.0,36.0,9680.0,8668.8,323160.0,60732.0,0.1281,9400.0,8700.0,,,7000.0
E06000018,Nottingham,2019,England,East Midlands,happiness,7.07,0.0892857142857144,6.89,7.24,48.0,12.0,36.0,9680.0,8668.8,323160.0,60732.0,0.1281,9400.0,8700.0,,,7000.0
E06000018,Nottingham,2019,England,East Midlands,life-satisfaction,7.38,0.0765306122448979,7.23,7.53,48.0,12.0,36.0,9680.0,8668.8,323160.0,60732.0,0.1281,9400.0,8700.0,,,7000.0
E06000018,Nottingham,2019,England,East Midlands,worthwhile,7.61,0.0663265306122448,7.48,7.74,48.0,12.0,36.0,9680.0,8668.8,323160.0,60732.0,0.1281,9400.0,8700.0,,,7000.0
E06000018,Nottingham,2020,England,East Midlands,anxiety,3.76,0.1454081632653061,3.47,4.04,51.0,15.0,36.0,17500.0,15585.8,322822.0,60379.0,0.1328,9800.0,9200.0,,,7100.0
E06000018,Nottingham,2020,England,East Midlands,happiness,7.13,0.1173469387755102,6.9,7.36,51.0,15.0,36.0,17500.0,15585.8,322822.0,60379.0,0.1328,9800.0,9200.0,,,7100.0
E06000018,Nottingham,2020,England,East Midlands,life-satisfaction,7.12,0.1071428571428571,6.91,7.33,51.0,15.0,36.0,17500.0,15585.8,322822.0,60379.0,0.1328,9800.0,9200.0,,,7100.0
E06000018,Nottingham,2020,England,East Midlands,worthwhile,7.66,0.0943877551020406,7.48,7.85,51.0,15.0,36.0,17500.0,15585.8,322822.0,60379.0,0.1328,9800.0,9200.0,,,7100.0
E06000018,Nottingham,2021,England,East Midlands,anxiety,3.16,0.163265306122449,2.84,3.48,52.0,15.0,37.0,13750.0,16391.7,319978.0,59266.0,0.1408,9500.0,8900.0,,,6900.0
E06000018,Nottingham,2021,England,East Midlands,happiness,7.2,0.155612244897959,6.9,7.51,52.0,15.0,37.0,13750.0,16391.7,319978.0,59266.0,0.1408,9500.0,8900.0,,,6900.0
E06000018,Nottingham,2021,England,East Midlands,life-satisfaction,7.25,0.1071428571428571,7.04,7.46,52.0,15.0,37.0,13750.0,16391.7,319978.0,59266.0,0.1408,9500.0,8900.0,,,6900.0
E06000018,Nottingham,2021,England,East Midlands,worthwhile,7.81,0.0994897959183672,7.62,8.01,52.0,15.0,37.0,13750.0,16391.7,319978.0,59266.0,0.1408,9500.0,8900.0,,,6900.0
E06000018,Nottingham,2022,England,East Midlands,anxiety,3.45,0.1709183673469387,3.11,3.78,51.0,15.0,36.0,11855.0,12360.8,326572.0,59677.0,0.1609,9900.0,8800.0,,,7400.0
E06000018,Nottingham,2022,England,East Midlands,happiness,7.24,0.1632653061224489,6.92,7.56,51.0,15.0,36.0,11855.0,12360.8,326572.0,59677.0,0.1609,9900.0,8800.0,,,7400.0
E06000018,Nottingham,2022,England,East Midlands,life-satisfaction,7.24,0.1071428571428571,7.03,7.45,51.0,15.0,36.0,11855.0,12360.8,326572.0,59677.0,0.1609,9900.0,8800.0,,,7400.0
E06000018,Nottingham,2022,England,East Midlands,worthwhile,7.49,0.1096938775510205,7.27,7.7,51.0,15.0,36.0,11855.0,12360.8,326572.0,59677.0,0.1609,9900.0,8800.0,,,7400.0
E06000018,Nottingham,2023,England,East Midlands,,,,,,55.0,15.0,40.0,12360.0,12322.9,327186.0,60405.0,0.2016,9900.0,9000.0,2000.0,0.1825335105852246,7400.0
E06000019,"Herefordshire, County of",2016,England,West Midlands,anxiety,2.73,0.1275510204081632,2.48,2.98,18.0,4.0,14.0,1175.0,1152.9,186225.0,30712.0,0.1178,5300.0,4800.0,200.0,0.0384663431297983,3800.0
E06000019,"Herefordshire, County of",2016,England,West Midlands,happiness,7.61,0.0841836734693875,7.44,7.77,18.0,4.0,14.0,1175.0,1152.9,186225.0,30712.0,0.1178,5300.0,4800.0,200.0,0.0384663431297983,3800.0
E06000019,"Herefordshire, County of",2016,England,West Midlands,life-satisfaction,7.73,0.0714285714285715,7.59,7.87,18.0,4.0,14.0,1175.0,1152.9,186225.0,30712.0,0.1178,5300.0,4800.0,200.0,0.0384663431297983,3800.0
E06000019,"Herefordshire, County of",2016,England,West Midlands,worthwhile,7.93,0.0688775510204082,7.79,8.06,18.0,4.0,14.0,1175.0,1152.9,186225.0,30712.0,0.1178,5300.0,4800.0,200.0,0.0384663431297983,3800.0
E06000019,"Herefordshire, County of",2017,England,West Midlands,anxiety,2.68,0.1096938775510203,2.47,2.9,18.0,4.0,14.0,1145.0,1145.0,186687.0,30679.0,0.123,5200.0,4800.0,200.0,0.0412499845415033,3800.0
E06000019,"Herefordshire, County of",2017,England,West Midlands,happiness,7.73,0.0841836734693877,7.57,7.9,18.0,4.0,14.0,1145.0,1145.0,186687.0,30679.0,0.123,5200.0,4800.0,200.0,0.0412499845415033,3800.0
E06000019,"Herefordshire, County of",2017,England,West Midlands,life-satisfaction,7.84,0.0714285714285715,7.7,7.98,18.0,4.0,14.0,1145.0,1145.0,186687.0,30679.0,0.123,5200.0,4800.0,200.0,0.0412499845415033,3800.0
E06000019,"Herefordshire, County of",2017,England,West Midlands,worthwhile,8.04,0.0637755102040816,7.91,8.16,18.0,4.0,14.0,1145.0,1145.0,186687.0,30679.0,0.123,5200.0,4800.0,200.0,0.0412499845415033,3800.0
E06000019,"Herefordshire, County of",2018,England,West Midlands,anxiety,2.59,0.1045918367346939,2.38,2.79,19.0,5.0,14.0,1580.0,1278.8,186511.0,30669.0,0.1273,5300.0,5000.0,225.0,0.040906134487632,3800.0
E06000019,"Herefordshire, County of",2018,England,West Midlands,happiness,7.69,0.0765306122448979,7.54,7.84,19.0,5.0,14.0,1580.0,1278.8,186511.0,30669.0,0.1273,5300.0,5000.0,225.0,0.040906134487632,3800.0
E06000019,"Herefordshire, County of",2018,England,West Midlands,life-satisfaction,7.86,0.0637755102040816,7.74,7.99,19.0,5.0,14.0,1580.0,1278.8,186511.0,30669.0,0.1273,5300.0,5000.0,225.0,0.040906134487632,3800.0
E06000019,"Herefordshire, County of",2018,England,West Midlands,worthwhile,8.01,0.0612244897959186,7.89,8.13,19.0,5.0,14.0,1580.0,1278.8,186511.0,30669.0,0.1273,5300.0,5000.0,225.0,0.040906134487632,3800.0
E06000019,"Herefordshire, County of",2019,England,West Midlands,anxiety,3.08,0.1249999999999999,2.83,3.32,19.0,5.0,14.0,1965.0,1854.6,186373.0,30398.0,0.1326,5600.0,5200.0,300.0,0.0559257235178939,3900.0
E06000019,"Herefordshire, County of",2019,England,West Midlands,happiness,7.54,0.0816326530612245,7.38,7.7,19.0,5.0,14.0,1965.0,1854.6,186373.0,30398.0,0.1326,5600.0,5200.0,300.0,0.0559257235178939,3900.0
E06000019,"Herefordshire, County of",2019,England,West Midlands,life-satisfaction,7.8,0.0663265306122448,7.67,7.93,19.0,5.0,14.0,1965.0,1854.6,186373.0,30398.0,0.1326,5600.0,5200.0,300.0,0.0559257235178939,3900.0
E06000019,"Herefordshire, County of",2019,England,West Midlands,worthwhile,7.99,0.0663265306122446,7.86,8.12,19.0,5.0,14.0,1965.0,1854.6,186373.0,30398.0,0.1326,5600.0,5200.0,300.0,0.0559257235178939,3900.0
E06000019,"Herefordshire, County of",2020,England,West Midlands,anxiety,3.33,0.1454081632653062,3.05,3.62,19.0,5.0,14.0,4545.0,4029.2,185886.0,30036.0,0.1375,5600.0,5200.0,175.0,0.0334137120678073,4100.0
E06000019,"Herefordshire, County of",2020,England,West Midlands,happiness,7.51,0.0994897959183672,7.32,7.71,19.0,5.0,14.0,4545.0,4029.2,185886.0,30036.0,0.1375,5600.0,5200.0,175.0,0.0334137120678073,4100.0
E06000019,"Herefordshire, County of",2020,England,West Midlands,life-satisfaction,7.52,0.0841836734693877,7.36,7.69,19.0,5.0,14.0,4545.0,4029.2,185886.0,30036.0,0.1375,5600.0,5200.0,175.0,0.0334137120678073,4100.0
E06000019,"Herefordshire, County of",2020,England,West Midlands,worthwhile,7.81,0.096938775510204,7.62,8.0,19.0,5.0,14.0,4545.0,4029.2,185886.0,30036.0,0.1375,5600.0,5200.0,175.0,0.0334137120678073,4100.0
E06000019,"Herefordshire, County of",2021,England,West Midlands,anxiety,3.19,0.183673469387755,2.83,3.55,20.0,5.0,15.0,2955.0,3902.9,187522.0,29818.0,0.1442,5200.0,4900.0,400.0,0.0772866626904738,3800.0
E06000019,"Herefordshire, County of",2021,England,West Midlands,happiness,7.44,0.1505102040816326,7.15,7.74,20.0,5.0,15.0,2955.0,3902.9,187522.0,29818.0,0.1442,5200.0,4900.0,400.0,0.0772866626904738,3800.0
E06000019,"Herefordshire, County of",2021,England,West Midlands,life-satisfaction,7.55,0.1377551020408163,7.28,7.82,20.0,5.0,15.0,2955.0,3902.9,187522.0,29818.0,0.1442,5200.0,4900.0,400.0,0.0772866626904738,3800.0
E06000019,"Herefordshire, County of",2021,England,West Midlands,worthwhile,7.82,0.1454081632653059,7.53,8.1,20.0,5.0,15.0,2955.0,3902.9,187522.0,29818.0,0.1442,5200.0,4900.0,400.0,0.0772866626904738,3800.0
E06000019,"Herefordshire, County of",2022,England,West Midlands,anxiety,2.93,0.163265306122449,2.61,3.25,21.0,5.0,16.0,2535.0,2665.0,188518.0,30067.0,0.163,5000.0,4700.0,300.0,0.0604149893695109,3700.0
E06000019,"Herefordshire, County of",2022,England,West Midlands,happiness,7.64,0.1173469387755102,7.41,7.87,21.0,5.0,16.0,2535.0,2665.0,188518.0,30067.0,0.163,5000.0,4700.0,300.0,0.0604149893695109,3700.0
E06000019,"Herefordshire, County of",2022,England,West Midlands,life-satisfaction,7.64,0.0943877551020408,7.45,7.82,21.0,5.0,16.0,2535.0,2665.0,188518.0,30067.0,0.163,5000.0,4700.0,300.0,0.0604149893695109,3700.0
E06000019,"Herefordshire, County of",2022,England,West Midlands,worthwhile,7.83,0.1122448979591837,7.61,8.05,21.0,5.0,16.0,2535.0,2665.0,188518.0,30067.0,0.163,5000.0,4700.0,300.0,0.0604149893695109,3700.0
E06000019,"Herefordshire, County of",2023,England,West Midlands,,,,,,23.0,5.0,18.0,2580.0,2589.2,190045.0,30388.0,0.2018,5000.0,4700.0,200.0,0.0412423798146547,3700.0
E06000020,Telford and Wrekin,2016,England,West Midlands,anxiety,2.81,0.1198979591836734,2.58,3.05,21.0,6.0,15.0,1675.0,1704.6,175352.0,35052.0,0.1178,3700.0,3400.0,325.0,0.086230825008468,2400.0
E06000020,Telford and Wrekin,2016,England,West Midlands,happiness,7.6,0.0892857142857141,7.42,7.77,21.0,6.0,15.0,1675.0,1704.6,175352.0,35052.0,0.1178,3700.0,3400.0,325.0,0.086230825008468,2400.0
E06000020,Telford and Wrekin,2016,England,West Midlands,life-satisfaction,7.68,0.0765306122448979,7.53,7.83,21.0,6.0,15.0,1675.0,1704.6,175352.0,35052.0,0.1178,3700.0,3400.0,325.0,0.086230825008468,2400.0
E06000020,Telford and Wrekin,2016,England,West Midlands,worthwhile,7.85,0.0765306122448979,7.7,8.0,21.0,6.0,15.0,1675.0,1704.6,175352.0,35052.0,0.1178,3700.0,3400.0,325.0,0.086230825008468,2400.0
E06000020,Telford and Wrekin,2017,England,West Midlands,anxiety,2.84,0.1275510204081632,2.59,3.09,20.0,6.0,14.0,1840.0,1903.8,177528.0,35585.0,0.123,3900.0,3700.0,425.0,0.1042315775208335,2500.0
E06000020,Telford and Wrekin,2017,England,West Midlands,happiness,7.62,0.1096938775510203,7.4,7.83,20.0,6.0,14.0,1840.0,1903.8,177528.0,35585.0,0.123,3900.0,3700.0,425.0,0.1042315775208335,2500.0
E06000020,Telford and Wrekin,2017,England,West Midlands,life-satisfaction,7.61,0.0816326530612243,7.45,7.77,20.0,6.0,14.0,1840.0,1903.8,177528.0,35585.0,0.123,3900.0,3700.0,425.0,0.1042315775208335,2500.0
E06000020,Telford and Wrekin,2017,England,West Midlands,worthwhile,7.82,0.0739795918367347,7.67,7.96,20.0,6.0,14.0,1840.0,1903.8,177528.0,35585.0,0.123,3900.0,3700.0,425.0,0.1042315775208335,2500.0
E06000020,Telford and Wrekin,2018,England,West Midlands,anxiety,2.98,0.1530612244897958,2.68,3.28,21.0,7.0,14.0,1845.0,1963.8,179548.0,36116.0,0.1273,3900.0,3800.0,450.0,0.1091537542108398,2600.0
E06000020,Telford and Wrekin,2018,England,West Midlands,happiness,7.42,0.1045918367346939,7.22,7.63,21.0,7.0,14.0,1845.0,1963.8,179548.0,36116.0,0.1273,3900.0,3800.0,450.0,0.1091537542108398,2600.0
E06000020,Telford and Wrekin,2018,England,West Midlands,life-satisfaction,7.71,0.0765306122448981,7.56,7.86,21.0,7.0,14.0,1845.0,1963.8,179548.0,36116.0,0.1273,3900.0,3800.0,450.0,0.1091537542108398,2600.0
E06000020,Telford and Wrekin,2018,England,West Midlands,worthwhile,7.98,0.0816326530612245,7.82,8.14,21.0,7.0,14.0,1845.0,1963.8,179548.0,36116.0,0.1273,3900.0,3800.0,450.0,0.1091537542108398,2600.0
E06000020,Telford and Wrekin,2019,England,West Midlands,anxiety,3.18,0.1275510204081632,2.93,3.43,22.0,8.0,14.0,3260.0,2805.4,182081.0,36486.0,0.1326,4100.0,3900.0,375.0,0.0884013430850747,2700.0
E06000020,Telford and Wrekin,2019,England,West Midlands,happiness,7.28,0.0892857142857141,7.11,7.46,22.0,8.0,14.0,3260.0,2805.4,182081.0,36486.0,0.1326,4100.0,3900.0,375.0,0.0884013430850747,2700.0
E06000020,Telford and Wrekin,2019,England,West Midlands,life-satisfaction,7.59,0.0816326530612245,7.43,7.75,22.0,8.0,14.0,3260.0,2805.4,182081.0,36486.0,0.1326,4100.0,3900.0,375.0,0.0884013430850747,2700.0
E06000020,Telford and Wrekin,2019,England,West Midlands,worthwhile,7.77,0.0790816326530611,7.62,7.93,22.0,8.0,14.0,3260.0,2805.4,182081.0,36486.0,0.1326,4100.0,3900.0,375.0,0.0884013430850747,2700.0
E06000020,Telford and Wrekin,2020,England,West Midlands,anxiety,3.28,0.1607142857142857,2.97,3.6,26.0,9.0,17.0,6715.0,5997.1,183483.0,36740.0,0.1375,4300.0,4000.0,,,2700.0
E06000020,Telford and Wrekin,2020,England,West Midlands,happiness,7.37,0.1224489795918368,7.13,7.61,26.0,9.0,17.0,6715.0,5997.1,183483.0,36740.0,0.1375,4300.0,4000.0,,,2700.0
E06000020,Telford and Wrekin,2020,England,West Midlands,life-satisfaction,7.39,0.1096938775510203,7.17,7.6,26.0,9.0,17.0,6715.0,5997.1,183483.0,36740.0,0.1375,4300.0,4000.0,,,2700.0
E06000020,Telford and Wrekin,2020,England,West Midlands,worthwhile,7.76,0.1045918367346939,7.55,7.96,26.0,9.0,17.0,6715.0,5997.1,183483.0,36740.0,0.1375,4300.0,4000.0,,,2700.0
E06000020,Telford and Wrekin,2021,England,West Midlands,anxiety,3.19,0.1964285714285714,2.8,3.57,27.0,9.0,18.0,4745.0,5767.1,185857.0,36870.0,0.1442,4300.0,4100.0,500.0,0.1061709487698399,
E06000020,Telford and Wrekin,2021,England,West Midlands,happiness,7.31,0.1454081632653062,7.02,7.59,27.0,9.0,18.0,4745.0,5767.1,185857.0,36870.0,0.1442,4300.0,4100.0,500.0,0.1061709487698399,
E06000020,Telford and Wrekin,2021,England,West Midlands,life-satisfaction,7.49,0.1147959183673469,7.27,7.72,27.0,9.0,18.0,4745.0,5767.1,185857.0,36870.0,0.1442,4300.0,4100.0,500.0,0.1061709487698399,
E06000020,Telford and Wrekin,2021,England,West Midlands,worthwhile,7.64,0.1301020408163264,7.38,7.89,27.0,9.0,18.0,4745.0,5767.1,185857.0,36870.0,0.1442,4300.0,4100.0,500.0,0.1061709487698399,
E06000020,Telford and Wrekin,2022,England,West Midlands,anxiety,2.81,0.1632653061224489,2.49,3.13,26.0,9.0,17.0,3940.0,4233.8,189000.0,37669.0,0.163,4700.0,4400.0,600.0,0.1170783295106772,3100.0
E06000020,Telford and Wrekin,2022,England,West Midlands,happiness,7.52,0.1173469387755102,7.29,7.75,26.0,9.0,17.0,3940.0,4233.8,189000.0,37669.0,0.163,4700.0,4400.0,600.0,0.1170783295106772,3100.0
E06000020,Telford and Wrekin,2022,England,West Midlands,life-satisfaction,7.49,0.1020408163265307,7.29,7.69,26.0,9.0,17.0,3940.0,4233.8,189000.0,37669.0,0.163,4700.0,4400.0,600.0,0.1170783295106772,3100.0
E06000020,Telford and Wrekin,2022,England,West Midlands,worthwhile,7.83,0.1020408163265304,7.63,8.03,26.0,9.0,17.0,3940.0,4233.8,189000.0,37669.0,0.163,4700.0,4400.0,600.0,0.1170783295106772,3100.0
E06000020,Telford and Wrekin,2023,England,West Midlands,,,,,,29.0,9.0,20.0,3945.0,3962.1,192417.0,38422.0,0.2018,4900.0,4600.0,500.0,0.0964529925546879,3200.0
E06000021,Stoke-on-Trent,2016,England,West Midlands,anxiety,2.9,0.1249999999999999,2.66,3.15,27.0,10.0,17.0,3065.0,3343.8,256168.0,51624.0,0.1178,6500.0,6100.0,375.0,0.0579248440152082,5000.0
E06000021,Stoke-on-Trent,2016,England,West Midlands,happiness,7.54,0.0867346938775509,7.37,7.71,27.0,10.0,17.0,3065.0,3343.8,256168.0,51624.0,0.1178,6500.0,6100.0,375.0,0.0579248440152082,5000.0
E06000021,Stoke-on-Trent,2016,England,West Midlands,life-satisfaction,7.6,0.0816326530612243,7.44,7.76,27.0,10.0,17.0,3065.0,3343.8,256168.0,51624.0,0.1178,6500.0,6100.0,375.0,0.0579248440152082,5000.0
E06000021,Stoke-on-Trent,2016,England,West Midlands,worthwhile,7.86,0.0714285714285715,7.72,8.0,27.0,10.0,17.0,3065.0,3343.8,256168.0,51624.0,0.1178,6500.0,6100.0,375.0,0.0579248440152082,5000.0
E06000021,Stoke-on-Trent,2017,England,West Midlands,anxiety,2.82,0.1173469387755102,2.59,3.05,29.0,10.0,19.0,3665.0,3704.6,258235.0,52305.0,0.123,6700.0,6300.0,400.0,0.0603002721140713,5100.0
E06000021,Stoke-on-Trent,2017,England,West Midlands,happiness,7.36,0.0918367346938776,7.18,7.54,29.0,10.0,19.0,3665.0,3704.6,258235.0,52305.0,0.123,6700.0,6300.0,400.0,0.0603002721140713,5100.0
E06000021,Stoke-on-Trent,2017,England,West Midlands,life-satisfaction,7.64,0.0714285714285715,7.5,7.78,29.0,10.0,19.0,3665.0,3704.6,258235.0,52305.0,0.123,6700.0,6300.0,400.0,0.0603002721140713,5100.0
E06000021,Stoke-on-Trent,2017,England,West Midlands,worthwhile,7.75,0.0739795918367347,7.61,7.9,29.0,10.0,19.0,3665.0,3704.6,258235.0,52305.0,0.123,6700.0,6300.0,400.0,0.0603002721140713,5100.0
E06000021,Stoke-on-Trent,2018,England,West Midlands,anxiety,3.08,0.1249999999999999,2.83,3.32,29.0,10.0,19.0,4955.0,4429.6,258843.0,52791.0,0.1273,6900.0,6600.0,550.0,0.074656220322368,5200.0
E06000021,Stoke-on-Trent,2018,England,West Midlands,happiness,7.42,0.0918367346938774,7.24,7.6,29.0,10.0,19.0,4955.0,4429.6,258843.0,52791.0,0.1273,6900.0,6600.0,550.0,0.074656220322368,5200.0
E06000021,Stoke-on-Trent,2018,England,West Midlands,life-satisfaction,7.56,0.0714285714285715,7.42,7.7,29.0,10.0,19.0,4955.0,4429.6,258843.0,52791.0,0.1273,6900.0,6600.0,550.0,0.074656220322368,5200.0
E06000021,Stoke-on-Trent,2018,England,West Midlands,worthwhile,7.72,0.0739795918367347,7.57,7.86,29.0,10.0,19.0,4955.0,4429.6,258843.0,52791.0,0.1273,6900.0,6600.0,550.0,0.074656220322368,5200.0
E06000021,Stoke-on-Trent,2019,England,West Midlands,anxiety,2.94,0.1173469387755102,2.71,3.17,30.0,11.0,19.0,6750.0,6287.9,259181.0,52987.0,0.1326,7200.0,6800.0,350.0,0.047505784597749,5500.0
E06000021,Stoke-on-Trent,2019,England,West Midlands,happiness,7.4,0.0892857142857144,7.22,7.57,30.0,11.0,19.0,6750.0,6287.9,259181.0,52987.0,0.1326,7200.0,6800.0,350.0,0.047505784597749,5500.0
E06000021,Stoke-on-Trent,2019,England,West Midlands,life-satisfaction,7.73,0.0714285714285715,7.59,7.87,30.0,11.0,19.0,6750.0,6287.9,259181.0,52987.0,0.1326,7200.0,6800.0,350.0,0.047505784597749,5500.0
E06000021,Stoke-on-Trent,2019,England,West Midlands,worthwhile,7.8,0.0714285714285715,7.66,7.94,30.0,11.0,19.0,6750.0,6287.9,259181.0,52987.0,0.1326,7200.0,6800.0,350.0,0.047505784597749,5500.0
E06000021,Stoke-on-Trent,2020,England,West Midlands,anxiety,3.06,0.1530612244897959,2.76,3.36,31.0,10.0,21.0,12470.0,11199.6,258866.0,52973.0,0.1375,7000.0,6600.0,500.0,0.0686594984262157,5300.0
E06000021,Stoke-on-Trent,2020,England,West Midlands,happiness,7.32,0.1096938775510203,7.11,7.54,31.0,10.0,21.0,12470.0,11199.6,258866.0,52973.0,0.1375,7000.0,6600.0,500.0,0.0686594984262157,5300.0
E06000021,Stoke-on-Trent,2020,England,West Midlands,life-satisfaction,7.4,0.0943877551020408,7.21,7.58,31.0,10.0,21.0,12470.0,11199.6,258866.0,52973.0,0.1375,7000.0,6600.0,500.0,0.0686594984262157,5300.0
E06000021,Stoke-on-Trent,2020,England,West Midlands,worthwhile,7.71,0.0892857142857141,7.53,7.88,31.0,10.0,21.0,12470.0,11199.6,258866.0,52973.0,0.1375,7000.0,6600.0,500.0,0.0686594984262157,5300.0
E06000021,Stoke-on-Trent,2021,England,West Midlands,anxiety,3.24,0.1607142857142857,2.93,3.56,31.0,10.0,21.0,9685.0,11523.8,258102.0,52276.0,0.1442,6500.0,6100.0,750.0,0.1129857327499192,5100.0
E06000021,Stoke-on-Trent,2021,England,West Midlands,happiness,7.59,0.1173469387755102,7.36,7.82,31.0,10.0,21.0,9685.0,11523.8,258102.0,52276.0,0.1442,6500.0,6100.0,750.0,0.1129857327499192,5100.0
E06000021,Stoke-on-Trent,2021,England,West Midlands,life-satisfaction,7.52,0.1122448979591837,7.3,7.74,31.0,10.0,21.0,9685.0,11523.8,258102.0,52276.0,0.1442,6500.0,6100.0,750.0,0.1129857327499192,5100.0
E06000021,Stoke-on-Trent,2021,England,West Midlands,worthwhile,7.76,0.1301020408163264,7.51,8.02,31.0,10.0,21.0,9685.0,11523.8,258102.0,52276.0,0.1442,6500.0,6100.0,750.0,0.1129857327499192,5100.0
E06000021,Stoke-on-Trent,2022,England,West Midlands,anxiety,3.39,0.1785714285714286,3.04,3.74,32.0,11.0,21.0,8365.0,8764.2,260624.0,52883.0,0.163,6800.0,6200.0,700.0,0.0980061756449982,5300.0
E06000021,Stoke-on-Trent,2022,England,West Midlands,happiness,7.32,0.1505102040816326,7.03,7.62,32.0,11.0,21.0,8365.0,8764.2,260624.0,52883.0,0.163,6800.0,6200.0,700.0,0.0980061756449982,5300.0
E06000021,Stoke-on-Trent,2022,England,West Midlands,life-satisfaction,7.16,0.1403061224489795,6.88,7.43,32.0,11.0,21.0,8365.0,8764.2,260624.0,52883.0,0.163,6800.0,6200.0,700.0,0.0980061756449982,5300.0
E06000021,Stoke-on-Trent,2022,England,West Midlands,worthwhile,7.59,0.1352040816326529,7.32,7.85,32.0,11.0,21.0,8365.0,8764.2,260624.0,52883.0,0.163,6800.0,6200.0,700.0,0.0980061756449982,5300.0
E06000021,Stoke-on-Trent,2023,England,West Midlands,,,,,,43.0,12.0,31.0,8705.0,8695.4,265822.0,54172.0,0.2018,6600.0,6000.0,650.0,0.0974146653211232,5200.0
E06000022,Bath and North East Somerset,2016,England,South West,anxiety,3.19,0.0994897959183673,3.0,3.39,25.0,2.0,23.0,1410.0,1174.6,185507.0,31040.0,0.1085,3300.0,3100.0,275.0,0.0798088195377373,
E06000022,Bath and North East Somerset,2016,England,South West,happiness,7.47,0.0714285714285715,7.33,7.61,25.0,2.0,23.0,1410.0,1174.6,185507.0,31040.0,0.1085,3300.0,3100.0,275.0,0.0798088195377373,
E06000022,Bath and North East Somerset,2016,England,South West,life-satisfaction,7.78,0.0586734693877552,7.67,7.9,25.0,2.0,23.0,1410.0,1174.6,185507.0,31040.0,0.1085,3300.0,3100.0,275.0,0.0798088195377373,
E06000022,Bath and North East Somerset,2016,England,South West,worthwhile,7.82,0.0586734693877552,7.71,7.94,25.0,2.0,23.0,1410.0,1174.6,185507.0,31040.0,0.1085,3300.0,3100.0,275.0,0.0798088195377373,
E06000022,Bath and North East Somerset,2017,England,South West,anxiety,3.08,0.1173469387755102,2.85,3.31,26.0,2.0,24.0,1980.0,1843.8,186894.0,31215.0,0.112,3900.0,3700.0,325.0,0.079204872692385,
E06000022,Bath and North East Somerset,2017,England,South West,happiness,7.45,0.0816326530612245,7.29,7.61,26.0,2.0,24.0,1980.0,1843.8,186894.0,31215.0,0.112,3900.0,3700.0,325.0,0.079204872692385,
E06000022,Bath and North East Somerset,2017,England,South West,life-satisfaction,7.67,0.0612244897959184,7.55,7.79,26.0,2.0,24.0,1980.0,1843.8,186894.0,31215.0,0.112,3900.0,3700.0,325.0,0.079204872692385,
E06000022,Bath and North East Somerset,2017,England,South West,worthwhile,7.76,0.0714285714285715,7.62,7.9,26.0,2.0,24.0,1980.0,1843.8,186894.0,31215.0,0.112,3900.0,3700.0,325.0,0.079204872692385,
E06000022,Bath and North East Somerset,2018,England,South West,anxiety,2.88,0.096938775510204,2.69,3.07,26.0,2.0,24.0,2120.0,2103.3,189489.0,31388.0,0.1135,3800.0,3700.0,,,
E06000022,Bath and North East Somerset,2018,England,South West,happiness,7.54,0.0765306122448981,7.39,7.69,26.0,2.0,24.0,2120.0,2103.3,189489.0,31388.0,0.1135,3800.0,3700.0,,,
E06000022,Bath and North East Somerset,2018,England,South West,life-satisfaction,7.79,0.056122448979592,7.68,7.9,26.0,2.0,24.0,2120.0,2103.3,189489.0,31388.0,0.1135,3800.0,3700.0,,,
E06000022,Bath and North East Somerset,2018,England,South West,worthwhile,7.89,0.0612244897959184,7.77,8.01,26.0,2.0,24.0,2120.0,2103.3,189489.0,31388.0,0.1135,3800.0,3700.0,,,
E06000022,Bath and North East Somerset,2019,England,South West,anxiety,3.4,0.1173469387755102,3.17,3.63,26.0,2.0,24.0,2145.0,2204.6,190176.0,31388.0,0.1182,3800.0,3500.0,175.0,0.0476921957078918,
E06000022,Bath and North East Somerset,2019,England,South West,happiness,7.31,0.0943877551020408,7.13,7.5,26.0,2.0,24.0,2145.0,2204.6,190176.0,31388.0,0.1182,3800.0,3500.0,175.0,0.0476921957078918,
E06000022,Bath and North East Somerset,2019,England,South West,life-satisfaction,7.61,0.0688775510204082,7.47,7.74,26.0,2.0,24.0,2145.0,2204.6,190176.0,31388.0,0.1182,3800.0,3500.0,175.0,0.0476921957078918,
E06000022,Bath and North East Somerset,2019,England,South West,worthwhile,7.72,0.0688775510204082,7.59,7.86,26.0,2.0,24.0,2145.0,2204.6,190176.0,31388.0,0.1182,3800.0,3500.0,175.0,0.0476921957078918,
E06000022,Bath and North East Somerset,2020,England,South West,anxiety,3.47,0.1352040816326531,3.21,3.74,26.0,2.0,24.0,4945.0,4265.8,191974.0,31402.0,0.1232,3700.0,3500.0,150.0,0.0414462178558744,
E06000022,Bath and North East Somerset,2020,England,South West,happiness,7.28,0.096938775510204,7.09,7.47,26.0,2.0,24.0,4945.0,4265.8,191974.0,31402.0,0.1232,3700.0,3500.0,150.0,0.0414462178558744,
E06000022,Bath and North East Somerset,2020,England,South West,life-satisfaction,7.29,0.0841836734693877,7.12,7.45,26.0,2.0,24.0,4945.0,4265.8,191974.0,31402.0,0.1232,3700.0,3500.0,150.0,0.0414462178558744,
E06000022,Bath and North East Somerset,2020,England,South West,worthwhile,7.57,0.0918367346938776,7.39,7.75,26.0,2.0,24.0,4945.0,4265.8,191974.0,31402.0,0.1232,3700.0,3500.0,150.0,0.0414462178558744,
E06000022,Bath and North East Somerset,2021,England,South West,anxiety,3.38,0.163265306122449,3.06,3.7,27.0,2.0,25.0,3055.0,4091.7,192419.0,31701.0,0.1281,3600.0,3300.0,425.0,0.1117028452790078,
E06000022,Bath and North East Somerset,2021,England,South West,happiness,7.43,0.1173469387755102,7.2,7.66,27.0,2.0,25.0,3055.0,4091.7,192419.0,31701.0,0.1281,3600.0,3300.0,425.0,0.1117028452790078,
E06000022,Bath and North East Somerset,2021,England,South West,life-satisfaction,7.54,0.0969387755102042,7.35,7.73,27.0,2.0,25.0,3055.0,4091.7,192419.0,31701.0,0.1281,3600.0,3300.0,425.0,0.1117028452790078,
E06000022,Bath and North East Somerset,2021,England,South West,worthwhile,7.77,0.0892857142857144,7.59,7.94,27.0,2.0,25.0,3055.0,4091.7,192419.0,31701.0,0.1281,3600.0,3300.0,425.0,0.1117028452790078,
E06000022,Bath and North East Somerset,2022,England,South West,anxiety,3.59,0.2142857142857142,3.17,4.01,28.0,2.0,26.0,2110.0,2409.6,195467.0,32056.0,0.1422,3500.0,3100.0,400.0,0.1160184933959382,
E06000022,Bath and North East Somerset,2022,England,South West,happiness,7.2,0.1811224489795918,6.84,7.55,28.0,2.0,26.0,2110.0,2409.6,195467.0,32056.0,0.1422,3500.0,3100.0,400.0,0.1160184933959382,
E06000022,Bath and North East Somerset,2022,England,South West,life-satisfaction,7.38,0.1198979591836734,7.15,7.62,28.0,2.0,26.0,2110.0,2409.6,195467.0,32056.0,0.1422,3500.0,3100.0,400.0,0.1160184933959382,
E06000022,Bath and North East Somerset,2022,England,South West,worthwhile,7.66,0.1301020408163264,7.41,7.92,28.0,2.0,26.0,2110.0,2409.6,195467.0,32056.0,0.1422,3500.0,3100.0,400.0,0.1160184933959382,
E06000022,Bath and North East Somerset,2023,England,South West,,,,,,33.0,2.0,31.0,2195.0,2200.0,198264.0,32157.0,0.1732,3500.0,3200.0,250.0,0.0719803514532043,2500.0
E06000023,"Bristol, City of",2016,England,South West,anxiety,3.21,0.1147959183673468,2.99,3.44,66.0,11.0,55.0,5105.0,5190.0,459588.0,84444.0,0.1085,9100.0,8300.0,800.0,0.0900375688597017,
E06000023,"Bristol, City of",2016,England,South West,happiness,7.27,0.0892857142857144,7.09,7.44,66.0,11.0,55.0,5105.0,5190.0,459588.0,84444.0,0.1085,9100.0,8300.0,800.0,0.0900375688597017,
E06000023,"Bristol, City of",2016,England,South West,life-satisfaction,7.63,0.0663265306122448,7.5,7.76,66.0,11.0,55.0,5105.0,5190.0,459588.0,84444.0,0.1085,9100.0,8300.0,800.0,0.0900375688597017,
E06000023,"Bristol, City of",2016,England,South West,worthwhile,7.65,0.0714285714285715,7.51,7.79,66.0,11.0,55.0,5105.0,5190.0,459588.0,84444.0,0.1085,9100.0,8300.0,800.0,0.0900375688597017,
E06000023,"Bristol, City of",2017,England,South West,anxiety,3.12,0.1173469387755102,2.89,3.35,68.0,11.0,57.0,5030.0,5257.1,463113.0,84680.0,0.112,9500.0,8900.0,1000.0,0.1006202823509027,
E06000023,"Bristol, City of",2017,England,South West,happiness,7.28,0.0867346938775509,7.11,7.45,68.0,11.0,57.0,5030.0,5257.1,463113.0,84680.0,0.112,9500.0,8900.0,1000.0,0.1006202823509027,
E06000023,"Bristol, City of",2017,England,South West,life-satisfaction,7.52,0.066326530612245,7.39,7.65,68.0,11.0,57.0,5030.0,5257.1,463113.0,84680.0,0.112,9500.0,8900.0,1000.0,0.1006202823509027,
E06000023,"Bristol, City of",2017,England,South West,worthwhile,7.58,0.0765306122448981,7.43,7.73,68.0,11.0,57.0,5030.0,5257.1,463113.0,84680.0,0.112,9500.0,8900.0,1000.0,0.1006202823509027,
E06000023,"Bristol, City of",2018,England,South West,anxiety,3.41,0.1122448979591836,3.19,3.63,69.0,12.0,57.0,6030.0,5355.0,467026.0,84589.0,0.1135,9300.0,8900.0,1100.0,0.106406254326972,
E06000023,"Bristol, City of",2018,England,South West,happiness,7.27,0.0765306122448979,7.12,7.42,69.0,12.0,57.0,6030.0,5355.0,467026.0,84589.0,0.1135,9300.0,8900.0,1100.0,0.106406254326972,
E06000023,"Bristol, City of",2018,England,South West,life-satisfaction,7.53,0.068877551020408,7.4,7.67,69.0,12.0,57.0,6030.0,5355.0,467026.0,84589.0,0.1135,9300.0,8900.0,1100.0,0.106406254326972,
E06000023,"Bristol, City of",2018,England,South West,worthwhile,7.64,0.0739795918367347,7.49,7.78,69.0,12.0,57.0,6030.0,5355.0,467026.0,84589.0,0.1135,9300.0,8900.0,1100.0,0.106406254326972,
E06000023,"Bristol, City of",2019,England,South West,anxiety,3.22,0.1122448979591836,3.0,3.44,73.0,14.0,59.0,8220.0,7550.8,469920.0,84352.0,0.1182,10000.0,9400.0,1000.0,0.0963484337186643,
E06000023,"Bristol, City of",2019,England,South West,happiness,7.23,0.0943877551020408,7.05,7.42,73.0,14.0,59.0,8220.0,7550.8,469920.0,84352.0,0.1182,10000.0,9400.0,1000.0,0.0963484337186643,
E06000023,"Bristol, City of",2019,England,South West,life-satisfaction,7.47,0.0714285714285715,7.33,7.61,73.0,14.0,59.0,8220.0,7550.8,469920.0,84352.0,0.1182,10000.0,9400.0,1000.0,0.0963484337186643,
E06000023,"Bristol, City of",2019,England,South West,worthwhile,7.66,0.0739795918367347,7.51,7.8,73.0,14.0,59.0,8220.0,7550.8,469920.0,84352.0,0.1182,10000.0,9400.0,1000.0,0.0963484337186643,
E06000023,"Bristol, City of",2020,England,South West,anxiety,3.61,0.135204081632653,3.35,3.88,75.0,14.0,61.0,19430.0,16644.2,471851.0,83882.0,0.1232,10500.0,10000.0,600.0,0.0579888999226324,
E06000023,"Bristol, City of",2020,England,South West,happiness,6.99,0.096938775510204,6.8,7.18,75.0,14.0,61.0,19430.0,16644.2,471851.0,83882.0,0.1232,10500.0,10000.0,600.0,0.0579888999226324,
E06000023,"Bristol, City of",2020,England,South West,life-satisfaction,7.15,0.0918367346938776,6.97,7.33,75.0,14.0,61.0,19430.0,16644.2,471851.0,83882.0,0.1232,10500.0,10000.0,600.0,0.0579888999226324,
E06000023,"Bristol, City of",2020,England,South West,worthwhile,7.47,0.0816326530612245,7.31,7.63,75.0,14.0,61.0,19430.0,16644.2,471851.0,83882.0,0.1232,10500.0,10000.0,600.0,0.0579888999226324,
E06000023,"Bristol, City of",2021,England,South West,anxiety,3.38,0.1683673469387755,3.05,3.71,79.0,15.0,64.0,13325.0,16685.8,471285.0,82512.0,0.1281,10000.0,9500.0,1200.0,0.1125643543864978,
E06000023,"Bristol, City of",2021,England,South West,happiness,7.25,0.1147959183673469,7.03,7.48,79.0,15.0,64.0,13325.0,16685.8,471285.0,82512.0,0.1281,10000.0,9500.0,1200.0,0.1125643543864978,
E06000023,"Bristol, City of",2021,England,South West,life-satisfaction,7.37,0.0892857142857141,7.2,7.55,79.0,15.0,64.0,13325.0,16685.8,471285.0,82512.0,0.1281,10000.0,9500.0,1200.0,0.1125643543864978,
E06000023,"Bristol, City of",2021,England,South West,worthwhile,7.49,0.0918367346938776,7.31,7.67,79.0,15.0,64.0,13325.0,16685.8,471285.0,82512.0,0.1281,10000.0,9500.0,1200.0,0.1125643543864978,
E06000023,"Bristol, City of",2022,England,South West,anxiety,3.44,0.3112244897959183,2.83,4.05,84.0,17.0,67.0,10865.0,11391.7,479639.0,82570.0,0.1422,11000.0,10000.0,1100.0,0.0959486670494911,
E06000023,"Bristol, City of",2022,England,South West,happiness,7.2,0.2780612244897958,6.65,7.74,84.0,17.0,67.0,10865.0,11391.7,479639.0,82570.0,0.1422,11000.0,10000.0,1100.0,0.0959486670494911,
E06000023,"Bristol, City of",2022,England,South West,life-satisfaction,7.31,0.1683673469387753,6.98,7.64,84.0,17.0,67.0,10865.0,11391.7,479639.0,82570.0,0.1422,11000.0,10000.0,1100.0,0.0959486670494911,
E06000023,"Bristol, City of",2022,England,South West,worthwhile,7.33,0.211734693877551,6.92,7.75,84.0,17.0,67.0,10865.0,11391.7,479639.0,82570.0,0.1422,11000.0,10000.0,1100.0,0.0959486670494911,
E06000023,"Bristol, City of",2023,England,South West,,,,,,89.0,17.0,72.0,11340.0,11021.7,486376.0,82440.0,0.1732,11500.0,10500.0,900.0,0.0791185564864789,8300.0
E06000024,North Somerset,2016,England,South West,anxiety,2.82,0.1045918367346939,2.61,3.02,31.0,7.0,24.0,1225.0,1245.8,212660.0,38013.0,0.1085,6400.0,6000.0,375.0,0.0598412762576511,4600.0
E06000024,North Somerset,2016,England,South West,happiness,7.57,0.0816326530612245,7.41,7.73,31.0,7.0,24.0,1225.0,1245.8,212660.0,38013.0,0.1085,6400.0,6000.0,375.0,0.0598412762576511,4600.0
E06000024,North Somerset,2016,England,South West,life-satisfaction,7.64,0.0637755102040816,7.52,7.77,31.0,7.0,24.0,1225.0,1245.8,212660.0,38013.0,0.1085,6400.0,6000.0,375.0,0.0598412762576511,4600.0
E06000024,North Somerset,2016,England,South West,worthwhile,7.8,0.0663265306122448,7.67,7.93,31.0,7.0,24.0,1225.0,1245.8,212660.0,38013.0,0.1085,6400.0,6000.0,375.0,0.0598412762576511,4600.0
E06000024,North Somerset,2017,England,South West,anxiety,2.83,0.1045918367346938,2.62,3.03,32.0,7.0,25.0,1660.0,1352.5,213701.0,38168.0,0.112,6300.0,5900.0,300.0,0.0497474708881744,4500.0
E06000024,North Somerset,2017,England,South West,happiness,7.43,0.0765306122448979,7.28,7.58,32.0,7.0,25.0,1660.0,1352.5,213701.0,38168.0,0.112,6300.0,5900.0,300.0,0.0497474708881744,4500.0
E06000024,North Somerset,2017,England,South West,life-satisfaction,7.6,0.0637755102040816,7.47,7.72,32.0,7.0,25.0,1660.0,1352.5,213701.0,38168.0,0.112,6300.0,5900.0,300.0,0.0497474708881744,4500.0
E06000024,North Somerset,2017,England,South West,worthwhile,7.78,0.0663265306122448,7.65,7.91,32.0,7.0,25.0,1660.0,1352.5,213701.0,38168.0,0.112,6300.0,5900.0,300.0,0.0497474708881744,4500.0
E06000024,North Somerset,2018,England,South West,anxiety,2.75,0.1020408163265307,2.55,2.95,32.0,7.0,25.0,2260.0,2060.8,214360.0,38192.0,0.1135,5600.0,5400.0,350.0,0.0606047325125158,4200.0
E06000024,North Somerset,2018,England,South West,happiness,7.71,0.0714285714285712,7.57,7.85,32.0,7.0,25.0,2260.0,2060.8,214360.0,38192.0,0.1135,5600.0,5400.0,350.0,0.0606047325125158,4200.0
E06000024,North Somerset,2018,England,South West,life-satisfaction,7.87,0.0637755102040816,7.75,8.0,32.0,7.0,25.0,2260.0,2060.8,214360.0,38192.0,0.1135,5600.0,5400.0,350.0,0.0606047325125158,4200.0
E06000024,North Somerset,2018,England,South West,worthwhile,8.0,0.0637755102040818,7.88,8.13,32.0,7.0,25.0,2260.0,2060.8,214360.0,38192.0,0.1135,5600.0,5400.0,350.0,0.0606047325125158,4200.0
E06000024,North Somerset,2019,England,South West,anxiety,3.12,0.1198979591836735,2.88,3.35,31.0,7.0,24.0,2615.0,2519.2,215540.0,38326.0,0.1182,5600.0,5300.0,325.0,0.0583983709879186,4200.0
E06000024,North Somerset,2019,England,South West,happiness,7.53,0.0867346938775509,7.36,7.7,31.0,7.0,24.0,2615.0,2519.2,215540.0,38326.0,0.1182,5600.0,5300.0,325.0,0.0583983709879186,4200.0
E06000024,North Somerset,2019,England,South West,life-satisfaction,7.73,0.0790816326530611,7.57,7.88,31.0,7.0,24.0,2615.0,2519.2,215540.0,38326.0,0.1182,5600.0,5300.0,325.0,0.0583983709879186,4200.0
E06000024,North Somerset,2019,England,South West,worthwhile,7.99,0.0663265306122446,7.86,8.12,31.0,7.0,24.0,2615.0,2519.2,215540.0,38326.0,0.1182,5600.0,5300.0,325.0,0.0583983709879186,4200.0
E06000024,North Somerset,2020,England,South West,anxiety,3.34,0.1301020408163264,3.08,3.59,31.0,7.0,24.0,5645.0,4990.0,215850.0,38200.0,0.1232,5800.0,5400.0,450.0,0.0791036162145715,4300.0
E06000024,North Somerset,2020,England,South West,happiness,7.24,0.1020408163265307,7.04,7.44,31.0,7.0,24.0,5645.0,4990.0,215850.0,38200.0,0.1232,5800.0,5400.0,450.0,0.0791036162145715,4300.0
E06000024,North Somerset,2020,England,South West,life-satisfaction,7.34,0.0841836734693877,7.18,7.51,31.0,7.0,24.0,5645.0,4990.0,215850.0,38200.0,0.1232,5800.0,5400.0,450.0,0.0791036162145715,4300.0
E06000024,North Somerset,2020,England,South West,worthwhile,7.73,0.0739795918367347,7.58,7.87,31.0,7.0,24.0,5645.0,4990.0,215850.0,38200.0,0.1232,5800.0,5400.0,450.0,0.0791036162145715,4300.0
E06000024,North Somerset,2021,England,South West,anxiety,3.14,0.1428571428571428,2.86,3.42,32.0,8.0,24.0,3645.0,4723.8,217385.0,38140.0,0.1281,5500.0,5000.0,,,4000.0
E06000024,North Somerset,2021,England,South West,happiness,7.53,0.1096938775510205,7.31,7.74,32.0,8.0,24.0,3645.0,4723.8,217385.0,38140.0,0.1281,5500.0,5000.0,,,4000.0
E06000024,North Somerset,2021,England,South West,life-satisfaction,7.59,0.1020408163265307,7.39,7.79,32.0,8.0,24.0,3645.0,4723.8,217385.0,38140.0,0.1281,5500.0,5000.0,,,4000.0
E06000024,North Somerset,2021,England,South West,worthwhile,7.94,0.0943877551020406,7.75,8.12,32.0,8.0,24.0,3645.0,4723.8,217385.0,38140.0,0.1281,5500.0,5000.0,,,4000.0
E06000024,North Somerset,2022,England,South West,anxiety,2.89,0.1811224489795919,2.53,3.24,32.0,8.0,24.0,2915.0,3089.6,219064.0,38508.0,0.1422,5500.0,5000.0,700.0,0.1220063227527016,4100.0
E06000024,North Somerset,2022,England,South West,happiness,7.6,0.1224489795918366,7.36,7.84,32.0,8.0,24.0,2915.0,3089.6,219064.0,38508.0,0.1422,5500.0,5000.0,700.0,0.1220063227527016,4100.0
E06000024,North Somerset,2022,England,South West,life-satisfaction,7.62,0.1096938775510203,7.41,7.84,32.0,8.0,24.0,2915.0,3089.6,219064.0,38508.0,0.1422,5500.0,5000.0,700.0,0.1220063227527016,4100.0
E06000024,North Somerset,2022,England,South West,worthwhile,7.89,0.1224489795918368,7.65,8.13,32.0,8.0,24.0,2915.0,3089.6,219064.0,38508.0,0.1422,5500.0,5000.0,700.0,0.1220063227527016,4100.0
E06000024,North Somerset,2023,England,South West,,,,,,34.0,8.0,26.0,3145.0,2979.2,221927.0,38924.0,0.1732,5900.0,5500.0,450.0,0.0775908181670758,4500.0
E06000025,South Gloucestershire,2016,England,South West,anxiety,2.81,0.1071428571428571,2.6,3.02,36.0,6.0,30.0,1485.0,1541.7,275808.0,50973.0,0.1085,5700.0,5200.0,,,3800.0
E06000025,South Gloucestershire,2016,England,South West,happiness,7.44,0.0841836734693877,7.28,7.61,36.0,6.0,30.0,1485.0,1541.7,275808.0,50973.0,0.1085,5700.0,5200.0,,,3800.0
E06000025,South Gloucestershire,2016,England,South West,life-satisfaction,7.64,0.0663265306122448,7.51,7.77,36.0,6.0,30.0,1485.0,1541.7,275808.0,50973.0,0.1085,5700.0,5200.0,,,3800.0
E06000025,South Gloucestershire,2016,England,South West,worthwhile,7.79,0.0739795918367347,7.64,7.93,36.0,6.0,30.0,1485.0,1541.7,275808.0,50973.0,0.1085,5700.0,5200.0,,,3800.0
E06000025,South Gloucestershire,2017,England,South West,anxiety,2.69,0.1045918367346939,2.48,2.89,37.0,6.0,31.0,1470.0,1550.0,278379.0,51438.0,0.112,5600.0,5200.0,,,3900.0
E06000025,South Gloucestershire,2017,England,South West,happiness,7.54,0.0841836734693877,7.37,7.7,37.0,6.0,31.0,1470.0,1550.0,278379.0,51438.0,0.112,5600.0,5200.0,,,3900.0
E06000025,South Gloucestershire,2017,England,South West,life-satisfaction,7.81,0.0637755102040816,7.68,7.93,37.0,6.0,31.0,1470.0,1550.0,278379.0,51438.0,0.112,5600.0,5200.0,,,3900.0
E06000025,South Gloucestershire,2017,England,South West,worthwhile,7.85,0.0714285714285715,7.71,7.99,37.0,6.0,31.0,1470.0,1550.0,278379.0,51438.0,0.112,5600.0,5200.0,,,3900.0
E06000025,South Gloucestershire,2018,England,South West,anxiety,2.86,0.1122448979591836,2.64,3.08,39.0,8.0,31.0,1515.0,1511.2,281719.0,52033.0,0.1135,5800.0,5500.0,,,4000.0
E06000025,South Gloucestershire,2018,England,South West,happiness,7.51,0.0918367346938776,7.33,7.69,39.0,8.0,31.0,1515.0,1511.2,281719.0,52033.0,0.1135,5800.0,5500.0,,,4000.0
E06000025,South Gloucestershire,2018,England,South West,life-satisfaction,7.74,0.0663265306122448,7.61,7.87,39.0,8.0,31.0,1515.0,1511.2,281719.0,52033.0,0.1135,5800.0,5500.0,,,4000.0
E06000025,South Gloucestershire,2018,England,South West,worthwhile,7.9,0.0663265306122448,7.77,8.03,39.0,8.0,31.0,1515.0,1511.2,281719.0,52033.0,0.1135,5800.0,5500.0,,,4000.0
E06000025,South Gloucestershire,2019,England,South West,anxiety,2.89,0.1173469387755102,2.66,3.12,39.0,8.0,31.0,2440.0,2182.9,284563.0,52441.0,0.1182,6400.0,6000.0,,,4500.0
E06000025,South Gloucestershire,2019,England,South West,happiness,7.54,0.0841836734693877,7.38,7.71,39.0,8.0,31.0,2440.0,2182.9,284563.0,52441.0,0.1182,6400.0,6000.0,,,4500.0
E06000025,South Gloucestershire,2019,England,South West,life-satisfaction,7.65,0.0637755102040816,7.53,7.78,39.0,8.0,31.0,2440.0,2182.9,284563.0,52441.0,0.1182,6400.0,6000.0,,,4500.0
E06000025,South Gloucestershire,2019,England,South West,worthwhile,7.82,0.0714285714285715,7.68,7.96,39.0,8.0,31.0,2440.0,2182.9,284563.0,52441.0,0.1182,6400.0,6000.0,,,4500.0
E06000025,South Gloucestershire,2020,England,South West,anxiety,3.29,0.1505102040816326,2.99,3.58,43.0,10.0,33.0,6480.0,5598.3,287182.0,52735.0,0.1232,6800.0,6300.0,,,4800.0
E06000025,South Gloucestershire,2020,England,South West,happiness,7.3,0.1198979591836734,7.07,7.54,43.0,10.0,33.0,6480.0,5598.3,287182.0,52735.0,0.1232,6800.0,6300.0,,,4800.0
E06000025,South Gloucestershire,2020,England,South West,life-satisfaction,7.52,0.0867346938775512,7.35,7.69,43.0,10.0,33.0,6480.0,5598.3,287182.0,52735.0,0.1232,6800.0,6300.0,,,4800.0
E06000025,South Gloucestershire,2020,England,South West,worthwhile,7.67,0.0892857142857141,7.5,7.85,43.0,10.0,33.0,6480.0,5598.3,287182.0,52735.0,0.1232,6800.0,6300.0,,,4800.0
E06000025,South Gloucestershire,2021,England,South West,anxiety,3.0,0.1224489795918368,2.76,3.24,44.0,10.0,34.0,3960.0,5375.4,290886.0,52991.0,0.1281,6200.0,5600.0,,,4400.0
E06000025,South Gloucestershire,2021,England,South West,happiness,7.42,0.1403061224489795,7.15,7.7,44.0,10.0,34.0,3960.0,5375.4,290886.0,52991.0,0.1281,6200.0,5600.0,,,4400.0
E06000025,South Gloucestershire,2021,England,South West,life-satisfaction,7.52,0.1096938775510205,7.3,7.73,44.0,10.0,34.0,3960.0,5375.4,290886.0,52991.0,0.1281,6200.0,5600.0,,,4400.0
E06000025,South Gloucestershire,2021,England,South West,worthwhile,7.68,0.1147959183673469,7.46,7.91,44.0,10.0,34.0,3960.0,5375.4,290886.0,52991.0,0.1281,6200.0,5600.0,,,4400.0
E06000025,South Gloucestershire,2022,England,South West,anxiety,3.14,0.1454081632653061,2.85,3.42,46.0,10.0,36.0,3115.0,3325.0,295391.0,53919.0,0.1422,7000.0,6000.0,,,5000.0
E06000025,South Gloucestershire,2022,England,South West,happiness,7.36,0.1224489795918366,7.12,7.6,46.0,10.0,36.0,3115.0,3325.0,295391.0,53919.0,0.1422,7000.0,6000.0,,,5000.0
E06000025,South Gloucestershire,2022,England,South West,life-satisfaction,7.65,0.0790816326530611,7.49,7.8,46.0,10.0,36.0,3115.0,3325.0,295391.0,53919.0,0.1422,7000.0,6000.0,,,5000.0
E06000025,South Gloucestershire,2022,England,South West,worthwhile,7.83,0.0867346938775509,7.66,8.0,46.0,10.0,36.0,3115.0,3325.0,295391.0,53919.0,0.1422,7000.0,6000.0,,,5000.0
E06000025,South Gloucestershire,2023,England,South West,,,,,,51.0,10.0,41.0,3200.0,3155.4,300435.0,54976.0,0.1732,7700.0,6500.0,400.0,0.0594935083364381,5500.0
E06000026,Plymouth,2016,England,South West,anxiety,2.97,0.1173469387755102,2.74,3.2,32.0,8.0,24.0,3475.0,3690.8,264440.0,46111.0,0.1085,7000.0,6600.0,,,5100.0
E06000026,Plymouth,2016,England,South West,happiness,7.45,0.0867346938775509,7.28,7.62,32.0,8.0,24.0,3475.0,3690.8,264440.0,46111.0,0.1085,7000.0,6600.0,,,5100.0
E06000026,Plymouth,2016,England,South West,life-satisfaction,7.78,0.0612244897959184,7.66,7.9,32.0,8.0,24.0,3475.0,3690.8,264440.0,46111.0,0.1085,7000.0,6600.0,,,5100.0
E06000026,Plymouth,2016,England,South West,worthwhile,7.91,0.0637755102040814,7.79,8.04,32.0,8.0,24.0,3475.0,3690.8,264440.0,46111.0,0.1085,7000.0,6600.0,,,5100.0
E06000026,Plymouth,2017,England,South West,anxiety,2.97,0.1301020408163266,2.71,3.22,34.0,9.0,25.0,3390.0,3595.8,265294.0,46458.0,0.112,6500.0,6100.0,,,4600.0
E06000026,Plymouth,2017,England,South West,happiness,7.56,0.0790816326530611,7.41,7.72,34.0,9.0,25.0,3390.0,3595.8,265294.0,46458.0,0.112,6500.0,6100.0,,,4600.0
E06000026,Plymouth,2017,England,South West,life-satisfaction,7.76,0.0637755102040816,7.63,7.88,34.0,9.0,25.0,3390.0,3595.8,265294.0,46458.0,0.112,6500.0,6100.0,,,4600.0
E06000026,Plymouth,2017,England,South West,worthwhile,7.98,0.0714285714285712,7.84,8.12,34.0,9.0,25.0,3390.0,3595.8,265294.0,46458.0,0.112,6500.0,6100.0,,,4600.0
E06000026,Plymouth,2018,England,South West,anxiety,3.03,0.1147959183673468,2.81,3.26,35.0,10.0,25.0,5120.0,4400.0,265689.0,46658.0,0.1135,6500.0,6000.0,,,4800.0
E06000026,Plymouth,2018,England,South West,happiness,7.51,0.0918367346938776,7.33,7.69,35.0,10.0,25.0,5120.0,4400.0,265689.0,46658.0,0.1135,6500.0,6000.0,,,4800.0
E06000026,Plymouth,2018,England,South West,life-satisfaction,7.67,0.0765306122448981,7.52,7.82,35.0,10.0,25.0,5120.0,4400.0,265689.0,46658.0,0.1135,6500.0,6000.0,,,4800.0
E06000026,Plymouth,2018,England,South West,worthwhile,7.77,0.0816326530612243,7.61,7.93,35.0,10.0,25.0,5120.0,4400.0,265689.0,46658.0,0.1135,6500.0,6000.0,,,4800.0
E06000026,Plymouth,2019,England,South West,anxiety,3.04,0.1224489795918367,2.8,3.28,35.0,10.0,25.0,5405.0,5371.2,265041.0,46750.0,0.1182,6700.0,6100.0,,,5000.0
E06000026,Plymouth,2019,England,South West,happiness,7.56,0.0892857142857144,7.39,7.74,35.0,10.0,25.0,5405.0,5371.2,265041.0,46750.0,0.1182,6700.0,6100.0,,,5000.0
E06000026,Plymouth,2019,England,South West,life-satisfaction,7.68,0.0714285714285715,7.54,7.82,35.0,10.0,25.0,5405.0,5371.2,265041.0,46750.0,0.1182,6700.0,6100.0,,,5000.0
E06000026,Plymouth,2019,England,South West,worthwhile,7.74,0.0765306122448979,7.59,7.89,35.0,10.0,25.0,5405.0,5371.2,265041.0,46750.0,0.1182,6700.0,6100.0,,,5000.0
E06000026,Plymouth,2020,England,South West,anxiety,3.32,0.1709183673469387,2.99,3.66,34.0,10.0,24.0,9895.0,9201.2,264830.0,46677.0,0.1232,7000.0,6300.0,,,5300.0
E06000026,Plymouth,2020,England,South West,happiness,7.44,0.1071428571428571,7.23,7.65,34.0,10.0,24.0,9895.0,9201.2,264830.0,46677.0,0.1232,7000.0,6300.0,,,5300.0
E06000026,Plymouth,2020,England,South West,life-satisfaction,7.56,0.1096938775510203,7.34,7.77,34.0,10.0,24.0,9895.0,9201.2,264830.0,46677.0,0.1232,7000.0,6300.0,,,5300.0
E06000026,Plymouth,2020,England,South West,worthwhile,7.75,0.0994897959183675,7.56,7.95,34.0,10.0,24.0,9895.0,9201.2,264830.0,46677.0,0.1232,7000.0,6300.0,,,5300.0
E06000026,Plymouth,2021,England,South West,anxiety,2.88,0.1505102040816327,2.59,3.18,35.0,11.0,24.0,6795.0,8564.2,264768.0,46083.0,0.1281,6600.0,6000.0,,,5100.0
E06000026,Plymouth,2021,England,South West,happiness,7.53,0.1122448979591837,7.31,7.75,35.0,11.0,24.0,6795.0,8564.2,264768.0,46083.0,0.1281,6600.0,6000.0,,,5100.0
E06000026,Plymouth,2021,England,South West,life-satisfaction,7.4,0.1020408163265304,7.2,7.6,35.0,11.0,24.0,6795.0,8564.2,264768.0,46083.0,0.1281,6600.0,6000.0,,,5100.0
E06000026,Plymouth,2021,England,South West,worthwhile,7.6,0.0918367346938776,7.42,7.78,35.0,11.0,24.0,6795.0,8564.2,264768.0,46083.0,0.1281,6600.0,6000.0,,,5100.0
E06000026,Plymouth,2022,England,South West,anxiety,3.23,0.2015306122448979,2.83,3.62,37.0,11.0,26.0,5445.0,5772.5,267507.0,46160.0,0.1422,6600.0,6200.0,,,5000.0
E06000026,Plymouth,2022,England,South West,happiness,7.71,0.1122448979591835,7.49,7.93,37.0,11.0,26.0,5445.0,5772.5,267507.0,46160.0,0.1422,6600.0,6200.0,,,5000.0
E06000026,Plymouth,2022,England,South West,life-satisfaction,7.45,0.1020408163265307,7.25,7.65,37.0,11.0,26.0,5445.0,5772.5,267507.0,46160.0,0.1422,6600.0,6200.0,,,5000.0
E06000026,Plymouth,2022,England,South West,worthwhile,7.72,0.1147959183673469,7.5,7.95,37.0,11.0,26.0,5445.0,5772.5,267507.0,46160.0,0.1422,6600.0,6200.0,,,5000.0
E06000026,Plymouth,2023,England,South West,,,,,,39.0,11.0,28.0,5625.0,5497.9,270605.0,46373.0,0.1732,7100.0,6600.0,150.0,0.0230482810198838,5500.0
E06000027,Torbay,2016,England,South West,anxiety,2.83,0.1020408163265305,2.63,3.03,22.0,3.0,19.0,1500.0,1509.6,136172.0,22571.0,0.1085,4900.0,4600.0,200.0,0.0424525759193469,3400.0
E06000027,Torbay,2016,England,South West,happiness,7.55,0.0816326530612245,7.39,7.71,22.0,3.0,19.0,1500.0,1509.6,136172.0,22571.0,0.1085,4900.0,4600.0,200.0,0.0424525759193469,3400.0
E06000027,Torbay,2016,England,South West,life-satisfaction,7.71,0.0637755102040816,7.59,7.84,22.0,3.0,19.0,1500.0,1509.6,136172.0,22571.0,0.1085,4900.0,4600.0,200.0,0.0424525759193469,3400.0
E06000027,Torbay,2016,England,South West,worthwhile,8.01,0.0612244897959186,7.89,8.13,22.0,3.0,19.0,1500.0,1509.6,136172.0,22571.0,0.1085,4900.0,4600.0,200.0,0.0424525759193469,3400.0
E06000027,Torbay,2017,England,South West,anxiety,3.04,0.1173469387755102,2.81,3.27,22.0,3.0,19.0,1620.0,1555.0,137329.0,22784.0,0.112,4800.0,4500.0,150.0,0.0348281927867745,3400.0
E06000027,Torbay,2017,England,South West,happiness,7.46,0.0765306122448981,7.31,7.61,22.0,3.0,19.0,1620.0,1555.0,137329.0,22784.0,0.112,4800.0,4500.0,150.0,0.0348281927867745,3400.0
E06000027,Torbay,2017,England,South West,life-satisfaction,7.57,0.068877551020408,7.44,7.71,22.0,3.0,19.0,1620.0,1555.0,137329.0,22784.0,0.112,4800.0,4500.0,150.0,0.0348281927867745,3400.0
E06000027,Torbay,2017,England,South West,worthwhile,7.89,0.0612244897959184,7.77,8.01,22.0,3.0,19.0,1620.0,1555.0,137329.0,22784.0,0.112,4800.0,4500.0,150.0,0.0348281927867745,3400.0
E06000027,Torbay,2018,England,South West,anxiety,2.88,0.1071428571428571,2.67,3.09,22.0,3.0,19.0,1840.0,1611.7,138100.0,22885.0,0.1135,4800.0,4500.0,225.0,0.045765822354999,3300.0
E06000027,Torbay,2018,England,South West,happiness,7.6,0.0765306122448979,7.45,7.75,22.0,3.0,19.0,1840.0,1611.7,138100.0,22885.0,0.1135,4800.0,4500.0,225.0,0.045765822354999,3300.0
E06000027,Torbay,2018,England,South West,life-satisfaction,7.68,0.0714285714285715,7.54,7.82,22.0,3.0,19.0,1840.0,1611.7,138100.0,22885.0,0.1135,4800.0,4500.0,225.0,0.045765822354999,3300.0
E06000027,Torbay,2018,England,South West,worthwhile,8.05,0.0637755102040816,7.92,8.17,22.0,3.0,19.0,1840.0,1611.7,138100.0,22885.0,0.1135,4800.0,4500.0,225.0,0.045765822354999,3300.0
E06000027,Torbay,2019,England,South West,anxiety,3.07,0.1147959183673469,2.84,3.29,23.0,4.0,19.0,2415.0,2302.9,138754.0,22814.0,0.1182,4800.0,4500.0,225.0,0.0466490623402166,3300.0
E06000027,Torbay,2019,England,South West,happiness,7.54,0.0816326530612245,7.38,7.7,23.0,4.0,19.0,2415.0,2302.9,138754.0,22814.0,0.1182,4800.0,4500.0,225.0,0.0466490623402166,3300.0
E06000027,Torbay,2019,England,South West,life-satisfaction,7.65,0.0765306122448979,7.5,7.8,23.0,4.0,19.0,2415.0,2302.9,138754.0,22814.0,0.1182,4800.0,4500.0,225.0,0.0466490623402166,3300.0
E06000027,Torbay,2019,England,South West,worthwhile,7.98,0.0739795918367349,7.84,8.13,23.0,4.0,19.0,2415.0,2302.9,138754.0,22814.0,0.1182,4800.0,4500.0,225.0,0.0466490623402166,3300.0
E06000027,Torbay,2020,England,South West,anxiety,3.42,0.1301020408163266,3.17,3.68,24.0,5.0,19.0,5455.0,4947.5,138695.0,22517.0,0.1232,4900.0,4600.0,275.0,0.05448153289899,3400.0
E06000027,Torbay,2020,England,South West,happiness,7.41,0.096938775510204,7.22,7.6,24.0,5.0,19.0,5455.0,4947.5,138695.0,22517.0,0.1232,4900.0,4600.0,275.0,0.05448153289899,3400.0
E06000027,Torbay,2020,England,South West,life-satisfaction,7.34,0.0790816326530611,7.19,7.5,24.0,5.0,19.0,5455.0,4947.5,138695.0,22517.0,0.1232,4900.0,4600.0,275.0,0.05448153289899,3400.0
E06000027,Torbay,2020,England,South West,worthwhile,7.69,0.0841836734693877,7.52,7.85,24.0,5.0,19.0,5455.0,4947.5,138695.0,22517.0,0.1232,4900.0,4600.0,275.0,0.05448153289899,3400.0
E06000027,Torbay,2021,England,South West,anxiety,3.07,0.1454081632653062,2.78,3.35,24.0,5.0,19.0,3160.0,4375.0,139440.0,22210.0,0.1281,4600.0,4300.0,350.0,0.0736577574381431,3400.0
E06000027,Torbay,2021,England,South West,happiness,7.42,0.1020408163265307,7.22,7.62,24.0,5.0,19.0,3160.0,4375.0,139440.0,22210.0,0.1281,4600.0,4300.0,350.0,0.0736577574381431,3400.0
E06000027,Torbay,2021,England,South West,life-satisfaction,7.39,0.096938775510204,7.2,7.58,24.0,5.0,19.0,3160.0,4375.0,139440.0,22210.0,0.1281,4600.0,4300.0,350.0,0.0736577574381431,3400.0
E06000027,Torbay,2021,England,South West,worthwhile,7.7,0.096938775510204,7.51,7.89,24.0,5.0,19.0,3160.0,4375.0,139440.0,22210.0,0.1281,4600.0,4300.0,350.0,0.0736577574381431,3400.0
E06000027,Torbay,2022,England,South West,anxiety,3.31,0.1913265306122449,2.93,3.68,25.0,5.0,20.0,2480.0,2707.1,139435.0,22095.0,0.1422,4500.0,4200.0,275.0,0.0625601924893187,3300.0
E06000027,Torbay,2022,England,South West,happiness,7.39,0.1147959183673469,7.16,7.61,25.0,5.0,20.0,2480.0,2707.1,139435.0,22095.0,0.1422,4500.0,4200.0,275.0,0.0625601924893187,3300.0
E06000027,Torbay,2022,England,South West,life-satisfaction,7.42,0.0816326530612245,7.26,7.58,25.0,5.0,20.0,2480.0,2707.1,139435.0,22095.0,0.1422,4500.0,4200.0,275.0,0.0625601924893187,3300.0
E06000027,Torbay,2022,England,South West,worthwhile,7.9,0.0739795918367349,7.76,8.05,25.0,5.0,20.0,2480.0,2707.1,139435.0,22095.0,0.1422,4500.0,4200.0,275.0,0.0625601924893187,3300.0
E06000027,Torbay,2023,England,South West,,,,,,27.0,6.0,21.0,2545.0,2522.1,139744.0,21883.0,0.1732,4600.0,4300.0,200.0,0.0469021629195495,3400.0
E06000030,Swindon,2016,England,South West,anxiety,2.94,0.1147959183673469,2.71,3.16,30.0,6.0,24.0,1640.0,1869.6,224498.0,44840.0,0.1085,3800.0,3300.0,325.0,0.0904858513025873,2600.0
E06000030,Swindon,2016,England,South West,happiness,7.41,0.0918367346938774,7.23,7.59,30.0,6.0,24.0,1640.0,1869.6,224498.0,44840.0,0.1085,3800.0,3300.0,325.0,0.0904858513025873,2600.0
E06000030,Swindon,2016,England,South West,life-satisfaction,7.75,0.0637755102040816,7.62,7.87,30.0,6.0,24.0,1640.0,1869.6,224498.0,44840.0,0.1085,3800.0,3300.0,325.0,0.0904858513025873,2600.0
E06000030,Swindon,2016,England,South West,worthwhile,7.8,0.0586734693877549,7.69,7.92,30.0,6.0,24.0,1640.0,1869.6,224498.0,44840.0,0.1085,3800.0,3300.0,325.0,0.0904858513025873,2600.0
E06000030,Swindon,2017,England,South West,anxiety,2.72,0.1096938775510204,2.5,2.93,30.0,6.0,24.0,2745.0,2473.8,227680.0,45530.0,0.112,4100.0,3600.0,325.0,0.0815175767100566,2800.0
E06000030,Swindon,2017,England,South West,happiness,7.58,0.0790816326530613,7.43,7.74,30.0,6.0,24.0,2745.0,2473.8,227680.0,45530.0,0.112,4100.0,3600.0,325.0,0.0815175767100566,2800.0
E06000030,Swindon,2017,England,South West,life-satisfaction,7.7,0.0637755102040816,7.58,7.83,30.0,6.0,24.0,2745.0,2473.8,227680.0,45530.0,0.112,4100.0,3600.0,325.0,0.0815175767100566,2800.0
E06000030,Swindon,2017,England,South West,worthwhile,7.83,0.0637755102040816,7.71,7.96,30.0,6.0,24.0,2745.0,2473.8,227680.0,45530.0,0.112,4100.0,3600.0,325.0,0.0815175767100566,2800.0
E06000030,Swindon,2018,England,South West,anxiety,2.77,0.1096938775510204,2.55,2.98,30.0,6.0,24.0,3050.0,3083.3,230174.0,45925.0,0.1135,3900.0,3400.0,350.0,0.0915718196308126,2600.0
E06000030,Swindon,2018,England,South West,happiness,7.51,0.0816326530612245,7.35,7.67,30.0,6.0,24.0,3050.0,3083.3,230174.0,45925.0,0.1135,3900.0,3400.0,350.0,0.0915718196308126,2600.0
E06000030,Swindon,2018,England,South West,life-satisfaction,7.63,0.0663265306122448,7.5,7.76,30.0,6.0,24.0,3050.0,3083.3,230174.0,45925.0,0.1135,3900.0,3400.0,350.0,0.0915718196308126,2600.0
E06000030,Swindon,2018,England,South West,worthwhile,7.89,0.068877551020408,7.75,8.02,30.0,6.0,24.0,3050.0,3083.3,230174.0,45925.0,0.1135,3900.0,3400.0,350.0,0.0915718196308126,2600.0
E06000030,Swindon,2019,England,South West,anxiety,3.16,0.1173469387755102,2.93,3.39,31.0,7.0,24.0,3240.0,3339.2,231934.0,46094.0,0.1182,4000.0,3500.0,,,2600.0
E06000030,Swindon,2019,England,South West,happiness,7.49,0.0892857142857141,7.32,7.67,31.0,7.0,24.0,3240.0,3339.2,231934.0,46094.0,0.1182,4000.0,3500.0,,,2600.0
E06000030,Swindon,2019,England,South West,life-satisfaction,7.7,0.0790816326530613,7.55,7.86,31.0,7.0,24.0,3240.0,3339.2,231934.0,46094.0,0.1182,4000.0,3500.0,,,2600.0
E06000030,Swindon,2019,England,South West,worthwhile,7.87,0.0714285714285712,7.73,8.01,31.0,7.0,24.0,3240.0,3339.2,231934.0,46094.0,0.1182,4000.0,3500.0,,,2600.0
E06000030,Swindon,2020,England,South West,anxiety,3.28,0.1530612244897959,2.98,3.58,33.0,8.0,25.0,7825.0,6806.7,232574.0,46209.0,0.1232,3800.0,3400.0,275.0,0.075371631524959,2600.0
E06000030,Swindon,2020,England,South West,happiness,7.21,0.1173469387755102,6.98,7.44,33.0,8.0,25.0,7825.0,6806.7,232574.0,46209.0,0.1232,3800.0,3400.0,275.0,0.075371631524959,2600.0
E06000030,Swindon,2020,England,South West,life-satisfaction,7.28,0.096938775510204,7.09,7.47,33.0,8.0,25.0,7825.0,6806.7,232574.0,46209.0,0.1232,3800.0,3400.0,275.0,0.075371631524959,2600.0
E06000030,Swindon,2020,England,South West,worthwhile,7.65,0.0943877551020408,7.47,7.84,33.0,8.0,25.0,7825.0,6806.7,232574.0,46209.0,0.1232,3800.0,3400.0,275.0,0.075371631524959,2600.0
E06000030,Swindon,2021,England,South West,anxiety,3.25,0.1530612244897958,2.95,3.55,37.0,9.0,28.0,5710.0,7017.5,233760.0,46197.0,0.1281,3600.0,3400.0,425.0,0.1104656122241106,2600.0
E06000030,Swindon,2021,England,South West,happiness,7.5,0.1020408163265307,7.3,7.7,37.0,9.0,28.0,5710.0,7017.5,233760.0,46197.0,0.1281,3600.0,3400.0,425.0,0.1104656122241106,2600.0
E06000030,Swindon,2021,England,South West,life-satisfaction,7.6,0.0892857142857144,7.43,7.78,37.0,9.0,28.0,5710.0,7017.5,233760.0,46197.0,0.1281,3600.0,3400.0,425.0,0.1104656122241106,2600.0
E06000030,Swindon,2021,England,South West,worthwhile,7.85,0.0918367346938774,7.67,8.03,37.0,9.0,28.0,5710.0,7017.5,233760.0,46197.0,0.1281,3600.0,3400.0,425.0,0.1104656122241106,2600.0
E06000030,Swindon,2022,England,South West,anxiety,3.22,0.1734693877551021,2.88,3.56,38.0,9.0,29.0,4490.0,4801.2,236046.0,46729.0,0.1422,3900.0,3600.0,450.0,0.1089055328083613,2900.0
E06000030,Swindon,2022,England,South West,happiness,7.43,0.1377551020408163,7.16,7.7,38.0,9.0,29.0,4490.0,4801.2,236046.0,46729.0,0.1422,3900.0,3600.0,450.0,0.1089055328083613,2900.0
E06000030,Swindon,2022,England,South West,life-satisfaction,7.43,0.0994897959183672,7.24,7.63,38.0,9.0,29.0,4490.0,4801.2,236046.0,46729.0,0.1422,3900.0,3600.0,450.0,0.1089055328083613,2900.0
E06000030,Swindon,2022,England,South West,worthwhile,7.71,0.1096938775510203,7.49,7.92,38.0,9.0,29.0,4490.0,4801.2,236046.0,46729.0,0.1422,3900.0,3600.0,450.0,0.1089055328083613,2900.0
E06000030,Swindon,2023,England,South West,,,,,,41.0,10.0,31.0,4540.0,4465.4,240218.0,47697.0,0.1732,3800.0,3500.0,425.0,0.1096226338010231,2900.0
E06000031,Peterborough,2016,England,East of England,anxiety,2.93,0.1326530612244898,2.67,3.19,24.0,4.0,20.0,1475.0,1770.4,205091.0,45527.0,0.1701,5000.0,4700.0,,,3400.0
E06000031,Peterborough,2016,England,East of England,happiness,7.61,0.0918367346938776,7.43,7.79,24.0,4.0,20.0,1475.0,1770.4,205091.0,45527.0,0.1701,5000.0,4700.0,,,3400.0
E06000031,Peterborough,2016,England,East of England,life-satisfaction,7.61,0.0816326530612243,7.45,7.77,24.0,4.0,20.0,1475.0,1770.4,205091.0,45527.0,0.1701,5000.0,4700.0,,,3400.0
E06000031,Peterborough,2016,England,East of England,worthwhile,7.75,0.0892857142857141,7.58,7.93,24.0,4.0,20.0,1475.0,1770.4,205091.0,45527.0,0.1701,5000.0,4700.0,,,3400.0
E06000031,Peterborough,2017,England,East of England,anxiety,2.74,0.1173469387755103,2.51,2.97,23.0,4.0,19.0,1705.0,1762.1,208237.0,46505.0,0.1777,5100.0,4600.0,,,3600.0
E06000031,Peterborough,2017,England,East of England,happiness,7.48,0.0943877551020408,7.29,7.66,23.0,4.0,19.0,1705.0,1762.1,208237.0,46505.0,0.1777,5100.0,4600.0,,,3600.0
E06000031,Peterborough,2017,England,East of England,life-satisfaction,7.58,0.0714285714285712,7.44,7.72,23.0,4.0,19.0,1705.0,1762.1,208237.0,46505.0,0.1777,5100.0,4600.0,,,3600.0
E06000031,Peterborough,2017,England,East of England,worthwhile,7.8,0.0739795918367347,7.66,7.95,23.0,4.0,19.0,1705.0,1762.1,208237.0,46505.0,0.1777,5100.0,4600.0,,,3600.0
E06000031,Peterborough,2018,England,East of England,anxiety,2.77,0.1224489795918367,2.53,3.01,25.0,5.0,20.0,3425.0,2957.1,211037.0,47400.0,0.184,5700.0,5300.0,,,4100.0
E06000031,Peterborough,2018,England,East of England,happiness,7.59,0.096938775510204,7.4,7.78,25.0,5.0,20.0,3425.0,2957.1,211037.0,47400.0,0.184,5700.0,5300.0,,,4100.0
E06000031,Peterborough,2018,England,East of England,life-satisfaction,7.63,0.0841836734693877,7.46,7.79,25.0,5.0,20.0,3425.0,2957.1,211037.0,47400.0,0.184,5700.0,5300.0,,,4100.0
E06000031,Peterborough,2018,England,East of England,worthwhile,7.84,0.0892857142857141,7.66,8.01,25.0,5.0,20.0,3425.0,2957.1,211037.0,47400.0,0.184,5700.0,5300.0,,,4100.0
E06000031,Peterborough,2019,England,East of England,anxiety,2.98,0.1377551020408163,2.71,3.25,26.0,6.0,20.0,4245.0,3989.2,213026.0,47847.0,0.1918,5200.0,4800.0,,,
E06000031,Peterborough,2019,England,East of England,happiness,7.51,0.0867346938775509,7.34,7.68,26.0,6.0,20.0,4245.0,3989.2,213026.0,47847.0,0.1918,5200.0,4800.0,,,
E06000031,Peterborough,2019,England,East of England,life-satisfaction,7.59,0.0790816326530611,7.44,7.75,26.0,6.0,20.0,4245.0,3989.2,213026.0,47847.0,0.1918,5200.0,4800.0,,,
E06000031,Peterborough,2019,England,East of England,worthwhile,7.8,0.0790816326530611,7.65,7.96,26.0,6.0,20.0,4245.0,3989.2,213026.0,47847.0,0.1918,5200.0,4800.0,,,
E06000031,Peterborough,2020,England,East of England,anxiety,3.47,0.1709183673469387,3.13,3.8,29.0,6.0,23.0,9345.0,8042.9,213718.0,47934.0,0.1999,5500.0,5200.0,,,4100.0
E06000031,Peterborough,2020,England,East of England,happiness,7.29,0.1198979591836734,7.05,7.52,29.0,6.0,23.0,9345.0,8042.9,213718.0,47934.0,0.1999,5500.0,5200.0,,,4100.0
E06000031,Peterborough,2020,England,East of England,life-satisfaction,7.21,0.1071428571428571,7.0,7.42,29.0,6.0,23.0,9345.0,8042.9,213718.0,47934.0,0.1999,5500.0,5200.0,,,4100.0
E06000031,Peterborough,2020,England,East of England,worthwhile,7.69,0.1071428571428571,7.48,7.9,29.0,6.0,23.0,9345.0,8042.9,213718.0,47934.0,0.1999,5500.0,5200.0,,,4100.0
E06000031,Peterborough,2021,England,East of England,anxiety,3.12,0.1785714285714286,2.77,3.47,31.0,7.0,24.0,7445.0,9067.9,216470.0,48221.0,0.2084,5500.0,5100.0,,,3800.0
E06000031,Peterborough,2021,England,East of England,happiness,7.26,0.1403061224489795,6.98,7.53,31.0,7.0,24.0,7445.0,9067.9,216470.0,48221.0,0.2084,5500.0,5100.0,,,3800.0
E06000031,Peterborough,2021,England,East of England,life-satisfaction,7.27,0.1147959183673469,7.04,7.49,31.0,7.0,24.0,7445.0,9067.9,216470.0,48221.0,0.2084,5500.0,5100.0,,,3800.0
E06000031,Peterborough,2021,England,East of England,worthwhile,7.67,0.1198979591836734,7.44,7.91,31.0,7.0,24.0,7445.0,9067.9,216470.0,48221.0,0.2084,5500.0,5100.0,,,3800.0
E06000031,Peterborough,2022,England,East of England,anxiety,3.61,0.1989795918367346,3.22,4.0,32.0,8.0,24.0,6345.0,6668.8,218017.0,49220.0,0.2252,6000.0,5500.0,,,4200.0
E06000031,Peterborough,2022,England,East of England,happiness,7.14,0.1352040816326531,6.87,7.4,32.0,8.0,24.0,6345.0,6668.8,218017.0,49220.0,0.2252,6000.0,5500.0,,,4200.0
E06000031,Peterborough,2022,England,East of England,life-satisfaction,7.25,0.1301020408163264,6.99,7.5,32.0,8.0,24.0,6345.0,6668.8,218017.0,49220.0,0.2252,6000.0,5500.0,,,4200.0
E06000031,Peterborough,2022,England,East of England,worthwhile,7.5,0.125,7.26,7.75,32.0,8.0,24.0,6345.0,6668.8,218017.0,49220.0,0.2252,6000.0,5500.0,,,4200.0
E06000031,Peterborough,2023,England,East of England,,,,,,33.0,8.0,25.0,6920.0,6932.5,221283.0,50486.0,0.2614,6900.0,6200.0,400.0,0.0610798425800821,5400.0
E06000032,Luton,2016,England,East of England,anxiety,2.84,0.1096938775510204,2.63,3.06,18.0,4.0,14.0,2330.0,2516.7,220952.0,52445.0,0.1701,3900.0,3600.0,,,2600.0
E06000032,Luton,2016,England,East of England,happiness,7.52,0.0918367346938776,7.34,7.7,18.0,4.0,14.0,2330.0,2516.7,220952.0,52445.0,0.1701,3900.0,3600.0,,,2600.0
E06000032,Luton,2016,England,East of England,life-satisfaction,7.63,0.0637755102040816,7.5,7.75,18.0,4.0,14.0,2330.0,2516.7,220952.0,52445.0,0.1701,3900.0,3600.0,,,2600.0
E06000032,Luton,2016,England,East of England,worthwhile,7.85,0.0688775510204082,7.71,7.98,18.0,4.0,14.0,2330.0,2516.7,220952.0,52445.0,0.1701,3900.0,3600.0,,,2600.0
E06000032,Luton,2017,England,East of England,anxiety,2.83,0.1071428571428571,2.62,3.04,20.0,4.0,16.0,2495.0,2600.4,220752.0,52787.0,0.1777,4100.0,3800.0,,,2700.0
E06000032,Luton,2017,England,East of England,happiness,7.57,0.0816326530612245,7.41,7.73,20.0,4.0,16.0,2495.0,2600.4,220752.0,52787.0,0.1777,4100.0,3800.0,,,2700.0
E06000032,Luton,2017,England,East of England,life-satisfaction,7.71,0.0663265306122448,7.58,7.84,20.0,4.0,16.0,2495.0,2600.4,220752.0,52787.0,0.1777,4100.0,3800.0,,,2700.0
E06000032,Luton,2017,England,East of England,worthwhile,7.84,0.0637755102040816,7.72,7.97,20.0,4.0,16.0,2495.0,2600.4,220752.0,52787.0,0.1777,4100.0,3800.0,,,2700.0
E06000032,Luton,2018,England,East of England,anxiety,2.44,0.1071428571428571,2.23,2.65,19.0,4.0,15.0,2570.0,2530.8,221532.0,52862.0,0.184,3900.0,3600.0,425.0,0.1064520636782851,2600.0
E06000032,Luton,2018,England,East of England,happiness,7.66,0.0867346938775509,7.49,7.83,19.0,4.0,15.0,2570.0,2530.8,221532.0,52862.0,0.184,3900.0,3600.0,425.0,0.1064520636782851,2600.0
E06000032,Luton,2018,England,East of England,life-satisfaction,7.64,0.0688775510204082,7.51,7.78,19.0,4.0,15.0,2570.0,2530.8,221532.0,52862.0,0.184,3900.0,3600.0,425.0,0.1064520636782851,2600.0
E06000032,Luton,2018,England,East of England,worthwhile,7.96,0.068877551020408,7.82,8.09,19.0,4.0,15.0,2570.0,2530.8,221532.0,52862.0,0.184,3900.0,3600.0,425.0,0.1064520636782851,2600.0
E06000032,Luton,2019,England,East of England,anxiety,2.6,0.1147959183673469,2.38,2.83,19.0,4.0,15.0,4280.0,3607.5,223106.0,52804.0,0.1918,4100.0,3800.0,,,2600.0
E06000032,Luton,2019,England,East of England,happiness,7.65,0.0790816326530611,7.49,7.8,19.0,4.0,15.0,4280.0,3607.5,223106.0,52804.0,0.1918,4100.0,3800.0,,,2600.0
E06000032,Luton,2019,England,East of England,life-satisfaction,7.72,0.0688775510204082,7.59,7.86,19.0,4.0,15.0,4280.0,3607.5,223106.0,52804.0,0.1918,4100.0,3800.0,,,2600.0
E06000032,Luton,2019,England,East of England,worthwhile,7.99,0.0612244897959182,7.87,8.11,19.0,4.0,15.0,4280.0,3607.5,223106.0,52804.0,0.1918,4100.0,3800.0,,,2600.0
E06000032,Luton,2020,England,East of England,anxiety,2.91,0.1556122448979591,2.6,3.21,21.0,5.0,16.0,11440.0,9230.4,224132.0,52997.0,0.1999,4100.0,3900.0,,,2500.0
E06000032,Luton,2020,England,East of England,happiness,7.46,0.1147959183673467,7.23,7.68,21.0,5.0,16.0,11440.0,9230.4,224132.0,52997.0,0.1999,4100.0,3900.0,,,2500.0
E06000032,Luton,2020,England,East of England,life-satisfaction,7.18,0.1045918367346936,6.98,7.39,21.0,5.0,16.0,11440.0,9230.4,224132.0,52997.0,0.1999,4100.0,3900.0,,,2500.0
E06000032,Luton,2020,England,East of England,worthwhile,7.78,0.096938775510204,7.59,7.97,21.0,5.0,16.0,11440.0,9230.4,224132.0,52997.0,0.1999,4100.0,3900.0,,,2500.0
E06000032,Luton,2021,England,East of England,anxiety,2.75,0.1811224489795918,2.4,3.11,23.0,7.0,16.0,9255.0,10957.1,224958.0,52417.0,0.2084,3700.0,3500.0,425.0,0.1090967811315886,2300.0
E06000032,Luton,2021,England,East of England,happiness,7.74,0.1224489795918368,7.5,7.98,23.0,7.0,16.0,9255.0,10957.1,224958.0,52417.0,0.2084,3700.0,3500.0,425.0,0.1090967811315886,2300.0
E06000032,Luton,2021,England,East of England,life-satisfaction,7.67,0.1122448979591835,7.45,7.89,23.0,7.0,16.0,9255.0,10957.1,224958.0,52417.0,0.2084,3700.0,3500.0,425.0,0.1090967811315886,2300.0
E06000032,Luton,2021,England,East of England,worthwhile,7.91,0.1122448979591837,7.69,8.13,23.0,7.0,16.0,9255.0,10957.1,224958.0,52417.0,0.2084,3700.0,3500.0,425.0,0.1090967811315886,2300.0
E06000032,Luton,2022,England,East of England,anxiety,2.64,0.1938775510204082,2.26,3.02,24.0,8.0,16.0,7420.0,8037.1,227546.0,52944.0,0.2252,3700.0,3300.0,550.0,0.1428716137762519,2500.0
E06000032,Luton,2022,England,East of England,happiness,7.64,0.1377551020408163,7.37,7.91,24.0,8.0,16.0,7420.0,8037.1,227546.0,52944.0,0.2252,3700.0,3300.0,550.0,0.1428716137762519,2500.0
E06000032,Luton,2022,England,East of England,life-satisfaction,7.3,0.1096938775510203,7.08,7.51,24.0,8.0,16.0,7420.0,8037.1,227546.0,52944.0,0.2252,3700.0,3300.0,550.0,0.1428716137762519,2500.0
E06000032,Luton,2022,England,East of England,worthwhile,7.95,0.1020408163265307,7.75,8.15,24.0,8.0,16.0,7420.0,8037.1,227546.0,52944.0,0.2252,3700.0,3300.0,550.0,0.1428716137762519,2500.0
E06000032,Luton,2023,England,East of England,,,,,,27.0,8.0,19.0,8355.0,8103.3,233640.0,54001.0,0.2614,4000.0,3700.0,475.0,0.1126739017710875,2900.0
E06000033,Southend-on-Sea,2016,England,East of England,anxiety,2.92,0.1122448979591836,2.7,3.14,27.0,5.0,22.0,2215.0,2187.5,180465.0,34144.0,0.1701,5300.0,4900.0,350.0,0.0682520221564147,3600.0
E06000033,Southend-on-Sea,2016,England,East of England,happiness,7.42,0.0892857142857141,7.24,7.59,27.0,5.0,22.0,2215.0,2187.5,180465.0,34144.0,0.1701,5300.0,4900.0,350.0,0.0682520221564147,3600.0
E06000033,Southend-on-Sea,2016,England,East of England,life-satisfaction,7.62,0.068877551020408,7.48,7.75,27.0,5.0,22.0,2215.0,2187.5,180465.0,34144.0,0.1701,5300.0,4900.0,350.0,0.0682520221564147,3600.0
E06000033,Southend-on-Sea,2016,England,East of England,worthwhile,7.81,0.0688775510204082,7.67,7.94,27.0,5.0,22.0,2215.0,2187.5,180465.0,34144.0,0.1701,5300.0,4900.0,350.0,0.0682520221564147,3600.0
E06000033,Southend-on-Sea,2017,England,East of England,anxiety,2.98,0.1020408163265307,2.78,3.18,27.0,5.0,22.0,2605.0,2362.1,181405.0,34319.0,0.1777,5300.0,4900.0,325.0,0.0609601574027353,3700.0
E06000033,Southend-on-Sea,2017,England,East of England,happiness,7.54,0.0765306122448981,7.39,7.69,27.0,5.0,22.0,2605.0,2362.1,181405.0,34319.0,0.1777,5300.0,4900.0,325.0,0.0609601574027353,3700.0
E06000033,Southend-on-Sea,2017,England,East of England,life-satisfaction,7.63,0.068877551020408,7.49,7.76,27.0,5.0,22.0,2605.0,2362.1,181405.0,34319.0,0.1777,5300.0,4900.0,325.0,0.0609601574027353,3700.0
E06000033,Southend-on-Sea,2017,England,East of England,worthwhile,7.92,0.066326530612245,7.79,8.05,27.0,5.0,22.0,2605.0,2362.1,181405.0,34319.0,0.1777,5300.0,4900.0,325.0,0.0609601574027353,3700.0
E06000033,Southend-on-Sea,2018,England,East of England,anxiety,2.91,0.1096938775510204,2.69,3.12,27.0,5.0,22.0,3780.0,3400.8,181877.0,34650.0,0.184,5500.0,5100.0,450.0,0.0815761066918086,3700.0
E06000033,Southend-on-Sea,2018,England,East of England,happiness,7.6,0.0790816326530611,7.44,7.75,27.0,5.0,22.0,3780.0,3400.8,181877.0,34650.0,0.184,5500.0,5100.0,450.0,0.0815761066918086,3700.0
E06000033,Southend-on-Sea,2018,England,East of England,life-satisfaction,7.64,0.0663265306122448,7.51,7.77,27.0,5.0,22.0,3780.0,3400.8,181877.0,34650.0,0.184,5500.0,5100.0,450.0,0.0815761066918086,3700.0
E06000033,Southend-on-Sea,2018,England,East of England,worthwhile,7.88,0.0663265306122448,7.75,8.01,27.0,5.0,22.0,3780.0,3400.8,181877.0,34650.0,0.184,5500.0,5100.0,450.0,0.0815761066918086,3700.0
E06000033,Southend-on-Sea,2019,England,East of England,anxiety,2.97,0.1147959183673469,2.75,3.2,27.0,5.0,22.0,4075.0,4019.6,182115.0,34672.0,0.1918,5300.0,4900.0,425.0,0.0810573431271696,3700.0
E06000033,Southend-on-Sea,2019,England,East of England,happiness,7.49,0.0765306122448979,7.34,7.64,27.0,5.0,22.0,4075.0,4019.6,182115.0,34672.0,0.1918,5300.0,4900.0,425.0,0.0810573431271696,3700.0
E06000033,Southend-on-Sea,2019,England,East of England,life-satisfaction,7.7,0.0586734693877552,7.59,7.82,27.0,5.0,22.0,4075.0,4019.6,182115.0,34672.0,0.1918,5300.0,4900.0,425.0,0.0810573431271696,3700.0
E06000033,Southend-on-Sea,2019,England,East of England,worthwhile,7.95,0.0637755102040816,7.82,8.07,27.0,5.0,22.0,4075.0,4019.6,182115.0,34672.0,0.1918,5300.0,4900.0,425.0,0.0810573431271696,3700.0
E06000033,Southend-on-Sea,2020,England,East of England,anxiety,3.24,0.1326530612244898,2.98,3.5,29.0,6.0,23.0,8745.0,7481.2,181276.0,34396.0,0.1999,5400.0,4800.0,500.0,0.0980316923790966,3700.0
E06000033,Southend-on-Sea,2020,England,East of England,happiness,7.32,0.0994897959183672,7.13,7.52,29.0,6.0,23.0,8745.0,7481.2,181276.0,34396.0,0.1999,5400.0,4800.0,500.0,0.0980316923790966,3700.0
E06000033,Southend-on-Sea,2020,England,East of England,life-satisfaction,7.32,0.096938775510204,7.13,7.51,29.0,6.0,23.0,8745.0,7481.2,181276.0,34396.0,0.1999,5400.0,4800.0,500.0,0.0980316923790966,3700.0
E06000033,Southend-on-Sea,2020,England,East of England,worthwhile,7.65,0.0918367346938776,7.47,7.83,29.0,6.0,23.0,8745.0,7481.2,181276.0,34396.0,0.1999,5400.0,4800.0,500.0,0.0980316923790966,3700.0
E06000033,Southend-on-Sea,2021,England,East of England,anxiety,3.15,0.1326530612244898,2.89,3.41,30.0,7.0,23.0,6045.0,7509.2,180655.0,34064.0,0.2084,5000.0,4500.0,650.0,0.1256045815330266,3400.0
E06000033,Southend-on-Sea,2021,England,East of England,happiness,7.52,0.1122448979591837,7.3,7.74,30.0,7.0,23.0,6045.0,7509.2,180655.0,34064.0,0.2084,5000.0,4500.0,650.0,0.1256045815330266,3400.0
E06000033,Southend-on-Sea,2021,England,East of England,life-satisfaction,7.55,0.0867346938775509,7.38,7.72,30.0,7.0,23.0,6045.0,7509.2,180655.0,34064.0,0.2084,5000.0,4500.0,650.0,0.1256045815330266,3400.0
E06000033,Southend-on-Sea,2021,England,East of England,worthwhile,7.84,0.0867346938775509,7.67,8.01,30.0,7.0,23.0,6045.0,7509.2,180655.0,34064.0,0.2084,5000.0,4500.0,650.0,0.1256045815330266,3400.0
E06000033,Southend-on-Sea,2022,England,East of England,anxiety,3.24,0.1709183673469387,2.9,3.57,31.0,7.0,24.0,4730.0,5098.8,180810.0,34238.0,0.2252,5100.0,4500.0,475.0,0.0964127314794814,3500.0
E06000033,Southend-on-Sea,2022,England,East of England,happiness,7.31,0.1581632653061224,7.0,7.62,31.0,7.0,24.0,4730.0,5098.8,180810.0,34238.0,0.2252,5100.0,4500.0,475.0,0.0964127314794814,3500.0
E06000033,Southend-on-Sea,2022,England,East of England,life-satisfaction,7.36,0.1020408163265304,7.16,7.56,31.0,7.0,24.0,4730.0,5098.8,180810.0,34238.0,0.2252,5100.0,4500.0,475.0,0.0964127314794814,3500.0
E06000033,Southend-on-Sea,2022,England,East of England,worthwhile,7.77,0.0943877551020408,7.59,7.96,31.0,7.0,24.0,4730.0,5098.8,180810.0,34238.0,0.2252,5100.0,4500.0,475.0,0.0964127314794814,3500.0
E06000033,Southend-on-Sea,2023,England,East of England,,,,,,32.0,7.0,25.0,4820.0,4745.4,182771.0,34655.0,0.2614,5200.0,4700.0,500.0,0.0953921362287982,3700.0
E06000034,Thurrock,2016,England,East of England,anxiety,3.01,0.1249999999999999,2.77,3.26,19.0,2.0,17.0,1975.0,2057.9,168977.0,37636.0,0.1701,2300.0,1700.0,,,1500.0
E06000034,Thurrock,2016,England,East of England,happiness,7.55,0.0943877551020408,7.37,7.74,19.0,2.0,17.0,1975.0,2057.9,168977.0,37636.0,0.1701,2300.0,1700.0,,,1500.0
E06000034,Thurrock,2016,England,East of England,life-satisfaction,7.65,0.0790816326530611,7.49,7.8,19.0,2.0,17.0,1975.0,2057.9,168977.0,37636.0,0.1701,2300.0,1700.0,,,1500.0
E06000034,Thurrock,2016,England,East of England,worthwhile,7.88,0.0765306122448976,7.73,8.03,19.0,2.0,17.0,1975.0,2057.9,168977.0,37636.0,0.1701,2300.0,1700.0,,,1500.0
E06000034,Thurrock,2017,England,East of England,anxiety,3.09,0.125,2.84,3.33,19.0,2.0,17.0,1790.0,1994.6,170966.0,38464.0,0.1777,2300.0,1800.0,,,1500.0
E06000034,Thurrock,2017,England,East of England,happiness,7.53,0.0867346938775509,7.36,7.7,19.0,2.0,17.0,1790.0,1994.6,170966.0,38464.0,0.1777,2300.0,1800.0,,,1500.0
E06000034,Thurrock,2017,England,East of England,life-satisfaction,7.59,0.0714285714285715,7.45,7.73,19.0,2.0,17.0,1790.0,1994.6,170966.0,38464.0,0.1777,2300.0,1800.0,,,1500.0
E06000034,Thurrock,2017,England,East of England,worthwhile,7.86,0.068877551020408,7.73,8.0,19.0,2.0,17.0,1790.0,1994.6,170966.0,38464.0,0.1777,2300.0,1800.0,,,1500.0
E06000034,Thurrock,2018,England,East of England,anxiety,3.07,0.1198979591836734,2.83,3.3,19.0,2.0,17.0,2685.0,2375.0,173113.0,39136.0,0.184,2700.0,2100.0,100.0,0.0497488716250889,1800.0
E06000034,Thurrock,2018,England,East of England,happiness,7.4,0.0841836734693875,7.23,7.56,19.0,2.0,17.0,2685.0,2375.0,173113.0,39136.0,0.184,2700.0,2100.0,100.0,0.0497488716250889,1800.0
E06000034,Thurrock,2018,England,East of England,life-satisfaction,7.53,0.068877551020408,7.4,7.67,19.0,2.0,17.0,2685.0,2375.0,173113.0,39136.0,0.184,2700.0,2100.0,100.0,0.0497488716250889,1800.0
E06000034,Thurrock,2018,England,East of England,worthwhile,7.82,0.0714285714285715,7.68,7.96,19.0,2.0,17.0,2685.0,2375.0,173113.0,39136.0,0.184,2700.0,2100.0,100.0,0.0497488716250889,1800.0
E06000034,Thurrock,2019,England,East of England,anxiety,3.23,0.1326530612244898,2.97,3.49,19.0,2.0,17.0,3280.0,3143.8,174924.0,39648.0,0.1918,2800.0,2400.0,150.0,0.0548325974395584,
E06000034,Thurrock,2019,England,East of England,happiness,7.38,0.0918367346938774,7.2,7.56,19.0,2.0,17.0,3280.0,3143.8,174924.0,39648.0,0.1918,2800.0,2400.0,150.0,0.0548325974395584,
E06000034,Thurrock,2019,England,East of England,life-satisfaction,7.58,0.0765306122448981,7.43,7.73,19.0,2.0,17.0,3280.0,3143.8,174924.0,39648.0,0.1918,2800.0,2400.0,150.0,0.0548325974395584,
E06000034,Thurrock,2019,England,East of England,worthwhile,7.93,0.0739795918367347,7.78,8.07,19.0,2.0,17.0,3280.0,3143.8,174924.0,39648.0,0.1918,2800.0,2400.0,150.0,0.0548325974395584,
E06000034,Thurrock,2020,England,East of England,anxiety,3.12,0.1607142857142857,2.81,3.44,21.0,3.0,18.0,7565.0,6442.5,175803.0,39915.0,0.1999,3000.0,2500.0,225.0,0.0787115691756563,1700.0
E06000034,Thurrock,2020,England,East of England,happiness,7.6,0.1122448979591837,7.38,7.82,21.0,3.0,18.0,7565.0,6442.5,175803.0,39915.0,0.1999,3000.0,2500.0,225.0,0.0787115691756563,1700.0
E06000034,Thurrock,2020,England,East of England,life-satisfaction,7.42,0.096938775510204,7.23,7.61,21.0,3.0,18.0,7565.0,6442.5,175803.0,39915.0,0.1999,3000.0,2500.0,225.0,0.0787115691756563,1700.0
E06000034,Thurrock,2020,England,East of England,worthwhile,7.89,0.0943877551020408,7.71,8.08,21.0,3.0,18.0,7565.0,6442.5,175803.0,39915.0,0.1999,3000.0,2500.0,225.0,0.0787115691756563,1700.0
E06000034,Thurrock,2021,England,East of England,anxiety,2.96,0.1556122448979591,2.65,3.26,21.0,3.0,18.0,4905.0,6606.7,175933.0,39536.0,0.2084,2600.0,2100.0,,,1600.0
E06000034,Thurrock,2021,England,East of England,happiness,7.5,0.1403061224489795,7.23,7.78,21.0,3.0,18.0,4905.0,6606.7,175933.0,39536.0,0.2084,2600.0,2100.0,,,1600.0
E06000034,Thurrock,2021,England,East of England,life-satisfaction,7.61,0.1147959183673469,7.38,7.83,21.0,3.0,18.0,4905.0,6606.7,175933.0,39536.0,0.2084,2600.0,2100.0,,,1600.0
E06000034,Thurrock,2021,England,East of England,worthwhile,7.77,0.1301020408163264,7.51,8.02,21.0,3.0,18.0,4905.0,6606.7,175933.0,39536.0,0.2084,2600.0,2100.0,,,1600.0
E06000034,Thurrock,2022,England,East of England,anxiety,3.35,0.1556122448979592,3.05,3.66,21.0,3.0,18.0,4175.0,4322.9,176778.0,40083.0,0.2252,2600.0,2200.0,275.0,0.1165323752872576,1700.0
E06000034,Thurrock,2022,England,East of England,happiness,7.51,0.1147959183673469,7.29,7.74,21.0,3.0,18.0,4175.0,4322.9,176778.0,40083.0,0.2252,2600.0,2200.0,275.0,0.1165323752872576,1700.0
E06000034,Thurrock,2022,England,East of England,life-satisfaction,7.64,0.0943877551020408,7.46,7.83,21.0,3.0,18.0,4175.0,4322.9,176778.0,40083.0,0.2252,2600.0,2200.0,275.0,0.1165323752872576,1700.0
E06000034,Thurrock,2022,England,East of England,worthwhile,7.81,0.1045918367346936,7.61,8.02,21.0,3.0,18.0,4175.0,4322.9,176778.0,40083.0,0.2252,2600.0,2200.0,275.0,0.1165323752872576,1700.0
E06000034,Thurrock,2023,England,East of England,,,,,,21.0,3.0,18.0,4630.0,4439.6,179280.0,40727.0,0.2614,2900.0,2500.0,275.0,0.0982287007410742,2000.0
E06000035,Medway,2016,England,South East,anxiety,3.17,0.1122448979591836,2.95,3.39,24.0,2.0,22.0,3345.0,3533.3,277504.0,55871.0,0.1849,5100.0,4900.0,,,3400.0
E06000035,Medway,2016,England,South East,happiness,7.34,0.0994897959183672,7.15,7.54,24.0,2.0,22.0,3345.0,3533.3,277504.0,55871.0,0.1849,5100.0,4900.0,,,3400.0
E06000035,Medway,2016,England,South East,life-satisfaction,7.58,0.0739795918367347,7.43,7.72,24.0,2.0,22.0,3345.0,3533.3,277504.0,55871.0,0.1849,5100.0,4900.0,,,3400.0
E06000035,Medway,2016,England,South East,worthwhile,7.79,0.068877551020408,7.65,7.92,24.0,2.0,22.0,3345.0,3533.3,277504.0,55871.0,0.1849,5100.0,4900.0,,,3400.0
E06000035,Medway,2017,England,South East,anxiety,3.06,0.1198979591836734,2.83,3.3,25.0,2.0,23.0,3245.0,3371.7,278652.0,56363.0,0.1907,5600.0,5400.0,,,3700.0
E06000035,Medway,2017,England,South East,happiness,7.45,0.0918367346938776,7.27,7.63,25.0,2.0,23.0,3245.0,3371.7,278652.0,56363.0,0.1907,5600.0,5400.0,,,3700.0
E06000035,Medway,2017,England,South East,life-satisfaction,7.63,0.0765306122448979,7.48,7.78,25.0,2.0,23.0,3245.0,3371.7,278652.0,56363.0,0.1907,5600.0,5400.0,,,3700.0
E06000035,Medway,2017,England,South East,worthwhile,7.84,0.0790816326530613,7.68,7.99,25.0,2.0,23.0,3245.0,3371.7,278652.0,56363.0,0.1907,5600.0,5400.0,,,3700.0
E06000035,Medway,2018,England,South East,anxiety,3.23,0.1198979591836735,3.0,3.47,26.0,3.0,23.0,4095.0,3550.0,278827.0,56634.0,0.1952,5700.0,5400.0,,,
E06000035,Medway,2018,England,South East,happiness,7.45,0.096938775510204,7.26,7.64,26.0,3.0,23.0,4095.0,3550.0,278827.0,56634.0,0.1952,5700.0,5400.0,,,
E06000035,Medway,2018,England,South East,life-satisfaction,7.51,0.0790816326530611,7.36,7.67,26.0,3.0,23.0,4095.0,3550.0,278827.0,56634.0,0.1952,5700.0,5400.0,,,
E06000035,Medway,2018,England,South East,worthwhile,7.82,0.0790816326530611,7.66,7.97,26.0,3.0,23.0,4095.0,3550.0,278827.0,56634.0,0.1952,5700.0,5400.0,,,
E06000035,Medway,2019,England,South East,anxiety,3.17,0.1454081632653062,2.88,3.45,26.0,3.0,23.0,5490.0,5073.3,279852.0,56977.0,0.2024,5700.0,5300.0,,,3700.0
E06000035,Medway,2019,England,South East,happiness,7.55,0.096938775510204,7.36,7.74,26.0,3.0,23.0,5490.0,5073.3,279852.0,56977.0,0.2024,5700.0,5300.0,,,3700.0
E06000035,Medway,2019,England,South East,life-satisfaction,7.7,0.0943877551020408,7.52,7.89,26.0,3.0,23.0,5490.0,5073.3,279852.0,56977.0,0.2024,5700.0,5300.0,,,3700.0
E06000035,Medway,2019,England,South East,worthwhile,7.84,0.0943877551020406,7.65,8.02,26.0,3.0,23.0,5490.0,5073.3,279852.0,56977.0,0.2024,5700.0,5300.0,,,3700.0
E06000035,Medway,2020,England,South East,anxiety,3.43,0.1607142857142858,3.11,3.74,28.0,4.0,24.0,11695.0,10124.2,280364.0,56991.0,0.2086,5700.0,5300.0,,,3900.0
E06000035,Medway,2020,England,South East,happiness,7.31,0.1326530612244899,7.05,7.57,28.0,4.0,24.0,11695.0,10124.2,280364.0,56991.0,0.2086,5700.0,5300.0,,,3900.0
E06000035,Medway,2020,England,South East,life-satisfaction,7.47,0.1020408163265307,7.27,7.67,28.0,4.0,24.0,11695.0,10124.2,280364.0,56991.0,0.2086,5700.0,5300.0,,,3900.0
E06000035,Medway,2020,England,South East,worthwhile,7.81,0.0943877551020408,7.63,8.0,28.0,4.0,24.0,11695.0,10124.2,280364.0,56991.0,0.2086,5700.0,5300.0,,,3900.0
E06000035,Medway,2021,England,South East,anxiety,3.33,0.163265306122449,3.01,3.65,28.0,4.0,24.0,8625.0,10544.2,279903.0,57046.0,0.2149,5500.0,5100.0,,,3900.0
E06000035,Medway,2021,England,South East,happiness,7.37,0.1275510204081632,7.12,7.62,28.0,4.0,24.0,8625.0,10544.2,279903.0,57046.0,0.2149,5500.0,5100.0,,,3900.0
E06000035,Medway,2021,England,South East,life-satisfaction,7.38,0.1020408163265307,7.18,7.58,28.0,4.0,24.0,8625.0,10544.2,279903.0,57046.0,0.2149,5500.0,5100.0,,,3900.0
E06000035,Medway,2021,England,South East,worthwhile,7.66,0.1045918367346939,7.46,7.87,28.0,4.0,24.0,8625.0,10544.2,279903.0,57046.0,0.2149,5500.0,5100.0,,,3900.0
E06000035,Medway,2022,England,South East,anxiety,3.29,0.1709183673469387,2.95,3.62,30.0,5.0,25.0,6485.0,7116.2,282750.0,58120.0,0.2329,5600.0,5100.0,,,4000.0
E06000035,Medway,2022,England,South East,happiness,7.29,0.1275510204081632,7.04,7.54,30.0,5.0,25.0,6485.0,7116.2,282750.0,58120.0,0.2329,5600.0,5100.0,,,4000.0
E06000035,Medway,2022,England,South East,life-satisfaction,7.29,0.0994897959183675,7.1,7.49,30.0,5.0,25.0,6485.0,7116.2,282750.0,58120.0,0.2329,5600.0,5100.0,,,4000.0
E06000035,Medway,2022,England,South East,worthwhile,7.8,0.0918367346938776,7.62,7.98,30.0,5.0,25.0,6485.0,7116.2,282750.0,58120.0,0.2329,5600.0,5100.0,,,4000.0
E06000035,Medway,2023,England,South East,,,,,,36.0,5.0,31.0,6770.0,6713.3,288003.0,59881.0,0.268,6200.0,5500.0,350.0,0.0610602673809283,4600.0
E06000036,Bracknell Forest,2016,England,South East,anxiety,3.0,0.1147959183673469,2.78,3.23,12.0,2.0,10.0,570.0,613.8,119553.0,24355.0,0.1849,1600.0,1500.0,,,1100.0
E06000036,Bracknell Forest,2016,England,South East,happiness,7.57,0.0841836734693877,7.4,7.73,12.0,2.0,10.0,570.0,613.8,119553.0,24355.0,0.1849,1600.0,1500.0,,,1100.0
E06000036,Bracknell Forest,2016,England,South East,life-satisfaction,7.78,0.0612244897959184,7.66,7.9,12.0,2.0,10.0,570.0,613.8,119553.0,24355.0,0.1849,1600.0,1500.0,,,1100.0
E06000036,Bracknell Forest,2016,England,South East,worthwhile,7.94,0.0586734693877552,7.82,8.05,12.0,2.0,10.0,570.0,613.8,119553.0,24355.0,0.1849,1600.0,1500.0,,,1100.0
E06000036,Bracknell Forest,2017,England,South East,anxiety,2.95,0.1122448979591836,2.73,3.17,14.0,2.0,12.0,520.0,604.2,120164.0,24197.0,0.1907,1900.0,1800.0,,,1400.0
E06000036,Bracknell Forest,2017,England,South East,happiness,7.54,0.0892857142857141,7.37,7.72,14.0,2.0,12.0,520.0,604.2,120164.0,24197.0,0.1907,1900.0,1800.0,,,1400.0
E06000036,Bracknell Forest,2017,England,South East,life-satisfaction,7.82,0.0688775510204082,7.68,7.95,14.0,2.0,12.0,520.0,604.2,120164.0,24197.0,0.1907,1900.0,1800.0,,,1400.0
E06000036,Bracknell Forest,2017,England,South East,worthwhile,7.91,0.0688775510204082,7.78,8.05,14.0,2.0,12.0,520.0,604.2,120164.0,24197.0,0.1907,1900.0,1800.0,,,1400.0
E06000036,Bracknell Forest,2018,England,South East,anxiety,2.76,0.1173469387755103,2.53,2.99,14.0,2.0,12.0,860.0,642.1,121046.0,24342.0,0.1952,1800.0,1700.0,,,1300.0
E06000036,Bracknell Forest,2018,England,South East,happiness,7.65,0.0816326530612243,7.49,7.81,14.0,2.0,12.0,860.0,642.1,121046.0,24342.0,0.1952,1800.0,1700.0,,,1300.0
E06000036,Bracknell Forest,2018,England,South East,life-satisfaction,7.78,0.0637755102040816,7.66,7.91,14.0,2.0,12.0,860.0,642.1,121046.0,24342.0,0.1952,1800.0,1700.0,,,1300.0
E06000036,Bracknell Forest,2018,England,South East,worthwhile,7.95,0.0586734693877552,7.84,8.07,14.0,2.0,12.0,860.0,642.1,121046.0,24342.0,0.1952,1800.0,1700.0,,,1300.0
E06000036,Bracknell Forest,2019,England,South East,anxiety,3.15,0.1147959183673469,2.92,3.37,14.0,2.0,12.0,1180.0,1059.6,121660.0,24285.0,0.2024,1800.0,1700.0,,,1400.0
E06000036,Bracknell Forest,2019,England,South East,happiness,7.53,0.0867346938775509,7.36,7.7,14.0,2.0,12.0,1180.0,1059.6,121660.0,24285.0,0.2024,1800.0,1700.0,,,1400.0
E06000036,Bracknell Forest,2019,England,South East,life-satisfaction,7.63,0.0714285714285712,7.49,7.77,14.0,2.0,12.0,1180.0,1059.6,121660.0,24285.0,0.2024,1800.0,1700.0,,,1400.0
E06000036,Bracknell Forest,2019,England,South East,worthwhile,7.77,0.0739795918367347,7.62,7.91,14.0,2.0,12.0,1180.0,1059.6,121660.0,24285.0,0.2024,1800.0,1700.0,,,1400.0
E06000036,Bracknell Forest,2020,England,South East,anxiety,3.34,0.1607142857142857,3.02,3.65,14.0,3.0,11.0,3400.0,2824.2,123188.0,24497.0,0.2086,1800.0,1600.0,,,
E06000036,Bracknell Forest,2020,England,South East,happiness,7.41,0.0943877551020406,7.23,7.6,14.0,3.0,11.0,3400.0,2824.2,123188.0,24497.0,0.2086,1800.0,1600.0,,,
E06000036,Bracknell Forest,2020,England,South East,life-satisfaction,7.29,0.0892857142857141,7.11,7.46,14.0,3.0,11.0,3400.0,2824.2,123188.0,24497.0,0.2086,1800.0,1600.0,,,
E06000036,Bracknell Forest,2020,England,South East,worthwhile,7.68,0.0841836734693877,7.52,7.85,14.0,3.0,11.0,3400.0,2824.2,123188.0,24497.0,0.2086,1800.0,1600.0,,,
E06000036,Bracknell Forest,2021,England,South East,anxiety,3.48,0.1683673469387755,3.15,3.81,15.0,3.0,12.0,2000.0,2801.2,125195.0,24656.0,0.2149,1700.0,1600.0,,,1300.0
E06000036,Bracknell Forest,2021,England,South East,happiness,7.37,0.1096938775510203,7.16,7.59,15.0,3.0,12.0,2000.0,2801.2,125195.0,24656.0,0.2149,1700.0,1600.0,,,1300.0
E06000036,Bracknell Forest,2021,England,South East,life-satisfaction,7.47,0.1096938775510205,7.26,7.69,15.0,3.0,12.0,2000.0,2801.2,125195.0,24656.0,0.2149,1700.0,1600.0,,,1300.0
E06000036,Bracknell Forest,2021,England,South East,worthwhile,7.66,0.1071428571428571,7.45,7.87,15.0,3.0,12.0,2000.0,2801.2,125195.0,24656.0,0.2149,1700.0,1600.0,,,1300.0
E06000036,Bracknell Forest,2022,England,South East,anxiety,3.41,0.1913265306122449,3.03,3.78,14.0,3.0,11.0,1600.0,1695.8,127160.0,25081.0,0.2329,1700.0,1600.0,,,1300.0
E06000036,Bracknell Forest,2022,England,South East,happiness,7.67,0.1301020408163264,7.42,7.93,14.0,3.0,11.0,1600.0,1695.8,127160.0,25081.0,0.2329,1700.0,1600.0,,,1300.0
E06000036,Bracknell Forest,2022,England,South East,life-satisfaction,7.55,0.125,7.3,7.79,14.0,3.0,11.0,1600.0,1695.8,127160.0,25081.0,0.2329,1700.0,1600.0,,,1300.0
E06000036,Bracknell Forest,2022,England,South East,worthwhile,7.74,0.1301020408163264,7.48,7.99,14.0,3.0,11.0,1600.0,1695.8,127160.0,25081.0,0.2329,1700.0,1600.0,,,1300.0
E06000036,Bracknell Forest,2023,England,South East,,,,,,15.0,3.0,12.0,1615.0,1613.3,129099.0,25518.0,0.268,1900.0,1600.0,275.0,0.1482530676499028,1400.0
E06000037,West Berkshire,2016,England,South East,anxiety,2.98,0.1147959183673469,2.76,3.21,19.0,3.0,16.0,590.0,592.1,160551.0,31664.0,0.1849,2600.0,2500.0,,,2000.0
E06000037,West Berkshire,2016,England,South East,happiness,7.6,0.0841836734693877,7.43,7.76,19.0,3.0,16.0,590.0,592.1,160551.0,31664.0,0.1849,2600.0,2500.0,,,2000.0
E06000037,West Berkshire,2016,England,South East,life-satisfaction,7.88,0.068877551020408,7.74,8.01,19.0,3.0,16.0,590.0,592.1,160551.0,31664.0,0.1849,2600.0,2500.0,,,2000.0
E06000037,West Berkshire,2016,England,South East,worthwhile,8.01,0.0688775510204082,7.87,8.14,19.0,3.0,16.0,590.0,592.1,160551.0,31664.0,0.1849,2600.0,2500.0,,,2000.0
E06000037,West Berkshire,2017,England,South East,anxiety,2.93,0.1275510204081632,2.68,3.18,19.0,3.0,16.0,575.0,628.3,160729.0,31339.0,0.1907,2500.0,2400.0,,,1900.0
E06000037,West Berkshire,2017,England,South East,happiness,7.6,0.0918367346938776,7.42,7.78,19.0,3.0,16.0,575.0,628.3,160729.0,31339.0,0.1907,2500.0,2400.0,,,1900.0
E06000037,West Berkshire,2017,England,South East,life-satisfaction,7.85,0.0714285714285715,7.71,7.99,19.0,3.0,16.0,575.0,628.3,160729.0,31339.0,0.1907,2500.0,2400.0,,,1900.0
E06000037,West Berkshire,2017,England,South East,worthwhile,8.03,0.0714285714285715,7.89,8.17,19.0,3.0,16.0,575.0,628.3,160729.0,31339.0,0.1907,2500.0,2400.0,,,1900.0
E06000037,West Berkshire,2018,England,South East,anxiety,2.7,0.1224489795918367,2.46,2.94,20.0,4.0,16.0,1125.0,910.0,160953.0,31255.0,0.1952,2500.0,2400.0,,,1900.0
E06000037,West Berkshire,2018,England,South East,happiness,7.84,0.0816326530612245,7.68,8.0,20.0,4.0,16.0,1125.0,910.0,160953.0,31255.0,0.1952,2500.0,2400.0,,,1900.0
E06000037,West Berkshire,2018,England,South East,life-satisfaction,7.88,0.068877551020408,7.75,8.02,20.0,4.0,16.0,1125.0,910.0,160953.0,31255.0,0.1952,2500.0,2400.0,,,1900.0
E06000037,West Berkshire,2018,England,South East,worthwhile,8.02,0.0714285714285715,7.88,8.16,20.0,4.0,16.0,1125.0,910.0,160953.0,31255.0,0.1952,2500.0,2400.0,,,1900.0
E06000037,West Berkshire,2019,England,South East,anxiety,2.94,0.1224489795918367,2.7,3.18,20.0,4.0,16.0,1440.0,1302.5,160883.0,30972.0,0.2024,2500.0,2300.0,,,1900.0
E06000037,West Berkshire,2019,England,South East,happiness,7.57,0.0867346938775509,7.4,7.74,20.0,4.0,16.0,1440.0,1302.5,160883.0,30972.0,0.2024,2500.0,2300.0,,,1900.0
E06000037,West Berkshire,2019,England,South East,life-satisfaction,7.68,0.0765306122448979,7.53,7.83,20.0,4.0,16.0,1440.0,1302.5,160883.0,30972.0,0.2024,2500.0,2300.0,,,1900.0
E06000037,West Berkshire,2019,England,South East,worthwhile,7.97,0.0816326530612247,7.81,8.13,20.0,4.0,16.0,1440.0,1302.5,160883.0,30972.0,0.2024,2500.0,2300.0,,,1900.0
E06000037,West Berkshire,2020,England,South East,anxiety,3.36,0.1556122448979592,3.05,3.66,20.0,5.0,15.0,3755.0,3170.8,161026.0,30561.0,0.2086,2700.0,2400.0,,,2100.0
E06000037,West Berkshire,2020,England,South East,happiness,7.23,0.1198979591836734,6.99,7.46,20.0,5.0,15.0,3755.0,3170.8,161026.0,30561.0,0.2086,2700.0,2400.0,,,2100.0
E06000037,West Berkshire,2020,England,South East,life-satisfaction,7.34,0.1045918367346939,7.13,7.54,20.0,5.0,15.0,3755.0,3170.8,161026.0,30561.0,0.2086,2700.0,2400.0,,,2100.0
E06000037,West Berkshire,2020,England,South East,worthwhile,7.61,0.1377551020408163,7.34,7.88,20.0,5.0,15.0,3755.0,3170.8,161026.0,30561.0,0.2086,2700.0,2400.0,,,2100.0
E06000037,West Berkshire,2021,England,South East,anxiety,3.18,0.1989795918367346,2.79,3.57,20.0,5.0,15.0,2495.0,3217.9,161864.0,30601.0,0.2149,2600.0,2300.0,,,2000.0
E06000037,West Berkshire,2021,England,South East,happiness,7.47,0.1377551020408163,7.2,7.74,20.0,5.0,15.0,2495.0,3217.9,161864.0,30601.0,0.2149,2600.0,2300.0,,,2000.0
E06000037,West Berkshire,2021,England,South East,life-satisfaction,7.5,0.1454081632653062,7.21,7.78,20.0,5.0,15.0,2495.0,3217.9,161864.0,30601.0,0.2149,2600.0,2300.0,,,2000.0
E06000037,West Berkshire,2021,England,South East,worthwhile,7.73,0.1964285714285713,7.35,8.12,20.0,5.0,15.0,2495.0,3217.9,161864.0,30601.0,0.2149,2600.0,2300.0,,,2000.0
E06000037,West Berkshire,2022,England,South East,anxiety,3.11,0.1760204081632654,2.76,3.45,23.0,6.0,17.0,2060.0,2192.1,162484.0,30845.0,0.2329,2500.0,2200.0,,,1900.0
E06000037,West Berkshire,2022,England,South East,happiness,7.44,0.1326530612244899,7.18,7.7,23.0,6.0,17.0,2060.0,2192.1,162484.0,30845.0,0.2329,2500.0,2200.0,,,1900.0
E06000037,West Berkshire,2022,England,South East,life-satisfaction,7.5,0.1071428571428571,7.29,7.71,23.0,6.0,17.0,2060.0,2192.1,162484.0,30845.0,0.2329,2500.0,2200.0,,,1900.0
E06000037,West Berkshire,2022,England,South East,worthwhile,7.65,0.1326530612244899,7.39,7.91,23.0,6.0,17.0,2060.0,2192.1,162484.0,30845.0,0.2329,2500.0,2200.0,,,1900.0
E06000037,West Berkshire,2023,England,South East,,,,,,23.0,6.0,17.0,2000.0,1996.7,164189.0,31206.0,0.268,2700.0,2400.0,500.0,0.1798020338098257,2200.0
E06000038,Reading,2016,England,South East,anxiety,3.04,0.1275510204081632,2.79,3.29,26.0,4.0,22.0,1585.0,1537.9,171750.0,33606.0,0.1849,3200.0,2800.0,,,
E06000038,Reading,2016,England,South East,happiness,7.45,0.0892857142857141,7.28,7.63,26.0,4.0,22.0,1585.0,1537.9,171750.0,33606.0,0.1849,3200.0,2800.0,,,
E06000038,Reading,2016,England,South East,life-satisfaction,7.66,0.0739795918367347,7.52,7.81,26.0,4.0,22.0,1585.0,1537.9,171750.0,33606.0,0.1849,3200.0,2800.0,,,
E06000038,Reading,2016,England,South East,worthwhile,7.86,0.0739795918367347,7.72,8.01,26.0,4.0,22.0,1585.0,1537.9,171750.0,33606.0,0.1849,3200.0,2800.0,,,
E06000038,Reading,2017,England,South East,anxiety,3.05,0.1275510204081632,2.8,3.3,27.0,4.0,23.0,1645.0,1732.1,173047.0,33873.0,0.1907,3200.0,2700.0,,,
E06000038,Reading,2017,England,South East,happiness,7.6,0.0892857142857141,7.42,7.77,27.0,4.0,23.0,1645.0,1732.1,173047.0,33873.0,0.1907,3200.0,2700.0,,,
E06000038,Reading,2017,England,South East,life-satisfaction,7.67,0.0739795918367347,7.53,7.82,27.0,4.0,23.0,1645.0,1732.1,173047.0,33873.0,0.1907,3200.0,2700.0,,,
E06000038,Reading,2017,England,South East,worthwhile,7.87,0.0714285714285712,7.73,8.01,27.0,4.0,23.0,1645.0,1732.1,173047.0,33873.0,0.1907,3200.0,2700.0,,,
E06000038,Reading,2018,England,South East,anxiety,2.98,0.1352040816326531,2.71,3.24,27.0,4.0,23.0,2410.0,2057.5,174484.0,33807.0,0.1952,3300.0,2900.0,,,
E06000038,Reading,2018,England,South East,happiness,7.58,0.0765306122448981,7.43,7.73,27.0,4.0,23.0,2410.0,2057.5,174484.0,33807.0,0.1952,3300.0,2900.0,,,
E06000038,Reading,2018,England,South East,life-satisfaction,7.64,0.0714285714285715,7.5,7.78,27.0,4.0,23.0,2410.0,2057.5,174484.0,33807.0,0.1952,3300.0,2900.0,,,
E06000038,Reading,2018,England,South East,worthwhile,7.7,0.0765306122448979,7.55,7.85,27.0,4.0,23.0,2410.0,2057.5,174484.0,33807.0,0.1952,3300.0,2900.0,,,
E06000038,Reading,2019,England,South East,anxiety,3.04,0.1122448979591836,2.82,3.26,27.0,4.0,23.0,2925.0,2757.9,174288.0,33515.0,0.2024,3300.0,2700.0,,,
E06000038,Reading,2019,England,South East,happiness,7.63,0.0790816326530611,7.48,7.79,27.0,4.0,23.0,2925.0,2757.9,174288.0,33515.0,0.2024,3300.0,2700.0,,,
E06000038,Reading,2019,England,South East,life-satisfaction,7.82,0.0663265306122448,7.69,7.95,27.0,4.0,23.0,2925.0,2757.9,174288.0,33515.0,0.2024,3300.0,2700.0,,,
E06000038,Reading,2019,England,South East,worthwhile,7.9,0.0663265306122448,7.77,8.03,27.0,4.0,23.0,2925.0,2757.9,174288.0,33515.0,0.2024,3300.0,2700.0,,,
E06000038,Reading,2020,England,South East,anxiety,3.59,0.1428571428571428,3.31,3.87,27.0,4.0,23.0,6825.0,5664.2,173879.0,33351.0,0.2086,3300.0,2500.0,,,
E06000038,Reading,2020,England,South East,happiness,7.16,0.1147959183673469,6.93,7.38,27.0,4.0,23.0,6825.0,5664.2,173879.0,33351.0,0.2086,3300.0,2500.0,,,
E06000038,Reading,2020,England,South East,life-satisfaction,7.31,0.0943877551020408,7.12,7.49,27.0,4.0,23.0,6825.0,5664.2,173879.0,33351.0,0.2086,3300.0,2500.0,,,
E06000038,Reading,2020,England,South East,worthwhile,7.46,0.0969387755102042,7.27,7.65,27.0,4.0,23.0,6825.0,5664.2,173879.0,33351.0,0.2086,3300.0,2500.0,,,
E06000038,Reading,2021,England,South East,anxiety,3.42,0.1607142857142857,3.1,3.73,26.0,4.0,22.0,4955.0,6172.1,173371.0,32740.0,0.2149,3300.0,2700.0,,,
E06000038,Reading,2021,England,South East,happiness,7.41,0.1020408163265307,7.21,7.61,26.0,4.0,22.0,4955.0,6172.1,173371.0,32740.0,0.2149,3300.0,2700.0,,,
E06000038,Reading,2021,England,South East,life-satisfaction,7.3,0.0943877551020408,7.11,7.48,26.0,4.0,22.0,4955.0,6172.1,173371.0,32740.0,0.2149,3300.0,2700.0,,,
E06000038,Reading,2021,England,South East,worthwhile,7.54,0.1045918367346939,7.33,7.74,26.0,4.0,22.0,4955.0,6172.1,173371.0,32740.0,0.2149,3300.0,2700.0,,,
E06000038,Reading,2022,England,South East,anxiety,3.22,0.211734693877551,2.8,3.63,26.0,4.0,22.0,4275.0,4411.7,176178.0,33536.0,0.2329,3700.0,2900.0,,,
E06000038,Reading,2022,England,South East,happiness,7.42,0.1505102040816326,7.12,7.71,26.0,4.0,22.0,4275.0,4411.7,176178.0,33536.0,0.2329,3700.0,2900.0,,,
E06000038,Reading,2022,England,South East,life-satisfaction,7.43,0.1173469387755102,7.2,7.66,26.0,4.0,22.0,4275.0,4411.7,176178.0,33536.0,0.2329,3700.0,2900.0,,,
E06000038,Reading,2022,England,South East,worthwhile,7.75,0.1377551020408161,7.48,8.02,26.0,4.0,22.0,4275.0,4411.7,176178.0,33536.0,0.2329,3700.0,2900.0,,,
E06000038,Reading,2023,England,South East,,,,,,27.0,5.0,22.0,4725.0,4480.4,179863.0,34196.0,0.268,3800.0,3300.0,250.0,0.0716035079844077,3000.0
E06000039,Slough,2016,England,South East,anxiety,3.07,0.1326530612244898,2.81,3.33,12.0,1.0,11.0,1295.0,1348.8,152565.0,38151.0,0.1849,2000.0,1900.0,,,1400.0
E06000039,Slough,2016,England,South East,happiness,7.59,0.0867346938775509,7.42,7.76,12.0,1.0,11.0,1295.0,1348.8,152565.0,38151.0,0.1849,2000.0,1900.0,,,1400.0
E06000039,Slough,2016,England,South East,life-satisfaction,7.54,0.0841836734693877,7.38,7.71,12.0,1.0,11.0,1295.0,1348.8,152565.0,38151.0,0.1849,2000.0,1900.0,,,1400.0
E06000039,Slough,2016,England,South East,worthwhile,7.84,0.0790816326530611,7.69,8.0,12.0,1.0,11.0,1295.0,1348.8,152565.0,38151.0,0.1849,2000.0,1900.0,,,1400.0
E06000039,Slough,2017,England,South East,anxiety,3.19,0.1479591836734694,2.9,3.48,11.0,1.0,10.0,1200.0,1303.8,154573.0,38869.0,0.1907,2100.0,2000.0,,,
E06000039,Slough,2017,England,South East,happiness,7.34,0.1275510204081632,7.09,7.59,11.0,1.0,10.0,1200.0,1303.8,154573.0,38869.0,0.1907,2100.0,2000.0,,,
E06000039,Slough,2017,England,South East,life-satisfaction,7.55,0.0816326530612245,7.39,7.71,11.0,1.0,10.0,1200.0,1303.8,154573.0,38869.0,0.1907,2100.0,2000.0,,,
E06000039,Slough,2017,England,South East,worthwhile,7.8,0.0816326530612245,7.64,7.96,11.0,1.0,10.0,1200.0,1303.8,154573.0,38869.0,0.1907,2100.0,2000.0,,,
E06000039,Slough,2018,England,South East,anxiety,3.26,0.1658163265306122,2.94,3.59,11.0,1.0,10.0,1815.0,1453.3,155915.0,39320.0,0.1952,2100.0,2000.0,275.0,0.1233936803566624,1500.0
E06000039,Slough,2018,England,South East,happiness,7.42,0.1275510204081632,7.17,7.67,11.0,1.0,10.0,1815.0,1453.3,155915.0,39320.0,0.1952,2100.0,2000.0,275.0,0.1233936803566624,1500.0
E06000039,Slough,2018,England,South East,life-satisfaction,7.54,0.1326530612244897,7.28,7.8,11.0,1.0,10.0,1815.0,1453.3,155915.0,39320.0,0.1952,2100.0,2000.0,275.0,0.1233936803566624,1500.0
E06000039,Slough,2018,England,South East,worthwhile,7.73,0.1071428571428573,7.52,7.94,11.0,1.0,10.0,1815.0,1453.3,155915.0,39320.0,0.1952,2100.0,2000.0,275.0,0.1233936803566624,1500.0
E06000039,Slough,2019,England,South East,anxiety,3.62,0.1505102040816327,3.32,3.91,11.0,1.0,10.0,2650.0,2362.5,157632.0,39628.0,0.2024,2400.0,2200.0,275.0,0.1078442948308942,1800.0
E06000039,Slough,2019,England,South East,happiness,7.39,0.1020408163265304,7.19,7.59,11.0,1.0,10.0,2650.0,2362.5,157632.0,39628.0,0.2024,2400.0,2200.0,275.0,0.1078442948308942,1800.0
E06000039,Slough,2019,England,South East,life-satisfaction,7.47,0.0918367346938776,7.29,7.65,11.0,1.0,10.0,2650.0,2362.5,157632.0,39628.0,0.2024,2400.0,2200.0,275.0,0.1078442948308942,1800.0
E06000039,Slough,2019,England,South East,worthwhile,7.83,0.0790816326530613,7.67,7.98,11.0,1.0,10.0,2650.0,2362.5,157632.0,39628.0,0.2024,2400.0,2200.0,275.0,0.1078442948308942,1800.0
E06000039,Slough,2020,England,South East,anxiety,3.61,0.1683673469387755,3.28,3.94,11.0,1.0,10.0,8000.0,6239.6,158281.0,39801.0,0.2086,2500.0,2300.0,275.0,0.1103024616336559,1700.0
E06000039,Slough,2020,England,South East,happiness,7.19,0.1403061224489795,6.91,7.46,11.0,1.0,10.0,8000.0,6239.6,158281.0,39801.0,0.2086,2500.0,2300.0,275.0,0.1103024616336559,1700.0
E06000039,Slough,2020,England,South East,life-satisfaction,7.35,0.1147959183673469,7.12,7.57,11.0,1.0,10.0,8000.0,6239.6,158281.0,39801.0,0.2086,2500.0,2300.0,275.0,0.1103024616336559,1700.0
E06000039,Slough,2020,England,South East,worthwhile,7.68,0.1071428571428571,7.47,7.89,11.0,1.0,10.0,8000.0,6239.6,158281.0,39801.0,0.2086,2500.0,2300.0,275.0,0.1103024616336559,1700.0
E06000039,Slough,2021,England,South East,anxiety,3.14,0.1709183673469387,2.81,3.48,11.0,1.0,10.0,5735.0,7112.5,158448.0,39427.0,0.2149,2400.0,2300.0,,,1700.0
E06000039,Slough,2021,England,South East,happiness,7.41,0.1275510204081632,7.16,7.66,11.0,1.0,10.0,5735.0,7112.5,158448.0,39427.0,0.2149,2400.0,2300.0,,,1700.0
E06000039,Slough,2021,England,South East,life-satisfaction,7.25,0.1020408163265307,7.05,7.45,11.0,1.0,10.0,5735.0,7112.5,158448.0,39427.0,0.2149,2400.0,2300.0,,,1700.0
E06000039,Slough,2021,England,South East,worthwhile,7.49,0.1301020408163264,7.23,7.74,11.0,1.0,10.0,5735.0,7112.5,158448.0,39427.0,0.2149,2400.0,2300.0,,,1700.0
E06000039,Slough,2022,England,South East,anxiety,3.28,0.2168367346938775,2.85,3.7,14.0,2.0,12.0,4635.0,5042.5,159732.0,39848.0,0.2329,2300.0,2100.0,,,
E06000039,Slough,2022,England,South East,happiness,7.4,0.1811224489795918,7.05,7.76,14.0,2.0,12.0,4635.0,5042.5,159732.0,39848.0,0.2329,2300.0,2100.0,,,
E06000039,Slough,2022,England,South East,life-satisfaction,7.25,0.142857142857143,6.97,7.53,14.0,2.0,12.0,4635.0,5042.5,159732.0,39848.0,0.2329,2300.0,2100.0,,,
E06000039,Slough,2022,England,South East,worthwhile,7.64,0.1479591836734694,7.35,7.93,14.0,2.0,12.0,4635.0,5042.5,159732.0,39848.0,0.2329,2300.0,2100.0,,,
E06000039,Slough,2023,England,South East,,,,,,17.0,3.0,14.0,5095.0,4918.8,163940.0,40692.0,0.268,2400.0,2200.0,275.0,0.1104031787668334,1800.0
E06000040,Windsor and Maidenhead,2016,England,South East,anxiety,2.95,0.1071428571428571,2.74,3.16,17.0,1.0,16.0,730.0,666.2,152085.0,30289.0,0.1849,2600.0,2400.0,150.0,0.0590849108224629,1900.0
E06000040,Windsor and Maidenhead,2016,England,South East,happiness,7.65,0.0688775510204082,7.51,7.78,17.0,1.0,16.0,730.0,666.2,152085.0,30289.0,0.1849,2600.0,2400.0,150.0,0.0590849108224629,1900.0
E06000040,Windsor and Maidenhead,2016,England,South East,life-satisfaction,7.75,0.0586734693877552,7.64,7.87,17.0,1.0,16.0,730.0,666.2,152085.0,30289.0,0.1849,2600.0,2400.0,150.0,0.0590849108224629,1900.0
E06000040,Windsor and Maidenhead,2016,England,South East,worthwhile,7.88,0.0586734693877552,7.76,7.99,17.0,1.0,16.0,730.0,666.2,152085.0,30289.0,0.1849,2600.0,2400.0,150.0,0.0590849108224629,1900.0
E06000040,Windsor and Maidenhead,2017,England,South East,anxiety,3.08,0.096938775510204,2.89,3.27,17.0,1.0,16.0,630.0,726.7,152648.0,30240.0,0.1907,2700.0,2500.0,100.0,0.0353994283540771,2100.0
E06000040,Windsor and Maidenhead,2017,England,South East,happiness,7.51,0.0739795918367347,7.36,7.65,17.0,1.0,16.0,630.0,726.7,152648.0,30240.0,0.1907,2700.0,2500.0,100.0,0.0353994283540771,2100.0
E06000040,Windsor and Maidenhead,2017,England,South East,life-satisfaction,7.75,0.0586734693877552,7.64,7.87,17.0,1.0,16.0,630.0,726.7,152648.0,30240.0,0.1907,2700.0,2500.0,100.0,0.0353994283540771,2100.0
E06000040,Windsor and Maidenhead,2017,England,South East,worthwhile,7.9,0.0561224489795917,7.79,8.01,17.0,1.0,16.0,630.0,726.7,152648.0,30240.0,0.1907,2700.0,2500.0,100.0,0.0353994283540771,2100.0
E06000040,Windsor and Maidenhead,2018,England,South East,anxiety,3.02,0.1198979591836734,2.79,3.26,17.0,1.0,16.0,930.0,740.0,153470.0,30220.0,0.1952,2800.0,2600.0,100.0,0.0331901068289284,2200.0
E06000040,Windsor and Maidenhead,2018,England,South East,happiness,7.73,0.0714285714285715,7.59,7.87,17.0,1.0,16.0,930.0,740.0,153470.0,30220.0,0.1952,2800.0,2600.0,100.0,0.0331901068289284,2200.0
E06000040,Windsor and Maidenhead,2018,England,South East,life-satisfaction,7.83,0.0612244897959184,7.71,7.95,17.0,1.0,16.0,930.0,740.0,153470.0,30220.0,0.1952,2800.0,2600.0,100.0,0.0331901068289284,2200.0
E06000040,Windsor and Maidenhead,2018,England,South East,worthwhile,7.87,0.0637755102040816,7.75,8.0,17.0,1.0,16.0,930.0,740.0,153470.0,30220.0,0.1952,2800.0,2600.0,100.0,0.0331901068289284,2200.0
E06000040,Windsor and Maidenhead,2019,England,South East,anxiety,2.9,0.1045918367346939,2.69,3.1,18.0,1.0,17.0,1225.0,1130.0,153893.0,30273.0,0.2024,3200.0,2900.0,225.0,0.0686918114965625,2600.0
E06000040,Windsor and Maidenhead,2019,England,South East,happiness,7.72,0.0714285714285715,7.58,7.86,18.0,1.0,17.0,1225.0,1130.0,153893.0,30273.0,0.2024,3200.0,2900.0,225.0,0.0686918114965625,2600.0
E06000040,Windsor and Maidenhead,2019,England,South East,life-satisfaction,7.77,0.0586734693877549,7.66,7.89,18.0,1.0,17.0,1225.0,1130.0,153893.0,30273.0,0.2024,3200.0,2900.0,225.0,0.0686918114965625,2600.0
E06000040,Windsor and Maidenhead,2019,England,South East,worthwhile,7.91,0.0612244897959182,7.79,8.03,18.0,1.0,17.0,1225.0,1130.0,153893.0,30273.0,0.2024,3200.0,2900.0,225.0,0.0686918114965625,2600.0
E06000040,Windsor and Maidenhead,2020,England,South East,anxiety,3.68,0.1352040816326531,3.42,3.95,18.0,1.0,17.0,4235.0,3282.9,153991.0,29934.0,0.2086,3500.0,3200.0,175.0,0.0518276956773791,2800.0
E06000040,Windsor and Maidenhead,2020,England,South East,happiness,7.39,0.0918367346938776,7.21,7.57,18.0,1.0,17.0,4235.0,3282.9,153991.0,29934.0,0.2086,3500.0,3200.0,175.0,0.0518276956773791,2800.0
E06000040,Windsor and Maidenhead,2020,England,South East,life-satisfaction,7.5,0.0892857142857141,7.33,7.68,18.0,1.0,17.0,4235.0,3282.9,153991.0,29934.0,0.2086,3500.0,3200.0,175.0,0.0518276956773791,2800.0
E06000040,Windsor and Maidenhead,2020,England,South East,worthwhile,7.74,0.0867346938775509,7.57,7.91,18.0,1.0,17.0,4235.0,3282.9,153991.0,29934.0,0.2086,3500.0,3200.0,175.0,0.0518276956773791,2800.0
E06000040,Windsor and Maidenhead,2021,England,South East,anxiety,3.45,0.1760204081632653,3.11,3.8,19.0,2.0,17.0,2540.0,3415.0,153922.0,29620.0,0.2149,3600.0,3100.0,275.0,0.0798927757783577,2800.0
E06000040,Windsor and Maidenhead,2021,England,South East,happiness,7.37,0.1530612244897958,7.07,7.67,19.0,2.0,17.0,2540.0,3415.0,153922.0,29620.0,0.2149,3600.0,3100.0,275.0,0.0798927757783577,2800.0
E06000040,Windsor and Maidenhead,2021,England,South East,life-satisfaction,7.65,0.0841836734693877,7.49,7.82,19.0,2.0,17.0,2540.0,3415.0,153922.0,29620.0,0.2149,3600.0,3100.0,275.0,0.0798927757783577,2800.0
E06000040,Windsor and Maidenhead,2021,England,South East,worthwhile,7.56,0.1454081632653059,7.28,7.85,19.0,2.0,17.0,2540.0,3415.0,153922.0,29620.0,0.2149,3600.0,3100.0,275.0,0.0798927757783577,2800.0
E06000040,Windsor and Maidenhead,2022,England,South East,anxiety,3.35,0.1658163265306122,3.02,3.67,19.0,2.0,17.0,2020.0,2199.6,155069.0,29876.0,0.2329,3400.0,3000.0,200.0,0.0624298638441886,2800.0
E06000040,Windsor and Maidenhead,2022,England,South East,happiness,7.49,0.1173469387755102,7.26,7.72,19.0,2.0,17.0,2020.0,2199.6,155069.0,29876.0,0.2329,3400.0,3000.0,200.0,0.0624298638441886,2800.0
E06000040,Windsor and Maidenhead,2022,England,South East,life-satisfaction,7.59,0.0790816326530611,7.44,7.75,19.0,2.0,17.0,2020.0,2199.6,155069.0,29876.0,0.2329,3400.0,3000.0,200.0,0.0624298638441886,2800.0
E06000040,Windsor and Maidenhead,2022,England,South East,worthwhile,7.7,0.0867346938775509,7.53,7.87,19.0,2.0,17.0,2020.0,2199.6,155069.0,29876.0,0.2329,3400.0,3000.0,200.0,0.0624298638441886,2800.0
E06000040,Windsor and Maidenhead,2023,England,South East,,,,,,24.0,2.0,22.0,2065.0,2002.9,157174.0,30040.0,0.268,3500.0,3100.0,150.0,0.0479659620934512,2900.0
E06000041,Wokingham,2016,England,South East,anxiety,2.87,0.1096938775510203,2.66,3.09,18.0,2.0,16.0,605.0,580.0,163797.0,33931.0,0.1849,3500.0,3200.0,,,2700.0
E06000041,Wokingham,2016,England,South East,happiness,7.66,0.0790816326530613,7.51,7.82,18.0,2.0,16.0,605.0,580.0,163797.0,33931.0,0.1849,3500.0,3200.0,,,2700.0
E06000041,Wokingham,2016,England,South East,life-satisfaction,7.93,0.0612244897959186,7.81,8.05,18.0,2.0,16.0,605.0,580.0,163797.0,33931.0,0.1849,3500.0,3200.0,,,2700.0
E06000041,Wokingham,2016,England,South East,worthwhile,7.98,0.0663265306122448,7.85,8.11,18.0,2.0,16.0,605.0,580.0,163797.0,33931.0,0.1849,3500.0,3200.0,,,2700.0
E06000041,Wokingham,2017,England,South East,anxiety,2.68,0.1147959183673468,2.45,2.9,19.0,2.0,17.0,500.0,581.2,165664.0,34440.0,0.1907,3500.0,3300.0,175.0,0.052175286482221,2700.0
E06000041,Wokingham,2017,England,South East,happiness,7.79,0.0714285714285712,7.65,7.93,19.0,2.0,17.0,500.0,581.2,165664.0,34440.0,0.1907,3500.0,3300.0,175.0,0.052175286482221,2700.0
E06000041,Wokingham,2017,England,South East,life-satisfaction,7.98,0.0586734693877549,7.86,8.09,19.0,2.0,17.0,500.0,581.2,165664.0,34440.0,0.1907,3500.0,3300.0,175.0,0.052175286482221,2700.0
E06000041,Wokingham,2017,England,South East,worthwhile,8.08,0.0561224489795917,7.97,8.19,19.0,2.0,17.0,500.0,581.2,165664.0,34440.0,0.1907,3500.0,3300.0,175.0,0.052175286482221,2700.0
E06000041,Wokingham,2018,England,South East,anxiety,2.51,0.1122448979591836,2.29,2.73,20.0,3.0,17.0,855.0,682.9,168734.0,34960.0,0.1952,3700.0,3400.0,200.0,0.0563628951568808,2800.0
E06000041,Wokingham,2018,England,South East,happiness,7.76,0.0790816326530613,7.6,7.91,20.0,3.0,17.0,855.0,682.9,168734.0,34960.0,0.1952,3700.0,3400.0,200.0,0.0563628951568808,2800.0
E06000041,Wokingham,2018,England,South East,life-satisfaction,8.04,0.0586734693877552,7.92,8.15,20.0,3.0,17.0,855.0,682.9,168734.0,34960.0,0.1952,3700.0,3400.0,200.0,0.0563628951568808,2800.0
E06000041,Wokingham,2018,England,South East,worthwhile,8.02,0.0637755102040818,7.89,8.14,20.0,3.0,17.0,855.0,682.9,168734.0,34960.0,0.1952,3700.0,3400.0,200.0,0.0563628951568808,2800.0
E06000041,Wokingham,2019,England,South East,anxiety,2.95,0.1071428571428571,2.74,3.16,21.0,4.0,17.0,1085.0,979.2,171789.0,35615.0,0.2024,3800.0,3300.0,350.0,0.0972582645924865,2800.0
E06000041,Wokingham,2019,England,South East,happiness,7.63,0.0841836734693877,7.46,7.79,21.0,4.0,17.0,1085.0,979.2,171789.0,35615.0,0.2024,3800.0,3300.0,350.0,0.0972582645924865,2800.0
E06000041,Wokingham,2019,England,South East,life-satisfaction,7.8,0.0739795918367347,7.65,7.94,21.0,4.0,17.0,1085.0,979.2,171789.0,35615.0,0.2024,3800.0,3300.0,350.0,0.0972582645924865,2800.0
E06000041,Wokingham,2019,England,South East,worthwhile,8.03,0.0586734693877552,7.91,8.14,21.0,4.0,17.0,1085.0,979.2,171789.0,35615.0,0.2024,3800.0,3300.0,350.0,0.0972582645924865,2800.0
E06000041,Wokingham,2020,England,South East,anxiety,3.59,0.1377551020408163,3.32,3.86,21.0,4.0,17.0,3505.0,2819.6,174708.0,36195.0,0.2086,4000.0,3400.0,275.0,0.0770633558319909,3000.0
E06000041,Wokingham,2020,England,South East,happiness,7.28,0.0943877551020408,7.1,7.47,21.0,4.0,17.0,3505.0,2819.6,174708.0,36195.0,0.2086,4000.0,3400.0,275.0,0.0770633558319909,3000.0
E06000041,Wokingham,2020,England,South East,life-satisfaction,7.33,0.0867346938775509,7.16,7.5,21.0,4.0,17.0,3505.0,2819.6,174708.0,36195.0,0.2086,4000.0,3400.0,275.0,0.0770633558319909,3000.0
E06000041,Wokingham,2020,England,South East,worthwhile,7.63,0.0765306122448979,7.48,7.78,21.0,4.0,17.0,3505.0,2819.6,174708.0,36195.0,0.2086,4000.0,3400.0,275.0,0.0770633558319909,3000.0
E06000041,Wokingham,2021,England,South East,anxiety,3.4,0.1811224489795918,3.05,3.76,21.0,4.0,17.0,2025.0,2838.8,178231.0,36655.0,0.2149,4000.0,3500.0,400.0,0.1005577508722932,3000.0
E06000041,Wokingham,2021,England,South East,happiness,7.44,0.1428571428571427,7.16,7.72,21.0,4.0,17.0,2025.0,2838.8,178231.0,36655.0,0.2149,4000.0,3500.0,400.0,0.1005577508722932,3000.0
E06000041,Wokingham,2021,England,South East,life-satisfaction,7.47,0.1530612244897958,7.17,7.77,21.0,4.0,17.0,2025.0,2838.8,178231.0,36655.0,0.2149,4000.0,3500.0,400.0,0.1005577508722932,3000.0
E06000041,Wokingham,2021,England,South East,worthwhile,7.76,0.1147959183673469,7.53,7.98,21.0,4.0,17.0,2025.0,2838.8,178231.0,36655.0,0.2149,4000.0,3500.0,400.0,0.1005577508722932,3000.0
E06000041,Wokingham,2022,England,South East,anxiety,3.11,0.1505102040816327,2.82,3.41,21.0,4.0,17.0,1715.0,1741.2,181318.0,37961.0,0.2329,4200.0,3600.0,325.0,0.0803205111220078,3200.0
E06000041,Wokingham,2022,England,South East,happiness,7.42,0.1403061224489797,7.14,7.69,21.0,4.0,17.0,1715.0,1741.2,181318.0,37961.0,0.2329,4200.0,3600.0,325.0,0.0803205111220078,3200.0
E06000041,Wokingham,2022,England,South East,life-satisfaction,7.57,0.1096938775510203,7.36,7.79,21.0,4.0,17.0,1715.0,1741.2,181318.0,37961.0,0.2329,4200.0,3600.0,325.0,0.0803205111220078,3200.0
E06000041,Wokingham,2022,England,South East,worthwhile,7.73,0.1275510204081632,7.48,7.98,21.0,4.0,17.0,1715.0,1741.2,181318.0,37961.0,0.2329,4200.0,3600.0,325.0,0.0803205111220078,3200.0
E06000041,Wokingham,2023,England,South East,,,,,,22.0,4.0,18.0,1915.0,1815.0,184561.0,38919.0,0.268,4200.0,3900.0,375.0,0.0872550679330971,3200.0
E06000042,Milton Keynes,2016,England,South East,anxiety,2.56,0.1045918367346938,2.35,2.76,37.0,4.0,33.0,2190.0,2468.8,274231.0,61275.0,0.1849,5200.0,4700.0,,,3700.0
E06000042,Milton Keynes,2016,England,South East,happiness,7.67,0.0816326530612245,7.51,7.83,37.0,4.0,33.0,2190.0,2468.8,274231.0,61275.0,0.1849,5200.0,4700.0,,,3700.0
E06000042,Milton Keynes,2016,England,South East,life-satisfaction,7.68,0.0739795918367347,7.53,7.82,37.0,4.0,33.0,2190.0,2468.8,274231.0,61275.0,0.1849,5200.0,4700.0,,,3700.0
E06000042,Milton Keynes,2016,England,South East,worthwhile,7.86,0.0663265306122448,7.73,7.99,37.0,4.0,33.0,2190.0,2468.8,274231.0,61275.0,0.1849,5200.0,4700.0,,,3700.0
E06000042,Milton Keynes,2017,England,South East,anxiety,2.8,0.1147959183673468,2.58,3.03,37.0,4.0,33.0,2395.0,2595.8,276588.0,61550.0,0.1907,5200.0,4700.0,400.0,0.0759587285714857,3700.0
E06000042,Milton Keynes,2017,England,South East,happiness,7.64,0.0918367346938776,7.46,7.82,37.0,4.0,33.0,2395.0,2595.8,276588.0,61550.0,0.1907,5200.0,4700.0,400.0,0.0759587285714857,3700.0
E06000042,Milton Keynes,2017,England,South East,life-satisfaction,7.63,0.0714285714285712,7.49,7.77,37.0,4.0,33.0,2395.0,2595.8,276588.0,61550.0,0.1907,5200.0,4700.0,400.0,0.0759587285714857,3700.0
E06000042,Milton Keynes,2017,England,South East,worthwhile,7.95,0.0688775510204082,7.81,8.08,37.0,4.0,33.0,2395.0,2595.8,276588.0,61550.0,0.1907,5200.0,4700.0,400.0,0.0759587285714857,3700.0
E06000042,Milton Keynes,2018,England,South East,anxiety,2.8,0.1198979591836734,2.56,3.03,40.0,5.0,35.0,2400.0,2633.3,278892.0,62054.0,0.1952,5900.0,5300.0,325.0,0.0586536541779223,4100.0
E06000042,Milton Keynes,2018,England,South East,happiness,7.62,0.0867346938775509,7.45,7.79,40.0,5.0,35.0,2400.0,2633.3,278892.0,62054.0,0.1952,5900.0,5300.0,325.0,0.0586536541779223,4100.0
E06000042,Milton Keynes,2018,England,South East,life-satisfaction,7.59,0.0765306122448979,7.44,7.74,40.0,5.0,35.0,2400.0,2633.3,278892.0,62054.0,0.1952,5900.0,5300.0,325.0,0.0586536541779223,4100.0
E06000042,Milton Keynes,2018,England,South East,worthwhile,7.84,0.0790816326530611,7.69,8.0,40.0,5.0,35.0,2400.0,2633.3,278892.0,62054.0,0.1952,5900.0,5300.0,325.0,0.0586536541779223,4100.0
E06000042,Milton Keynes,2019,England,South East,anxiety,3.35,0.1173469387755102,3.12,3.58,43.0,7.0,36.0,4025.0,3412.9,281434.0,62345.0,0.2024,6000.0,5300.0,350.0,0.0627664905382568,4200.0
E06000042,Milton Keynes,2019,England,South East,happiness,7.31,0.0892857142857144,7.14,7.49,43.0,7.0,36.0,4025.0,3412.9,281434.0,62345.0,0.2024,6000.0,5300.0,350.0,0.0627664905382568,4200.0
E06000042,Milton Keynes,2019,England,South East,life-satisfaction,7.61,0.0790816326530611,7.45,7.76,43.0,7.0,36.0,4025.0,3412.9,281434.0,62345.0,0.2024,6000.0,5300.0,350.0,0.0627664905382568,4200.0
E06000042,Milton Keynes,2019,England,South East,worthwhile,7.79,0.0790816326530613,7.64,7.95,43.0,7.0,36.0,4025.0,3412.9,281434.0,62345.0,0.2024,6000.0,5300.0,350.0,0.0627664905382568,4200.0
E06000042,Milton Keynes,2020,England,South East,anxiety,3.44,0.1607142857142857,3.13,3.76,45.0,7.0,38.0,9950.0,8635.8,283707.0,62283.0,0.2086,6300.0,5500.0,350.0,0.0600716967881685,4400.0
E06000042,Milton Keynes,2020,England,South East,happiness,7.22,0.1173469387755102,6.99,7.45,45.0,7.0,38.0,9950.0,8635.8,283707.0,62283.0,0.2086,6300.0,5500.0,350.0,0.0600716967881685,4400.0
E06000042,Milton Keynes,2020,England,South East,life-satisfaction,7.36,0.1020408163265304,7.16,7.56,45.0,7.0,38.0,9950.0,8635.8,283707.0,62283.0,0.2086,6300.0,5500.0,350.0,0.0600716967881685,4400.0
E06000042,Milton Keynes,2020,England,South East,worthwhile,7.59,0.0994897959183672,7.4,7.79,45.0,7.0,38.0,9950.0,8635.8,283707.0,62283.0,0.2086,6300.0,5500.0,350.0,0.0600716967881685,4400.0
E06000042,Milton Keynes,2021,England,South East,anxiety,3.27,0.1556122448979591,2.96,3.57,44.0,9.0,35.0,7310.0,9323.3,288312.0,62313.0,0.2149,6200.0,5300.0,650.0,0.1105157267312348,4500.0
E06000042,Milton Keynes,2021,England,South East,happiness,7.4,0.1122448979591837,7.18,7.62,44.0,9.0,35.0,7310.0,9323.3,288312.0,62313.0,0.2149,6200.0,5300.0,650.0,0.1105157267312348,4500.0
E06000042,Milton Keynes,2021,England,South East,life-satisfaction,7.43,0.0994897959183672,7.24,7.63,44.0,9.0,35.0,7310.0,9323.3,288312.0,62313.0,0.2149,6200.0,5300.0,650.0,0.1105157267312348,4500.0
E06000042,Milton Keynes,2021,England,South East,worthwhile,7.71,0.0969387755102042,7.52,7.9,44.0,9.0,35.0,7310.0,9323.3,288312.0,62313.0,0.2149,6200.0,5300.0,650.0,0.1105157267312348,4500.0
E06000042,Milton Keynes,2022,England,South East,anxiety,3.8,0.5408163265306123,2.74,4.86,45.0,10.0,35.0,6195.0,6500.8,292584.0,63527.0,0.2329,6800.0,5700.0,550.0,0.0881573631748431,5000.0
E06000042,Milton Keynes,2022,England,South East,happiness,7.4,0.1071428571428571,7.19,7.61,45.0,10.0,35.0,6195.0,6500.8,292584.0,63527.0,0.2329,6800.0,5700.0,550.0,0.0881573631748431,5000.0
E06000042,Milton Keynes,2022,England,South East,life-satisfaction,7.51,0.1581632653061224,7.2,7.82,45.0,10.0,35.0,6195.0,6500.8,292584.0,63527.0,0.2329,6800.0,5700.0,550.0,0.0881573631748431,5000.0
E06000042,Milton Keynes,2022,England,South East,worthwhile,7.7,0.1658163265306121,7.38,8.03,45.0,10.0,35.0,6195.0,6500.8,292584.0,63527.0,0.2329,6800.0,5700.0,550.0,0.0881573631748431,5000.0
E06000042,Milton Keynes,2023,England,South East,,,,,,47.0,10.0,37.0,6710.0,6601.7,300173.0,65323.0,0.268,7600.0,6700.0,600.0,0.0813534874602694,5900.0
E06000043,Brighton and Hove,2016,England,South East,anxiety,3.35,0.1224489795918367,3.11,3.59,35.0,3.0,32.0,2950.0,2905.4,279796.0,44822.0,0.1849,6200.0,5500.0,425.0,0.0732563616096555,4300.0
E06000043,Brighton and Hove,2016,England,South East,happiness,7.37,0.0943877551020408,7.18,7.55,35.0,3.0,32.0,2950.0,2905.4,279796.0,44822.0,0.1849,6200.0,5500.0,425.0,0.0732563616096555,4300.0
E06000043,Brighton and Hove,2016,England,South East,life-satisfaction,7.57,0.068877551020408,7.44,7.71,35.0,3.0,32.0,2950.0,2905.4,279796.0,44822.0,0.1849,6200.0,5500.0,425.0,0.0732563616096555,4300.0
E06000043,Brighton and Hove,2016,England,South East,worthwhile,7.75,0.0714285714285712,7.61,7.89,35.0,3.0,32.0,2950.0,2905.4,279796.0,44822.0,0.1849,6200.0,5500.0,425.0,0.0732563616096555,4300.0
E06000043,Brighton and Hove,2017,England,South East,anxiety,3.47,0.1836734693877551,3.11,3.83,34.0,3.0,31.0,3060.0,2965.0,279500.0,44317.0,0.1907,6100.0,5400.0,,,4400.0
E06000043,Brighton and Hove,2017,England,South East,happiness,7.28,0.1173469387755102,7.05,7.51,34.0,3.0,31.0,3060.0,2965.0,279500.0,44317.0,0.1907,6100.0,5400.0,,,4400.0
E06000043,Brighton and Hove,2017,England,South East,life-satisfaction,7.51,0.0688775510204082,7.38,7.65,34.0,3.0,31.0,3060.0,2965.0,279500.0,44317.0,0.1907,6100.0,5400.0,,,4400.0
E06000043,Brighton and Hove,2017,England,South East,worthwhile,7.83,0.0892857142857141,7.65,8.0,34.0,3.0,31.0,3060.0,2965.0,279500.0,44317.0,0.1907,6100.0,5400.0,,,4400.0
E06000043,Brighton and Hove,2018,England,South East,anxiety,3.43,0.1377551020408163,3.16,3.7,34.0,3.0,31.0,4665.0,4122.5,281250.0,43846.0,0.1952,6600.0,5800.0,425.0,0.0669389140157516,4600.0
E06000043,Brighton and Hove,2018,England,South East,happiness,7.38,0.0867346938775509,7.21,7.55,34.0,3.0,31.0,4665.0,4122.5,281250.0,43846.0,0.1952,6600.0,5800.0,425.0,0.0669389140157516,4600.0
E06000043,Brighton and Hove,2018,England,South East,life-satisfaction,7.56,0.0765306122448979,7.41,7.71,34.0,3.0,31.0,4665.0,4122.5,281250.0,43846.0,0.1952,6600.0,5800.0,425.0,0.0669389140157516,4600.0
E06000043,Brighton and Hove,2018,England,South East,worthwhile,7.57,0.096938775510204,7.38,7.76,34.0,3.0,31.0,4665.0,4122.5,281250.0,43846.0,0.1952,6600.0,5800.0,425.0,0.0669389140157516,4600.0
E06000043,Brighton and Hove,2019,England,South East,anxiety,3.66,0.1275510204081632,3.41,3.91,35.0,4.0,31.0,5500.0,5089.6,279920.0,42861.0,0.2024,6300.0,5800.0,275.0,0.0460993791197803,4400.0
E06000043,Brighton and Hove,2019,England,South East,happiness,7.32,0.096938775510204,7.13,7.51,35.0,4.0,31.0,5500.0,5089.6,279920.0,42861.0,0.2024,6300.0,5800.0,275.0,0.0460993791197803,4400.0
E06000043,Brighton and Hove,2019,England,South East,life-satisfaction,7.61,0.0765306122448979,7.46,7.76,35.0,4.0,31.0,5500.0,5089.6,279920.0,42861.0,0.2024,6300.0,5800.0,275.0,0.0460993791197803,4400.0
E06000043,Brighton and Hove,2019,England,South East,worthwhile,7.73,0.0790816326530611,7.58,7.89,35.0,4.0,31.0,5500.0,5089.6,279920.0,42861.0,0.2024,6300.0,5800.0,275.0,0.0460993791197803,4400.0
E06000043,Brighton and Hove,2020,England,South East,anxiety,3.72,0.1836734693877551,3.36,4.08,35.0,4.0,31.0,13855.0,11539.2,278496.0,42329.0,0.2086,6600.0,6100.0,325.0,0.0505471336562672,4600.0
E06000043,Brighton and Hove,2020,England,South East,happiness,7.14,0.1096938775510203,6.92,7.35,35.0,4.0,31.0,13855.0,11539.2,278496.0,42329.0,0.2086,6600.0,6100.0,325.0,0.0505471336562672,4600.0
E06000043,Brighton and Hove,2020,England,South East,life-satisfaction,7.27,0.0918367346938776,7.09,7.45,35.0,4.0,31.0,13855.0,11539.2,278496.0,42329.0,0.2086,6600.0,6100.0,325.0,0.0505471336562672,4600.0
E06000043,Brighton and Hove,2020,England,South East,worthwhile,7.61,0.0943877551020408,7.43,7.8,35.0,4.0,31.0,13855.0,11539.2,278496.0,42329.0,0.2086,6600.0,6100.0,325.0,0.0505471336562672,4600.0
E06000043,Brighton and Hove,2021,England,South East,anxiety,3.71,0.1607142857142858,3.4,4.03,36.0,5.0,31.0,9405.0,11885.0,276454.0,41547.0,0.2149,6000.0,5500.0,650.0,0.1088136870218973,4300.0
E06000043,Brighton and Hove,2021,England,South East,happiness,7.26,0.1198979591836736,7.02,7.49,36.0,5.0,31.0,9405.0,11885.0,276454.0,41547.0,0.2149,6000.0,5500.0,650.0,0.1088136870218973,4300.0
E06000043,Brighton and Hove,2021,England,South East,life-satisfaction,7.57,0.0918367346938776,7.39,7.75,36.0,5.0,31.0,9405.0,11885.0,276454.0,41547.0,0.2149,6000.0,5500.0,650.0,0.1088136870218973,4300.0
E06000043,Brighton and Hove,2021,England,South East,worthwhile,7.71,0.1377551020408163,7.44,7.98,36.0,5.0,31.0,9405.0,11885.0,276454.0,41547.0,0.2149,6000.0,5500.0,650.0,0.1088136870218973,4300.0
E06000043,Brighton and Hove,2022,England,South East,anxiety,3.31,0.2015306122448979,2.92,3.71,36.0,5.0,31.0,7905.0,8153.3,278000.0,41432.0,0.2329,5700.0,4900.0,450.0,0.0838450104654183,4100.0
E06000043,Brighton and Hove,2022,England,South East,happiness,7.03,0.2015306122448979,6.63,7.42,36.0,5.0,31.0,7905.0,8153.3,278000.0,41432.0,0.2329,5700.0,4900.0,450.0,0.0838450104654183,4100.0
E06000043,Brighton and Hove,2022,England,South East,life-satisfaction,7.39,0.1096938775510203,7.17,7.6,36.0,5.0,31.0,7905.0,8153.3,278000.0,41432.0,0.2329,5700.0,4900.0,450.0,0.0838450104654183,4100.0
E06000043,Brighton and Hove,2022,England,South East,worthwhile,7.67,0.096938775510204,7.48,7.86,36.0,5.0,31.0,7905.0,8153.3,278000.0,41432.0,0.2329,5700.0,4900.0,450.0,0.0838450104654183,4100.0
E06000043,Brighton and Hove,2023,England,South East,,,,,,37.0,5.0,32.0,7855.0,7695.4,281135.0,40916.0,0.268,5900.0,5300.0,250.0,0.0464654023747436,4300.0
E06000044,Portsmouth,2016,England,South East,anxiety,2.73,0.1096938775510204,2.52,2.95,31.0,3.0,28.0,1990.0,2034.2,209951.0,38454.0,0.1849,3100.0,2900.0,100.0,0.0354817390934593,2000.0
E06000044,Portsmouth,2016,England,South East,happiness,7.68,0.0765306122448979,7.53,7.83,31.0,3.0,28.0,1990.0,2034.2,209951.0,38454.0,0.1849,3100.0,2900.0,100.0,0.0354817390934593,2000.0
E06000044,Portsmouth,2016,England,South East,life-satisfaction,7.74,0.0586734693877549,7.62,7.85,31.0,3.0,28.0,1990.0,2034.2,209951.0,38454.0,0.1849,3100.0,2900.0,100.0,0.0354817390934593,2000.0
E06000044,Portsmouth,2016,England,South East,worthwhile,7.82,0.0688775510204082,7.68,7.95,31.0,3.0,28.0,1990.0,2034.2,209951.0,38454.0,0.1849,3100.0,2900.0,100.0,0.0354817390934593,2000.0
E06000044,Portsmouth,2017,England,South East,anxiety,3.07,0.1428571428571428,2.79,3.35,34.0,3.0,31.0,2255.0,2270.8,210965.0,38546.0,0.1907,3100.0,3000.0,175.0,0.0532844283655677,2200.0
E06000044,Portsmouth,2017,England,South East,happiness,7.53,0.1020408163265307,7.33,7.73,34.0,3.0,31.0,2255.0,2270.8,210965.0,38546.0,0.1907,3100.0,3000.0,175.0,0.0532844283655677,2200.0
E06000044,Portsmouth,2017,England,South East,life-satisfaction,7.73,0.0714285714285715,7.59,7.87,34.0,3.0,31.0,2255.0,2270.8,210965.0,38546.0,0.1907,3100.0,3000.0,175.0,0.0532844283655677,2200.0
E06000044,Portsmouth,2017,England,South East,worthwhile,7.89,0.068877551020408,7.76,8.03,34.0,3.0,31.0,2255.0,2270.8,210965.0,38546.0,0.1907,3100.0,3000.0,175.0,0.0532844283655677,2200.0
E06000044,Portsmouth,2018,England,South East,anxiety,2.78,0.1198979591836735,2.55,3.02,37.0,5.0,32.0,2565.0,2445.4,211215.0,38437.0,0.1952,3000.0,2800.0,225.0,0.0772646973135234,2000.0
E06000044,Portsmouth,2018,England,South East,happiness,7.64,0.0790816326530611,7.49,7.8,37.0,5.0,32.0,2565.0,2445.4,211215.0,38437.0,0.1952,3000.0,2800.0,225.0,0.0772646973135234,2000.0
E06000044,Portsmouth,2018,England,South East,life-satisfaction,7.65,0.066326530612245,7.52,7.78,37.0,5.0,32.0,2565.0,2445.4,211215.0,38437.0,0.1952,3000.0,2800.0,225.0,0.0772646973135234,2000.0
E06000044,Portsmouth,2018,England,South East,worthwhile,7.78,0.0714285714285715,7.64,7.92,37.0,5.0,32.0,2565.0,2445.4,211215.0,38437.0,0.1952,3000.0,2800.0,225.0,0.0772646973135234,2000.0
E06000044,Portsmouth,2019,England,South East,anxiety,3.01,0.1249999999999999,2.77,3.26,37.0,5.0,32.0,4280.0,3561.2,210412.0,37872.0,0.2024,3000.0,2800.0,250.0,0.0787887470524932,2100.0
E06000044,Portsmouth,2019,England,South East,happiness,7.55,0.0892857142857141,7.37,7.72,37.0,5.0,32.0,4280.0,3561.2,210412.0,37872.0,0.2024,3000.0,2800.0,250.0,0.0787887470524932,2100.0
E06000044,Portsmouth,2019,England,South East,life-satisfaction,7.69,0.066326530612245,7.56,7.82,37.0,5.0,32.0,4280.0,3561.2,210412.0,37872.0,0.2024,3000.0,2800.0,250.0,0.0787887470524932,2100.0
E06000044,Portsmouth,2019,England,South East,worthwhile,7.81,0.0790816326530611,7.65,7.96,37.0,5.0,32.0,4280.0,3561.2,210412.0,37872.0,0.2024,3000.0,2800.0,250.0,0.0787887470524932,2100.0
E06000044,Portsmouth,2020,England,South East,anxiety,3.1,0.135204081632653,2.83,3.36,38.0,6.0,32.0,9890.0,8476.7,209142.0,37588.0,0.2086,3100.0,2900.0,225.0,0.0723133359190109,2100.0
E06000044,Portsmouth,2020,England,South East,happiness,7.51,0.1020408163265307,7.31,7.71,38.0,6.0,32.0,9890.0,8476.7,209142.0,37588.0,0.2086,3100.0,2900.0,225.0,0.0723133359190109,2100.0
E06000044,Portsmouth,2020,England,South East,life-satisfaction,7.42,0.096938775510204,7.23,7.61,38.0,6.0,32.0,9890.0,8476.7,209142.0,37588.0,0.2086,3100.0,2900.0,225.0,0.0723133359190109,2100.0
E06000044,Portsmouth,2020,England,South East,worthwhile,7.61,0.0994897959183672,7.42,7.81,38.0,6.0,32.0,9890.0,8476.7,209142.0,37588.0,0.2086,3100.0,2900.0,225.0,0.0723133359190109,2100.0
E06000044,Portsmouth,2021,England,South East,anxiety,3.22,0.1785714285714285,2.87,3.57,38.0,6.0,32.0,7205.0,8795.4,207119.0,37172.0,0.2149,2900.0,2600.0,225.0,0.0763209165846523,2000.0
E06000044,Portsmouth,2021,England,South East,happiness,7.33,0.1224489795918368,7.09,7.57,38.0,6.0,32.0,7205.0,8795.4,207119.0,37172.0,0.2149,2900.0,2600.0,225.0,0.0763209165846523,2000.0
E06000044,Portsmouth,2021,England,South East,life-satisfaction,7.36,0.1122448979591837,7.14,7.58,38.0,6.0,32.0,7205.0,8795.4,207119.0,37172.0,0.2149,2900.0,2600.0,225.0,0.0763209165846523,2000.0
E06000044,Portsmouth,2021,England,South East,worthwhile,7.69,0.1045918367346939,7.49,7.9,38.0,6.0,32.0,7205.0,8795.4,207119.0,37172.0,0.2149,2900.0,2600.0,225.0,0.0763209165846523,2000.0
E06000044,Portsmouth,2022,England,South East,anxiety,3.38,0.2244897959183673,2.94,3.82,38.0,6.0,32.0,6245.0,6416.2,209599.0,37530.0,0.2329,3200.0,2900.0,225.0,0.0720802691496747,2300.0
E06000044,Portsmouth,2022,England,South East,happiness,7.37,0.1403061224489797,7.1,7.65,38.0,6.0,32.0,6245.0,6416.2,209599.0,37530.0,0.2329,3200.0,2900.0,225.0,0.0720802691496747,2300.0
E06000044,Portsmouth,2022,England,South East,life-satisfaction,7.38,0.1173469387755102,7.15,7.61,38.0,6.0,32.0,6245.0,6416.2,209599.0,37530.0,0.2329,3200.0,2900.0,225.0,0.0720802691496747,2300.0
E06000044,Portsmouth,2022,England,South East,worthwhile,7.74,0.1122448979591837,7.52,7.96,38.0,6.0,32.0,6245.0,6416.2,209599.0,37530.0,0.2329,3200.0,2900.0,225.0,0.0720802691496747,2300.0
E06000044,Portsmouth,2023,England,South East,,,,,,40.0,7.0,33.0,6305.0,6235.4,213976.0,38145.0,0.268,3400.0,3200.0,125.0,0.0400761020736038,2300.0
E06000045,Southampton,2016,England,South East,anxiety,2.82,0.1198979591836735,2.59,3.06,34.0,4.0,30.0,2220.0,2472.5,248662.0,44171.0,0.1849,4600.0,4400.0,,,3200.0
E06000045,Southampton,2016,England,South East,happiness,7.39,0.0816326530612243,7.23,7.55,34.0,4.0,30.0,2220.0,2472.5,248662.0,44171.0,0.1849,4600.0,4400.0,,,3200.0
E06000045,Southampton,2016,England,South East,life-satisfaction,7.6,0.066326530612245,7.47,7.73,34.0,4.0,30.0,2220.0,2472.5,248662.0,44171.0,0.1849,4600.0,4400.0,,,3200.0
E06000045,Southampton,2016,England,South East,worthwhile,7.7,0.0765306122448979,7.55,7.85,34.0,4.0,30.0,2220.0,2472.5,248662.0,44171.0,0.1849,4600.0,4400.0,,,3200.0
E06000045,Southampton,2017,England,South East,anxiety,2.78,0.1198979591836734,2.54,3.01,36.0,5.0,31.0,3745.0,2940.8,250492.0,44678.0,0.1907,4500.0,4300.0,,,3200.0
E06000045,Southampton,2017,England,South East,happiness,7.44,0.0892857142857144,7.27,7.62,36.0,5.0,31.0,3745.0,2940.8,250492.0,44678.0,0.1907,4500.0,4300.0,,,3200.0
E06000045,Southampton,2017,England,South East,life-satisfaction,7.73,0.0688775510204082,7.6,7.87,36.0,5.0,31.0,3745.0,2940.8,250492.0,44678.0,0.1907,4500.0,4300.0,,,3200.0
E06000045,Southampton,2017,England,South East,worthwhile,7.71,0.0790816326530613,7.56,7.87,36.0,5.0,31.0,3745.0,2940.8,250492.0,44678.0,0.1907,4500.0,4300.0,,,3200.0
E06000045,Southampton,2018,England,South East,anxiety,3.28,0.1275510204081632,3.03,3.53,36.0,5.0,31.0,4830.0,4477.1,250803.0,44938.0,0.1952,4800.0,4700.0,,,3200.0
E06000045,Southampton,2018,England,South East,happiness,7.5,0.0790816326530613,7.35,7.66,36.0,5.0,31.0,4830.0,4477.1,250803.0,44938.0,0.1952,4800.0,4700.0,,,3200.0
E06000045,Southampton,2018,England,South East,life-satisfaction,7.7,0.068877551020408,7.57,7.84,36.0,5.0,31.0,4830.0,4477.1,250803.0,44938.0,0.1952,4800.0,4700.0,,,3200.0
E06000045,Southampton,2018,England,South East,worthwhile,7.71,0.0841836734693877,7.54,7.87,36.0,5.0,31.0,4830.0,4477.1,250803.0,44938.0,0.1952,4800.0,4700.0,,,3200.0
E06000045,Southampton,2019,England,South East,anxiety,2.98,0.1275510204081632,2.73,3.23,36.0,5.0,31.0,5265.0,5107.9,249428.0,44967.0,0.2024,4900.0,4600.0,,,3300.0
E06000045,Southampton,2019,England,South East,happiness,7.36,0.0867346938775509,7.19,7.53,36.0,5.0,31.0,5265.0,5107.9,249428.0,44967.0,0.2024,4900.0,4600.0,,,3300.0
E06000045,Southampton,2019,England,South East,life-satisfaction,7.56,0.066326530612245,7.43,7.69,36.0,5.0,31.0,5265.0,5107.9,249428.0,44967.0,0.2024,4900.0,4600.0,,,3300.0
E06000045,Southampton,2019,England,South East,worthwhile,7.61,0.0994897959183672,7.41,7.8,36.0,5.0,31.0,5265.0,5107.9,249428.0,44967.0,0.2024,4900.0,4600.0,,,3300.0
E06000045,Southampton,2020,England,South East,anxiety,3.22,0.1556122448979591,2.92,3.53,38.0,6.0,32.0,11525.0,9967.1,248679.0,44925.0,0.2086,5100.0,4800.0,,,3500.0
E06000045,Southampton,2020,England,South East,happiness,7.15,0.1122448979591837,6.93,7.37,38.0,6.0,32.0,11525.0,9967.1,248679.0,44925.0,0.2086,5100.0,4800.0,,,3500.0
E06000045,Southampton,2020,England,South East,life-satisfaction,7.26,0.096938775510204,7.07,7.45,38.0,6.0,32.0,11525.0,9967.1,248679.0,44925.0,0.2086,5100.0,4800.0,,,3500.0
E06000045,Southampton,2020,England,South East,worthwhile,7.65,0.0943877551020408,7.47,7.84,38.0,6.0,32.0,11525.0,9967.1,248679.0,44925.0,0.2086,5100.0,4800.0,,,3500.0
E06000045,Southampton,2021,England,South East,anxiety,3.2,0.1760204081632653,2.86,3.55,40.0,8.0,32.0,8255.0,10275.4,247672.0,44503.0,0.2149,5000.0,4700.0,,,3300.0
E06000045,Southampton,2021,England,South East,happiness,7.4,0.1249999999999998,7.15,7.64,40.0,8.0,32.0,8255.0,10275.4,247672.0,44503.0,0.2149,5000.0,4700.0,,,3300.0
E06000045,Southampton,2021,England,South East,life-satisfaction,7.44,0.096938775510204,7.25,7.63,40.0,8.0,32.0,8255.0,10275.4,247672.0,44503.0,0.2149,5000.0,4700.0,,,3300.0
E06000045,Southampton,2021,England,South East,worthwhile,7.62,0.1224489795918368,7.38,7.86,40.0,8.0,32.0,8255.0,10275.4,247672.0,44503.0,0.2149,5000.0,4700.0,,,3300.0
E06000045,Southampton,2022,England,South East,anxiety,3.81,0.2040816326530611,3.41,4.21,43.0,8.0,35.0,6750.0,7221.2,252178.0,44863.0,0.2329,5200.0,4900.0,,,3500.0
E06000045,Southampton,2022,England,South East,happiness,7.07,0.1454081632653059,6.78,7.35,43.0,8.0,35.0,6750.0,7221.2,252178.0,44863.0,0.2329,5200.0,4900.0,,,3500.0
E06000045,Southampton,2022,England,South East,life-satisfaction,7.23,0.125,6.99,7.48,43.0,8.0,35.0,6750.0,7221.2,252178.0,44863.0,0.2329,5200.0,4900.0,,,3500.0
E06000045,Southampton,2022,England,South East,worthwhile,7.54,0.1173469387755102,7.31,7.77,43.0,8.0,35.0,6750.0,7221.2,252178.0,44863.0,0.2329,5200.0,4900.0,,,3500.0
E06000045,Southampton,2023,England,South East,,,,,,47.0,9.0,38.0,6930.0,6859.2,257387.0,45313.0,0.268,5200.0,5000.0,300.0,0.056888213500299,3500.0
E06000046,Isle of Wight,2016,England,South East,anxiety,2.79,0.0994897959183673,2.59,2.98,19.0,3.0,16.0,1610.0,1465.8,139650.0,21642.0,0.1849,4200.0,4000.0,200.0,0.0489342348380759,3100.0
E06000046,Isle of Wight,2016,England,South East,happiness,7.7,0.0765306122448979,7.55,7.85,19.0,3.0,16.0,1610.0,1465.8,139650.0,21642.0,0.1849,4200.0,4000.0,200.0,0.0489342348380759,3100.0
E06000046,Isle of Wight,2016,England,South East,life-satisfaction,7.74,0.068877551020408,7.61,7.88,19.0,3.0,16.0,1610.0,1465.8,139650.0,21642.0,0.1849,4200.0,4000.0,200.0,0.0489342348380759,3100.0
E06000046,Isle of Wight,2016,England,South East,worthwhile,7.99,0.0586734693877549,7.88,8.11,19.0,3.0,16.0,1610.0,1465.8,139650.0,21642.0,0.1849,4200.0,4000.0,200.0,0.0489342348380759,3100.0
E06000046,Isle of Wight,2017,England,South East,anxiety,2.79,0.1071428571428571,2.58,3.0,21.0,4.0,17.0,1565.0,1490.4,141277.0,21699.0,0.1907,4200.0,4000.0,175.0,0.0429449143893127,3100.0
E06000046,Isle of Wight,2017,England,South East,happiness,7.63,0.0765306122448979,7.48,7.78,21.0,4.0,17.0,1565.0,1490.4,141277.0,21699.0,0.1907,4200.0,4000.0,175.0,0.0429449143893127,3100.0
E06000046,Isle of Wight,2017,England,South East,life-satisfaction,7.85,0.0612244897959182,7.73,7.97,21.0,4.0,17.0,1565.0,1490.4,141277.0,21699.0,0.1907,4200.0,4000.0,175.0,0.0429449143893127,3100.0
E06000046,Isle of Wight,2017,England,South East,worthwhile,7.98,0.0561224489795917,7.87,8.09,21.0,4.0,17.0,1565.0,1490.4,141277.0,21699.0,0.1907,4200.0,4000.0,175.0,0.0429449143893127,3100.0
E06000046,Isle of Wight,2018,England,South East,anxiety,2.85,0.1071428571428571,2.64,3.06,21.0,4.0,17.0,1740.0,1522.1,141665.0,21663.0,0.1952,4200.0,4000.0,225.0,0.0545318647295558,3000.0
E06000046,Isle of Wight,2018,England,South East,happiness,7.71,0.0739795918367347,7.56,7.85,21.0,4.0,17.0,1740.0,1522.1,141665.0,21663.0,0.1952,4200.0,4000.0,225.0,0.0545318647295558,3000.0
E06000046,Isle of Wight,2018,England,South East,life-satisfaction,7.84,0.0612244897959184,7.72,7.96,21.0,4.0,17.0,1740.0,1522.1,141665.0,21663.0,0.1952,4200.0,4000.0,225.0,0.0545318647295558,3000.0
E06000046,Isle of Wight,2018,England,South East,worthwhile,8.03,0.0586734693877552,7.91,8.14,21.0,4.0,17.0,1740.0,1522.1,141665.0,21663.0,0.1952,4200.0,4000.0,225.0,0.0545318647295558,3000.0
E06000046,Isle of Wight,2019,England,South East,anxiety,3.3,0.125,3.05,3.54,21.0,4.0,17.0,2380.0,2100.0,141764.0,21594.0,0.2024,4000.0,3800.0,300.0,0.0760636248431257,3000.0
E06000046,Isle of Wight,2019,England,South East,happiness,7.48,0.0892857142857144,7.31,7.66,21.0,4.0,17.0,2380.0,2100.0,141764.0,21594.0,0.2024,4000.0,3800.0,300.0,0.0760636248431257,3000.0
E06000046,Isle of Wight,2019,England,South East,life-satisfaction,7.64,0.0714285714285715,7.5,7.78,21.0,4.0,17.0,2380.0,2100.0,141764.0,21594.0,0.2024,4000.0,3800.0,300.0,0.0760636248431257,3000.0
E06000046,Isle of Wight,2019,England,South East,worthwhile,7.91,0.0663265306122446,7.78,8.04,21.0,4.0,17.0,2380.0,2100.0,141764.0,21594.0,0.2024,4000.0,3800.0,300.0,0.0760636248431257,3000.0
E06000046,Isle of Wight,2020,England,South East,anxiety,3.14,0.1377551020408163,2.87,3.41,21.0,4.0,17.0,5160.0,4479.6,140915.0,21140.0,0.2086,4300.0,4100.0,225.0,0.0539846458543317,3200.0
E06000046,Isle of Wight,2020,England,South East,happiness,7.5,0.0969387755102042,7.31,7.69,21.0,4.0,17.0,5160.0,4479.6,140915.0,21140.0,0.2086,4300.0,4100.0,225.0,0.0539846458543317,3200.0
E06000046,Isle of Wight,2020,England,South East,life-satisfaction,7.48,0.0867346938775512,7.31,7.65,21.0,4.0,17.0,5160.0,4479.6,140915.0,21140.0,0.2086,4300.0,4100.0,225.0,0.0539846458543317,3200.0
E06000046,Isle of Wight,2020,England,South East,worthwhile,7.72,0.0867346938775509,7.55,7.89,21.0,4.0,17.0,5160.0,4479.6,140915.0,21140.0,0.2086,4300.0,4100.0,225.0,0.0539846458543317,3200.0
E06000046,Isle of Wight,2021,England,South East,anxiety,3.34,0.1938775510204082,2.96,3.72,22.0,4.0,18.0,3335.0,4317.9,140885.0,20842.0,0.2149,4000.0,3800.0,325.0,0.0768241466206038,3000.0
E06000046,Isle of Wight,2021,England,South East,happiness,7.34,0.1326530612244897,7.08,7.6,22.0,4.0,18.0,3335.0,4317.9,140885.0,20842.0,0.2149,4000.0,3800.0,325.0,0.0768241466206038,3000.0
E06000046,Isle of Wight,2021,England,South East,life-satisfaction,7.27,0.1275510204081632,7.02,7.52,22.0,4.0,18.0,3335.0,4317.9,140885.0,20842.0,0.2149,4000.0,3800.0,325.0,0.0768241466206038,3000.0
E06000046,Isle of Wight,2021,England,South East,worthwhile,7.63,0.125,7.39,7.88,22.0,4.0,18.0,3335.0,4317.9,140885.0,20842.0,0.2149,4000.0,3800.0,325.0,0.0768241466206038,3000.0
E06000046,Isle of Wight,2022,England,South East,anxiety,3.19,0.1377551020408163,2.92,3.46,23.0,4.0,19.0,2900.0,2885.8,140756.0,20766.0,0.2329,3800.0,3500.0,350.0,0.0893661584241714,2900.0
E06000046,Isle of Wight,2022,England,South East,happiness,7.53,0.0994897959183672,7.33,7.72,23.0,4.0,19.0,2900.0,2885.8,140756.0,20766.0,0.2329,3800.0,3500.0,350.0,0.0893661584241714,2900.0
E06000046,Isle of Wight,2022,England,South East,life-satisfaction,7.42,0.0892857142857141,7.24,7.59,23.0,4.0,19.0,2900.0,2885.8,140756.0,20766.0,0.2329,3800.0,3500.0,350.0,0.0893661584241714,2900.0
E06000046,Isle of Wight,2022,England,South East,worthwhile,7.68,0.0841836734693877,7.52,7.85,23.0,4.0,19.0,2900.0,2885.8,140756.0,20766.0,0.2329,3800.0,3500.0,350.0,0.0893661584241714,2900.0
E06000046,Isle of Wight,2023,England,South East,,,,,,24.0,4.0,20.0,3015.0,2771.2,141281.0,20608.0,0.268,4000.0,3600.0,275.0,0.0703806877907639,3100.0
E06000047,County Durham,2016,England,North East,anxiety,2.62,0.1173469387755102,2.39,2.85,64.0,15.0,49.0,7835.0,7579.2,514431.0,87841.0,0.0537,12000.0,11500.0,650.0,0.0556491443466192,8600.0
E06000047,County Durham,2016,England,North East,happiness,7.53,0.0841836734693877,7.36,7.69,64.0,15.0,49.0,7835.0,7579.2,514431.0,87841.0,0.0537,12000.0,11500.0,650.0,0.0556491443466192,8600.0
E06000047,County Durham,2016,England,North East,life-satisfaction,7.65,0.0765306122448979,7.5,7.8,64.0,15.0,49.0,7835.0,7579.2,514431.0,87841.0,0.0537,12000.0,11500.0,650.0,0.0556491443466192,8600.0
E06000047,County Durham,2016,England,North East,worthwhile,7.88,0.0739795918367344,7.74,8.03,64.0,15.0,49.0,7835.0,7579.2,514431.0,87841.0,0.0537,12000.0,11500.0,650.0,0.0556491443466192,8600.0
E06000047,County Durham,2017,England,North East,anxiety,2.8,0.1173469387755102,2.57,3.03,66.0,15.0,51.0,8410.0,8170.0,515911.0,88473.0,0.0563,11500.0,11000.0,650.0,0.0587342589597832,8400.0
E06000047,County Durham,2017,England,North East,happiness,7.57,0.0867346938775509,7.4,7.74,66.0,15.0,51.0,8410.0,8170.0,515911.0,88473.0,0.0563,11500.0,11000.0,650.0,0.0587342589597832,8400.0
E06000047,County Durham,2017,England,North East,life-satisfaction,7.8,0.0739795918367347,7.65,7.94,66.0,15.0,51.0,8410.0,8170.0,515911.0,88473.0,0.0563,11500.0,11000.0,650.0,0.0587342589597832,8400.0
E06000047,County Durham,2017,England,North East,worthwhile,8.01,0.0765306122448979,7.86,8.16,66.0,15.0,51.0,8410.0,8170.0,515911.0,88473.0,0.0563,11500.0,11000.0,650.0,0.0587342589597832,8400.0
E06000047,County Durham,2018,England,North East,anxiety,2.82,0.1147959183673469,2.59,3.04,65.0,15.0,50.0,12170.0,10696.2,516648.0,88865.0,0.0584,12000.0,11500.0,650.0,0.0545224818453675,8600.0
E06000047,County Durham,2018,England,North East,happiness,7.53,0.0943877551020408,7.34,7.71,65.0,15.0,50.0,12170.0,10696.2,516648.0,88865.0,0.0584,12000.0,11500.0,650.0,0.0545224818453675,8600.0
E06000047,County Durham,2018,England,North East,life-satisfaction,7.83,0.068877551020408,7.7,7.97,65.0,15.0,50.0,12170.0,10696.2,516648.0,88865.0,0.0584,12000.0,11500.0,650.0,0.0545224818453675,8600.0
E06000047,County Durham,2018,England,North East,worthwhile,8.07,0.0765306122448981,7.92,8.22,65.0,15.0,50.0,12170.0,10696.2,516648.0,88865.0,0.0584,12000.0,11500.0,650.0,0.0545224818453675,8600.0
E06000047,County Durham,2019,England,North East,anxiety,3.23,0.1275510204081632,2.98,3.48,67.0,17.0,50.0,12765.0,12597.1,518562.0,88662.0,0.0606,11500.0,11000.0,550.0,0.0471821513222879,8600.0
E06000047,County Durham,2019,England,North East,happiness,7.34,0.0943877551020406,7.15,7.52,67.0,17.0,50.0,12765.0,12597.1,518562.0,88662.0,0.0606,11500.0,11000.0,550.0,0.0471821513222879,8600.0
E06000047,County Durham,2019,England,North East,life-satisfaction,7.57,0.0816326530612245,7.41,7.73,67.0,17.0,50.0,12765.0,12597.1,518562.0,88662.0,0.0606,11500.0,11000.0,550.0,0.0471821513222879,8600.0
E06000047,County Durham,2019,England,North East,worthwhile,7.8,0.0918367346938776,7.62,7.98,67.0,17.0,50.0,12765.0,12597.1,518562.0,88662.0,0.0606,11500.0,11000.0,550.0,0.0471821513222879,8600.0
E06000047,County Durham,2020,England,North East,anxiety,3.05,0.1377551020408163,2.78,3.32,71.0,18.0,53.0,20035.0,18955.8,519204.0,88321.0,0.064,12000.0,11500.0,700.0,0.0579765652967008,8500.0
E06000047,County Durham,2020,England,North East,happiness,7.4,0.0943877551020408,7.22,7.59,71.0,18.0,53.0,20035.0,18955.8,519204.0,88321.0,0.064,12000.0,11500.0,700.0,0.0579765652967008,8500.0
E06000047,County Durham,2020,England,North East,life-satisfaction,7.43,0.0867346938775509,7.26,7.6,71.0,18.0,53.0,20035.0,18955.8,519204.0,88321.0,0.064,12000.0,11500.0,700.0,0.0579765652967008,8500.0
E06000047,County Durham,2020,England,North East,worthwhile,7.78,0.0892857142857141,7.61,7.96,71.0,18.0,53.0,20035.0,18955.8,519204.0,88321.0,0.064,12000.0,11500.0,700.0,0.0579765652967008,8500.0
E06000047,County Durham,2021,England,North East,anxiety,2.9,0.1479591836734694,2.61,3.19,73.0,18.0,55.0,14140.0,17630.8,521447.0,88004.0,0.0701,11000.0,10500.0,1000.0,0.0909281750179634,8300.0
E06000047,County Durham,2021,England,North East,happiness,7.39,0.1224489795918366,7.15,7.63,73.0,18.0,55.0,14140.0,17630.8,521447.0,88004.0,0.0701,11000.0,10500.0,1000.0,0.0909281750179634,8300.0
E06000047,County Durham,2021,England,North East,life-satisfaction,7.54,0.1096938775510203,7.32,7.75,73.0,18.0,55.0,14140.0,17630.8,521447.0,88004.0,0.0701,11000.0,10500.0,1000.0,0.0909281750179634,8300.0
E06000047,County Durham,2021,England,North East,worthwhile,7.68,0.1249999999999998,7.44,7.93,73.0,18.0,55.0,14140.0,17630.8,521447.0,88004.0,0.0701,11000.0,10500.0,1000.0,0.0909281750179634,8300.0
E06000047,County Durham,2022,England,North East,anxiety,3.13,0.1862244897959183,2.77,3.5,83.0,20.0,63.0,10915.0,11899.6,527755.0,88109.0,0.0859,11000.0,10500.0,900.0,0.0783289920411778,8600.0
E06000047,County Durham,2022,England,North East,happiness,7.37,0.125,7.13,7.62,83.0,20.0,63.0,10915.0,11899.6,527755.0,88109.0,0.0859,11000.0,10500.0,900.0,0.0783289920411778,8600.0
E06000047,County Durham,2022,England,North East,life-satisfaction,7.56,0.1045918367346939,7.35,7.76,83.0,20.0,63.0,10915.0,11899.6,527755.0,88109.0,0.0859,11000.0,10500.0,900.0,0.0783289920411778,8600.0
E06000047,County Durham,2022,England,North East,worthwhile,7.63,0.1020408163265307,7.43,7.83,83.0,20.0,63.0,10915.0,11899.6,527755.0,88109.0,0.0859,11000.0,10500.0,900.0,0.0783289920411778,8600.0
E06000047,County Durham,2023,England,North East,,,,,,90.0,20.0,70.0,10445.0,10505.4,533997.0,88209.0,0.1166,11500.0,11000.0,700.0,0.061965391507042,9000.0
E06000049,Cheshire East,2016,England,North West,anxiety,3.0,0.1479591836734694,2.71,3.29,55.0,11.0,44.0,2390.0,2520.0,381414.0,66673.0,0.0819,9100.0,8200.0,600.0,0.0655113168085406,
E06000049,Cheshire East,2016,England,North West,happiness,7.41,0.1275510204081632,7.16,7.66,55.0,11.0,44.0,2390.0,2520.0,381414.0,66673.0,0.0819,9100.0,8200.0,600.0,0.0655113168085406,
E06000049,Cheshire East,2016,England,North West,life-satisfaction,7.56,0.1045918367346936,7.36,7.77,55.0,11.0,44.0,2390.0,2520.0,381414.0,66673.0,0.0819,9100.0,8200.0,600.0,0.0655113168085406,
E06000049,Cheshire East,2016,England,North West,worthwhile,7.87,0.1071428571428571,7.66,8.08,55.0,11.0,44.0,2390.0,2520.0,381414.0,66673.0,0.0819,9100.0,8200.0,600.0,0.0655113168085406,
E06000049,Cheshire East,2017,England,North West,anxiety,2.6,0.1581632653061224,2.29,2.91,56.0,12.0,44.0,2910.0,2637.1,384221.0,67247.0,0.0846,9400.0,8700.0,700.0,0.0735491323574021,
E06000049,Cheshire East,2017,England,North West,happiness,7.61,0.1198979591836734,7.37,7.84,56.0,12.0,44.0,2910.0,2637.1,384221.0,67247.0,0.0846,9400.0,8700.0,700.0,0.0735491323574021,
E06000049,Cheshire East,2017,England,North West,life-satisfaction,7.8,0.0994897959183672,7.61,8.0,56.0,12.0,44.0,2910.0,2637.1,384221.0,67247.0,0.0846,9400.0,8700.0,700.0,0.0735491323574021,
E06000049,Cheshire East,2017,England,North West,worthwhile,8.08,0.0918367346938774,7.9,8.26,56.0,12.0,44.0,2910.0,2637.1,384221.0,67247.0,0.0846,9400.0,8700.0,700.0,0.0735491323574021,
E06000049,Cheshire East,2018,England,North West,anxiety,2.65,0.1479591836734694,2.36,2.94,55.0,12.0,43.0,3770.0,3420.8,386891.0,68043.0,0.0869,9600.0,8800.0,650.0,0.0692457315553524,
E06000049,Cheshire East,2018,England,North West,happiness,7.61,0.1045918367346939,7.41,7.82,55.0,12.0,43.0,3770.0,3420.8,386891.0,68043.0,0.0869,9600.0,8800.0,650.0,0.0692457315553524,
E06000049,Cheshire East,2018,England,North West,life-satisfaction,7.93,0.0841836734693877,7.76,8.09,55.0,12.0,43.0,3770.0,3420.8,386891.0,68043.0,0.0869,9600.0,8800.0,650.0,0.0692457315553524,
E06000049,Cheshire East,2018,England,North West,worthwhile,7.96,0.1096938775510203,7.75,8.18,55.0,12.0,43.0,3770.0,3420.8,386891.0,68043.0,0.0869,9600.0,8800.0,650.0,0.0692457315553524,
E06000049,Cheshire East,2019,England,North West,anxiety,3.1,0.1658163265306123,2.78,3.43,55.0,12.0,43.0,4480.0,4188.8,390556.0,68521.0,0.0916,9500.0,9000.0,800.0,0.0811819327578802,
E06000049,Cheshire East,2019,England,North West,happiness,7.38,0.1224489795918368,7.14,7.62,55.0,12.0,43.0,4480.0,4188.8,390556.0,68521.0,0.0916,9500.0,9000.0,800.0,0.0811819327578802,
E06000049,Cheshire East,2019,England,North West,life-satisfaction,7.69,0.1020408163265304,7.49,7.89,55.0,12.0,43.0,4480.0,4188.8,390556.0,68521.0,0.0916,9500.0,9000.0,800.0,0.0811819327578802,
E06000049,Cheshire East,2019,England,North West,worthwhile,7.91,0.096938775510204,7.72,8.1,55.0,12.0,43.0,4480.0,4188.8,390556.0,68521.0,0.0916,9500.0,9000.0,800.0,0.0811819327578802,
E06000049,Cheshire East,2020,England,North West,anxiety,3.26,0.1658163265306122,2.93,3.58,56.0,12.0,44.0,10310.0,8979.6,393203.0,68706.0,0.0971,10000.0,9400.0,800.0,0.0780484743002817,
E06000049,Cheshire East,2020,England,North West,happiness,7.43,0.1147959183673469,7.21,7.66,56.0,12.0,44.0,10310.0,8979.6,393203.0,68706.0,0.0971,10000.0,9400.0,800.0,0.0780484743002817,
E06000049,Cheshire East,2020,England,North West,life-satisfaction,7.6,0.1045918367346936,7.4,7.81,56.0,12.0,44.0,10310.0,8979.6,393203.0,68706.0,0.0971,10000.0,9400.0,800.0,0.0780484743002817,
E06000049,Cheshire East,2020,England,North West,worthwhile,7.73,0.1045918367346939,7.53,7.94,56.0,12.0,44.0,10310.0,8979.6,393203.0,68706.0,0.0971,10000.0,9400.0,800.0,0.0780484743002817,
E06000049,Cheshire East,2021,England,North West,anxiety,3.14,0.1734693877551021,2.8,3.48,64.0,13.0,51.0,6555.0,8661.2,400474.0,69397.0,0.1057,10000.0,9500.0,1000.0,0.0974413102294526,
E06000049,Cheshire East,2021,England,North West,happiness,7.47,0.1377551020408163,7.2,7.74,64.0,13.0,51.0,6555.0,8661.2,400474.0,69397.0,0.1057,10000.0,9500.0,1000.0,0.0974413102294526,
E06000049,Cheshire East,2021,England,North West,life-satisfaction,7.76,0.1096938775510203,7.54,7.97,64.0,13.0,51.0,6555.0,8661.2,400474.0,69397.0,0.1057,10000.0,9500.0,1000.0,0.0974413102294526,
E06000049,Cheshire East,2021,England,North West,worthwhile,7.88,0.1173469387755099,7.65,8.11,64.0,13.0,51.0,6555.0,8661.2,400474.0,69397.0,0.1057,10000.0,9500.0,1000.0,0.0974413102294526,
E06000049,Cheshire East,2022,England,North West,anxiety,3.27,0.2193877551020409,2.84,3.7,65.0,13.0,52.0,5645.0,5781.7,407083.0,71263.0,0.1229,10500.0,9700.0,1100.0,0.1017438351195085,
E06000049,Cheshire East,2022,England,North West,happiness,7.56,0.1938775510204083,7.18,7.94,65.0,13.0,52.0,5645.0,5781.7,407083.0,71263.0,0.1229,10500.0,9700.0,1100.0,0.1017438351195085,
E06000049,Cheshire East,2022,England,North West,life-satisfaction,7.65,0.0994897959183672,7.46,7.85,65.0,13.0,52.0,5645.0,5781.7,407083.0,71263.0,0.1229,10500.0,9700.0,1100.0,0.1017438351195085,
E06000049,Cheshire East,2022,England,North West,worthwhile,7.82,0.1428571428571427,7.54,8.1,65.0,13.0,52.0,5645.0,5781.7,407083.0,71263.0,0.1229,10500.0,9700.0,1100.0,0.1017438351195085,
E06000049,Cheshire East,2023,England,North West,,,,,,79.0,13.0,66.0,5685.0,5619.2,414836.0,72746.0,0.1554,11000.0,10000.0,1000.0,0.087987734520815,8700.0
E06000050,Cheshire West and Chester,2016,England,North West,anxiety,2.3,0.1479591836734694,2.01,2.59,48.0,7.0,41.0,2785.0,2821.2,342424.0,59790.0,0.0819,8000.0,7200.0,650.0,0.0836434563867691,5500.0
E06000050,Cheshire West and Chester,2016,England,North West,happiness,7.58,0.1505102040816326,7.29,7.88,48.0,7.0,41.0,2785.0,2821.2,342424.0,59790.0,0.0819,8000.0,7200.0,650.0,0.0836434563867691,5500.0
E06000050,Cheshire West and Chester,2016,England,North West,life-satisfaction,7.84,0.0892857142857141,7.67,8.02,48.0,7.0,41.0,2785.0,2821.2,342424.0,59790.0,0.0819,8000.0,7200.0,650.0,0.0836434563867691,5500.0
E06000050,Cheshire West and Chester,2016,England,North West,worthwhile,7.92,0.0816326530612245,7.76,8.08,48.0,7.0,41.0,2785.0,2821.2,342424.0,59790.0,0.0819,8000.0,7200.0,650.0,0.0836434563867691,5500.0
E06000050,Cheshire West and Chester,2017,England,North West,anxiety,2.54,0.1454081632653061,2.25,2.82,49.0,7.0,42.0,3240.0,3026.2,346040.0,60570.0,0.0846,7500.0,6900.0,700.0,0.0938273111229449,5200.0
E06000050,Cheshire West and Chester,2017,England,North West,happiness,7.67,0.1096938775510203,7.46,7.89,49.0,7.0,42.0,3240.0,3026.2,346040.0,60570.0,0.0846,7500.0,6900.0,700.0,0.0938273111229449,5200.0
E06000050,Cheshire West and Chester,2017,England,North West,life-satisfaction,7.88,0.0867346938775512,7.71,8.05,49.0,7.0,42.0,3240.0,3026.2,346040.0,60570.0,0.0846,7500.0,6900.0,700.0,0.0938273111229449,5200.0
E06000050,Cheshire West and Chester,2017,England,North West,worthwhile,8.07,0.1020408163265304,7.87,8.27,49.0,7.0,42.0,3240.0,3026.2,346040.0,60570.0,0.0846,7500.0,6900.0,700.0,0.0938273111229449,5200.0
E06000050,Cheshire West and Chester,2018,England,North West,anxiety,2.87,0.1785714285714286,2.52,3.22,49.0,7.0,42.0,4815.0,4357.9,350076.0,61203.0,0.0869,7800.0,7300.0,550.0,0.0675689648789979,5500.0
E06000050,Cheshire West and Chester,2018,England,North West,happiness,7.6,0.1224489795918366,7.36,7.84,49.0,7.0,42.0,4815.0,4357.9,350076.0,61203.0,0.0869,7800.0,7300.0,550.0,0.0675689648789979,5500.0
E06000050,Cheshire West and Chester,2018,England,North West,life-satisfaction,7.72,0.1071428571428571,7.51,7.93,49.0,7.0,42.0,4815.0,4357.9,350076.0,61203.0,0.0869,7800.0,7300.0,550.0,0.0675689648789979,5500.0
E06000050,Cheshire West and Chester,2018,England,North West,worthwhile,7.87,0.0994897959183675,7.68,8.07,49.0,7.0,42.0,4815.0,4357.9,350076.0,61203.0,0.0869,7800.0,7300.0,550.0,0.0675689648789979,5500.0
E06000050,Cheshire West and Chester,2019,England,North West,anxiety,2.84,0.1760204081632653,2.5,3.19,49.0,8.0,41.0,5230.0,5132.5,353362.0,61555.0,0.0916,8300.0,7700.0,500.0,0.0608301459861582,6000.0
E06000050,Cheshire West and Chester,2019,England,North West,happiness,7.53,0.1301020408163267,7.27,7.78,49.0,8.0,41.0,5230.0,5132.5,353362.0,61555.0,0.0916,8300.0,7700.0,500.0,0.0608301459861582,6000.0
E06000050,Cheshire West and Chester,2019,England,North West,life-satisfaction,7.65,0.1045918367346939,7.45,7.86,49.0,8.0,41.0,5230.0,5132.5,353362.0,61555.0,0.0916,8300.0,7700.0,500.0,0.0608301459861582,6000.0
E06000050,Cheshire West and Chester,2019,England,North West,worthwhile,7.75,0.1147959183673469,7.53,7.98,49.0,8.0,41.0,5230.0,5132.5,353362.0,61555.0,0.0916,8300.0,7700.0,500.0,0.0608301459861582,6000.0
E06000050,Cheshire West and Chester,2020,England,North West,anxiety,3.12,0.1913265306122449,2.74,3.49,50.0,9.0,41.0,10495.0,9571.7,354738.0,61607.0,0.0971,8400.0,7700.0,350.0,0.0443200519970065,6100.0
E06000050,Cheshire West and Chester,2020,England,North West,happiness,7.39,0.1479591836734694,7.1,7.68,50.0,9.0,41.0,10495.0,9571.7,354738.0,61607.0,0.0971,8400.0,7700.0,350.0,0.0443200519970065,6100.0
E06000050,Cheshire West and Chester,2020,England,North West,life-satisfaction,7.41,0.1326530612244897,7.15,7.67,50.0,9.0,41.0,10495.0,9571.7,354738.0,61607.0,0.0971,8400.0,7700.0,350.0,0.0443200519970065,6100.0
E06000050,Cheshire West and Chester,2020,England,North West,worthwhile,7.73,0.1275510204081632,7.48,7.98,50.0,9.0,41.0,10495.0,9571.7,354738.0,61607.0,0.0971,8400.0,7700.0,350.0,0.0443200519970065,6100.0
E06000050,Cheshire West and Chester,2021,England,North West,anxiety,2.93,0.1964285714285714,2.54,3.31,53.0,9.0,44.0,6660.0,8808.8,357730.0,61623.0,0.1057,8700.0,8000.0,850.0,0.0981430558211781,6400.0
E06000050,Cheshire West and Chester,2021,England,North West,happiness,7.4,0.1581632653061224,7.09,7.71,53.0,9.0,44.0,6660.0,8808.8,357730.0,61623.0,0.1057,8700.0,8000.0,850.0,0.0981430558211781,6400.0
E06000050,Cheshire West and Chester,2021,England,North West,life-satisfaction,7.47,0.1147959183673469,7.25,7.7,53.0,9.0,44.0,6660.0,8808.8,357730.0,61623.0,0.1057,8700.0,8000.0,850.0,0.0981430558211781,6400.0
E06000050,Cheshire West and Chester,2021,England,North West,worthwhile,7.83,0.1224489795918368,7.59,8.07,53.0,9.0,44.0,6660.0,8808.8,357730.0,61623.0,0.1057,8700.0,8000.0,850.0,0.0981430558211781,6400.0
E06000050,Cheshire West and Chester,2022,England,North West,anxiety,3.09,0.2627551020408163,2.57,3.6,54.0,9.0,45.0,5715.0,5860.8,362076.0,62433.0,0.1229,8200.0,7700.0,750.0,0.0905675028657232,6500.0
E06000050,Cheshire West and Chester,2022,England,North West,happiness,7.29,0.1964285714285713,6.9,7.67,54.0,9.0,45.0,5715.0,5860.8,362076.0,62433.0,0.1229,8200.0,7700.0,750.0,0.0905675028657232,6500.0
E06000050,Cheshire West and Chester,2022,England,North West,life-satisfaction,7.44,0.1607142857142857,7.13,7.76,54.0,9.0,45.0,5715.0,5860.8,362076.0,62433.0,0.1229,8200.0,7700.0,750.0,0.0905675028657232,6500.0
E06000050,Cheshire West and Chester,2022,England,North West,worthwhile,7.66,0.1658163265306123,7.34,7.99,54.0,9.0,45.0,5715.0,5860.8,362076.0,62433.0,0.1229,8200.0,7700.0,750.0,0.0905675028657232,6500.0
E06000050,Cheshire West and Chester,2023,England,North West,,,,,,64.0,9.0,55.0,5480.0,5569.2,366665.0,63087.0,0.1554,8700.0,8000.0,650.0,0.0752603734331821,6900.0
E06000051,Shropshire,2016,England,West Midlands,anxiety,2.87,0.1301020408163264,2.62,3.13,35.0,8.0,27.0,1880.0,1970.8,312836.0,51590.0,0.1178,9200.0,8800.0,550.0,0.0589145134702399,6800.0
E06000051,Shropshire,2016,England,West Midlands,happiness,7.66,0.0867346938775509,7.49,7.83,35.0,8.0,27.0,1880.0,1970.8,312836.0,51590.0,0.1178,9200.0,8800.0,550.0,0.0589145134702399,6800.0
E06000051,Shropshire,2016,England,West Midlands,life-satisfaction,7.77,0.0790816326530611,7.62,7.93,35.0,8.0,27.0,1880.0,1970.8,312836.0,51590.0,0.1178,9200.0,8800.0,550.0,0.0589145134702399,6800.0
E06000051,Shropshire,2016,England,West Midlands,worthwhile,8.02,0.0688775510204082,7.89,8.16,35.0,8.0,27.0,1880.0,1970.8,312836.0,51590.0,0.1178,9200.0,8800.0,550.0,0.0589145134702399,6800.0
E06000051,Shropshire,2017,England,West Midlands,anxiety,2.89,0.1122448979591836,2.67,3.11,37.0,9.0,28.0,2040.0,1982.9,315232.0,51757.0,0.123,8800.0,8400.0,500.0,0.0579391684317472,6400.0
E06000051,Shropshire,2017,England,West Midlands,happiness,7.53,0.0867346938775509,7.36,7.7,37.0,9.0,28.0,2040.0,1982.9,315232.0,51757.0,0.123,8800.0,8400.0,500.0,0.0579391684317472,6400.0
E06000051,Shropshire,2017,England,West Midlands,life-satisfaction,7.72,0.0714285714285715,7.58,7.86,37.0,9.0,28.0,2040.0,1982.9,315232.0,51757.0,0.123,8800.0,8400.0,500.0,0.0579391684317472,6400.0
E06000051,Shropshire,2017,England,West Midlands,worthwhile,7.97,0.0714285714285712,7.83,8.11,37.0,9.0,28.0,2040.0,1982.9,315232.0,51757.0,0.123,8800.0,8400.0,500.0,0.0579391684317472,6400.0
E06000051,Shropshire,2018,England,West Midlands,anxiety,2.97,0.1224489795918367,2.73,3.21,38.0,10.0,28.0,2970.0,2501.2,317112.0,51689.0,0.1273,8800.0,8400.0,650.0,0.0739111290224587,6400.0
E06000051,Shropshire,2018,England,West Midlands,happiness,7.68,0.0841836734693877,7.51,7.84,38.0,10.0,28.0,2970.0,2501.2,317112.0,51689.0,0.1273,8800.0,8400.0,650.0,0.0739111290224587,6400.0
E06000051,Shropshire,2018,England,West Midlands,life-satisfaction,7.77,0.0739795918367347,7.62,7.91,38.0,10.0,28.0,2970.0,2501.2,317112.0,51689.0,0.1273,8800.0,8400.0,650.0,0.0739111290224587,6400.0
E06000051,Shropshire,2018,England,West Midlands,worthwhile,7.93,0.0765306122448979,7.78,8.08,38.0,10.0,28.0,2970.0,2501.2,317112.0,51689.0,0.1273,8800.0,8400.0,650.0,0.0739111290224587,6400.0
E06000051,Shropshire,2019,England,West Midlands,anxiety,2.84,0.125,2.59,3.08,39.0,11.0,28.0,3765.0,3539.2,319729.0,51549.0,0.1326,9200.0,8700.0,700.0,0.0732576230550327,6600.0
E06000051,Shropshire,2019,England,West Midlands,happiness,7.68,0.0841836734693877,7.51,7.84,39.0,11.0,28.0,3765.0,3539.2,319729.0,51549.0,0.1326,9200.0,8700.0,700.0,0.0732576230550327,6600.0
E06000051,Shropshire,2019,England,West Midlands,life-satisfaction,7.89,0.068877551020408,7.75,8.02,39.0,11.0,28.0,3765.0,3539.2,319729.0,51549.0,0.1326,9200.0,8700.0,700.0,0.0732576230550327,6600.0
E06000051,Shropshire,2019,England,West Midlands,worthwhile,8.11,0.0714285714285715,7.97,8.25,39.0,11.0,28.0,3765.0,3539.2,319729.0,51549.0,0.1326,9200.0,8700.0,700.0,0.0732576230550327,6600.0
E06000051,Shropshire,2020,England,West Midlands,anxiety,3.28,0.1454081632653061,2.99,3.56,42.0,13.0,29.0,8440.0,7410.4,321054.0,51373.0,0.1375,9300.0,8600.0,475.0,0.0523368752993394,6800.0
E06000051,Shropshire,2020,England,West Midlands,happiness,7.48,0.1173469387755102,7.25,7.71,42.0,13.0,29.0,8440.0,7410.4,321054.0,51373.0,0.1375,9300.0,8600.0,475.0,0.0523368752993394,6800.0
E06000051,Shropshire,2020,England,West Midlands,life-satisfaction,7.5,0.0918367346938774,7.32,7.68,42.0,13.0,29.0,8440.0,7410.4,321054.0,51373.0,0.1375,9300.0,8600.0,475.0,0.0523368752993394,6800.0
E06000051,Shropshire,2020,England,West Midlands,worthwhile,7.84,0.0892857142857141,7.67,8.02,42.0,13.0,29.0,8440.0,7410.4,321054.0,51373.0,0.1375,9300.0,8600.0,475.0,0.0523368752993394,6800.0
E06000051,Shropshire,2021,England,West Midlands,anxiety,3.01,0.1428571428571428,2.73,3.29,43.0,13.0,30.0,5575.0,7109.2,324669.0,51236.0,0.1442,9100.0,8600.0,1100.0,0.1100784271390919,6700.0
E06000051,Shropshire,2021,England,West Midlands,happiness,7.4,0.1096938775510205,7.18,7.61,43.0,13.0,30.0,5575.0,7109.2,324669.0,51236.0,0.1442,9100.0,8600.0,1100.0,0.1100784271390919,6700.0
E06000051,Shropshire,2021,England,West Midlands,life-satisfaction,7.56,0.096938775510204,7.37,7.75,43.0,13.0,30.0,5575.0,7109.2,324669.0,51236.0,0.1442,9100.0,8600.0,1100.0,0.1100784271390919,6700.0
E06000051,Shropshire,2021,England,West Midlands,worthwhile,7.84,0.1071428571428573,7.63,8.05,43.0,13.0,30.0,5575.0,7109.2,324669.0,51236.0,0.1442,9100.0,8600.0,1100.0,0.1100784271390919,6700.0
E06000051,Shropshire,2022,England,West Midlands,anxiety,2.7,0.1530612244897959,2.4,3.0,45.0,13.0,32.0,4505.0,4768.3,327352.0,51842.0,0.163,9400.0,8600.0,850.0,0.0926830996978228,7000.0
E06000051,Shropshire,2022,England,West Midlands,happiness,7.66,0.1096938775510203,7.45,7.88,45.0,13.0,32.0,4505.0,4768.3,327352.0,51842.0,0.163,9400.0,8600.0,850.0,0.0926830996978228,7000.0
E06000051,Shropshire,2022,England,West Midlands,life-satisfaction,7.75,0.0867346938775509,7.58,7.92,45.0,13.0,32.0,4505.0,4768.3,327352.0,51842.0,0.163,9400.0,8600.0,850.0,0.0926830996978228,7000.0
E06000051,Shropshire,2022,England,West Midlands,worthwhile,8.07,0.0841836734693877,7.9,8.23,45.0,13.0,32.0,4505.0,4768.3,327352.0,51842.0,0.163,9400.0,8600.0,850.0,0.0926830996978228,7000.0
E06000051,Shropshire,2023,England,West Midlands,,,,,,52.0,13.0,39.0,4130.0,4389.2,329558.0,52179.0,0.2018,9300.0,8400.0,475.0,0.0543558822872196,7100.0
E06000052,Cornwall,2016,England,South West,anxiety,2.63,0.1045918367346938,2.43,2.84,66.0,17.0,49.0,4785.0,4518.8,551203.0,91821.0,0.1085,15000.0,14000.0,900.0,0.0616995005534796,11000.0
E06000052,Cornwall,2016,England,South West,happiness,7.59,0.0816326530612245,7.43,7.75,66.0,17.0,49.0,4785.0,4518.8,551203.0,91821.0,0.1085,15000.0,14000.0,900.0,0.0616995005534796,11000.0
E06000052,Cornwall,2016,England,South West,life-satisfaction,7.82,0.0663265306122448,7.69,7.95,66.0,17.0,49.0,4785.0,4518.8,551203.0,91821.0,0.1085,15000.0,14000.0,900.0,0.0616995005534796,11000.0
E06000052,Cornwall,2016,England,South West,worthwhile,7.88,0.0663265306122448,7.75,8.01,66.0,17.0,49.0,4785.0,4518.8,551203.0,91821.0,0.1085,15000.0,14000.0,900.0,0.0616995005534796,11000.0
E06000052,Cornwall,2017,England,South West,anxiety,2.6,0.1020408163265305,2.4,2.8,67.0,18.0,49.0,4255.0,4426.2,556921.0,92652.0,0.112,14500.0,14000.0,1000.0,0.0689507668367627,11000.0
E06000052,Cornwall,2017,England,South West,happiness,7.71,0.0790816326530613,7.55,7.86,67.0,18.0,49.0,4255.0,4426.2,556921.0,92652.0,0.112,14500.0,14000.0,1000.0,0.0689507668367627,11000.0
E06000052,Cornwall,2017,England,South West,life-satisfaction,7.91,0.068877551020408,7.77,8.04,67.0,18.0,49.0,4255.0,4426.2,556921.0,92652.0,0.112,14500.0,14000.0,1000.0,0.0689507668367627,11000.0
E06000052,Cornwall,2017,England,South West,worthwhile,8.01,0.0688775510204082,7.87,8.14,67.0,18.0,49.0,4255.0,4426.2,556921.0,92652.0,0.112,14500.0,14000.0,1000.0,0.0689507668367627,11000.0
E06000052,Cornwall,2018,England,South West,anxiety,2.82,0.1147959183673468,2.6,3.05,69.0,19.0,50.0,6670.0,5083.3,559961.0,92917.0,0.1135,14500.0,13500.0,1200.0,0.080591482142674,10500.0
E06000052,Cornwall,2018,England,South West,happiness,7.61,0.0867346938775509,7.44,7.78,69.0,19.0,50.0,6670.0,5083.3,559961.0,92917.0,0.1135,14500.0,13500.0,1200.0,0.080591482142674,10500.0
E06000052,Cornwall,2018,England,South West,life-satisfaction,7.74,0.0739795918367347,7.59,7.88,69.0,19.0,50.0,6670.0,5083.3,559961.0,92917.0,0.1135,14500.0,13500.0,1200.0,0.080591482142674,10500.0
E06000052,Cornwall,2018,England,South West,worthwhile,7.95,0.0816326530612243,7.79,8.11,69.0,19.0,50.0,6670.0,5083.3,559961.0,92917.0,0.1135,14500.0,13500.0,1200.0,0.080591482142674,10500.0
E06000052,Cornwall,2019,England,South West,anxiety,2.9,0.1198979591836735,2.67,3.14,69.0,20.0,49.0,8010.0,7419.2,563695.0,93362.0,0.1182,14500.0,13500.0,1100.0,0.0746252089047385,10500.0
E06000052,Cornwall,2019,England,South West,happiness,7.5,0.0918367346938774,7.32,7.68,69.0,20.0,49.0,8010.0,7419.2,563695.0,93362.0,0.1182,14500.0,13500.0,1100.0,0.0746252089047385,10500.0
E06000052,Cornwall,2019,England,South West,life-satisfaction,7.7,0.0816326530612245,7.54,7.86,69.0,20.0,49.0,8010.0,7419.2,563695.0,93362.0,0.1182,14500.0,13500.0,1100.0,0.0746252089047385,10500.0
E06000052,Cornwall,2019,England,South West,worthwhile,7.95,0.0790816326530611,7.79,8.1,69.0,20.0,49.0,8010.0,7419.2,563695.0,93362.0,0.1182,14500.0,13500.0,1100.0,0.0746252089047385,10500.0
E06000052,Cornwall,2020,England,South West,anxiety,3.13,0.1173469387755102,2.9,3.36,71.0,20.0,51.0,17950.0,16572.1,565045.0,92702.0,0.1232,15000.0,14000.0,1100.0,0.0744463467786511,11000.0
E06000052,Cornwall,2020,England,South West,happiness,7.52,0.1071428571428573,7.31,7.73,71.0,20.0,51.0,17950.0,16572.1,565045.0,92702.0,0.1232,15000.0,14000.0,1100.0,0.0744463467786511,11000.0
E06000052,Cornwall,2020,England,South West,life-satisfaction,7.57,0.0892857142857144,7.39,7.74,71.0,20.0,51.0,17950.0,16572.1,565045.0,92702.0,0.1232,15000.0,14000.0,1100.0,0.0744463467786511,11000.0
E06000052,Cornwall,2020,England,South West,worthwhile,7.78,0.0918367346938776,7.6,7.96,71.0,20.0,51.0,17950.0,16572.1,565045.0,92702.0,0.1232,15000.0,14000.0,1100.0,0.0744463467786511,11000.0
E06000052,Cornwall,2021,England,South West,anxiety,3.14,0.1326530612244898,2.88,3.4,75.0,20.0,55.0,11320.0,15085.0,571948.0,92940.0,0.1281,14000.0,13000.0,1500.0,0.1056269537646414,10500.0
E06000052,Cornwall,2021,England,South West,happiness,7.47,0.0943877551020408,7.29,7.66,75.0,20.0,55.0,11320.0,15085.0,571948.0,92940.0,0.1281,14000.0,13000.0,1500.0,0.1056269537646414,10500.0
E06000052,Cornwall,2021,England,South West,life-satisfaction,7.58,0.0765306122448981,7.43,7.73,75.0,20.0,55.0,11320.0,15085.0,571948.0,92940.0,0.1281,14000.0,13000.0,1500.0,0.1056269537646414,10500.0
E06000052,Cornwall,2021,England,South West,worthwhile,7.77,0.0841836734693877,7.6,7.93,75.0,20.0,55.0,11320.0,15085.0,571948.0,92940.0,0.1281,14000.0,13000.0,1500.0,0.1056269537646414,10500.0
E06000052,Cornwall,2022,England,South West,anxiety,2.89,0.1403061224489796,2.61,3.16,78.0,21.0,57.0,9240.0,9483.3,575591.0,93476.0,0.1422,14000.0,13000.0,1600.0,0.1121237219817818,10500.0
E06000052,Cornwall,2022,England,South West,happiness,7.51,0.1020408163265307,7.31,7.71,78.0,21.0,57.0,9240.0,9483.3,575591.0,93476.0,0.1422,14000.0,13000.0,1600.0,0.1121237219817818,10500.0
E06000052,Cornwall,2022,England,South West,life-satisfaction,7.53,0.0841836734693877,7.36,7.69,78.0,21.0,57.0,9240.0,9483.3,575591.0,93476.0,0.1422,14000.0,13000.0,1600.0,0.1121237219817818,10500.0
E06000052,Cornwall,2022,England,South West,worthwhile,7.7,0.0943877551020408,7.51,7.88,78.0,21.0,57.0,9240.0,9483.3,575591.0,93476.0,0.1422,14000.0,13000.0,1600.0,0.1121237219817818,10500.0
E06000052,Cornwall,2023,England,South West,,,,,,84.0,21.0,63.0,9735.0,9154.2,579381.0,93463.0,0.1732,14500.0,13500.0,1300.0,0.0856811365034744,11000.0
E06000053,Isles of Scilly,2016,England,South West,,,,,,,,,5.0,4.6,2236.0,333.0,0.1085,,,,,
E06000053,Isles of Scilly,2017,England,South West,,,,,,,,,5.0,6.7,2170.0,312.0,0.112,,,,,
E06000053,Isles of Scilly,2018,England,South West,,,,,,,,,10.0,5.0,2166.0,310.0,0.1135,,,,,
E06000053,Isles of Scilly,2019,England,South West,,,,,,,,,10.0,9.6,2098.0,294.0,0.1182,,,,,
E06000053,Isles of Scilly,2020,England,South West,,,,,,,,,45.0,46.7,2030.0,288.0,0.1232,,,,,
E06000053,Isles of Scilly,2021,England,South West,,,,,,,,,30.0,36.7,2271.0,328.0,0.1281,,,,,
E06000053,Isles of Scilly,2022,England,South West,,,,,,,,,15.0,17.5,2340.0,333.0,0.1422,,,,,
E06000053,Isles of Scilly,2023,England,South West,,,,,,,,,20.0,16.7,2433.0,313.0,0.1732,,,,,
E06000054,Wiltshire,2016,England,South West,anxiety,2.76,0.1020408163265305,2.56,2.96,65.0,11.0,54.0,2525.0,2572.5,492706.0,91613.0,0.1085,12000.0,11000.0,500.0,0.0429745176681979,8700.0
E06000054,Wiltshire,2016,England,South West,happiness,7.61,0.0739795918367347,7.47,7.76,65.0,11.0,54.0,2525.0,2572.5,492706.0,91613.0,0.1085,12000.0,11000.0,500.0,0.0429745176681979,8700.0
E06000054,Wiltshire,2016,England,South West,life-satisfaction,7.77,0.0586734693877549,7.66,7.89,65.0,11.0,54.0,2525.0,2572.5,492706.0,91613.0,0.1085,12000.0,11000.0,500.0,0.0429745176681979,8700.0
E06000054,Wiltshire,2016,England,South West,worthwhile,8.02,0.0612244897959184,7.9,8.14,65.0,11.0,54.0,2525.0,2572.5,492706.0,91613.0,0.1085,12000.0,11000.0,500.0,0.0429745176681979,8700.0
E06000054,Wiltshire,2017,England,South West,anxiety,2.91,0.1173469387755102,2.68,3.14,67.0,12.0,55.0,3305.0,2838.3,497177.0,92129.0,0.112,12500.0,11500.0,800.0,0.0656287770576419,8800.0
E06000054,Wiltshire,2017,England,South West,happiness,7.54,0.0790816326530613,7.39,7.7,67.0,12.0,55.0,3305.0,2838.3,497177.0,92129.0,0.112,12500.0,11500.0,800.0,0.0656287770576419,8800.0
E06000054,Wiltshire,2017,England,South West,life-satisfaction,7.78,0.0612244897959184,7.66,7.9,67.0,12.0,55.0,3305.0,2838.3,497177.0,92129.0,0.112,12500.0,11500.0,800.0,0.0656287770576419,8800.0
E06000054,Wiltshire,2017,England,South West,worthwhile,7.97,0.0612244897959184,7.85,8.09,67.0,12.0,55.0,3305.0,2838.3,497177.0,92129.0,0.112,12500.0,11500.0,800.0,0.0656287770576419,8800.0
E06000054,Wiltshire,2018,England,South West,anxiety,2.8,0.1096938775510204,2.59,3.02,69.0,12.0,57.0,4380.0,4150.4,498703.0,91830.0,0.1135,12000.0,11000.0,850.0,0.0730051575218555,8600.0
E06000054,Wiltshire,2018,England,South West,happiness,7.75,0.0714285714285712,7.61,7.89,69.0,12.0,57.0,4380.0,4150.4,498703.0,91830.0,0.1135,12000.0,11000.0,850.0,0.0730051575218555,8600.0
E06000054,Wiltshire,2018,England,South West,life-satisfaction,7.8,0.0637755102040816,7.67,7.92,69.0,12.0,57.0,4380.0,4150.4,498703.0,91830.0,0.1135,12000.0,11000.0,850.0,0.0730051575218555,8600.0
E06000054,Wiltshire,2018,England,South West,worthwhile,7.93,0.0612244897959186,7.81,8.05,69.0,12.0,57.0,4380.0,4150.4,498703.0,91830.0,0.1135,12000.0,11000.0,850.0,0.0730051575218555,8600.0
E06000054,Wiltshire,2019,England,South West,anxiety,2.84,0.1147959183673468,2.62,3.07,72.0,15.0,57.0,4935.0,4744.2,502985.0,91890.0,0.1182,11500.0,10500.0,850.0,0.0728863078738012,8300.0
E06000054,Wiltshire,2019,England,South West,happiness,7.53,0.0841836734693877,7.37,7.7,72.0,15.0,57.0,4935.0,4744.2,502985.0,91890.0,0.1182,11500.0,10500.0,850.0,0.0728863078738012,8300.0
E06000054,Wiltshire,2019,England,South West,life-satisfaction,7.69,0.0739795918367347,7.55,7.84,72.0,15.0,57.0,4935.0,4744.2,502985.0,91890.0,0.1182,11500.0,10500.0,850.0,0.0728863078738012,8300.0
E06000054,Wiltshire,2019,England,South West,worthwhile,7.93,0.0765306122448979,7.78,8.08,72.0,15.0,57.0,4935.0,4744.2,502985.0,91890.0,0.1182,11500.0,10500.0,850.0,0.0728863078738012,8300.0
E06000054,Wiltshire,2020,England,South West,anxiety,3.19,0.1377551020408163,2.92,3.46,77.0,16.0,61.0,11620.0,10218.3,507047.0,91159.0,0.1232,12500.0,11000.0,750.0,0.0639148613320779,8700.0
E06000054,Wiltshire,2020,England,South West,happiness,7.34,0.0867346938775509,7.17,7.51,77.0,16.0,61.0,11620.0,10218.3,507047.0,91159.0,0.1232,12500.0,11000.0,750.0,0.0639148613320779,8700.0
E06000054,Wiltshire,2020,England,South West,life-satisfaction,7.51,0.0816326530612245,7.35,7.67,77.0,16.0,61.0,11620.0,10218.3,507047.0,91159.0,0.1232,12500.0,11000.0,750.0,0.0639148613320779,8700.0
E06000054,Wiltshire,2020,England,South West,worthwhile,7.74,0.0943877551020408,7.55,7.92,77.0,16.0,61.0,11620.0,10218.3,507047.0,91159.0,0.1232,12500.0,11000.0,750.0,0.0639148613320779,8700.0
E06000054,Wiltshire,2021,England,South West,anxiety,3.12,0.1224489795918367,2.88,3.36,83.0,19.0,64.0,7915.0,10087.9,513240.0,91102.0,0.1281,11500.0,10500.0,1500.0,0.1264739475128244,8300.0
E06000054,Wiltshire,2021,England,South West,happiness,7.51,0.0918367346938776,7.33,7.69,83.0,19.0,64.0,7915.0,10087.9,513240.0,91102.0,0.1281,11500.0,10500.0,1500.0,0.1264739475128244,8300.0
E06000054,Wiltshire,2021,England,South West,life-satisfaction,7.44,0.0918367346938776,7.26,7.62,83.0,19.0,64.0,7915.0,10087.9,513240.0,91102.0,0.1281,11500.0,10500.0,1500.0,0.1264739475128244,8300.0
E06000054,Wiltshire,2021,England,South West,worthwhile,7.74,0.0816326530612245,7.58,7.9,83.0,19.0,64.0,7915.0,10087.9,513240.0,91102.0,0.1281,11500.0,10500.0,1500.0,0.1264739475128244,8300.0
E06000054,Wiltshire,2022,England,South West,anxiety,3.51,0.1989795918367346,3.12,3.9,86.0,19.0,67.0,6205.0,6594.6,516185.0,91615.0,0.1422,11500.0,10000.0,1300.0,0.1124724900824234,8400.0
E06000054,Wiltshire,2022,England,South West,happiness,7.35,0.1377551020408163,7.08,7.62,86.0,19.0,67.0,6205.0,6594.6,516185.0,91615.0,0.1422,11500.0,10000.0,1300.0,0.1124724900824234,8400.0
E06000054,Wiltshire,2022,England,South West,life-satisfaction,7.44,0.0943877551020408,7.26,7.63,86.0,19.0,67.0,6205.0,6594.6,516185.0,91615.0,0.1422,11500.0,10000.0,1300.0,0.1124724900824234,8400.0
E06000054,Wiltshire,2022,England,South West,worthwhile,7.7,0.0943877551020408,7.52,7.89,86.0,19.0,67.0,6205.0,6594.6,516185.0,91615.0,0.1422,11500.0,10000.0,1300.0,0.1124724900824234,8400.0
E06000054,Wiltshire,2023,England,South West,,,,,,96.0,19.0,77.0,6190.0,6138.3,519779.0,91745.0,0.1732,12000.0,11000.0,1000.0,0.0836387654263752,9300.0
E06000055,Bedford,2016,England,East of England,anxiety,3.18,0.2295918367346938,2.73,3.63,21.0,3.0,18.0,1895.0,2115.0,173703.0,34795.0,0.1701,4400.0,3900.0,475.0,0.1070228770337021,3300.0
E06000055,Bedford,2016,England,East of England,happiness,7.7,0.1556122448979592,7.39,8.0,21.0,3.0,18.0,1895.0,2115.0,173703.0,34795.0,0.1701,4400.0,3900.0,475.0,0.1070228770337021,3300.0
E06000055,Bedford,2016,England,East of England,life-satisfaction,7.65,0.1275510204081632,7.4,7.9,21.0,3.0,18.0,1895.0,2115.0,173703.0,34795.0,0.1701,4400.0,3900.0,475.0,0.1070228770337021,3300.0
E06000055,Bedford,2016,England,East of England,worthwhile,7.87,0.1301020408163262,7.61,8.12,21.0,3.0,18.0,1895.0,2115.0,173703.0,34795.0,0.1701,4400.0,3900.0,475.0,0.1070228770337021,3300.0
E06000055,Bedford,2017,England,East of England,anxiety,2.64,0.2117346938775509,2.22,3.05,24.0,4.0,20.0,2670.0,2335.0,175537.0,35408.0,0.1777,4600.0,4200.0,650.0,0.1324857375658079,3400.0
E06000055,Bedford,2017,England,East of England,happiness,7.69,0.1556122448979592,7.39,8.0,24.0,4.0,20.0,2670.0,2335.0,175537.0,35408.0,0.1777,4600.0,4200.0,650.0,0.1324857375658079,3400.0
E06000055,Bedford,2017,England,East of England,life-satisfaction,7.92,0.1147959183673469,7.69,8.14,24.0,4.0,20.0,2670.0,2335.0,175537.0,35408.0,0.1777,4600.0,4200.0,650.0,0.1324857375658079,3400.0
E06000055,Bedford,2017,England,East of England,worthwhile,7.9,0.1122448979591835,7.68,8.12,24.0,4.0,20.0,2670.0,2335.0,175537.0,35408.0,0.1777,4600.0,4200.0,650.0,0.1324857375658079,3400.0
E06000055,Bedford,2018,England,East of England,anxiety,2.62,0.1785714285714286,2.27,2.97,26.0,6.0,20.0,3220.0,3144.2,178288.0,36077.0,0.184,4000.0,3600.0,500.0,0.1227241354764678,2900.0
E06000055,Bedford,2018,England,East of England,happiness,7.59,0.142857142857143,7.31,7.87,26.0,6.0,20.0,3220.0,3144.2,178288.0,36077.0,0.184,4000.0,3600.0,500.0,0.1227241354764678,2900.0
E06000055,Bedford,2018,England,East of England,life-satisfaction,7.87,0.1301020408163262,7.61,8.12,26.0,6.0,20.0,3220.0,3144.2,178288.0,36077.0,0.184,4000.0,3600.0,500.0,0.1227241354764678,2900.0
E06000055,Bedford,2018,England,East of England,worthwhile,7.8,0.1224489795918366,7.56,8.04,26.0,6.0,20.0,3220.0,3144.2,178288.0,36077.0,0.184,4000.0,3600.0,500.0,0.1227241354764678,2900.0
E06000055,Bedford,2019,England,East of England,anxiety,2.96,0.2193877551020409,2.53,3.39,26.0,7.0,19.0,3420.0,3412.9,180651.0,36467.0,0.1918,4300.0,3900.0,475.0,0.1086076747300727,3300.0
E06000055,Bedford,2019,England,East of England,happiness,7.5,0.1683673469387755,7.17,7.83,26.0,7.0,19.0,3420.0,3412.9,180651.0,36467.0,0.1918,4300.0,3900.0,475.0,0.1086076747300727,3300.0
E06000055,Bedford,2019,England,East of England,life-satisfaction,7.81,0.0994897959183672,7.61,8.0,26.0,7.0,19.0,3420.0,3412.9,180651.0,36467.0,0.1918,4300.0,3900.0,475.0,0.1086076747300727,3300.0
E06000055,Bedford,2019,England,East of England,worthwhile,7.84,0.0969387755102038,7.65,8.03,26.0,7.0,19.0,3420.0,3412.9,180651.0,36467.0,0.1918,4300.0,3900.0,475.0,0.1086076747300727,3300.0
E06000055,Bedford,2020,England,East of England,anxiety,2.85,0.2448979591836734,2.37,3.33,27.0,7.0,20.0,6850.0,6098.8,182346.0,36616.0,0.1999,4700.0,4400.0,600.0,0.1214166717023096,3600.0
E06000055,Bedford,2020,England,East of England,happiness,7.36,0.1581632653061224,7.05,7.67,27.0,7.0,20.0,6850.0,6098.8,182346.0,36616.0,0.1999,4700.0,4400.0,600.0,0.1214166717023096,3600.0
E06000055,Bedford,2020,England,East of England,life-satisfaction,7.49,0.1352040816326529,7.23,7.76,27.0,7.0,20.0,6850.0,6098.8,182346.0,36616.0,0.1999,4700.0,4400.0,600.0,0.1214166717023096,3600.0
E06000055,Bedford,2020,England,East of England,worthwhile,7.48,0.2015306122448979,7.08,7.87,27.0,7.0,20.0,6850.0,6098.8,182346.0,36616.0,0.1999,4700.0,4400.0,600.0,0.1214166717023096,3600.0
E06000055,Bedford,2021,England,East of England,anxiety,3.28,0.2448979591836734,2.8,3.76,28.0,7.0,21.0,5210.0,6353.8,185796.0,37080.0,0.2084,4400.0,4100.0,750.0,0.1521149574774165,3400.0
E06000055,Bedford,2021,England,East of England,happiness,7.5,0.2295918367346939,7.05,7.95,28.0,7.0,21.0,5210.0,6353.8,185796.0,37080.0,0.2084,4400.0,4100.0,750.0,0.1521149574774165,3400.0
E06000055,Bedford,2021,England,East of England,life-satisfaction,7.89,0.1173469387755099,7.66,8.12,28.0,7.0,21.0,5210.0,6353.8,185796.0,37080.0,0.2084,4400.0,4100.0,750.0,0.1521149574774165,3400.0
E06000055,Bedford,2021,England,East of England,worthwhile,8.05,0.155612244897959,7.75,8.36,28.0,7.0,21.0,5210.0,6353.8,185796.0,37080.0,0.2084,4400.0,4100.0,750.0,0.1521149574774165,3400.0
E06000055,Bedford,2022,England,East of England,anxiety,3.35,0.3290816326530612,2.71,4.0,28.0,7.0,21.0,4215.0,4509.6,187624.0,37755.0,0.2252,4600.0,4200.0,750.0,0.1523509192948556,3600.0
E06000055,Bedford,2022,England,East of England,happiness,7.59,0.1785714285714286,7.24,7.94,28.0,7.0,21.0,4215.0,4509.6,187624.0,37755.0,0.2252,4600.0,4200.0,750.0,0.1523509192948556,3600.0
E06000055,Bedford,2022,England,East of England,life-satisfaction,7.46,0.1326530612244897,7.2,7.72,28.0,7.0,21.0,4215.0,4509.6,187624.0,37755.0,0.2252,4600.0,4200.0,750.0,0.1523509192948556,3600.0
E06000055,Bedford,2022,England,East of England,worthwhile,7.71,0.155612244897959,7.4,8.01,28.0,7.0,21.0,4215.0,4509.6,187624.0,37755.0,0.2252,4600.0,4200.0,750.0,0.1523509192948556,3600.0
E06000055,Bedford,2023,England,East of England,,,,,,31.0,7.0,24.0,4735.0,4571.7,191575.0,38711.0,0.2614,4500.0,4100.0,500.0,0.1057116753384938,3400.0
E06000056,Central Bedfordshire,2016,England,East of England,anxiety,2.72,0.1530612244897959,2.42,3.02,24.0,3.0,21.0,1270.0,1354.6,274909.0,53691.0,0.1701,4000.0,3700.0,275.0,0.0714841370011819,
E06000056,Central Bedfordshire,2016,England,East of England,happiness,7.74,0.1071428571428571,7.53,7.95,24.0,3.0,21.0,1270.0,1354.6,274909.0,53691.0,0.1701,4000.0,3700.0,275.0,0.0714841370011819,
E06000056,Central Bedfordshire,2016,England,East of England,life-satisfaction,7.9,0.0943877551020408,7.72,8.09,24.0,3.0,21.0,1270.0,1354.6,274909.0,53691.0,0.1701,4000.0,3700.0,275.0,0.0714841370011819,
E06000056,Central Bedfordshire,2016,England,East of England,worthwhile,7.91,0.0867346938775509,7.74,8.08,24.0,3.0,21.0,1270.0,1354.6,274909.0,53691.0,0.1701,4000.0,3700.0,275.0,0.0714841370011819,
E06000056,Central Bedfordshire,2017,England,East of England,anxiety,3.06,0.1428571428571428,2.78,3.34,26.0,3.0,23.0,1475.0,1411.7,277655.0,54181.0,0.1777,4000.0,3700.0,300.0,0.0774254987582242,
E06000056,Central Bedfordshire,2017,England,East of England,happiness,7.44,0.1045918367346939,7.24,7.65,26.0,3.0,23.0,1475.0,1411.7,277655.0,54181.0,0.1777,4000.0,3700.0,300.0,0.0774254987582242,
E06000056,Central Bedfordshire,2017,England,East of England,life-satisfaction,7.77,0.0918367346938776,7.59,7.95,26.0,3.0,23.0,1475.0,1411.7,277655.0,54181.0,0.1777,4000.0,3700.0,300.0,0.0774254987582242,
E06000056,Central Bedfordshire,2017,England,East of England,worthwhile,7.86,0.0867346938775507,7.69,8.03,26.0,3.0,23.0,1475.0,1411.7,277655.0,54181.0,0.1777,4000.0,3700.0,300.0,0.0774254987582242,
E06000056,Central Bedfordshire,2018,England,East of England,anxiety,2.61,0.163265306122449,2.29,2.93,28.0,4.0,24.0,1475.0,1585.8,280414.0,54880.0,0.184,3700.0,3500.0,300.0,0.0766954022322869,
E06000056,Central Bedfordshire,2018,England,East of England,happiness,7.75,0.1045918367346939,7.55,7.96,28.0,4.0,24.0,1475.0,1585.8,280414.0,54880.0,0.184,3700.0,3500.0,300.0,0.0766954022322869,
E06000056,Central Bedfordshire,2018,England,East of England,life-satisfaction,7.88,0.0892857142857144,7.7,8.05,28.0,4.0,24.0,1475.0,1585.8,280414.0,54880.0,0.184,3700.0,3500.0,300.0,0.0766954022322869,
E06000056,Central Bedfordshire,2018,England,East of England,worthwhile,8.02,0.0892857142857141,7.85,8.2,28.0,4.0,24.0,1475.0,1585.8,280414.0,54880.0,0.184,3700.0,3500.0,300.0,0.0766954022322869,
E06000056,Central Bedfordshire,2019,England,East of England,anxiety,2.83,0.1581632653061224,2.52,3.14,31.0,5.0,26.0,2515.0,2163.3,284688.0,55654.0,0.1918,3900.0,3600.0,350.0,0.0853736605983746,
E06000056,Central Bedfordshire,2019,England,East of England,happiness,7.71,0.1224489795918368,7.47,7.95,31.0,5.0,26.0,2515.0,2163.3,284688.0,55654.0,0.1918,3900.0,3600.0,350.0,0.0853736605983746,
E06000056,Central Bedfordshire,2019,England,East of England,life-satisfaction,7.82,0.0943877551020408,7.63,8.0,31.0,5.0,26.0,2515.0,2163.3,284688.0,55654.0,0.1918,3900.0,3600.0,350.0,0.0853736605983746,
E06000056,Central Bedfordshire,2019,England,East of England,worthwhile,7.95,0.094387755102041,7.77,8.14,31.0,5.0,26.0,2515.0,2163.3,284688.0,55654.0,0.1918,3900.0,3600.0,350.0,0.0853736605983746,
E06000056,Central Bedfordshire,2020,England,East of England,anxiety,2.95,0.2091836734693877,2.54,3.36,32.0,5.0,27.0,7115.0,6202.9,289105.0,56594.0,0.1999,4000.0,3700.0,300.0,0.0723328888761697,
E06000056,Central Bedfordshire,2020,England,East of England,happiness,7.55,0.1505102040816326,7.26,7.85,32.0,5.0,27.0,7115.0,6202.9,289105.0,56594.0,0.1999,4000.0,3700.0,300.0,0.0723328888761697,
E06000056,Central Bedfordshire,2020,England,East of England,life-satisfaction,7.57,0.1147959183673469,7.34,7.79,32.0,5.0,27.0,7115.0,6202.9,289105.0,56594.0,0.1999,4000.0,3700.0,300.0,0.0723328888761697,
E06000056,Central Bedfordshire,2020,England,East of England,worthwhile,7.83,0.1045918367346936,7.63,8.04,32.0,5.0,27.0,7115.0,6202.9,289105.0,56594.0,0.1999,4000.0,3700.0,300.0,0.0723328888761697,
E06000056,Central Bedfordshire,2021,England,East of England,anxiety,2.77,0.1709183673469387,2.43,3.1,33.0,6.0,27.0,4890.0,6248.8,295651.0,57738.0,0.2084,4000.0,3700.0,475.0,0.1166943051424266,
E06000056,Central Bedfordshire,2021,England,East of England,happiness,7.64,0.1147959183673469,7.42,7.87,33.0,6.0,27.0,4890.0,6248.8,295651.0,57738.0,0.2084,4000.0,3700.0,475.0,0.1166943051424266,
E06000056,Central Bedfordshire,2021,England,East of England,life-satisfaction,7.72,0.0918367346938776,7.54,7.9,33.0,6.0,27.0,4890.0,6248.8,295651.0,57738.0,0.2084,4000.0,3700.0,475.0,0.1166943051424266,
E06000056,Central Bedfordshire,2021,England,East of England,worthwhile,7.79,0.1045918367346939,7.59,8.0,33.0,6.0,27.0,4890.0,6248.8,295651.0,57738.0,0.2084,4000.0,3700.0,475.0,0.1166943051424266,
E06000056,Central Bedfordshire,2022,England,East of England,anxiety,3.21,0.1760204081632653,2.86,3.55,35.0,8.0,27.0,3850.0,4193.8,301829.0,59382.0,0.2252,4200.0,3800.0,450.0,0.1087908166389446,
E06000056,Central Bedfordshire,2022,England,East of England,happiness,7.28,0.1275510204081632,7.03,7.53,35.0,8.0,27.0,3850.0,4193.8,301829.0,59382.0,0.2252,4200.0,3800.0,450.0,0.1087908166389446,
E06000056,Central Bedfordshire,2022,England,East of England,life-satisfaction,7.32,0.1096938775510203,7.11,7.54,35.0,8.0,27.0,3850.0,4193.8,301829.0,59382.0,0.2252,4200.0,3800.0,450.0,0.1087908166389446,
E06000056,Central Bedfordshire,2022,England,East of England,worthwhile,7.75,0.0994897959183675,7.55,7.94,35.0,8.0,27.0,3850.0,4193.8,301829.0,59382.0,0.2252,4200.0,3800.0,450.0,0.1087908166389446,
E06000056,Central Bedfordshire,2023,England,East of England,,,,,,37.0,9.0,28.0,4130.0,4038.3,309382.0,61277.0,0.2614,4200.0,3900.0,275.0,0.0661675278102657,3300.0
E06000057,Northumberland,2016,England,North East,anxiety,2.92,0.1071428571428571,2.71,3.13,39.0,10.0,29.0,4640.0,4592.5,314327.0,51765.0,0.0537,8000.0,7500.0,400.0,0.049265281566135,5800.0
E06000057,Northumberland,2016,England,North East,happiness,7.51,0.0765306122448979,7.36,7.66,39.0,10.0,29.0,4640.0,4592.5,314327.0,51765.0,0.0537,8000.0,7500.0,400.0,0.049265281566135,5800.0
E06000057,Northumberland,2016,England,North East,life-satisfaction,7.51,0.0714285714285715,7.37,7.65,39.0,10.0,29.0,4640.0,4592.5,314327.0,51765.0,0.0537,8000.0,7500.0,400.0,0.049265281566135,5800.0
E06000057,Northumberland,2016,England,North East,worthwhile,7.67,0.068877551020408,7.53,7.8,39.0,10.0,29.0,4640.0,4592.5,314327.0,51765.0,0.0537,8000.0,7500.0,400.0,0.049265281566135,5800.0
E06000057,Northumberland,2017,England,North East,anxiety,3.0,0.1045918367346939,2.8,3.21,42.0,11.0,31.0,4745.0,4718.3,315663.0,51921.0,0.0563,7800.0,7100.0,375.0,0.0512122972732087,5400.0
E06000057,Northumberland,2017,England,North East,happiness,7.47,0.0739795918367347,7.33,7.62,42.0,11.0,31.0,4745.0,4718.3,315663.0,51921.0,0.0563,7800.0,7100.0,375.0,0.0512122972732087,5400.0
E06000057,Northumberland,2017,England,North East,life-satisfaction,7.63,0.0612244897959184,7.51,7.75,42.0,11.0,31.0,4745.0,4718.3,315663.0,51921.0,0.0563,7800.0,7100.0,375.0,0.0512122972732087,5400.0
E06000057,Northumberland,2017,England,North East,worthwhile,7.83,0.0637755102040816,7.7,7.95,42.0,11.0,31.0,4745.0,4718.3,315663.0,51921.0,0.0563,7800.0,7100.0,375.0,0.0512122972732087,5400.0
E06000057,Northumberland,2018,England,North East,anxiety,2.72,0.1096938775510204,2.5,2.93,41.0,11.0,30.0,4790.0,4842.5,316153.0,51950.0,0.0584,7800.0,7400.0,500.0,0.0656925472652892,5400.0
E06000057,Northumberland,2018,England,North East,happiness,7.47,0.0918367346938776,7.29,7.65,41.0,11.0,30.0,4790.0,4842.5,316153.0,51950.0,0.0584,7800.0,7400.0,500.0,0.0656925472652892,5400.0
E06000057,Northumberland,2018,England,North East,life-satisfaction,7.58,0.0739795918367347,7.43,7.72,41.0,11.0,30.0,4790.0,4842.5,316153.0,51950.0,0.0584,7800.0,7400.0,500.0,0.0656925472652892,5400.0
E06000057,Northumberland,2018,England,North East,worthwhile,7.89,0.0765306122448976,7.74,8.04,41.0,11.0,30.0,4790.0,4842.5,316153.0,51950.0,0.0584,7800.0,7400.0,500.0,0.0656925472652892,5400.0
E06000057,Northumberland,2019,England,North East,anxiety,3.03,0.1147959183673469,2.8,3.25,41.0,11.0,30.0,6450.0,5887.1,318027.0,51954.0,0.0606,7800.0,7400.0,600.0,0.0764798305461432,5600.0
E06000057,Northumberland,2019,England,North East,happiness,7.36,0.0867346938775509,7.19,7.53,41.0,11.0,30.0,6450.0,5887.1,318027.0,51954.0,0.0606,7800.0,7400.0,600.0,0.0764798305461432,5600.0
E06000057,Northumberland,2019,England,North East,life-satisfaction,7.58,0.0790816326530613,7.43,7.74,41.0,11.0,30.0,6450.0,5887.1,318027.0,51954.0,0.0606,7800.0,7400.0,600.0,0.0764798305461432,5600.0
E06000057,Northumberland,2019,England,North East,worthwhile,7.81,0.0765306122448979,7.66,7.96,41.0,11.0,30.0,6450.0,5887.1,318027.0,51954.0,0.0606,7800.0,7400.0,600.0,0.0764798305461432,5600.0
E06000057,Northumberland,2020,England,North East,anxiety,3.19,0.1326530612244898,2.93,3.45,45.0,11.0,34.0,10915.0,10050.0,318490.0,51523.0,0.064,8200.0,7800.0,600.0,0.0741593407797593,6000.0
E06000057,Northumberland,2020,England,North East,happiness,7.28,0.1071428571428571,7.07,7.49,45.0,11.0,34.0,10915.0,10050.0,318490.0,51523.0,0.064,8200.0,7800.0,600.0,0.0741593407797593,6000.0
E06000057,Northumberland,2020,England,North East,life-satisfaction,7.53,0.096938775510204,7.34,7.72,45.0,11.0,34.0,10915.0,10050.0,318490.0,51523.0,0.064,8200.0,7800.0,600.0,0.0741593407797593,6000.0
E06000057,Northumberland,2020,England,North East,worthwhile,7.72,0.1045918367346939,7.52,7.93,45.0,11.0,34.0,10915.0,10050.0,318490.0,51523.0,0.064,8200.0,7800.0,600.0,0.0741593407797593,6000.0
E06000057,Northumberland,2021,England,North East,anxiety,3.06,0.1556122448979591,2.75,3.36,50.0,13.0,37.0,7505.0,9387.5,321532.0,51671.0,0.0701,7700.0,7400.0,800.0,0.0987393336903648,5800.0
E06000057,Northumberland,2021,England,North East,happiness,7.48,0.1224489795918366,7.24,7.72,50.0,13.0,37.0,7505.0,9387.5,321532.0,51671.0,0.0701,7700.0,7400.0,800.0,0.0987393336903648,5800.0
E06000057,Northumberland,2021,England,North East,life-satisfaction,7.68,0.096938775510204,7.49,7.87,50.0,13.0,37.0,7505.0,9387.5,321532.0,51671.0,0.0701,7700.0,7400.0,800.0,0.0987393336903648,5800.0
E06000057,Northumberland,2021,England,North East,worthwhile,7.91,0.0892857142857141,7.74,8.09,50.0,13.0,37.0,7505.0,9387.5,321532.0,51671.0,0.0701,7700.0,7400.0,800.0,0.0987393336903648,5800.0
E06000057,Northumberland,2022,England,North East,anxiety,2.69,0.1658163265306122,2.36,3.01,56.0,15.0,41.0,6280.0,6440.0,324627.0,51742.0,0.0859,7200.0,6800.0,500.0,0.0672515823600394,5600.0
E06000057,Northumberland,2022,England,North East,happiness,7.56,0.1249999999999998,7.32,7.81,56.0,15.0,41.0,6280.0,6440.0,324627.0,51742.0,0.0859,7200.0,6800.0,500.0,0.0672515823600394,5600.0
E06000057,Northumberland,2022,England,North East,life-satisfaction,7.68,0.1122448979591837,7.46,7.9,56.0,15.0,41.0,6280.0,6440.0,324627.0,51742.0,0.0859,7200.0,6800.0,500.0,0.0672515823600394,5600.0
E06000057,Northumberland,2022,England,North East,worthwhile,7.95,0.1096938775510203,7.73,8.16,56.0,15.0,41.0,6280.0,6440.0,324627.0,51742.0,0.0859,7200.0,6800.0,500.0,0.0672515823600394,5600.0
E06000057,Northumberland,2023,England,North East,,,,,,59.0,14.0,45.0,5775.0,6001.7,327865.0,52001.0,0.1166,7600.0,7100.0,450.0,0.0595140604967296,6000.0
E06000060,Buckinghamshire,2016,England,South East,anxiety,2.9,0.1071428571428571,2.69,3.11,65.0,5.0,60.0,776.64,783.64,535519.0,107298.0,0.1849,10500.0,9200.0,650.0,0.0654873942711485,7300.0
E06000060,Buckinghamshire,2016,England,South East,happiness,7.64,0.0816326530612243,7.48,7.8,65.0,5.0,60.0,776.64,783.64,535519.0,107298.0,0.1849,10500.0,9200.0,650.0,0.0654873942711485,7300.0
E06000060,Buckinghamshire,2016,England,South East,life-satisfaction,7.87,0.0637755102040816,7.75,8.0,65.0,5.0,60.0,776.64,783.64,535519.0,107298.0,0.1849,10500.0,9200.0,650.0,0.0654873942711485,7300.0
E06000060,Buckinghamshire,2016,England,South East,worthwhile,7.99,0.0663265306122446,7.86,8.12,65.0,5.0,60.0,776.64,783.64,535519.0,107298.0,0.1849,10500.0,9200.0,650.0,0.0654873942711485,7300.0
E06000060,Buckinghamshire,2017,England,South East,anxiety,2.85,0.1071428571428571,2.64,3.06,67.0,5.0,62.0,854.19,874.23,538762.0,107857.0,0.1907,10500.0,9200.0,700.0,0.0712105329244975,7400.0
E06000060,Buckinghamshire,2017,England,South East,happiness,7.7,0.0739795918367347,7.55,7.84,67.0,5.0,62.0,854.19,874.23,538762.0,107857.0,0.1907,10500.0,9200.0,700.0,0.0712105329244975,7400.0
E06000060,Buckinghamshire,2017,England,South East,life-satisfaction,7.78,0.0688775510204082,7.64,7.91,67.0,5.0,62.0,854.19,874.23,538762.0,107857.0,0.1907,10500.0,9200.0,700.0,0.0712105329244975,7400.0
E06000060,Buckinghamshire,2017,England,South East,worthwhile,7.93,0.066326530612245,7.8,8.06,67.0,5.0,62.0,854.19,874.23,538762.0,107857.0,0.1907,10500.0,9200.0,700.0,0.0712105329244975,7400.0
E06000060,Buckinghamshire,2018,England,South East,anxiety,2.89,0.1198979591836735,2.65,3.12,67.0,5.0,62.0,948.25,906.26,541983.0,108353.0,0.1952,10500.0,9200.0,700.0,0.0725203907473186,7300.0
E06000060,Buckinghamshire,2018,England,South East,happiness,7.68,0.0816326530612245,7.52,7.84,67.0,5.0,62.0,948.25,906.26,541983.0,108353.0,0.1952,10500.0,9200.0,700.0,0.0725203907473186,7300.0
E06000060,Buckinghamshire,2018,England,South East,life-satisfaction,7.89,0.0663265306122448,7.76,8.02,67.0,5.0,62.0,948.25,906.26,541983.0,108353.0,0.1952,10500.0,9200.0,700.0,0.0725203907473186,7300.0
E06000060,Buckinghamshire,2018,England,South East,worthwhile,8.01,0.0612244897959186,7.89,8.13,67.0,5.0,62.0,948.25,906.26,541983.0,108353.0,0.1952,10500.0,9200.0,700.0,0.0725203907473186,7300.0
E06000060,Buckinghamshire,2019,England,South East,anxiety,2.85,0.1249999999999999,2.6,3.09,70.0,8.0,62.0,1499.1,1294.36,545859.0,108893.0,0.2024,10500.0,9000.0,900.0,0.0903199858639013,7500.0
E06000060,Buckinghamshire,2019,England,South East,happiness,7.58,0.0892857142857141,7.4,7.75,70.0,8.0,62.0,1499.1,1294.36,545859.0,108893.0,0.2024,10500.0,9000.0,900.0,0.0903199858639013,7500.0
E06000060,Buckinghamshire,2019,England,South East,life-satisfaction,7.75,0.068877551020408,7.62,7.89,70.0,8.0,62.0,1499.1,1294.36,545859.0,108893.0,0.2024,10500.0,9000.0,900.0,0.0903199858639013,7500.0
E06000060,Buckinghamshire,2019,England,South East,worthwhile,7.95,0.0714285714285715,7.81,8.09,70.0,8.0,62.0,1499.1,1294.36,545859.0,108893.0,0.2024,10500.0,9000.0,900.0,0.0903199858639013,7500.0
E06000060,Buckinghamshire,2020,England,South East,anxiety,3.25,0.1403061224489795,2.98,3.53,74.0,10.0,64.0,4353.51,3581.7,549066.0,109010.0,0.2086,11500.0,9600.0,700.0,0.0667174323883699,8000.0
E06000060,Buckinghamshire,2020,England,South East,happiness,7.33,0.1147959183673469,7.1,7.55,74.0,10.0,64.0,4353.51,3581.7,549066.0,109010.0,0.2086,11500.0,9600.0,700.0,0.0667174323883699,8000.0
E06000060,Buckinghamshire,2020,England,South East,life-satisfaction,7.39,0.1020408163265304,7.19,7.59,74.0,10.0,64.0,4353.51,3581.7,549066.0,109010.0,0.2086,11500.0,9600.0,700.0,0.0667174323883699,8000.0
E06000060,Buckinghamshire,2020,England,South East,worthwhile,7.63,0.1096938775510203,7.42,7.85,74.0,10.0,64.0,4353.51,3581.7,549066.0,109010.0,0.2086,11500.0,9600.0,700.0,0.0667174323883699,8000.0
E06000060,Buckinghamshire,2021,England,South East,anxiety,2.99,0.125,2.75,3.24,76.0,10.0,66.0,3007.84,3799.1,555161.0,109686.0,0.2149,11000.0,9200.0,1000.0,0.1022851545713079,7700.0
E06000060,Buckinghamshire,2021,England,South East,happiness,7.51,0.1096938775510203,7.29,7.72,76.0,10.0,66.0,3007.84,3799.1,555161.0,109686.0,0.2149,11000.0,9200.0,1000.0,0.1022851545713079,7700.0
E06000060,Buckinghamshire,2021,England,South East,life-satisfaction,7.79,0.0765306122448981,7.64,7.94,76.0,10.0,66.0,3007.84,3799.1,555161.0,109686.0,0.2149,11000.0,9200.0,1000.0,0.1022851545713079,7700.0
E06000060,Buckinghamshire,2021,England,South East,worthwhile,8.0,0.0816326530612245,7.84,8.16,76.0,10.0,66.0,3007.84,3799.1,555161.0,109686.0,0.2149,11000.0,9200.0,1000.0,0.1022851545713079,7700.0
E06000060,Buckinghamshire,2022,England,South East,anxiety,3.26,0.1760204081632653,2.92,3.61,78.0,11.0,67.0,2611.82,2697.11,561180.0,111984.0,0.2329,11000.0,9100.0,950.0,0.094778620507512,7800.0
E06000060,Buckinghamshire,2022,England,South East,happiness,7.47,0.1224489795918366,7.23,7.71,78.0,11.0,67.0,2611.82,2697.11,561180.0,111984.0,0.2329,11000.0,9100.0,950.0,0.094778620507512,7800.0
E06000060,Buckinghamshire,2022,England,South East,life-satisfaction,7.63,0.0841836734693877,7.46,7.79,78.0,11.0,67.0,2611.82,2697.11,561180.0,111984.0,0.2329,11000.0,9100.0,950.0,0.094778620507512,7800.0
E06000060,Buckinghamshire,2022,England,South East,worthwhile,7.84,0.0943877551020406,7.66,8.03,78.0,11.0,67.0,2611.82,2697.11,561180.0,111984.0,0.2329,11000.0,9100.0,950.0,0.094778620507512,7800.0
E06000060,Buckinghamshire,2023,England,South East,,,,,,85.0,11.0,74.0,2669.14,2619.26,569850.0,113698.0,0.268,11500.0,10000.0,1000.0,0.0895456394036641,8600.0
E06000065,North Yorkshire,2016,England,Yorkshire and the Humber,anxiety,2.53,,,,57.0,11.0,46.0,688.0,605.12,605770.0,101386.0,0.0793,14500.0,13500.0,650.0,0.0464006295994148,10500.0
E06000065,North Yorkshire,2016,England,Yorkshire and the Humber,happiness,7.76,,,,57.0,11.0,46.0,688.0,605.12,605770.0,101386.0,0.0793,14500.0,13500.0,650.0,0.0464006295994148,10500.0
E06000065,North Yorkshire,2016,England,Yorkshire and the Humber,life-satisfaction,7.88,,,,57.0,11.0,46.0,688.0,605.12,605770.0,101386.0,0.0793,14500.0,13500.0,650.0,0.0464006295994148,10500.0
E06000065,North Yorkshire,2016,England,Yorkshire and the Humber,worthwhile,8.07,,,,57.0,11.0,46.0,688.0,605.12,605770.0,101386.0,0.0793,14500.0,13500.0,650.0,0.0464006295994148,10500.0
E06000065,North Yorkshire,2017,England,Yorkshire and the Humber,anxiety,2.69,,,,60.0,14.0,46.0,848.7,814.71,607291.0,101358.0,0.0818,14500.0,13500.0,800.0,0.0547043672684735,10500.0
E06000065,North Yorkshire,2017,England,Yorkshire and the Humber,happiness,7.49,,,,60.0,14.0,46.0,848.7,814.71,607291.0,101358.0,0.0818,14500.0,13500.0,800.0,0.0547043672684735,10500.0
E06000065,North Yorkshire,2017,England,Yorkshire and the Humber,life-satisfaction,7.8,,,,60.0,14.0,46.0,848.7,814.71,607291.0,101358.0,0.0818,14500.0,13500.0,800.0,0.0547043672684735,10500.0
E06000065,North Yorkshire,2017,England,Yorkshire and the Humber,worthwhile,8.04,,,,60.0,14.0,46.0,848.7,814.71,607291.0,101358.0,0.0818,14500.0,13500.0,800.0,0.0547043672684735,10500.0
E06000065,North Yorkshire,2018,England,Yorkshire and the Humber,anxiety,2.66,,,,62.0,16.0,46.0,966.2,923.97,607735.0,100984.0,0.0837,15000.0,14000.0,1100.0,0.0713608445442236,11000.0
E06000065,North Yorkshire,2018,England,Yorkshire and the Humber,happiness,7.68,,,,62.0,16.0,46.0,966.2,923.97,607735.0,100984.0,0.0837,15000.0,14000.0,1100.0,0.0713608445442236,11000.0
E06000065,North Yorkshire,2018,England,Yorkshire and the Humber,life-satisfaction,7.93,,,,62.0,16.0,46.0,966.2,923.97,607735.0,100984.0,0.0837,15000.0,14000.0,1100.0,0.0713608445442236,11000.0
E06000065,North Yorkshire,2018,England,Yorkshire and the Humber,worthwhile,7.98,,,,62.0,16.0,46.0,966.2,923.97,607735.0,100984.0,0.0837,15000.0,14000.0,1100.0,0.0713608445442236,11000.0
E06000065,North Yorkshire,2019,England,Yorkshire and the Humber,anxiety,2.96,,,,62.0,16.0,46.0,1011.77,993.36,610660.0,100235.0,0.0868,16000.0,15000.0,1000.0,0.0636020167078172,11500.0
E06000065,North Yorkshire,2019,England,Yorkshire and the Humber,happiness,7.58,,,,62.0,16.0,46.0,1011.77,993.36,610660.0,100235.0,0.0868,16000.0,15000.0,1000.0,0.0636020167078172,11500.0
E06000065,North Yorkshire,2019,England,Yorkshire and the Humber,life-satisfaction,7.8,,,,62.0,16.0,46.0,1011.77,993.36,610660.0,100235.0,0.0868,16000.0,15000.0,1000.0,0.0636020167078172,11500.0
E06000065,North Yorkshire,2019,England,Yorkshire and the Humber,worthwhile,7.91,,,,62.0,16.0,46.0,1011.77,993.36,610660.0,100235.0,0.0868,16000.0,15000.0,1000.0,0.0636020167078172,11500.0
E06000065,North Yorkshire,2020,England,Yorkshire and the Humber,anxiety,3.0,,,,66.0,17.0,49.0,2392.4,2147.12,610899.0,99199.0,0.0903,15500.0,14500.0,900.0,0.0566733324203096,11500.0
E06000065,North Yorkshire,2020,England,Yorkshire and the Humber,happiness,7.41,,,,66.0,17.0,49.0,2392.4,2147.12,610899.0,99199.0,0.0903,15500.0,14500.0,900.0,0.0566733324203096,11500.0
E06000065,North Yorkshire,2020,England,Yorkshire and the Humber,life-satisfaction,7.37,,,,66.0,17.0,49.0,2392.4,2147.12,610899.0,99199.0,0.0903,15500.0,14500.0,900.0,0.0566733324203096,11500.0
E06000065,North Yorkshire,2020,England,Yorkshire and the Humber,worthwhile,7.74,,,,66.0,17.0,49.0,2392.4,2147.12,610899.0,99199.0,0.0903,15500.0,14500.0,900.0,0.0566733324203096,11500.0
E06000065,North Yorkshire,2021,England,Yorkshire and the Humber,anxiety,2.81,,,,75.0,20.0,55.0,1486.19,1977.47,618627.0,99156.0,0.0963,15000.0,14000.0,1500.0,0.0969597645605351,11000.0
E06000065,North Yorkshire,2021,England,Yorkshire and the Humber,happiness,7.69,,,,75.0,20.0,55.0,1486.19,1977.47,618627.0,99156.0,0.0963,15000.0,14000.0,1500.0,0.0969597645605351,11000.0
E06000065,North Yorkshire,2021,England,Yorkshire and the Humber,life-satisfaction,7.78,,,,75.0,20.0,55.0,1486.19,1977.47,618627.0,99156.0,0.0963,15000.0,14000.0,1500.0,0.0969597645605351,11000.0
E06000065,North Yorkshire,2021,England,Yorkshire and the Humber,worthwhile,7.93,,,,75.0,20.0,55.0,1486.19,1977.47,618627.0,99156.0,0.0963,15000.0,14000.0,1500.0,0.0969597645605351,11000.0
E06000065,North Yorkshire,2022,England,Yorkshire and the Humber,anxiety,3.03,,,,80.0,21.0,59.0,1241.63,1294.03,624055.0,100307.0,0.1126,15000.0,14500.0,1400.0,0.0917381796491846,11500.0
E06000065,North Yorkshire,2022,England,Yorkshire and the Humber,happiness,7.52,,,,80.0,21.0,59.0,1241.63,1294.03,624055.0,100307.0,0.1126,15000.0,14500.0,1400.0,0.0917381796491846,11500.0
E06000065,North Yorkshire,2022,England,Yorkshire and the Humber,life-satisfaction,7.55,,,,80.0,21.0,59.0,1241.63,1294.03,624055.0,100307.0,0.1126,15000.0,14500.0,1400.0,0.0917381796491846,11500.0
E06000065,North Yorkshire,2022,England,Yorkshire and the Humber,worthwhile,7.81,,,,80.0,21.0,59.0,1241.63,1294.03,624055.0,100307.0,0.1126,15000.0,14500.0,1400.0,0.0917381796491846,11500.0
E06000065,North Yorkshire,2023,England,Yorkshire and the Humber,,,,,,90.0,22.0,68.0,1217.2,1203.27,628846.0,100517.0,0.1444,15000.0,14000.0,950.0,0.0632507914056947,11500.0
E06000066,Somerset,2016,England,South West,anxiety,2.91,,,,71.0,16.0,55.0,896.66,825.95,554806.0,96476.0,0.1085,15500.0,14500.0,700.0,0.0439991110928037,11500.0
E06000066,Somerset,2016,England,South West,happiness,7.57,,,,71.0,16.0,55.0,896.66,825.95,554806.0,96476.0,0.1085,15500.0,14500.0,700.0,0.0439991110928037,11500.0
E06000066,Somerset,2016,England,South West,life-satisfaction,7.85,,,,71.0,16.0,55.0,896.66,825.95,554806.0,96476.0,0.1085,15500.0,14500.0,700.0,0.0439991110928037,11500.0
E06000066,Somerset,2016,England,South West,worthwhile,7.93,,,,71.0,16.0,55.0,896.66,825.95,554806.0,96476.0,0.1085,15500.0,14500.0,700.0,0.0439991110928037,11500.0
E06000066,Somerset,2017,England,South West,anxiety,2.73,,,,70.0,16.0,54.0,1386.8,1234.56,558895.0,96916.0,0.112,16000.0,15000.0,950.0,0.058421825515074,11000.0
E06000066,Somerset,2017,England,South West,happiness,7.66,,,,70.0,16.0,54.0,1386.8,1234.56,558895.0,96916.0,0.112,16000.0,15000.0,950.0,0.058421825515074,11000.0
E06000066,Somerset,2017,England,South West,life-satisfaction,7.88,,,,70.0,16.0,54.0,1386.8,1234.56,558895.0,96916.0,0.112,16000.0,15000.0,950.0,0.058421825515074,11000.0
E06000066,Somerset,2017,England,South West,worthwhile,8.16,,,,70.0,16.0,54.0,1386.8,1234.56,558895.0,96916.0,0.112,16000.0,15000.0,950.0,0.058421825515074,11000.0
E06000066,Somerset,2018,England,South West,anxiety,2.78,,,,73.0,18.0,55.0,1592.1,1589.98,562159.0,97453.0,0.1135,15000.0,14500.0,1100.0,0.0733787484717159,10500.0
E06000066,Somerset,2018,England,South West,happiness,7.73,,,,73.0,18.0,55.0,1592.1,1589.98,562159.0,97453.0,0.1135,15000.0,14500.0,1100.0,0.0733787484717159,10500.0
E06000066,Somerset,2018,England,South West,life-satisfaction,7.87,,,,73.0,18.0,55.0,1592.1,1589.98,562159.0,97453.0,0.1135,15000.0,14500.0,1100.0,0.0733787484717159,10500.0
E06000066,Somerset,2018,England,South West,worthwhile,7.94,,,,73.0,18.0,55.0,1592.1,1589.98,562159.0,97453.0,0.1135,15000.0,14500.0,1100.0,0.0733787484717159,10500.0
E06000066,Somerset,2019,England,South West,anxiety,2.88,,,,73.0,18.0,55.0,1678.11,1652.64,564987.0,97122.0,0.1182,15000.0,14500.0,900.0,0.0593176070368485,10500.0
E06000066,Somerset,2019,England,South West,happiness,7.57,,,,73.0,18.0,55.0,1678.11,1652.64,564987.0,97122.0,0.1182,15000.0,14500.0,900.0,0.0593176070368485,10500.0
E06000066,Somerset,2019,England,South West,life-satisfaction,7.79,,,,73.0,18.0,55.0,1678.11,1652.64,564987.0,97122.0,0.1182,15000.0,14500.0,900.0,0.0593176070368485,10500.0
E06000066,Somerset,2019,England,South West,worthwhile,8.0,,,,73.0,18.0,55.0,1678.11,1652.64,564987.0,97122.0,0.1182,15000.0,14500.0,900.0,0.0593176070368485,10500.0
E06000066,Somerset,2020,England,South West,anxiety,3.15,,,,77.0,19.0,58.0,3482.1,3119.22,566310.0,96400.0,0.1232,15500.0,14500.0,950.0,0.0608782483563535,11000.0
E06000066,Somerset,2020,England,South West,happiness,7.5,,,,77.0,19.0,58.0,3482.1,3119.22,566310.0,96400.0,0.1232,15500.0,14500.0,950.0,0.0608782483563535,11000.0
E06000066,Somerset,2020,England,South West,life-satisfaction,7.6,,,,77.0,19.0,58.0,3482.1,3119.22,566310.0,96400.0,0.1232,15500.0,14500.0,950.0,0.0608782483563535,11000.0
E06000066,Somerset,2020,England,South West,worthwhile,7.93,,,,77.0,19.0,58.0,3482.1,3119.22,566310.0,96400.0,0.1232,15500.0,14500.0,950.0,0.0608782483563535,11000.0
E06000066,Somerset,2021,England,South West,anxiety,3.0,,,,80.0,19.0,61.0,2240.99,2922.64,573100.0,96415.0,0.1281,14500.0,13500.0,1200.0,0.083788233872456,10500.0
E06000066,Somerset,2021,England,South West,happiness,7.59,,,,80.0,19.0,61.0,2240.99,2922.64,573100.0,96415.0,0.1281,14500.0,13500.0,1200.0,0.083788233872456,10500.0
E06000066,Somerset,2021,England,South West,life-satisfaction,7.65,,,,80.0,19.0,61.0,2240.99,2922.64,573100.0,96415.0,0.1281,14500.0,13500.0,1200.0,0.083788233872456,10500.0
E06000066,Somerset,2021,England,South West,worthwhile,7.8,,,,80.0,19.0,61.0,2240.99,2922.64,573100.0,96415.0,0.1281,14500.0,13500.0,1200.0,0.083788233872456,10500.0
E06000066,Somerset,2022,England,South West,anxiety,3.01,,,,81.0,19.0,62.0,1796.63,1909.85,577349.0,97549.0,0.1422,14000.0,13000.0,1000.0,0.0730604818584659,10500.0
E06000066,Somerset,2022,England,South West,happiness,7.47,,,,81.0,19.0,62.0,1796.63,1909.85,577349.0,97549.0,0.1422,14000.0,13000.0,1000.0,0.0730604818584659,10500.0
E06000066,Somerset,2022,England,South West,life-satisfaction,7.51,,,,81.0,19.0,62.0,1796.63,1909.85,577349.0,97549.0,0.1422,14000.0,13000.0,1000.0,0.0730604818584659,10500.0
E06000066,Somerset,2022,England,South West,worthwhile,7.79,,,,81.0,19.0,62.0,1796.63,1909.85,577349.0,97549.0,0.1422,14000.0,13000.0,1000.0,0.0730604818584659,10500.0
E06000066,Somerset,2023,England,South West,,,,,,97.0,21.0,76.0,1894.61,1812.49,582962.0,98560.0,0.1732,15500.0,14500.0,1300.0,0.0825342771207287,12000.0
E08000001,Bolton,2016,England,North West,anxiety,3.22,0.1249999999999999,2.97,3.46,30.0,7.0,23.0,5125.0,5264.6,287253.0,61129.0,0.0819,4700.0,4000.0,150.0,0.0332584856566168,3300.0
E08000001,Bolton,2016,England,North West,happiness,7.33,0.0943877551020406,7.15,7.52,30.0,7.0,23.0,5125.0,5264.6,287253.0,61129.0,0.0819,4700.0,4000.0,150.0,0.0332584856566168,3300.0
E08000001,Bolton,2016,England,North West,life-satisfaction,7.56,0.0816326530612243,7.4,7.72,30.0,7.0,23.0,5125.0,5264.6,287253.0,61129.0,0.0819,4700.0,4000.0,150.0,0.0332584856566168,3300.0
E08000001,Bolton,2016,England,North West,worthwhile,7.85,0.0790816326530611,7.69,8.0,30.0,7.0,23.0,5125.0,5264.6,287253.0,61129.0,0.0819,4700.0,4000.0,150.0,0.0332584856566168,3300.0
E08000001,Bolton,2017,England,North West,anxiety,2.98,0.1352040816326531,2.71,3.24,32.0,8.0,24.0,5475.0,5548.3,289684.0,62430.0,0.0846,5100.0,4500.0,225.0,0.045110400302515,3600.0
E08000001,Bolton,2017,England,North West,happiness,7.4,0.1045918367346939,7.2,7.61,32.0,8.0,24.0,5475.0,5548.3,289684.0,62430.0,0.0846,5100.0,4500.0,225.0,0.045110400302515,3600.0
E08000001,Bolton,2017,England,North West,life-satisfaction,7.7,0.0816326530612245,7.54,7.86,32.0,8.0,24.0,5475.0,5548.3,289684.0,62430.0,0.0846,5100.0,4500.0,225.0,0.045110400302515,3600.0
E08000001,Bolton,2017,England,North West,worthwhile,7.98,0.0790816326530613,7.83,8.14,32.0,8.0,24.0,5475.0,5548.3,289684.0,62430.0,0.0846,5100.0,4500.0,225.0,0.045110400302515,3600.0
E08000001,Bolton,2018,England,North West,anxiety,2.93,0.125,2.69,3.18,32.0,8.0,24.0,5380.0,5707.1,291594.0,63003.0,0.0869,5300.0,4600.0,275.0,0.0576835559734676,3600.0
E08000001,Bolton,2018,England,North West,happiness,7.52,0.0994897959183672,7.33,7.72,32.0,8.0,24.0,5380.0,5707.1,291594.0,63003.0,0.0869,5300.0,4600.0,275.0,0.0576835559734676,3600.0
E08000001,Bolton,2018,England,North West,life-satisfaction,7.71,0.0841836734693877,7.55,7.88,32.0,8.0,24.0,5380.0,5707.1,291594.0,63003.0,0.0869,5300.0,4600.0,275.0,0.0576835559734676,3600.0
E08000001,Bolton,2018,England,North West,worthwhile,7.89,0.0765306122448976,7.74,8.04,32.0,8.0,24.0,5380.0,5707.1,291594.0,63003.0,0.0869,5300.0,4600.0,275.0,0.0576835559734676,3600.0
E08000001,Bolton,2019,England,North West,anxiety,3.0,0.1326530612244897,2.74,3.26,33.0,9.0,24.0,7760.0,7139.2,294888.0,63834.0,0.0916,5700.0,5100.0,250.0,0.0479492123175843,3800.0
E08000001,Bolton,2019,England,North West,happiness,7.34,0.0994897959183672,7.15,7.54,33.0,9.0,24.0,7760.0,7139.2,294888.0,63834.0,0.0916,5700.0,5100.0,250.0,0.0479492123175843,3800.0
E08000001,Bolton,2019,England,North West,life-satisfaction,7.48,0.0918367346938776,7.3,7.66,33.0,9.0,24.0,7760.0,7139.2,294888.0,63834.0,0.0916,5700.0,5100.0,250.0,0.0479492123175843,3800.0
E08000001,Bolton,2019,England,North West,worthwhile,7.83,0.0841836734693877,7.66,7.99,33.0,9.0,24.0,7760.0,7139.2,294888.0,63834.0,0.0916,5700.0,5100.0,250.0,0.0479492123175843,3800.0
E08000001,Bolton,2020,England,North West,anxiety,3.3,0.1658163265306122,2.97,3.62,37.0,11.0,26.0,14795.0,13073.3,295712.0,63865.0,0.0971,6100.0,5600.0,275.0,0.0454681855172214,4200.0
E08000001,Bolton,2020,England,North West,happiness,7.26,0.1122448979591837,7.04,7.48,37.0,11.0,26.0,14795.0,13073.3,295712.0,63865.0,0.0971,6100.0,5600.0,275.0,0.0454681855172214,4200.0
E08000001,Bolton,2020,England,North West,life-satisfaction,7.38,0.1224489795918368,7.14,7.62,37.0,11.0,26.0,14795.0,13073.3,295712.0,63865.0,0.0971,6100.0,5600.0,275.0,0.0454681855172214,4200.0
E08000001,Bolton,2020,England,North West,worthwhile,7.64,0.125,7.39,7.88,37.0,11.0,26.0,14795.0,13073.3,295712.0,63865.0,0.0971,6100.0,5600.0,275.0,0.0454681855172214,4200.0
E08000001,Bolton,2021,England,North West,anxiety,3.29,0.183673469387755,2.93,3.65,38.0,12.0,26.0,11035.0,13357.9,296169.0,63539.0,0.1057,6300.0,5900.0,550.0,0.0876392592766256,4300.0
E08000001,Bolton,2021,England,North West,happiness,7.52,0.1326530612244899,7.26,7.78,38.0,12.0,26.0,11035.0,13357.9,296169.0,63539.0,0.1057,6300.0,5900.0,550.0,0.0876392592766256,4300.0
E08000001,Bolton,2021,England,North West,life-satisfaction,7.43,0.1249999999999998,7.19,7.68,38.0,12.0,26.0,11035.0,13357.9,296169.0,63539.0,0.1057,6300.0,5900.0,550.0,0.0876392592766256,4300.0
E08000001,Bolton,2021,England,North West,worthwhile,7.88,0.1198979591836731,7.65,8.12,38.0,12.0,26.0,11035.0,13357.9,296169.0,63539.0,0.1057,6300.0,5900.0,550.0,0.0876392592766256,4300.0
E08000001,Bolton,2022,England,North West,anxiety,3.42,0.25,2.93,3.91,39.0,12.0,27.0,9875.0,10238.8,299957.0,64604.0,0.1229,6000.0,5600.0,550.0,0.0854385227286584,4200.0
E08000001,Bolton,2022,England,North West,happiness,7.61,0.1249999999999998,7.36,7.85,39.0,12.0,27.0,9875.0,10238.8,299957.0,64604.0,0.1229,6000.0,5600.0,550.0,0.0854385227286584,4200.0
E08000001,Bolton,2022,England,North West,life-satisfaction,7.46,0.1326530612244897,7.2,7.72,39.0,12.0,27.0,9875.0,10238.8,299957.0,64604.0,0.1229,6000.0,5600.0,550.0,0.0854385227286584,4200.0
E08000001,Bolton,2022,England,North West,worthwhile,7.92,0.1071428571428573,7.71,8.13,39.0,12.0,27.0,9875.0,10238.8,299957.0,64604.0,0.1229,6000.0,5600.0,550.0,0.0854385227286584,4200.0
E08000001,Bolton,2023,England,North West,,,,,,42.0,12.0,30.0,9690.0,9914.2,305575.0,65977.0,0.1554,6900.0,6100.0,550.0,0.0812839182259515,5100.0
E08000002,Bury,2016,England,North West,anxiety,3.25,0.1275510204081632,3.0,3.5,24.0,7.0,17.0,2650.0,2855.8,190470.0,38888.0,0.0819,4100.0,3800.0,250.0,0.0623617264211011,3000.0
E08000002,Bury,2016,England,North West,happiness,7.39,0.0994897959183672,7.19,7.58,24.0,7.0,17.0,2650.0,2855.8,190470.0,38888.0,0.0819,4100.0,3800.0,250.0,0.0623617264211011,3000.0
E08000002,Bury,2016,England,North West,life-satisfaction,7.52,0.0841836734693877,7.35,7.68,24.0,7.0,17.0,2650.0,2855.8,190470.0,38888.0,0.0819,4100.0,3800.0,250.0,0.0623617264211011,3000.0
E08000002,Bury,2016,England,North West,worthwhile,7.87,0.0816326530612243,7.71,8.03,24.0,7.0,17.0,2650.0,2855.8,190470.0,38888.0,0.0819,4100.0,3800.0,250.0,0.0623617264211011,3000.0
E08000002,Bury,2017,England,North West,anxiety,3.01,0.1173469387755103,2.78,3.24,25.0,7.0,18.0,2750.0,2819.2,191896.0,39353.0,0.0846,4100.0,3700.0,275.0,0.0656284192081179,3100.0
E08000002,Bury,2017,England,North West,happiness,7.57,0.0816326530612245,7.41,7.73,25.0,7.0,18.0,2750.0,2819.2,191896.0,39353.0,0.0846,4100.0,3700.0,275.0,0.0656284192081179,3100.0
E08000002,Bury,2017,England,North West,life-satisfaction,7.62,0.0790816326530613,7.47,7.78,25.0,7.0,18.0,2750.0,2819.2,191896.0,39353.0,0.0846,4100.0,3700.0,275.0,0.0656284192081179,3100.0
E08000002,Bury,2017,England,North West,worthwhile,7.88,0.068877551020408,7.75,8.02,25.0,7.0,18.0,2750.0,2819.2,191896.0,39353.0,0.0846,4100.0,3700.0,275.0,0.0656284192081179,3100.0
E08000002,Bury,2018,England,North West,anxiety,2.96,0.1224489795918367,2.72,3.2,25.0,8.0,17.0,3245.0,2949.2,192900.0,39452.0,0.0869,4600.0,4200.0,275.0,0.0631150325912732,3300.0
E08000002,Bury,2018,England,North West,happiness,7.6,0.0918367346938776,7.42,7.78,25.0,8.0,17.0,3245.0,2949.2,192900.0,39452.0,0.0869,4600.0,4200.0,275.0,0.0631150325912732,3300.0
E08000002,Bury,2018,England,North West,life-satisfaction,7.65,0.0688775510204082,7.52,7.79,25.0,8.0,17.0,3245.0,2949.2,192900.0,39452.0,0.0869,4600.0,4200.0,275.0,0.0631150325912732,3300.0
E08000002,Bury,2018,England,North West,worthwhile,7.87,0.0790816326530611,7.72,8.03,25.0,8.0,17.0,3245.0,2949.2,192900.0,39452.0,0.0869,4600.0,4200.0,275.0,0.0631150325912732,3300.0
E08000002,Bury,2019,England,North West,anxiety,3.19,0.1275510204081632,2.94,3.44,25.0,8.0,17.0,4040.0,3837.1,193763.0,39550.0,0.0916,4600.0,4200.0,200.0,0.0476135760391963,3400.0
E08000002,Bury,2019,England,North West,happiness,7.33,0.0943877551020408,7.14,7.51,25.0,8.0,17.0,4040.0,3837.1,193763.0,39550.0,0.0916,4600.0,4200.0,200.0,0.0476135760391963,3400.0
E08000002,Bury,2019,England,North West,life-satisfaction,7.58,0.0867346938775509,7.41,7.75,25.0,8.0,17.0,4040.0,3837.1,193763.0,39550.0,0.0916,4600.0,4200.0,200.0,0.0476135760391963,3400.0
E08000002,Bury,2019,England,North West,worthwhile,7.95,0.0765306122448979,7.8,8.1,25.0,8.0,17.0,4040.0,3837.1,193763.0,39550.0,0.0916,4600.0,4200.0,200.0,0.0476135760391963,3400.0
E08000002,Bury,2020,England,North West,anxiety,3.07,0.1658163265306122,2.75,3.4,27.0,8.0,19.0,7995.0,7159.2,193604.0,39229.0,0.0971,4800.0,4400.0,425.0,0.0892577960480671,3500.0
E08000002,Bury,2020,England,North West,happiness,7.31,0.1428571428571427,7.03,7.59,27.0,8.0,19.0,7995.0,7159.2,193604.0,39229.0,0.0971,4800.0,4400.0,425.0,0.0892577960480671,3500.0
E08000002,Bury,2020,England,North West,life-satisfaction,7.31,0.1147959183673469,7.09,7.54,27.0,8.0,19.0,7995.0,7159.2,193604.0,39229.0,0.0971,4800.0,4400.0,425.0,0.0892577960480671,3500.0
E08000002,Bury,2020,England,North West,worthwhile,7.73,0.1122448979591837,7.51,7.95,27.0,8.0,19.0,7995.0,7159.2,193604.0,39229.0,0.0971,4800.0,4400.0,425.0,0.0892577960480671,3500.0
E08000002,Bury,2021,England,North West,anxiety,3.44,0.1607142857142857,3.12,3.75,27.0,8.0,19.0,5805.0,7138.3,193866.0,38848.0,0.1057,5000.0,4500.0,550.0,0.105823199797491,3600.0
E08000002,Bury,2021,England,North West,happiness,7.42,0.1147959183673467,7.19,7.64,27.0,8.0,19.0,5805.0,7138.3,193866.0,38848.0,0.1057,5000.0,4500.0,550.0,0.105823199797491,3600.0
E08000002,Bury,2021,England,North West,life-satisfaction,7.44,0.1045918367346936,7.23,7.64,27.0,8.0,19.0,5805.0,7138.3,193866.0,38848.0,0.1057,5000.0,4500.0,550.0,0.105823199797491,3600.0
E08000002,Bury,2021,England,North West,worthwhile,7.74,0.1122448979591837,7.52,7.96,27.0,8.0,19.0,5805.0,7138.3,193866.0,38848.0,0.1057,5000.0,4500.0,550.0,0.105823199797491,3600.0
E08000002,Bury,2022,England,North West,anxiety,3.43,0.1530612244897959,3.13,3.73,27.0,8.0,19.0,5035.0,5280.4,195046.0,38948.0,0.1229,4600.0,4200.0,650.0,0.1289194917298419,3400.0
E08000002,Bury,2022,England,North West,happiness,7.5,0.1071428571428571,7.29,7.71,27.0,8.0,19.0,5035.0,5280.4,195046.0,38948.0,0.1229,4600.0,4200.0,650.0,0.1289194917298419,3400.0
E08000002,Bury,2022,England,North West,life-satisfaction,7.49,0.1020408163265307,7.29,7.69,27.0,8.0,19.0,5035.0,5280.4,195046.0,38948.0,0.1229,4600.0,4200.0,650.0,0.1289194917298419,3400.0
E08000002,Bury,2022,England,North West,worthwhile,7.89,0.0918367346938776,7.71,8.07,27.0,8.0,19.0,5035.0,5280.4,195046.0,38948.0,0.1229,4600.0,4200.0,650.0,0.1289194917298419,3400.0
E08000002,Bury,2023,England,North West,,,,,,34.0,8.0,26.0,4920.0,5018.3,196719.0,39321.0,0.1554,4500.0,4200.0,400.0,0.0877001798906067,3400.0
E08000003,Manchester,2016,England,North West,anxiety,3.37,0.1301020408163266,3.11,3.62,79.0,14.0,65.0,9665.0,10432.5,533446.0,111050.0,0.0819,8400.0,7000.0,250.0,0.0333827575770371,6100.0
E08000003,Manchester,2016,England,North West,happiness,7.2,0.0918367346938776,7.02,7.38,79.0,14.0,65.0,9665.0,10432.5,533446.0,111050.0,0.0819,8400.0,7000.0,250.0,0.0333827575770371,6100.0
E08000003,Manchester,2016,England,North West,life-satisfaction,7.45,0.0867346938775509,7.28,7.62,79.0,14.0,65.0,9665.0,10432.5,533446.0,111050.0,0.0819,8400.0,7000.0,250.0,0.0333827575770371,6100.0
E08000003,Manchester,2016,England,North West,worthwhile,7.63,0.0816326530612245,7.47,7.79,79.0,14.0,65.0,9665.0,10432.5,533446.0,111050.0,0.0819,8400.0,7000.0,250.0,0.0333827575770371,6100.0
E08000003,Manchester,2017,England,North West,anxiety,2.86,0.1096938775510203,2.64,3.07,84.0,14.0,70.0,9335.0,9768.3,536961.0,112696.0,0.0846,8400.0,7200.0,475.0,0.0606448607033405,6100.0
E08000003,Manchester,2017,England,North West,happiness,7.41,0.0841836734693877,7.24,7.57,84.0,14.0,70.0,9335.0,9768.3,536961.0,112696.0,0.0846,8400.0,7200.0,475.0,0.0606448607033405,6100.0
E08000003,Manchester,2017,England,North West,life-satisfaction,7.42,0.0765306122448981,7.27,7.57,84.0,14.0,70.0,9335.0,9768.3,536961.0,112696.0,0.0846,8400.0,7200.0,475.0,0.0606448607033405,6100.0
E08000003,Manchester,2017,England,North West,worthwhile,7.69,0.0714285714285715,7.55,7.83,84.0,14.0,70.0,9335.0,9768.3,536961.0,112696.0,0.0846,8400.0,7200.0,475.0,0.0606448607033405,6100.0
E08000003,Manchester,2018,England,North West,anxiety,3.01,0.1301020408163266,2.76,3.27,85.0,15.0,70.0,14005.0,12135.8,540675.0,113641.0,0.0869,9100.0,8100.0,500.0,0.0570845157364839,6500.0
E08000003,Manchester,2018,England,North West,happiness,7.38,0.0816326530612245,7.22,7.54,85.0,15.0,70.0,14005.0,12135.8,540675.0,113641.0,0.0869,9100.0,8100.0,500.0,0.0570845157364839,6500.0
E08000003,Manchester,2018,England,North West,life-satisfaction,7.53,0.0765306122448979,7.38,7.68,85.0,15.0,70.0,14005.0,12135.8,540675.0,113641.0,0.0869,9100.0,8100.0,500.0,0.0570845157364839,6500.0
E08000003,Manchester,2018,England,North West,worthwhile,7.75,0.0790816326530613,7.59,7.9,85.0,15.0,70.0,14005.0,12135.8,540675.0,113641.0,0.0869,9100.0,8100.0,500.0,0.0570845157364839,6500.0
E08000003,Manchester,2019,England,North West,anxiety,3.05,0.1275510204081632,2.8,3.3,84.0,17.0,67.0,16325.0,15934.6,545947.0,114528.0,0.0916,8400.0,7500.0,325.0,0.041860252345576,6300.0
E08000003,Manchester,2019,England,North West,happiness,7.44,0.0994897959183672,7.25,7.64,84.0,17.0,67.0,16325.0,15934.6,545947.0,114528.0,0.0916,8400.0,7500.0,325.0,0.041860252345576,6300.0
E08000003,Manchester,2019,England,North West,life-satisfaction,7.53,0.0816326530612245,7.37,7.69,84.0,17.0,67.0,16325.0,15934.6,545947.0,114528.0,0.0916,8400.0,7500.0,325.0,0.041860252345576,6300.0
E08000003,Manchester,2019,England,North West,worthwhile,7.73,0.0816326530612243,7.57,7.89,84.0,17.0,67.0,16325.0,15934.6,545947.0,114528.0,0.0916,8400.0,7500.0,325.0,0.041860252345576,6300.0
E08000003,Manchester,2020,England,North West,anxiety,3.51,0.1709183673469387,3.18,3.85,88.0,16.0,72.0,34335.0,29510.4,547340.0,114637.0,0.0971,9100.0,8100.0,500.0,0.0588094147657723,6800.0
E08000003,Manchester,2020,England,North West,happiness,7.12,0.1301020408163264,6.87,7.38,88.0,16.0,72.0,34335.0,29510.4,547340.0,114637.0,0.0971,9100.0,8100.0,500.0,0.0588094147657723,6800.0
E08000003,Manchester,2020,England,North West,life-satisfaction,7.12,0.1147959183673467,6.9,7.35,88.0,16.0,72.0,34335.0,29510.4,547340.0,114637.0,0.0971,9100.0,8100.0,500.0,0.0588094147657723,6800.0
E08000003,Manchester,2020,England,North West,worthwhile,7.53,0.1198979591836734,7.29,7.76,88.0,16.0,72.0,34335.0,29510.4,547340.0,114637.0,0.0971,9100.0,8100.0,500.0,0.0588094147657723,6800.0
E08000003,Manchester,2021,England,North West,anxiety,3.41,0.1862244897959183,3.04,3.77,91.0,17.0,74.0,25960.0,31377.1,550630.0,113657.0,0.1057,8600.0,7800.0,800.0,0.0917754895339289,6400.0
E08000003,Manchester,2021,England,North West,happiness,7.26,0.1275510204081632,7.01,7.51,91.0,17.0,74.0,25960.0,31377.1,550630.0,113657.0,0.1057,8600.0,7800.0,800.0,0.0917754895339289,6400.0
E08000003,Manchester,2021,England,North West,life-satisfaction,7.45,0.0918367346938776,7.27,7.63,91.0,17.0,74.0,25960.0,31377.1,550630.0,113657.0,0.1057,8600.0,7800.0,800.0,0.0917754895339289,6400.0
E08000003,Manchester,2021,England,North West,worthwhile,7.72,0.0994897959183672,7.53,7.92,91.0,17.0,74.0,25960.0,31377.1,550630.0,113657.0,0.1057,8600.0,7800.0,800.0,0.0917754895339289,6400.0
E08000003,Manchester,2022,England,North West,anxiety,3.73,0.1964285714285715,3.34,4.11,90.0,17.0,73.0,22385.0,23598.3,569103.0,115181.0,0.1229,9200.0,8300.0,950.0,0.1032503949109418,7000.0
E08000003,Manchester,2022,England,North West,happiness,6.85,0.1785714285714286,6.5,7.2,90.0,17.0,73.0,22385.0,23598.3,569103.0,115181.0,0.1229,9200.0,8300.0,950.0,0.1032503949109418,7000.0
E08000003,Manchester,2022,England,North West,life-satisfaction,6.97,0.1454081632653059,6.69,7.26,90.0,17.0,73.0,22385.0,23598.3,569103.0,115181.0,0.1229,9200.0,8300.0,950.0,0.1032503949109418,7000.0
E08000003,Manchester,2022,England,North West,worthwhile,7.29,0.1505102040816326,7.0,7.59,90.0,17.0,73.0,22385.0,23598.3,569103.0,115181.0,0.1229,9200.0,8300.0,950.0,0.1032503949109418,7000.0
E08000003,Manchester,2023,England,North West,,,,,,98.0,17.0,81.0,23620.0,23425.0,581302.0,116246.0,0.1554,9900.0,8500.0,850.0,0.0915051886820248,7600.0
E08000004,Oldham,2016,England,North West,anxiety,2.66,0.1147959183673469,2.44,2.89,21.0,4.0,17.0,3835.0,4198.8,235021.0,54002.0,0.0819,4900.0,4400.0,225.0,0.0501306373872295,3500.0
E08000004,Oldham,2016,England,North West,happiness,7.4,0.096938775510204,7.21,7.59,21.0,4.0,17.0,3835.0,4198.8,235021.0,54002.0,0.0819,4900.0,4400.0,225.0,0.0501306373872295,3500.0
E08000004,Oldham,2016,England,North West,life-satisfaction,7.45,0.0816326530612245,7.29,7.61,21.0,4.0,17.0,3835.0,4198.8,235021.0,54002.0,0.0819,4900.0,4400.0,225.0,0.0501306373872295,3500.0
E08000004,Oldham,2016,England,North West,worthwhile,7.79,0.0790816326530613,7.64,7.95,21.0,4.0,17.0,3835.0,4198.8,235021.0,54002.0,0.0819,4900.0,4400.0,225.0,0.0501306373872295,3500.0
E08000004,Oldham,2017,England,North West,anxiety,2.71,0.125,2.46,2.95,23.0,5.0,18.0,5175.0,4433.3,237161.0,54579.0,0.0846,4900.0,4600.0,325.0,0.0641938949557172,3500.0
E08000004,Oldham,2017,England,North West,happiness,7.41,0.0892857142857141,7.23,7.58,23.0,5.0,18.0,5175.0,4433.3,237161.0,54579.0,0.0846,4900.0,4600.0,325.0,0.0641938949557172,3500.0
E08000004,Oldham,2017,England,North West,life-satisfaction,7.55,0.0816326530612245,7.39,7.71,23.0,5.0,18.0,5175.0,4433.3,237161.0,54579.0,0.0846,4900.0,4600.0,325.0,0.0641938949557172,3500.0
E08000004,Oldham,2017,England,North West,worthwhile,7.82,0.0790816326530611,7.66,7.97,23.0,5.0,18.0,5175.0,4433.3,237161.0,54579.0,0.0846,4900.0,4600.0,325.0,0.0641938949557172,3500.0
E08000004,Oldham,2018,England,North West,anxiety,2.78,0.1198979591836734,2.54,3.01,23.0,5.0,18.0,6025.0,6038.8,239923.0,55177.0,0.0869,5200.0,5000.0,275.0,0.0539818517687433,3800.0
E08000004,Oldham,2018,England,North West,happiness,7.45,0.0892857142857141,7.28,7.63,23.0,5.0,18.0,6025.0,6038.8,239923.0,55177.0,0.0869,5200.0,5000.0,275.0,0.0539818517687433,3800.0
E08000004,Oldham,2018,England,North West,life-satisfaction,7.58,0.0892857142857141,7.41,7.76,23.0,5.0,18.0,6025.0,6038.8,239923.0,55177.0,0.0869,5200.0,5000.0,275.0,0.0539818517687433,3800.0
E08000004,Oldham,2018,England,North West,worthwhile,7.86,0.0765306122448979,7.71,8.01,23.0,5.0,18.0,6025.0,6038.8,239923.0,55177.0,0.0869,5200.0,5000.0,275.0,0.0539818517687433,3800.0
E08000004,Oldham,2019,England,North West,anxiety,3.0,0.135204081632653,2.74,3.27,23.0,5.0,18.0,6850.0,6696.2,242077.0,55518.0,0.0916,5600.0,5400.0,300.0,0.0530988965121159,4100.0
E08000004,Oldham,2019,England,North West,happiness,7.33,0.0918367346938774,7.15,7.51,23.0,5.0,18.0,6850.0,6696.2,242077.0,55518.0,0.0916,5600.0,5400.0,300.0,0.0530988965121159,4100.0
E08000004,Oldham,2019,England,North West,life-satisfaction,7.58,0.0790816326530613,7.42,7.73,23.0,5.0,18.0,6850.0,6696.2,242077.0,55518.0,0.0916,5600.0,5400.0,300.0,0.0530988965121159,4100.0
E08000004,Oldham,2019,England,North West,worthwhile,7.85,0.0765306122448979,7.7,8.0,23.0,5.0,18.0,6850.0,6696.2,242077.0,55518.0,0.0916,5600.0,5400.0,300.0,0.0530988965121159,4100.0
E08000004,Oldham,2020,England,North West,anxiety,3.26,0.1607142857142857,2.95,3.58,23.0,5.0,18.0,13380.0,11806.7,242181.0,55262.0,0.0971,5300.0,4900.0,200.0,0.0401247799773861,3900.0
E08000004,Oldham,2020,England,North West,happiness,7.33,0.1224489795918368,7.09,7.57,23.0,5.0,18.0,13380.0,11806.7,242181.0,55262.0,0.0971,5300.0,4900.0,200.0,0.0401247799773861,3900.0
E08000004,Oldham,2020,England,North West,life-satisfaction,7.35,0.1173469387755102,7.12,7.58,23.0,5.0,18.0,13380.0,11806.7,242181.0,55262.0,0.0971,5300.0,4900.0,200.0,0.0401247799773861,3900.0
E08000004,Oldham,2020,England,North West,worthwhile,7.72,0.1224489795918366,7.48,7.96,23.0,5.0,18.0,13380.0,11806.7,242181.0,55262.0,0.0971,5300.0,4900.0,200.0,0.0401247799773861,3900.0
E08000004,Oldham,2021,England,North West,anxiety,3.14,0.1734693877551021,2.8,3.48,22.0,5.0,17.0,10600.0,12875.0,242003.0,54750.0,0.1057,5400.0,5000.0,425.0,0.0782565450860129,4100.0
E08000004,Oldham,2021,England,North West,happiness,7.46,0.1224489795918368,7.22,7.7,22.0,5.0,17.0,10600.0,12875.0,242003.0,54750.0,0.1057,5400.0,5000.0,425.0,0.0782565450860129,4100.0
E08000004,Oldham,2021,England,North West,life-satisfaction,7.51,0.1045918367346939,7.3,7.71,22.0,5.0,17.0,10600.0,12875.0,242003.0,54750.0,0.1057,5400.0,5000.0,425.0,0.0782565450860129,4100.0
E08000004,Oldham,2021,England,North West,worthwhile,7.81,0.1122448979591835,7.59,8.03,22.0,5.0,17.0,10600.0,12875.0,242003.0,54750.0,0.1057,5400.0,5000.0,425.0,0.0782565450860129,4100.0
E08000004,Oldham,2022,England,North West,anxiety,3.35,0.1887755102040817,2.98,3.72,22.0,5.0,17.0,9345.0,9747.9,244885.0,55383.0,0.1229,5600.0,5200.0,275.0,0.051931867279765,4300.0
E08000004,Oldham,2022,England,North West,happiness,7.31,0.1428571428571427,7.03,7.59,22.0,5.0,17.0,9345.0,9747.9,244885.0,55383.0,0.1229,5600.0,5200.0,275.0,0.051931867279765,4300.0
E08000004,Oldham,2022,England,North West,life-satisfaction,7.21,0.1377551020408163,6.94,7.48,22.0,5.0,17.0,9345.0,9747.9,244885.0,55383.0,0.1229,5600.0,5200.0,275.0,0.051931867279765,4300.0
E08000004,Oldham,2022,England,North West,worthwhile,7.57,0.1479591836734694,7.28,7.86,22.0,5.0,17.0,9345.0,9747.9,244885.0,55383.0,0.1229,5600.0,5200.0,275.0,0.051931867279765,4300.0
E08000004,Oldham,2023,England,North West,,,,,,25.0,7.0,18.0,9320.0,9552.1,247969.0,55962.0,0.1554,6100.0,5500.0,250.0,0.0420739504982412,4700.0
E08000005,Rochdale,2016,England,North West,anxiety,2.78,0.1096938775510204,2.57,3.0,28.0,8.0,20.0,3710.0,3884.2,216251.0,46356.0,0.0819,4700.0,4400.0,175.0,0.0396082650876229,3400.0
E08000005,Rochdale,2016,England,North West,happiness,7.44,0.0841836734693877,7.27,7.6,28.0,8.0,20.0,3710.0,3884.2,216251.0,46356.0,0.0819,4700.0,4400.0,175.0,0.0396082650876229,3400.0
E08000005,Rochdale,2016,England,North West,life-satisfaction,7.52,0.0739795918367347,7.37,7.66,28.0,8.0,20.0,3710.0,3884.2,216251.0,46356.0,0.0819,4700.0,4400.0,175.0,0.0396082650876229,3400.0
E08000005,Rochdale,2016,England,North West,worthwhile,7.8,0.0714285714285715,7.66,7.94,28.0,8.0,20.0,3710.0,3884.2,216251.0,46356.0,0.0819,4700.0,4400.0,175.0,0.0396082650876229,3400.0
E08000005,Rochdale,2017,England,North West,anxiety,2.82,0.125,2.57,3.06,29.0,8.0,21.0,3670.0,4017.5,218492.0,47399.0,0.0846,4700.0,4500.0,250.0,0.0513985449595743,3300.0
E08000005,Rochdale,2017,England,North West,happiness,7.48,0.0892857142857144,7.31,7.66,29.0,8.0,21.0,3670.0,4017.5,218492.0,47399.0,0.0846,4700.0,4500.0,250.0,0.0513985449595743,3300.0
E08000005,Rochdale,2017,England,North West,life-satisfaction,7.57,0.0892857142857144,7.39,7.74,29.0,8.0,21.0,3670.0,4017.5,218492.0,47399.0,0.0846,4700.0,4500.0,250.0,0.0513985449595743,3300.0
E08000005,Rochdale,2017,England,North West,worthwhile,7.81,0.0790816326530611,7.65,7.96,29.0,8.0,21.0,3670.0,4017.5,218492.0,47399.0,0.0846,4700.0,4500.0,250.0,0.0513985449595743,3300.0
E08000005,Rochdale,2018,England,North West,anxiety,3.0,0.1275510204081632,2.75,3.25,29.0,8.0,21.0,4950.0,4307.5,219969.0,47893.0,0.0869,5100.0,4600.0,200.0,0.041348587082172,3700.0
E08000005,Rochdale,2018,England,North West,happiness,7.39,0.0892857142857144,7.22,7.57,29.0,8.0,21.0,4950.0,4307.5,219969.0,47893.0,0.0869,5100.0,4600.0,200.0,0.041348587082172,3700.0
E08000005,Rochdale,2018,England,North West,life-satisfaction,7.48,0.0765306122448979,7.33,7.63,29.0,8.0,21.0,4950.0,4307.5,219969.0,47893.0,0.0869,5100.0,4600.0,200.0,0.041348587082172,3700.0
E08000005,Rochdale,2018,England,North West,worthwhile,7.8,0.0714285714285715,7.66,7.94,29.0,8.0,21.0,4950.0,4307.5,219969.0,47893.0,0.0869,5100.0,4600.0,200.0,0.041348587082172,3700.0
E08000005,Rochdale,2019,England,North West,anxiety,2.92,0.1301020408163266,2.67,3.18,29.0,9.0,20.0,5715.0,5755.4,222042.0,48514.0,0.0916,4800.0,4400.0,225.0,0.0484787373349545,3500.0
E08000005,Rochdale,2019,England,North West,happiness,7.42,0.096938775510204,7.23,7.61,29.0,9.0,20.0,5715.0,5755.4,222042.0,48514.0,0.0916,4800.0,4400.0,225.0,0.0484787373349545,3500.0
E08000005,Rochdale,2019,England,North West,life-satisfaction,7.54,0.0841836734693877,7.37,7.7,29.0,9.0,20.0,5715.0,5755.4,222042.0,48514.0,0.0916,4800.0,4400.0,225.0,0.0484787373349545,3500.0
E08000005,Rochdale,2019,England,North West,worthwhile,7.86,0.0765306122448979,7.71,8.01,29.0,9.0,20.0,5715.0,5755.4,222042.0,48514.0,0.0916,4800.0,4400.0,225.0,0.0484787373349545,3500.0
E08000005,Rochdale,2020,England,North West,anxiety,3.41,0.1581632653061224,3.1,3.72,31.0,8.0,23.0,11460.0,10247.5,223024.0,48756.0,0.0971,4600.0,4400.0,150.0,0.0341220284326548,3200.0
E08000005,Rochdale,2020,England,North West,happiness,7.03,0.1198979591836734,6.8,7.27,31.0,8.0,23.0,11460.0,10247.5,223024.0,48756.0,0.0971,4600.0,4400.0,150.0,0.0341220284326548,3200.0
E08000005,Rochdale,2020,England,North West,life-satisfaction,7.19,0.1096938775510203,6.98,7.41,31.0,8.0,23.0,11460.0,10247.5,223024.0,48756.0,0.0971,4600.0,4400.0,150.0,0.0341220284326548,3200.0
E08000005,Rochdale,2020,England,North West,worthwhile,7.56,0.0994897959183672,7.37,7.76,31.0,8.0,23.0,11460.0,10247.5,223024.0,48756.0,0.0971,4600.0,4400.0,150.0,0.0341220284326548,3200.0
E08000005,Rochdale,2021,England,North West,anxiety,2.8,0.1581632653061223,2.49,3.11,32.0,8.0,24.0,9250.0,10766.2,224127.0,48809.0,0.1057,4500.0,4300.0,250.0,0.0573182400817527,3200.0
E08000005,Rochdale,2021,England,North West,happiness,7.3,0.1096938775510203,7.09,7.52,32.0,8.0,24.0,9250.0,10766.2,224127.0,48809.0,0.1057,4500.0,4300.0,250.0,0.0573182400817527,3200.0
E08000005,Rochdale,2021,England,North West,life-satisfaction,7.42,0.1071428571428571,7.21,7.63,32.0,8.0,24.0,9250.0,10766.2,224127.0,48809.0,0.1057,4500.0,4300.0,250.0,0.0573182400817527,3200.0
E08000005,Rochdale,2021,England,North West,worthwhile,7.74,0.1224489795918368,7.5,7.98,32.0,8.0,24.0,9250.0,10766.2,224127.0,48809.0,0.1057,4500.0,4300.0,250.0,0.0573182400817527,3200.0
E08000005,Rochdale,2022,England,North West,anxiety,3.17,0.2040816326530611,2.77,3.57,33.0,8.0,25.0,8080.0,8529.2,227715.0,49647.0,0.1229,4800.0,4600.0,225.0,0.0489012021329016,3400.0
E08000005,Rochdale,2022,England,North West,happiness,7.45,0.1224489795918368,7.21,7.69,33.0,8.0,25.0,8080.0,8529.2,227715.0,49647.0,0.1229,4800.0,4600.0,225.0,0.0489012021329016,3400.0
E08000005,Rochdale,2022,England,North West,life-satisfaction,7.15,0.1224489795918366,6.91,7.39,33.0,8.0,25.0,8080.0,8529.2,227715.0,49647.0,0.1229,4800.0,4600.0,225.0,0.0489012021329016,3400.0
E08000005,Rochdale,2022,England,North West,worthwhile,7.63,0.1275510204081632,7.38,7.88,33.0,8.0,25.0,8080.0,8529.2,227715.0,49647.0,0.1229,4800.0,4600.0,225.0,0.0489012021329016,3400.0
E08000005,Rochdale,2023,England,North West,,,,,,34.0,8.0,26.0,7695.0,8017.9,231217.0,50495.0,0.1554,5400.0,4700.0,100.0,0.0215856402593644,3900.0
E08000006,Salford,2016,England,North West,anxiety,2.97,0.1173469387755102,2.74,3.2,28.0,7.0,21.0,4245.0,4509.6,251562.0,49662.0,0.0819,4700.0,4300.0,,,
E08000006,Salford,2016,England,North West,happiness,7.32,0.0918367346938776,7.14,7.5,28.0,7.0,21.0,4245.0,4509.6,251562.0,49662.0,0.0819,4700.0,4300.0,,,
E08000006,Salford,2016,England,North West,life-satisfaction,7.49,0.0739795918367347,7.35,7.64,28.0,7.0,21.0,4245.0,4509.6,251562.0,49662.0,0.0819,4700.0,4300.0,,,
E08000006,Salford,2016,England,North West,worthwhile,7.67,0.0739795918367347,7.53,7.82,28.0,7.0,21.0,4245.0,4509.6,251562.0,49662.0,0.0819,4700.0,4300.0,,,
E08000006,Salford,2017,England,North West,anxiety,3.05,0.1224489795918367,2.81,3.29,30.0,7.0,23.0,4190.0,4444.2,255090.0,50440.0,0.0846,4700.0,4400.0,,,
E08000006,Salford,2017,England,North West,happiness,7.38,0.0994897959183672,7.19,7.58,30.0,7.0,23.0,4190.0,4444.2,255090.0,50440.0,0.0846,4700.0,4400.0,,,
E08000006,Salford,2017,England,North West,life-satisfaction,7.67,0.0765306122448981,7.52,7.82,30.0,7.0,23.0,4190.0,4444.2,255090.0,50440.0,0.0846,4700.0,4400.0,,,
E08000006,Salford,2017,England,North West,worthwhile,7.76,0.0867346938775509,7.59,7.93,30.0,7.0,23.0,4190.0,4444.2,255090.0,50440.0,0.0846,4700.0,4400.0,,,
E08000006,Salford,2018,England,North West,anxiety,2.95,0.1224489795918367,2.71,3.19,30.0,7.0,23.0,5020.0,4705.4,259224.0,51408.0,0.0869,4700.0,4300.0,,,
E08000006,Salford,2018,England,North West,happiness,7.3,0.0867346938775509,7.13,7.47,30.0,7.0,23.0,5020.0,4705.4,259224.0,51408.0,0.0869,4700.0,4300.0,,,
E08000006,Salford,2018,England,North West,life-satisfaction,7.55,0.0790816326530611,7.4,7.71,30.0,7.0,23.0,5020.0,4705.4,259224.0,51408.0,0.0869,4700.0,4300.0,,,
E08000006,Salford,2018,England,North West,worthwhile,7.8,0.0739795918367347,7.65,7.94,30.0,7.0,23.0,5020.0,4705.4,259224.0,51408.0,0.0869,4700.0,4300.0,,,
E08000006,Salford,2019,England,North West,anxiety,3.15,0.1275510204081632,2.9,3.4,31.0,7.0,24.0,6665.0,6310.4,263611.0,52085.0,0.0916,4800.0,4500.0,,,
E08000006,Salford,2019,England,North West,happiness,7.32,0.1224489795918366,7.08,7.56,31.0,7.0,24.0,6665.0,6310.4,263611.0,52085.0,0.0916,4800.0,4500.0,,,
E08000006,Salford,2019,England,North West,life-satisfaction,7.51,0.0892857142857144,7.34,7.69,31.0,7.0,24.0,6665.0,6310.4,263611.0,52085.0,0.0916,4800.0,4500.0,,,
E08000006,Salford,2019,England,North West,worthwhile,7.72,0.0816326530612245,7.56,7.88,31.0,7.0,24.0,6665.0,6310.4,263611.0,52085.0,0.0916,4800.0,4500.0,,,
E08000006,Salford,2020,England,North West,anxiety,3.57,0.2040816326530612,3.17,3.97,35.0,9.0,26.0,13985.0,12104.2,266090.0,52624.0,0.0971,5100.0,4800.0,,,
E08000006,Salford,2020,England,North West,happiness,7.3,0.1403061224489797,7.02,7.57,35.0,9.0,26.0,13985.0,12104.2,266090.0,52624.0,0.0971,5100.0,4800.0,,,
E08000006,Salford,2020,England,North West,life-satisfaction,7.35,0.1147959183673469,7.13,7.58,35.0,9.0,26.0,13985.0,12104.2,266090.0,52624.0,0.0971,5100.0,4800.0,,,
E08000006,Salford,2020,England,North West,worthwhile,7.76,0.1096938775510205,7.55,7.98,35.0,9.0,26.0,13985.0,12104.2,266090.0,52624.0,0.0971,5100.0,4800.0,,,
E08000006,Salford,2021,England,North West,anxiety,3.35,0.1785714285714286,3.0,3.7,37.0,10.0,27.0,10215.0,12644.2,270866.0,53011.0,0.1057,5400.0,5100.0,,,
E08000006,Salford,2021,England,North West,happiness,7.3,0.1301020408163264,7.05,7.56,37.0,10.0,27.0,10215.0,12644.2,270866.0,53011.0,0.1057,5400.0,5100.0,,,
E08000006,Salford,2021,England,North West,life-satisfaction,7.36,0.1122448979591837,7.14,7.58,37.0,10.0,27.0,10215.0,12644.2,270866.0,53011.0,0.1057,5400.0,5100.0,,,
E08000006,Salford,2021,England,North West,worthwhile,7.6,0.1096938775510203,7.38,7.81,37.0,10.0,27.0,10215.0,12644.2,270866.0,53011.0,0.1057,5400.0,5100.0,,,
E08000006,Salford,2022,England,North West,anxiety,3.5,0.1913265306122449,3.12,3.87,39.0,11.0,28.0,9000.0,9333.8,280044.0,54618.0,0.1229,5400.0,4900.0,,,
E08000006,Salford,2022,England,North West,happiness,7.22,0.1454081632653062,6.93,7.5,39.0,11.0,28.0,9000.0,9333.8,280044.0,54618.0,0.1229,5400.0,4900.0,,,
E08000006,Salford,2022,England,North West,life-satisfaction,7.37,0.1198979591836736,7.14,7.61,39.0,11.0,28.0,9000.0,9333.8,280044.0,54618.0,0.1229,5400.0,4900.0,,,
E08000006,Salford,2022,England,North West,worthwhile,7.69,0.1275510204081632,7.44,7.94,39.0,11.0,28.0,9000.0,9333.8,280044.0,54618.0,0.1229,5400.0,4900.0,,,
E08000006,Salford,2023,England,North West,,,,,,43.0,11.0,32.0,9125.0,9296.7,287178.0,55758.0,0.1554,5800.0,5200.0,500.0,0.0901220204879726,4500.0
E08000007,Stockport,2016,England,North West,anxiety,2.81,0.1096938775510204,2.59,3.02,35.0,7.0,28.0,3230.0,3362.9,289879.0,54944.0,0.0819,5600.0,5100.0,325.0,0.0604682647081435,3800.0
E08000007,Stockport,2016,England,North West,happiness,7.43,0.0841836734693877,7.26,7.59,35.0,7.0,28.0,3230.0,3362.9,289879.0,54944.0,0.0819,5600.0,5100.0,325.0,0.0604682647081435,3800.0
E08000007,Stockport,2016,England,North West,life-satisfaction,7.63,0.068877551020408,7.5,7.77,35.0,7.0,28.0,3230.0,3362.9,289879.0,54944.0,0.0819,5600.0,5100.0,325.0,0.0604682647081435,3800.0
E08000007,Stockport,2016,England,North West,worthwhile,7.87,0.0612244897959184,7.75,7.99,35.0,7.0,28.0,3230.0,3362.9,289879.0,54944.0,0.0819,5600.0,5100.0,325.0,0.0604682647081435,3800.0
E08000007,Stockport,2017,England,North West,anxiety,2.98,0.1326530612244898,2.72,3.24,37.0,8.0,29.0,3265.0,3323.3,290905.0,55360.0,0.0846,5900.0,5400.0,425.0,0.0724494183871913,4000.0
E08000007,Stockport,2017,England,North West,happiness,7.55,0.0943877551020408,7.36,7.73,37.0,8.0,29.0,3265.0,3323.3,290905.0,55360.0,0.0846,5900.0,5400.0,425.0,0.0724494183871913,4000.0
E08000007,Stockport,2017,England,North West,life-satisfaction,7.75,0.0765306122448981,7.6,7.9,37.0,8.0,29.0,3265.0,3323.3,290905.0,55360.0,0.0846,5900.0,5400.0,425.0,0.0724494183871913,4000.0
E08000007,Stockport,2017,England,North West,worthwhile,8.01,0.0688775510204082,7.87,8.14,37.0,8.0,29.0,3265.0,3323.3,290905.0,55360.0,0.0846,5900.0,5400.0,425.0,0.0724494183871913,4000.0
E08000007,Stockport,2018,England,North West,anxiety,2.63,0.1071428571428571,2.42,2.84,36.0,8.0,28.0,3235.0,3317.1,291631.0,55553.0,0.0869,6100.0,5700.0,550.0,0.090457349364079,4300.0
E08000007,Stockport,2018,England,North West,happiness,7.62,0.0841836734693877,7.46,7.79,36.0,8.0,28.0,3235.0,3317.1,291631.0,55553.0,0.0869,6100.0,5700.0,550.0,0.090457349364079,4300.0
E08000007,Stockport,2018,England,North West,life-satisfaction,7.72,0.0892857142857144,7.55,7.9,36.0,8.0,28.0,3235.0,3317.1,291631.0,55553.0,0.0869,6100.0,5700.0,550.0,0.090457349364079,4300.0
E08000007,Stockport,2018,England,North West,worthwhile,7.98,0.0739795918367349,7.84,8.13,36.0,8.0,28.0,3235.0,3317.1,291631.0,55553.0,0.0869,6100.0,5700.0,550.0,0.090457349364079,4300.0
E08000007,Stockport,2019,England,North West,anxiety,3.51,0.1454081632653061,3.23,3.8,36.0,8.0,28.0,4915.0,4257.1,293172.0,55808.0,0.0916,6200.0,5800.0,475.0,0.0771615735951035,4300.0
E08000007,Stockport,2019,England,North West,happiness,7.34,0.1096938775510203,7.12,7.55,36.0,8.0,28.0,4915.0,4257.1,293172.0,55808.0,0.0916,6200.0,5800.0,475.0,0.0771615735951035,4300.0
E08000007,Stockport,2019,England,North West,life-satisfaction,7.79,0.0816326530612245,7.63,7.95,36.0,8.0,28.0,4915.0,4257.1,293172.0,55808.0,0.0916,6200.0,5800.0,475.0,0.0771615735951035,4300.0
E08000007,Stockport,2019,England,North West,worthwhile,7.86,0.0790816326530611,7.7,8.01,36.0,8.0,28.0,4915.0,4257.1,293172.0,55808.0,0.0916,6200.0,5800.0,475.0,0.0771615735951035,4300.0
E08000007,Stockport,2020,England,North West,anxiety,3.36,0.1607142857142857,3.04,3.67,36.0,8.0,28.0,10500.0,9080.8,293851.0,55839.0,0.0971,6300.0,5700.0,500.0,0.0792689190617104,4400.0
E08000007,Stockport,2020,England,North West,happiness,7.33,0.1096938775510203,7.12,7.55,36.0,8.0,28.0,10500.0,9080.8,293851.0,55839.0,0.0971,6300.0,5700.0,500.0,0.0792689190617104,4400.0
E08000007,Stockport,2020,England,North West,life-satisfaction,7.54,0.0841836734693877,7.37,7.7,36.0,8.0,28.0,10500.0,9080.8,293851.0,55839.0,0.0971,6300.0,5700.0,500.0,0.0792689190617104,4400.0
E08000007,Stockport,2020,England,North West,worthwhile,7.78,0.0841836734693877,7.62,7.95,36.0,8.0,28.0,10500.0,9080.8,293851.0,55839.0,0.0971,6300.0,5700.0,500.0,0.0792689190617104,4400.0
E08000007,Stockport,2021,England,North West,anxiety,3.17,0.1479591836734694,2.88,3.46,35.0,8.0,27.0,7100.0,9014.6,295268.0,55849.0,0.1057,6200.0,5500.0,600.0,0.0966893096966156,4200.0
E08000007,Stockport,2021,England,North West,happiness,7.56,0.1020408163265304,7.36,7.76,35.0,8.0,27.0,7100.0,9014.6,295268.0,55849.0,0.1057,6200.0,5500.0,600.0,0.0966893096966156,4200.0
E08000007,Stockport,2021,England,North West,life-satisfaction,7.76,0.0867346938775509,7.59,7.93,35.0,8.0,27.0,7100.0,9014.6,295268.0,55849.0,0.1057,6200.0,5500.0,600.0,0.0966893096966156,4200.0
E08000007,Stockport,2021,England,North West,worthwhile,7.86,0.0867346938775507,7.69,8.03,35.0,8.0,27.0,7100.0,9014.6,295268.0,55849.0,0.1057,6200.0,5500.0,600.0,0.0966893096966156,4200.0
E08000007,Stockport,2022,England,North West,anxiety,3.65,0.1811224489795918,3.29,4.0,38.0,8.0,30.0,5905.0,6320.0,297386.0,56714.0,0.1229,6900.0,6400.0,750.0,0.1040267192486874,4900.0
E08000007,Stockport,2022,England,North West,happiness,7.27,0.1275510204081632,7.02,7.52,38.0,8.0,30.0,5905.0,6320.0,297386.0,56714.0,0.1229,6900.0,6400.0,750.0,0.1040267192486874,4900.0
E08000007,Stockport,2022,England,North West,life-satisfaction,7.53,0.0892857142857141,7.36,7.71,38.0,8.0,30.0,5905.0,6320.0,297386.0,56714.0,0.1229,6900.0,6400.0,750.0,0.1040267192486874,4900.0
E08000007,Stockport,2022,England,North West,worthwhile,7.75,0.1173469387755104,7.52,7.98,38.0,8.0,30.0,5905.0,6320.0,297386.0,56714.0,0.1229,6900.0,6400.0,750.0,0.1040267192486874,4900.0
E08000007,Stockport,2023,England,North West,,,,,,50.0,8.0,42.0,5650.0,5717.1,300326.0,57331.0,0.1554,7600.0,6900.0,600.0,0.0790889029458053,5400.0
E08000008,Tameside,2016,England,North West,anxiety,3.07,0.1198979591836734,2.83,3.3,25.0,5.0,20.0,3590.0,3707.9,225480.0,44551.0,0.0819,3100.0,2900.0,150.0,0.0503487102030082,2100.0
E08000008,Tameside,2016,England,North West,happiness,7.41,0.0867346938775509,7.24,7.58,25.0,5.0,20.0,3590.0,3707.9,225480.0,44551.0,0.0819,3100.0,2900.0,150.0,0.0503487102030082,2100.0
E08000008,Tameside,2016,England,North West,life-satisfaction,7.55,0.0714285714285715,7.41,7.69,25.0,5.0,20.0,3590.0,3707.9,225480.0,44551.0,0.0819,3100.0,2900.0,150.0,0.0503487102030082,2100.0
E08000008,Tameside,2016,England,North West,worthwhile,7.74,0.0790816326530611,7.58,7.89,25.0,5.0,20.0,3590.0,3707.9,225480.0,44551.0,0.0819,3100.0,2900.0,150.0,0.0503487102030082,2100.0
E08000008,Tameside,2017,England,North West,anxiety,3.07,0.1173469387755102,2.84,3.3,25.0,5.0,20.0,3635.0,3740.4,226692.0,44996.0,0.0846,3500.0,3400.0,175.0,0.0467729638357549,2400.0
E08000008,Tameside,2017,England,North West,happiness,7.45,0.0841836734693877,7.28,7.61,25.0,5.0,20.0,3635.0,3740.4,226692.0,44996.0,0.0846,3500.0,3400.0,175.0,0.0467729638357549,2400.0
E08000008,Tameside,2017,England,North West,life-satisfaction,7.66,0.0714285714285715,7.52,7.8,25.0,5.0,20.0,3635.0,3740.4,226692.0,44996.0,0.0846,3500.0,3400.0,175.0,0.0467729638357549,2400.0
E08000008,Tameside,2017,England,North West,worthwhile,7.86,0.0714285714285715,7.72,8.0,25.0,5.0,20.0,3635.0,3740.4,226692.0,44996.0,0.0846,3500.0,3400.0,175.0,0.0467729638357549,2400.0
E08000008,Tameside,2018,England,North West,anxiety,2.61,0.1045918367346939,2.4,2.81,24.0,5.0,19.0,5000.0,4379.6,228435.0,45570.0,0.0869,3600.0,3500.0,200.0,0.0535053985859662,2500.0
E08000008,Tameside,2018,England,North West,happiness,7.61,0.0790816326530611,7.45,7.76,24.0,5.0,19.0,5000.0,4379.6,228435.0,45570.0,0.0869,3600.0,3500.0,200.0,0.0535053985859662,2500.0
E08000008,Tameside,2018,England,North West,life-satisfaction,7.73,0.0688775510204082,7.59,7.86,24.0,5.0,19.0,5000.0,4379.6,228435.0,45570.0,0.0869,3600.0,3500.0,200.0,0.0535053985859662,2500.0
E08000008,Tameside,2018,England,North West,worthwhile,7.97,0.0663265306122448,7.84,8.1,24.0,5.0,19.0,5000.0,4379.6,228435.0,45570.0,0.0869,3600.0,3500.0,200.0,0.0535053985859662,2500.0
E08000008,Tameside,2019,England,North West,anxiety,3.03,0.125,2.78,3.27,24.0,5.0,19.0,5480.0,5437.5,229952.0,45893.0,0.0916,3600.0,3500.0,175.0,0.0461627737354725,2500.0
E08000008,Tameside,2019,England,North West,happiness,7.38,0.0841836734693877,7.22,7.55,24.0,5.0,19.0,5480.0,5437.5,229952.0,45893.0,0.0916,3600.0,3500.0,175.0,0.0461627737354725,2500.0
E08000008,Tameside,2019,England,North West,life-satisfaction,7.74,0.0714285714285715,7.6,7.88,24.0,5.0,19.0,5480.0,5437.5,229952.0,45893.0,0.0916,3600.0,3500.0,175.0,0.0461627737354725,2500.0
E08000008,Tameside,2019,England,North West,worthwhile,7.91,0.0739795918367349,7.77,8.06,24.0,5.0,19.0,5480.0,5437.5,229952.0,45893.0,0.0916,3600.0,3500.0,175.0,0.0461627737354725,2500.0
E08000008,Tameside,2020,England,North West,anxiety,3.53,0.163265306122449,3.21,3.85,24.0,5.0,19.0,11045.0,9650.8,230521.0,45977.0,0.0971,3700.0,3500.0,150.0,0.0388272908130669,2600.0
E08000008,Tameside,2020,England,North West,happiness,7.13,0.1173469387755102,6.9,7.36,24.0,5.0,19.0,11045.0,9650.8,230521.0,45977.0,0.0971,3700.0,3500.0,150.0,0.0388272908130669,2600.0
E08000008,Tameside,2020,England,North West,life-satisfaction,7.42,0.0994897959183672,7.23,7.62,24.0,5.0,19.0,11045.0,9650.8,230521.0,45977.0,0.0971,3700.0,3500.0,150.0,0.0388272908130669,2600.0
E08000008,Tameside,2020,England,North West,worthwhile,7.79,0.0969387755102042,7.6,7.98,24.0,5.0,19.0,11045.0,9650.8,230521.0,45977.0,0.0971,3700.0,3500.0,150.0,0.0388272908130669,2600.0
E08000008,Tameside,2021,England,North West,anxiety,2.91,0.1377551020408163,2.64,3.18,26.0,6.0,20.0,7600.0,9600.4,231220.0,45867.0,0.1057,3700.0,3500.0,275.0,0.0723803438840007,2600.0
E08000008,Tameside,2021,England,North West,happiness,7.48,0.1096938775510205,7.26,7.69,26.0,6.0,20.0,7600.0,9600.4,231220.0,45867.0,0.1057,3700.0,3500.0,275.0,0.0723803438840007,2600.0
E08000008,Tameside,2021,England,North West,life-satisfaction,7.62,0.0918367346938774,7.44,7.8,26.0,6.0,20.0,7600.0,9600.4,231220.0,45867.0,0.1057,3700.0,3500.0,275.0,0.0723803438840007,2600.0
E08000008,Tameside,2021,England,North West,worthwhile,7.85,0.0867346938775509,7.68,8.02,26.0,6.0,20.0,7600.0,9600.4,231220.0,45867.0,0.1057,3700.0,3500.0,275.0,0.0723803438840007,2600.0
E08000008,Tameside,2022,England,North West,anxiety,3.2,0.163265306122449,2.88,3.52,25.0,6.0,19.0,6605.0,6902.5,233318.0,46188.0,0.1229,3700.0,3500.0,275.0,0.0722957294062376,2700.0
E08000008,Tameside,2022,England,North West,happiness,7.36,0.1071428571428571,7.15,7.57,25.0,6.0,19.0,6605.0,6902.5,233318.0,46188.0,0.1229,3700.0,3500.0,275.0,0.0722957294062376,2700.0
E08000008,Tameside,2022,England,North West,life-satisfaction,7.32,0.0943877551020408,7.13,7.5,25.0,6.0,19.0,6605.0,6902.5,233318.0,46188.0,0.1229,3700.0,3500.0,275.0,0.0722957294062376,2700.0
E08000008,Tameside,2022,England,North West,worthwhile,7.74,0.096938775510204,7.55,7.93,25.0,6.0,19.0,6605.0,6902.5,233318.0,46188.0,0.1229,3700.0,3500.0,275.0,0.0722957294062376,2700.0
E08000008,Tameside,2023,England,North West,,,,,,29.0,6.0,23.0,6725.0,6709.2,236142.0,46457.0,0.1554,4100.0,3600.0,200.0,0.054406720639977,3000.0
E08000009,Trafford,2016,England,North West,anxiety,3.03,0.1071428571428572,2.82,3.24,34.0,4.0,30.0,2220.0,2404.2,233710.0,48387.0,0.0819,4600.0,4200.0,350.0,0.0780749513246233,3100.0
E08000009,Trafford,2016,England,North West,happiness,7.52,0.0790816326530611,7.36,7.67,34.0,4.0,30.0,2220.0,2404.2,233710.0,48387.0,0.0819,4600.0,4200.0,350.0,0.0780749513246233,3100.0
E08000009,Trafford,2016,England,North West,life-satisfaction,7.78,0.0637755102040816,7.66,7.91,34.0,4.0,30.0,2220.0,2404.2,233710.0,48387.0,0.0819,4600.0,4200.0,350.0,0.0780749513246233,3100.0
E08000009,Trafford,2016,England,North West,worthwhile,7.96,0.0637755102040816,7.83,8.08,34.0,4.0,30.0,2220.0,2404.2,233710.0,48387.0,0.0819,4600.0,4200.0,350.0,0.0780749513246233,3100.0
E08000009,Trafford,2017,England,North West,anxiety,2.84,0.1096938775510203,2.62,3.05,37.0,5.0,32.0,2470.0,2357.1,234917.0,49080.0,0.0846,4600.0,4200.0,400.0,0.0845999855861248,3100.0
E08000009,Trafford,2017,England,North West,happiness,7.6,0.096938775510204,7.41,7.79,37.0,5.0,32.0,2470.0,2357.1,234917.0,49080.0,0.0846,4600.0,4200.0,400.0,0.0845999855861248,3100.0
E08000009,Trafford,2017,England,North West,life-satisfaction,7.76,0.068877551020408,7.62,7.89,37.0,5.0,32.0,2470.0,2357.1,234917.0,49080.0,0.0846,4600.0,4200.0,400.0,0.0845999855861248,3100.0
E08000009,Trafford,2017,England,North West,worthwhile,7.86,0.0663265306122448,7.73,7.99,37.0,5.0,32.0,2470.0,2357.1,234917.0,49080.0,0.0846,4600.0,4200.0,400.0,0.0845999855861248,3100.0
E08000009,Trafford,2018,England,North West,anxiety,2.68,0.1198979591836735,2.44,2.91,37.0,5.0,32.0,3215.0,3062.5,235623.0,49342.0,0.0869,4800.0,4300.0,300.0,0.0636126301481406,3100.0
E08000009,Trafford,2018,England,North West,happiness,7.54,0.0867346938775509,7.37,7.71,37.0,5.0,32.0,3215.0,3062.5,235623.0,49342.0,0.0869,4800.0,4300.0,300.0,0.0636126301481406,3100.0
E08000009,Trafford,2018,England,North West,life-satisfaction,7.77,0.0765306122448979,7.62,7.92,37.0,5.0,32.0,3215.0,3062.5,235623.0,49342.0,0.0869,4800.0,4300.0,300.0,0.0636126301481406,3100.0
E08000009,Trafford,2018,England,North West,worthwhile,7.86,0.0739795918367347,7.71,8.0,37.0,5.0,32.0,3215.0,3062.5,235623.0,49342.0,0.0869,4800.0,4300.0,300.0,0.0636126301481406,3100.0
E08000009,Trafford,2019,England,North West,anxiety,2.82,0.1147959183673469,2.59,3.04,37.0,6.0,31.0,3380.0,3437.9,236121.0,49280.0,0.0916,4800.0,4500.0,475.0,0.0962716518905518,3200.0
E08000009,Trafford,2019,England,North West,happiness,7.53,0.0892857142857141,7.36,7.71,37.0,6.0,31.0,3380.0,3437.9,236121.0,49280.0,0.0916,4800.0,4500.0,475.0,0.0962716518905518,3200.0
E08000009,Trafford,2019,England,North West,life-satisfaction,7.72,0.0790816326530613,7.56,7.87,37.0,6.0,31.0,3380.0,3437.9,236121.0,49280.0,0.0916,4800.0,4500.0,475.0,0.0962716518905518,3200.0
E08000009,Trafford,2019,England,North West,worthwhile,7.86,0.0790816326530611,7.7,8.01,37.0,6.0,31.0,3380.0,3437.9,236121.0,49280.0,0.0916,4800.0,4500.0,475.0,0.0962716518905518,3200.0
E08000009,Trafford,2020,England,North West,anxiety,3.45,0.1913265306122449,3.07,3.82,39.0,7.0,32.0,7635.0,6572.5,235937.0,49224.0,0.0971,4800.0,4500.0,,,3300.0
E08000009,Trafford,2020,England,North West,happiness,7.06,0.1224489795918366,6.82,7.3,39.0,7.0,32.0,7635.0,6572.5,235937.0,49224.0,0.0971,4800.0,4500.0,,,3300.0
E08000009,Trafford,2020,England,North West,life-satisfaction,7.3,0.0943877551020408,7.11,7.48,39.0,7.0,32.0,7635.0,6572.5,235937.0,49224.0,0.0971,4800.0,4500.0,,,3300.0
E08000009,Trafford,2020,England,North West,worthwhile,7.53,0.0994897959183672,7.33,7.72,39.0,7.0,32.0,7635.0,6572.5,235937.0,49224.0,0.0971,4800.0,4500.0,,,3300.0
E08000009,Trafford,2021,England,North West,anxiety,3.44,0.1530612244897959,3.14,3.74,38.0,7.0,31.0,5020.0,6497.1,235586.0,48844.0,0.1057,4700.0,4300.0,550.0,0.109963629451634,3300.0
E08000009,Trafford,2021,England,North West,happiness,7.43,0.1147959183673469,7.2,7.65,38.0,7.0,31.0,5020.0,6497.1,235586.0,48844.0,0.1057,4700.0,4300.0,550.0,0.109963629451634,3300.0
E08000009,Trafford,2021,England,North West,life-satisfaction,7.48,0.0867346938775512,7.31,7.65,38.0,7.0,31.0,5020.0,6497.1,235586.0,48844.0,0.1057,4700.0,4300.0,550.0,0.109963629451634,3300.0
E08000009,Trafford,2021,England,North West,worthwhile,7.82,0.1071428571428569,7.61,8.03,38.0,7.0,31.0,5020.0,6497.1,235586.0,48844.0,0.1057,4700.0,4300.0,550.0,0.109963629451634,3300.0
E08000009,Trafford,2022,England,North West,anxiety,3.55,0.1913265306122449,3.18,3.93,40.0,7.0,33.0,4295.0,4552.9,237156.0,49597.0,0.1229,4800.0,4400.0,450.0,0.0906629116888601,3400.0
E08000009,Trafford,2022,England,North West,happiness,7.28,0.1198979591836734,7.05,7.52,40.0,7.0,33.0,4295.0,4552.9,237156.0,49597.0,0.1229,4800.0,4400.0,450.0,0.0906629116888601,3400.0
E08000009,Trafford,2022,England,North West,life-satisfaction,7.46,0.1045918367346939,7.25,7.66,40.0,7.0,33.0,4295.0,4552.9,237156.0,49597.0,0.1229,4800.0,4400.0,450.0,0.0906629116888601,3400.0
E08000009,Trafford,2022,England,North West,worthwhile,7.71,0.1454081632653062,7.43,8.0,40.0,7.0,33.0,4295.0,4552.9,237156.0,49597.0,0.1229,4800.0,4400.0,450.0,0.0906629116888601,3400.0
E08000009,Trafford,2023,England,North West,,,,,,45.0,7.0,38.0,4335.0,4394.2,238976.0,50037.0,0.1554,4700.0,4300.0,350.0,0.0752051911647584,3400.0
E08000010,Wigan,2016,England,North West,anxiety,2.91,0.1173469387755102,2.68,3.14,37.0,11.0,26.0,5090.0,5165.0,321494.0,59852.0,0.0819,5600.0,5100.0,200.0,0.0374790727923497,3900.0
E08000010,Wigan,2016,England,North West,happiness,7.62,0.0867346938775509,7.45,7.79,37.0,11.0,26.0,5090.0,5165.0,321494.0,59852.0,0.0819,5600.0,5100.0,200.0,0.0374790727923497,3900.0
E08000010,Wigan,2016,England,North West,life-satisfaction,7.74,0.0714285714285715,7.6,7.88,37.0,11.0,26.0,5090.0,5165.0,321494.0,59852.0,0.0819,5600.0,5100.0,200.0,0.0374790727923497,3900.0
E08000010,Wigan,2016,England,North West,worthwhile,8.03,0.068877551020408,7.9,8.17,37.0,11.0,26.0,5090.0,5165.0,321494.0,59852.0,0.0819,5600.0,5100.0,200.0,0.0374790727923497,3900.0
E08000010,Wigan,2017,England,North West,anxiety,2.7,0.1326530612244898,2.44,2.96,39.0,12.0,27.0,5080.0,5286.7,322485.0,59951.0,0.0846,5400.0,5200.0,400.0,0.0715264553281792,3800.0
E08000010,Wigan,2017,England,North West,happiness,7.66,0.0892857142857141,7.48,7.83,39.0,12.0,27.0,5080.0,5286.7,322485.0,59951.0,0.0846,5400.0,5200.0,400.0,0.0715264553281792,3800.0
E08000010,Wigan,2017,England,North West,life-satisfaction,7.77,0.0816326530612243,7.61,7.93,39.0,12.0,27.0,5080.0,5286.7,322485.0,59951.0,0.0846,5400.0,5200.0,400.0,0.0715264553281792,3800.0
E08000010,Wigan,2017,England,North West,worthwhile,8.05,0.0790816326530613,7.9,8.21,39.0,12.0,27.0,5080.0,5286.7,322485.0,59951.0,0.0846,5400.0,5200.0,400.0,0.0715264553281792,3800.0
E08000010,Wigan,2018,England,North West,anxiety,2.54,0.1147959183673469,2.32,2.77,39.0,12.0,27.0,6750.0,5987.1,323904.0,60204.0,0.0869,6200.0,5900.0,,,4300.0
E08000010,Wigan,2018,England,North West,happiness,7.63,0.0892857142857141,7.46,7.81,39.0,12.0,27.0,6750.0,5987.1,323904.0,60204.0,0.0869,6200.0,5900.0,,,4300.0
E08000010,Wigan,2018,England,North West,life-satisfaction,7.75,0.0790816326530613,7.6,7.91,39.0,12.0,27.0,6750.0,5987.1,323904.0,60204.0,0.0869,6200.0,5900.0,,,4300.0
E08000010,Wigan,2018,England,North West,worthwhile,8.09,0.0790816326530613,7.93,8.24,39.0,12.0,27.0,6750.0,5987.1,323904.0,60204.0,0.0869,6200.0,5900.0,,,4300.0
E08000010,Wigan,2019,England,North West,anxiety,2.58,0.1326530612244898,2.32,2.84,41.0,13.0,28.0,7360.0,7408.8,326386.0,60624.0,0.0916,5900.0,5400.0,275.0,0.0481296757024004,4100.0
E08000010,Wigan,2019,England,North West,happiness,7.61,0.1045918367346939,7.41,7.82,41.0,13.0,28.0,7360.0,7408.8,326386.0,60624.0,0.0916,5900.0,5400.0,275.0,0.0481296757024004,4100.0
E08000010,Wigan,2019,England,North West,life-satisfaction,7.57,0.0892857142857144,7.39,7.74,41.0,13.0,28.0,7360.0,7408.8,326386.0,60624.0,0.0916,5900.0,5400.0,275.0,0.0481296757024004,4100.0
E08000010,Wigan,2019,England,North West,worthwhile,7.87,0.0816326530612243,7.71,8.03,41.0,13.0,28.0,7360.0,7408.8,326386.0,60624.0,0.0916,5900.0,5400.0,275.0,0.0481296757024004,4100.0
E08000010,Wigan,2020,England,North West,anxiety,3.37,0.1734693877551021,3.03,3.71,42.0,12.0,30.0,13370.0,12334.2,327850.0,60675.0,0.0971,6100.0,5600.0,200.0,0.0348408626802587,4300.0
E08000010,Wigan,2020,England,North West,happiness,7.23,0.1326530612244899,6.97,7.49,42.0,12.0,30.0,13370.0,12334.2,327850.0,60675.0,0.0971,6100.0,5600.0,200.0,0.0348408626802587,4300.0
E08000010,Wigan,2020,England,North West,life-satisfaction,7.22,0.1352040816326531,6.96,7.49,42.0,12.0,30.0,13370.0,12334.2,327850.0,60675.0,0.0971,6100.0,5600.0,200.0,0.0348408626802587,4300.0
E08000010,Wigan,2020,England,North West,worthwhile,7.7,0.1096938775510203,7.49,7.92,42.0,12.0,30.0,13370.0,12334.2,327850.0,60675.0,0.0971,6100.0,5600.0,200.0,0.0348408626802587,4300.0
E08000010,Wigan,2021,England,North West,anxiety,3.05,0.163265306122449,2.73,3.37,45.0,13.0,32.0,9295.0,11560.0,329796.0,60528.0,0.1057,6200.0,5700.0,400.0,0.0662015582069272,4300.0
E08000010,Wigan,2021,England,North West,happiness,7.6,0.1173469387755102,7.37,7.83,45.0,13.0,32.0,9295.0,11560.0,329796.0,60528.0,0.1057,6200.0,5700.0,400.0,0.0662015582069272,4300.0
E08000010,Wigan,2021,England,North West,life-satisfaction,7.68,0.096938775510204,7.49,7.87,45.0,13.0,32.0,9295.0,11560.0,329796.0,60528.0,0.1057,6200.0,5700.0,400.0,0.0662015582069272,4300.0
E08000010,Wigan,2021,England,North West,worthwhile,8.05,0.0943877551020408,7.86,8.23,45.0,13.0,32.0,9295.0,11560.0,329796.0,60528.0,0.1057,6200.0,5700.0,400.0,0.0662015582069272,4300.0
E08000010,Wigan,2022,England,North West,anxiety,2.99,0.1683673469387754,2.66,3.32,49.0,14.0,35.0,7710.0,8202.1,334675.0,61549.0,0.1229,5900.0,5300.0,300.0,0.0538363221707218,4400.0
E08000010,Wigan,2022,England,North West,happiness,7.3,0.1224489795918368,7.06,7.54,49.0,14.0,35.0,7710.0,8202.1,334675.0,61549.0,0.1229,5900.0,5300.0,300.0,0.0538363221707218,4400.0
E08000010,Wigan,2022,England,North West,life-satisfaction,7.59,0.096938775510204,7.4,7.78,49.0,14.0,35.0,7710.0,8202.1,334675.0,61549.0,0.1229,5900.0,5300.0,300.0,0.0538363221707218,4400.0
E08000010,Wigan,2022,England,North West,worthwhile,7.78,0.1020408163265307,7.58,7.98,49.0,14.0,35.0,7710.0,8202.1,334675.0,61549.0,0.1229,5900.0,5300.0,300.0,0.0538363221707218,4400.0
E08000010,Wigan,2023,England,North West,,,,,,62.0,15.0,47.0,7655.0,7756.7,340208.0,62863.0,0.1554,6800.0,6100.0,275.0,0.0451541384457107,5000.0
E08000011,Knowsley,2016,England,North West,anxiety,3.14,0.1275510204081632,2.89,3.39,11.0,3.0,8.0,2875.0,3102.9,147928.0,28723.0,0.0819,4500.0,3800.0,200.0,0.0491679814071091,3200.0
E08000011,Knowsley,2016,England,North West,happiness,7.32,0.0994897959183672,7.13,7.52,11.0,3.0,8.0,2875.0,3102.9,147928.0,28723.0,0.0819,4500.0,3800.0,200.0,0.0491679814071091,3200.0
E08000011,Knowsley,2016,England,North West,life-satisfaction,7.39,0.0918367346938776,7.21,7.57,11.0,3.0,8.0,2875.0,3102.9,147928.0,28723.0,0.0819,4500.0,3800.0,200.0,0.0491679814071091,3200.0
E08000011,Knowsley,2016,England,North West,worthwhile,7.71,0.0892857142857141,7.54,7.89,11.0,3.0,8.0,2875.0,3102.9,147928.0,28723.0,0.0819,4500.0,3800.0,200.0,0.0491679814071091,3200.0
E08000011,Knowsley,2017,England,North West,anxiety,3.27,0.1377551020408163,3.0,3.54,11.0,3.0,8.0,3035.0,3192.9,148567.0,28978.0,0.0846,3100.0,2900.0,125.0,0.042306249682579,
E08000011,Knowsley,2017,England,North West,happiness,7.11,0.0994897959183672,6.91,7.3,11.0,3.0,8.0,3035.0,3192.9,148567.0,28978.0,0.0846,3100.0,2900.0,125.0,0.042306249682579,
E08000011,Knowsley,2017,England,North West,life-satisfaction,7.32,0.0841836734693877,7.16,7.49,11.0,3.0,8.0,3035.0,3192.9,148567.0,28978.0,0.0846,3100.0,2900.0,125.0,0.042306249682579,
E08000011,Knowsley,2017,England,North West,worthwhile,7.71,0.0867346938775509,7.54,7.88,11.0,3.0,8.0,3035.0,3192.9,148567.0,28978.0,0.0846,3100.0,2900.0,125.0,0.042306249682579,
E08000011,Knowsley,2018,England,North West,anxiety,2.93,0.1275510204081632,2.68,3.18,11.0,3.0,8.0,3795.0,3411.2,150042.0,29589.0,0.0869,3200.0,3000.0,200.0,0.0628087294929787,2300.0
E08000011,Knowsley,2018,England,North West,happiness,7.52,0.0892857142857144,7.34,7.69,11.0,3.0,8.0,3795.0,3411.2,150042.0,29589.0,0.0869,3200.0,3000.0,200.0,0.0628087294929787,2300.0
E08000011,Knowsley,2018,England,North West,life-satisfaction,7.56,0.0816326530612243,7.4,7.72,11.0,3.0,8.0,3795.0,3411.2,150042.0,29589.0,0.0869,3200.0,3000.0,200.0,0.0628087294929787,2300.0
E08000011,Knowsley,2018,England,North West,worthwhile,7.89,0.0739795918367344,7.75,8.04,11.0,3.0,8.0,3795.0,3411.2,150042.0,29589.0,0.0869,3200.0,3000.0,200.0,0.0628087294929787,2300.0
E08000011,Knowsley,2019,England,North West,anxiety,2.67,0.1326530612244898,2.41,2.93,11.0,3.0,8.0,4220.0,4254.6,151793.0,29755.0,0.0916,3500.0,3200.0,,,2700.0
E08000011,Knowsley,2019,England,North West,happiness,7.33,0.1045918367346939,7.12,7.53,11.0,3.0,8.0,4220.0,4254.6,151793.0,29755.0,0.0916,3500.0,3200.0,,,2700.0
E08000011,Knowsley,2019,England,North West,life-satisfaction,7.64,0.0816326530612243,7.48,7.8,11.0,3.0,8.0,4220.0,4254.6,151793.0,29755.0,0.0916,3500.0,3200.0,,,2700.0
E08000011,Knowsley,2019,England,North West,worthwhile,7.82,0.0816326530612245,7.66,7.98,11.0,3.0,8.0,4220.0,4254.6,151793.0,29755.0,0.0916,3500.0,3200.0,,,2700.0
E08000011,Knowsley,2020,England,North West,anxiety,3.14,0.1556122448979591,2.83,3.44,13.0,4.0,9.0,7930.0,7114.2,153408.0,30234.0,0.0971,3800.0,3600.0,175.0,0.0448718802815563,2900.0
E08000011,Knowsley,2020,England,North West,happiness,7.19,0.1147959183673469,6.97,7.42,13.0,4.0,9.0,7930.0,7114.2,153408.0,30234.0,0.0971,3800.0,3600.0,175.0,0.0448718802815563,2900.0
E08000011,Knowsley,2020,England,North West,life-satisfaction,7.29,0.1147959183673467,7.07,7.52,13.0,4.0,9.0,7930.0,7114.2,153408.0,30234.0,0.0971,3800.0,3600.0,175.0,0.0448718802815563,2900.0
E08000011,Knowsley,2020,England,North West,worthwhile,7.65,0.1096938775510205,7.43,7.86,13.0,4.0,9.0,7930.0,7114.2,153408.0,30234.0,0.0971,3800.0,3600.0,175.0,0.0448718802815563,2900.0
E08000011,Knowsley,2021,England,North West,anxiety,3.08,0.1811224489795918,2.73,3.44,14.0,4.0,10.0,5545.0,7037.1,154978.0,30297.0,0.1057,3400.0,3300.0,250.0,0.0705247961981771,2600.0
E08000011,Knowsley,2021,England,North West,happiness,7.19,0.1709183673469387,6.86,7.53,14.0,4.0,10.0,5545.0,7037.1,154978.0,30297.0,0.1057,3400.0,3300.0,250.0,0.0705247961981771,2600.0
E08000011,Knowsley,2021,England,North West,life-satisfaction,7.36,0.1147959183673469,7.13,7.58,14.0,4.0,10.0,5545.0,7037.1,154978.0,30297.0,0.1057,3400.0,3300.0,250.0,0.0705247961981771,2600.0
E08000011,Knowsley,2021,England,North West,worthwhile,7.63,0.1173469387755102,7.4,7.86,14.0,4.0,10.0,5545.0,7037.1,154978.0,30297.0,0.1057,3400.0,3300.0,250.0,0.0705247961981771,2600.0
E08000011,Knowsley,2022,England,North West,anxiety,3.49,0.2321428571428571,3.04,3.95,16.0,4.0,12.0,4620.0,4872.9,157227.0,31043.0,0.1229,3400.0,3200.0,250.0,0.070426508262806,2700.0
E08000011,Knowsley,2022,England,North West,happiness,7.24,0.1505102040816326,6.94,7.53,16.0,4.0,12.0,4620.0,4872.9,157227.0,31043.0,0.1229,3400.0,3200.0,250.0,0.070426508262806,2700.0
E08000011,Knowsley,2022,England,North West,life-satisfaction,7.21,0.1198979591836736,6.97,7.44,16.0,4.0,12.0,4620.0,4872.9,157227.0,31043.0,0.1229,3400.0,3200.0,250.0,0.070426508262806,2700.0
E08000011,Knowsley,2022,England,North West,worthwhile,7.49,0.1275510204081632,7.24,7.74,16.0,4.0,12.0,4620.0,4872.9,157227.0,31043.0,0.1229,3400.0,3200.0,250.0,0.070426508262806,2700.0
E08000011,Knowsley,2023,England,North West,,,,,,19.0,4.0,15.0,4370.0,4562.1,159672.0,31662.0,0.1554,3400.0,3300.0,200.0,0.0602359120631164,2600.0
E08000012,Liverpool,2016,England,North West,anxiety,3.0,0.1224489795918368,2.76,3.24,72.0,9.0,63.0,10590.0,11048.3,475486.0,80941.0,0.0819,13500.0,12500.0,1300.0,0.0948735151239221,10500.0
E08000012,Liverpool,2016,England,North West,happiness,7.21,0.1122448979591835,6.99,7.43,72.0,9.0,63.0,10590.0,11048.3,475486.0,80941.0,0.0819,13500.0,12500.0,1300.0,0.0948735151239221,10500.0
E08000012,Liverpool,2016,England,North West,life-satisfaction,7.37,0.0816326530612245,7.21,7.53,72.0,9.0,63.0,10590.0,11048.3,475486.0,80941.0,0.0819,13500.0,12500.0,1300.0,0.0948735151239221,10500.0
E08000012,Liverpool,2016,England,North West,worthwhile,7.73,0.096938775510204,7.54,7.92,72.0,9.0,63.0,10590.0,11048.3,475486.0,80941.0,0.0819,13500.0,12500.0,1300.0,0.0948735151239221,10500.0
E08000012,Liverpool,2017,England,North West,anxiety,2.94,0.1224489795918367,2.7,3.18,81.0,12.0,69.0,10980.0,11421.2,479801.0,82274.0,0.0846,14500.0,13000.0,1400.0,0.0949603314990545,11000.0
E08000012,Liverpool,2017,England,North West,happiness,7.27,0.0867346938775512,7.1,7.44,81.0,12.0,69.0,10980.0,11421.2,479801.0,82274.0,0.0846,14500.0,13000.0,1400.0,0.0949603314990545,11000.0
E08000012,Liverpool,2017,England,North West,life-satisfaction,7.52,0.0739795918367347,7.37,7.66,81.0,12.0,69.0,10980.0,11421.2,479801.0,82274.0,0.0846,14500.0,13000.0,1400.0,0.0949603314990545,11000.0
E08000012,Liverpool,2017,England,North West,worthwhile,7.76,0.0765306122448979,7.61,7.91,81.0,12.0,69.0,10980.0,11421.2,479801.0,82274.0,0.0846,14500.0,13000.0,1400.0,0.0949603314990545,11000.0
E08000012,Liverpool,2018,England,North West,anxiety,2.81,0.1224489795918367,2.57,3.05,80.0,12.0,68.0,11110.0,11405.4,483598.0,83475.0,0.0869,14000.0,13000.0,1100.0,0.0748023962951814,11000.0
E08000012,Liverpool,2018,England,North West,happiness,7.43,0.0892857142857144,7.26,7.61,80.0,12.0,68.0,11110.0,11405.4,483598.0,83475.0,0.0869,14000.0,13000.0,1100.0,0.0748023962951814,11000.0
E08000012,Liverpool,2018,England,North West,life-satisfaction,7.5,0.0714285714285712,7.36,7.64,80.0,12.0,68.0,11110.0,11405.4,483598.0,83475.0,0.0869,14000.0,13000.0,1100.0,0.0748023962951814,11000.0
E08000012,Liverpool,2018,England,North West,worthwhile,7.72,0.0790816326530611,7.57,7.88,80.0,12.0,68.0,11110.0,11405.4,483598.0,83475.0,0.0869,14000.0,13000.0,1100.0,0.0748023962951814,11000.0
E08000012,Liverpool,2019,England,North West,anxiety,3.21,0.1275510204081632,2.96,3.46,82.0,14.0,68.0,15390.0,14039.6,484687.0,83945.0,0.0916,13500.0,12500.0,1200.0,0.0895926288769136,10500.0
E08000012,Liverpool,2019,England,North West,happiness,7.32,0.0918367346938776,7.14,7.5,82.0,14.0,68.0,15390.0,14039.6,484687.0,83945.0,0.0916,13500.0,12500.0,1200.0,0.0895926288769136,10500.0
E08000012,Liverpool,2019,England,North West,life-satisfaction,7.47,0.0714285714285715,7.33,7.61,82.0,14.0,68.0,15390.0,14039.6,484687.0,83945.0,0.0916,13500.0,12500.0,1200.0,0.0895926288769136,10500.0
E08000012,Liverpool,2019,England,North West,worthwhile,7.76,0.0714285714285715,7.62,7.9,82.0,14.0,68.0,15390.0,14039.6,484687.0,83945.0,0.0916,13500.0,12500.0,1200.0,0.0895926288769136,10500.0
E08000012,Liverpool,2020,England,North West,anxiety,3.63,0.1862244897959185,3.26,3.99,88.0,15.0,73.0,29055.0,25600.8,483348.0,83677.0,0.0971,13500.0,12500.0,950.0,0.0694011174025775,10500.0
E08000012,Liverpool,2020,England,North West,happiness,7.14,0.1428571428571427,6.86,7.42,88.0,15.0,73.0,29055.0,25600.8,483348.0,83677.0,0.0971,13500.0,12500.0,950.0,0.0694011174025775,10500.0
E08000012,Liverpool,2020,England,North West,life-satisfaction,7.12,0.1071428571428571,6.91,7.33,88.0,15.0,73.0,29055.0,25600.8,483348.0,83677.0,0.0971,13500.0,12500.0,950.0,0.0694011174025775,10500.0
E08000012,Liverpool,2020,England,North West,worthwhile,7.45,0.1071428571428571,7.24,7.66,88.0,15.0,73.0,29055.0,25600.8,483348.0,83677.0,0.0971,13500.0,12500.0,950.0,0.0694011174025775,10500.0
E08000012,Liverpool,2021,England,North West,anxiety,3.28,0.1658163265306122,2.95,3.6,90.0,15.0,75.0,21540.0,26382.5,485022.0,83164.0,0.1057,13500.0,12500.0,1600.0,0.1113403805394521,10500.0
E08000012,Liverpool,2021,England,North West,happiness,7.14,0.1224489795918366,6.9,7.38,90.0,15.0,75.0,21540.0,26382.5,485022.0,83164.0,0.1057,13500.0,12500.0,1600.0,0.1113403805394521,10500.0
E08000012,Liverpool,2021,England,North West,life-satisfaction,7.34,0.096938775510204,7.15,7.53,90.0,15.0,75.0,21540.0,26382.5,485022.0,83164.0,0.1057,13500.0,12500.0,1600.0,0.1113403805394521,10500.0
E08000012,Liverpool,2021,England,North West,worthwhile,7.74,0.0918367346938776,7.56,7.92,90.0,15.0,75.0,21540.0,26382.5,485022.0,83164.0,0.1057,13500.0,12500.0,1600.0,0.1113403805394521,10500.0
E08000012,Liverpool,2022,England,North West,anxiety,3.28,0.2219387755102041,2.84,3.71,93.0,18.0,75.0,18070.0,19312.5,493693.0,84257.0,0.1229,13000.0,12500.0,,,10000.0
E08000012,Liverpool,2022,England,North West,happiness,7.34,0.1479591836734694,7.05,7.63,93.0,18.0,75.0,18070.0,19312.5,493693.0,84257.0,0.1229,13000.0,12500.0,,,10000.0
E08000012,Liverpool,2022,England,North West,life-satisfaction,7.1,0.1505102040816328,6.81,7.4,93.0,18.0,75.0,18070.0,19312.5,493693.0,84257.0,0.1229,13000.0,12500.0,,,10000.0
E08000012,Liverpool,2022,England,North West,worthwhile,7.59,0.1403061224489797,7.31,7.86,93.0,18.0,75.0,18070.0,19312.5,493693.0,84257.0,0.1229,13000.0,12500.0,,,10000.0
E08000012,Liverpool,2023,England,North West,,,,,,95.0,20.0,75.0,18480.0,18624.2,503216.0,85970.0,0.1554,13500.0,12500.0,900.0,0.0676471135103913,10500.0
E08000013,St. Helens,2016,England,North West,anxiety,2.99,0.1275510204081632,2.74,3.24,20.0,5.0,15.0,2960.0,3114.6,179229.0,32271.0,0.0819,3600.0,3400.0,,,2700.0
E08000013,St. Helens,2016,England,North West,happiness,7.23,0.096938775510204,7.04,7.42,20.0,5.0,15.0,2960.0,3114.6,179229.0,32271.0,0.0819,3600.0,3400.0,,,2700.0
E08000013,St. Helens,2016,England,North West,life-satisfaction,7.54,0.0867346938775509,7.37,7.71,20.0,5.0,15.0,2960.0,3114.6,179229.0,32271.0,0.0819,3600.0,3400.0,,,2700.0
E08000013,St. Helens,2016,England,North West,worthwhile,7.74,0.0841836734693877,7.58,7.91,20.0,5.0,15.0,2960.0,3114.6,179229.0,32271.0,0.0819,3600.0,3400.0,,,2700.0
E08000013,St. Helens,2017,England,North West,anxiety,2.72,0.1224489795918367,2.48,2.96,20.0,6.0,14.0,2855.0,3030.4,180150.0,32689.0,0.0846,3800.0,3600.0,225.0,0.0606147605569388,2700.0
E08000013,St. Helens,2017,England,North West,happiness,7.38,0.0892857142857141,7.21,7.56,20.0,6.0,14.0,2855.0,3030.4,180150.0,32689.0,0.0846,3800.0,3600.0,225.0,0.0606147605569388,2700.0
E08000013,St. Helens,2017,England,North West,life-satisfaction,7.62,0.0739795918367344,7.48,7.77,20.0,6.0,14.0,2855.0,3030.4,180150.0,32689.0,0.0846,3800.0,3600.0,225.0,0.0606147605569388,2700.0
E08000013,St. Helens,2017,England,North West,worthwhile,7.81,0.0739795918367347,7.67,7.96,20.0,6.0,14.0,2855.0,3030.4,180150.0,32689.0,0.0846,3800.0,3600.0,225.0,0.0606147605569388,2700.0
E08000013,St. Helens,2018,England,North West,anxiety,2.94,0.1326530612244898,2.68,3.2,20.0,7.0,13.0,3710.0,3217.9,180937.0,32922.0,0.0869,3800.0,3600.0,225.0,0.0554129017555445,2600.0
E08000013,St. Helens,2018,England,North West,happiness,7.45,0.1071428571428571,7.24,7.66,20.0,7.0,13.0,3710.0,3217.9,180937.0,32922.0,0.0869,3800.0,3600.0,225.0,0.0554129017555445,2600.0
E08000013,St. Helens,2018,England,North West,life-satisfaction,7.63,0.0867346938775509,7.46,7.8,20.0,7.0,13.0,3710.0,3217.9,180937.0,32922.0,0.0869,3800.0,3600.0,225.0,0.0554129017555445,2600.0
E08000013,St. Helens,2018,England,North West,worthwhile,7.86,0.0841836734693875,7.69,8.02,20.0,7.0,13.0,3710.0,3217.9,180937.0,32922.0,0.0869,3800.0,3600.0,225.0,0.0554129017555445,2600.0
E08000013,St. Helens,2019,England,North West,anxiety,2.9,0.1326530612244898,2.64,3.16,22.0,7.0,15.0,4165.0,4141.7,181541.0,32950.0,0.0916,4000.0,3900.0,,,2900.0
E08000013,St. Helens,2019,England,North West,happiness,7.48,0.0994897959183672,7.29,7.68,22.0,7.0,15.0,4165.0,4141.7,181541.0,32950.0,0.0916,4000.0,3900.0,,,2900.0
E08000013,St. Helens,2019,England,North West,life-satisfaction,7.64,0.0867346938775509,7.47,7.81,22.0,7.0,15.0,4165.0,4141.7,181541.0,32950.0,0.0916,4000.0,3900.0,,,2900.0
E08000013,St. Helens,2019,England,North West,worthwhile,7.84,0.0816326530612245,7.68,8.0,22.0,7.0,15.0,4165.0,4141.7,181541.0,32950.0,0.0916,4000.0,3900.0,,,2900.0
E08000013,St. Helens,2020,England,North West,anxiety,3.54,0.1785714285714286,3.19,3.89,24.0,7.0,17.0,7370.0,6740.8,182102.0,32694.0,0.0971,4100.0,3900.0,175.0,0.0410022331752156,3000.0
E08000013,St. Helens,2020,England,North West,happiness,7.05,0.1198979591836734,6.82,7.29,24.0,7.0,17.0,7370.0,6740.8,182102.0,32694.0,0.0971,4100.0,3900.0,175.0,0.0410022331752156,3000.0
E08000013,St. Helens,2020,England,North West,life-satisfaction,7.16,0.1096938775510203,6.95,7.38,24.0,7.0,17.0,7370.0,6740.8,182102.0,32694.0,0.0971,4100.0,3900.0,175.0,0.0410022331752156,3000.0
E08000013,St. Helens,2020,England,North West,worthwhile,7.64,0.0943877551020408,7.45,7.82,24.0,7.0,17.0,7370.0,6740.8,182102.0,32694.0,0.0971,4100.0,3900.0,175.0,0.0410022331752156,3000.0
E08000013,St. Helens,2021,England,North West,anxiety,3.06,0.1632653061224489,2.74,3.38,24.0,7.0,17.0,5265.0,6523.3,183394.0,32575.0,0.1057,4000.0,3800.0,400.0,0.0938549124558646,3000.0
E08000013,St. Helens,2021,England,North West,happiness,7.45,0.1173469387755102,7.22,7.68,24.0,7.0,17.0,5265.0,6523.3,183394.0,32575.0,0.1057,4000.0,3800.0,400.0,0.0938549124558646,3000.0
E08000013,St. Helens,2021,England,North West,life-satisfaction,7.48,0.1096938775510205,7.27,7.7,24.0,7.0,17.0,5265.0,6523.3,183394.0,32575.0,0.1057,4000.0,3800.0,400.0,0.0938549124558646,3000.0
E08000013,St. Helens,2021,England,North West,worthwhile,7.97,0.0943877551020408,7.78,8.15,24.0,7.0,17.0,5265.0,6523.3,183394.0,32575.0,0.1057,4000.0,3800.0,400.0,0.0938549124558646,3000.0
E08000013,St. Helens,2022,England,North West,anxiety,3.45,0.2091836734693877,3.04,3.86,23.0,7.0,16.0,4470.0,4731.7,185001.0,32808.0,0.1229,4200.0,4000.0,350.0,0.0809870434916319,3100.0
E08000013,St. Helens,2022,England,North West,happiness,7.07,0.183673469387755,6.71,7.43,23.0,7.0,16.0,4470.0,4731.7,185001.0,32808.0,0.1229,4200.0,4000.0,350.0,0.0809870434916319,3100.0
E08000013,St. Helens,2022,England,North West,life-satisfaction,7.26,0.1428571428571427,6.98,7.54,23.0,7.0,16.0,4470.0,4731.7,185001.0,32808.0,0.1229,4200.0,4000.0,350.0,0.0809870434916319,3100.0
E08000013,St. Helens,2022,England,North West,worthwhile,7.72,0.1122448979591837,7.5,7.94,23.0,7.0,16.0,4470.0,4731.7,185001.0,32808.0,0.1229,4200.0,4000.0,350.0,0.0809870434916319,3100.0
E08000013,St. Helens,2023,England,North West,,,,,,29.0,7.0,22.0,4420.0,4464.6,186929.0,33077.0,0.1554,4600.0,4300.0,450.0,0.0927254373526341,3500.0
E08000014,Sefton,2016,England,North West,anxiety,2.91,0.1147959183673469,2.69,3.14,39.0,8.0,31.0,4005.0,4212.9,276707.0,46783.0,0.0819,8700.0,7800.0,650.0,0.0797630515487988,6000.0
E08000014,Sefton,2016,England,North West,happiness,7.18,0.096938775510204,6.99,7.37,39.0,8.0,31.0,4005.0,4212.9,276707.0,46783.0,0.0819,8700.0,7800.0,650.0,0.0797630515487988,6000.0
E08000014,Sefton,2016,England,North West,life-satisfaction,7.43,0.0790816326530613,7.27,7.58,39.0,8.0,31.0,4005.0,4212.9,276707.0,46783.0,0.0819,8700.0,7800.0,650.0,0.0797630515487988,6000.0
E08000014,Sefton,2016,England,North West,worthwhile,7.67,0.0739795918367347,7.52,7.81,39.0,8.0,31.0,4005.0,4212.9,276707.0,46783.0,0.0819,8700.0,7800.0,650.0,0.0797630515487988,6000.0
E08000014,Sefton,2017,England,North West,anxiety,3.09,0.1122448979591836,2.87,3.31,38.0,8.0,30.0,4340.0,4220.8,276962.0,46902.0,0.0846,9800.0,9100.0,1100.0,0.1053228774788894,7100.0
E08000014,Sefton,2017,England,North West,happiness,7.3,0.1020408163265307,7.1,7.5,38.0,8.0,30.0,4340.0,4220.8,276962.0,46902.0,0.0846,9800.0,9100.0,1100.0,0.1053228774788894,7100.0
E08000014,Sefton,2017,England,North West,life-satisfaction,7.62,0.0663265306122448,7.49,7.75,38.0,8.0,30.0,4340.0,4220.8,276962.0,46902.0,0.0846,9800.0,9100.0,1100.0,0.1053228774788894,7100.0
E08000014,Sefton,2017,England,North West,worthwhile,8.03,0.0663265306122448,7.9,8.16,38.0,8.0,30.0,4340.0,4220.8,276962.0,46902.0,0.0846,9800.0,9100.0,1100.0,0.1053228774788894,7100.0
E08000014,Sefton,2018,England,North West,anxiety,3.07,0.1122448979591836,2.85,3.29,38.0,8.0,30.0,5850.0,5407.1,277890.0,47002.0,0.0869,9200.0,8500.0,900.0,0.0961867804100913,6600.0
E08000014,Sefton,2018,England,North West,happiness,7.4,0.0943877551020408,7.22,7.59,38.0,8.0,30.0,5850.0,5407.1,277890.0,47002.0,0.0869,9200.0,8500.0,900.0,0.0961867804100913,6600.0
E08000014,Sefton,2018,England,North West,life-satisfaction,7.61,0.0739795918367347,7.47,7.76,38.0,8.0,30.0,5850.0,5407.1,277890.0,47002.0,0.0869,9200.0,8500.0,900.0,0.0961867804100913,6600.0
E08000014,Sefton,2018,England,North West,worthwhile,7.95,0.0663265306122448,7.82,8.08,38.0,8.0,30.0,5850.0,5407.1,277890.0,47002.0,0.0869,9200.0,8500.0,900.0,0.0961867804100913,6600.0
E08000014,Sefton,2019,England,North West,anxiety,2.87,0.1198979591836735,2.63,3.1,39.0,9.0,30.0,6205.0,6176.2,278908.0,47172.0,0.0916,9400.0,8500.0,700.0,0.0777289568829744,6800.0
E08000014,Sefton,2019,England,North West,happiness,7.71,0.0892857142857141,7.54,7.89,39.0,9.0,30.0,6205.0,6176.2,278908.0,47172.0,0.0916,9400.0,8500.0,700.0,0.0777289568829744,6800.0
E08000014,Sefton,2019,England,North West,life-satisfaction,7.73,0.0816326530612243,7.57,7.89,39.0,9.0,30.0,6205.0,6176.2,278908.0,47172.0,0.0916,9400.0,8500.0,700.0,0.0777289568829744,6800.0
E08000014,Sefton,2019,England,North West,worthwhile,7.96,0.0790816326530611,7.81,8.12,39.0,9.0,30.0,6205.0,6176.2,278908.0,47172.0,0.0916,9400.0,8500.0,700.0,0.0777289568829744,6800.0
E08000014,Sefton,2020,England,North West,anxiety,3.26,0.1734693877551021,2.92,3.6,41.0,9.0,32.0,11360.0,10148.8,278621.0,46845.0,0.0971,9600.0,8600.0,700.0,0.076243232536304,7300.0
E08000014,Sefton,2020,England,North West,happiness,7.23,0.1198979591836734,6.99,7.46,41.0,9.0,32.0,11360.0,10148.8,278621.0,46845.0,0.0971,9600.0,8600.0,700.0,0.076243232536304,7300.0
E08000014,Sefton,2020,England,North West,life-satisfaction,7.32,0.1071428571428571,7.11,7.53,41.0,9.0,32.0,11360.0,10148.8,278621.0,46845.0,0.0971,9600.0,8600.0,700.0,0.076243232536304,7300.0
E08000014,Sefton,2020,England,North West,worthwhile,7.73,0.0943877551020408,7.55,7.92,41.0,9.0,32.0,11360.0,10148.8,278621.0,46845.0,0.0971,9600.0,8600.0,700.0,0.076243232536304,7300.0
E08000014,Sefton,2021,England,North West,anxiety,3.04,0.1530612244897958,2.74,3.34,42.0,9.0,33.0,7770.0,9854.6,279693.0,46896.0,0.1057,9200.0,8300.0,950.0,0.1047006931639044,6900.0
E08000014,Sefton,2021,England,North West,happiness,7.62,0.1122448979591835,7.4,7.84,42.0,9.0,33.0,7770.0,9854.6,279693.0,46896.0,0.1057,9200.0,8300.0,950.0,0.1047006931639044,6900.0
E08000014,Sefton,2021,England,North West,life-satisfaction,7.52,0.0994897959183672,7.32,7.71,42.0,9.0,33.0,7770.0,9854.6,279693.0,46896.0,0.1057,9200.0,8300.0,950.0,0.1047006931639044,6900.0
E08000014,Sefton,2021,England,North West,worthwhile,7.81,0.096938775510204,7.62,8.0,42.0,9.0,33.0,7770.0,9854.6,279693.0,46896.0,0.1057,9200.0,8300.0,950.0,0.1047006931639044,6900.0
E08000014,Sefton,2022,England,North West,anxiety,3.19,0.1760204081632653,2.84,3.53,46.0,10.0,36.0,6215.0,6808.8,281247.0,47467.0,0.1229,8800.0,8200.0,800.0,0.090471294356272,6700.0
E08000014,Sefton,2022,England,North West,happiness,7.42,0.1224489795918368,7.18,7.66,46.0,10.0,36.0,6215.0,6808.8,281247.0,47467.0,0.1229,8800.0,8200.0,800.0,0.090471294356272,6700.0
E08000014,Sefton,2022,England,North West,life-satisfaction,7.42,0.1173469387755102,7.19,7.65,46.0,10.0,36.0,6215.0,6808.8,281247.0,47467.0,0.1229,8800.0,8200.0,800.0,0.090471294356272,6700.0
E08000014,Sefton,2022,England,North West,worthwhile,7.72,0.1122448979591837,7.5,7.94,46.0,10.0,36.0,6215.0,6808.8,281247.0,47467.0,0.1229,8800.0,8200.0,800.0,0.090471294356272,6700.0
E08000014,Sefton,2023,England,North West,,,,,,51.0,10.0,41.0,6190.0,6245.0,283720.0,48009.0,0.1554,9600.0,8900.0,1100.0,0.1119426068869268,7200.0
E08000015,Wirral,2016,England,North West,anxiety,2.88,0.1147959183673469,2.65,3.1,42.0,9.0,33.0,3815.0,4081.2,320914.0,59491.0,0.0819,8100.0,7300.0,275.0,0.0356406310894461,5800.0
E08000015,Wirral,2016,England,North West,happiness,7.37,0.0918367346938774,7.19,7.55,42.0,9.0,33.0,3815.0,4081.2,320914.0,59491.0,0.0819,8100.0,7300.0,275.0,0.0356406310894461,5800.0
E08000015,Wirral,2016,England,North West,life-satisfaction,7.58,0.0765306122448981,7.43,7.73,42.0,9.0,33.0,3815.0,4081.2,320914.0,59491.0,0.0819,8100.0,7300.0,275.0,0.0356406310894461,5800.0
E08000015,Wirral,2016,England,North West,worthwhile,7.82,0.0765306122448979,7.67,7.97,42.0,9.0,33.0,3815.0,4081.2,320914.0,59491.0,0.0819,8100.0,7300.0,275.0,0.0356406310894461,5800.0
E08000015,Wirral,2017,England,North West,anxiety,2.64,0.1224489795918367,2.4,2.88,50.0,11.0,39.0,4065.0,4191.2,321020.0,59480.0,0.0846,8000.0,7400.0,350.0,0.0459775907580296,5800.0
E08000015,Wirral,2017,England,North West,happiness,7.58,0.0867346938775509,7.41,7.75,50.0,11.0,39.0,4065.0,4191.2,321020.0,59480.0,0.0846,8000.0,7400.0,350.0,0.0459775907580296,5800.0
E08000015,Wirral,2017,England,North West,life-satisfaction,7.67,0.0714285714285712,7.53,7.81,50.0,11.0,39.0,4065.0,4191.2,321020.0,59480.0,0.0846,8000.0,7400.0,350.0,0.0459775907580296,5800.0
E08000015,Wirral,2017,England,North West,worthwhile,7.91,0.0714285714285717,7.77,8.05,50.0,11.0,39.0,4065.0,4191.2,321020.0,59480.0,0.0846,8000.0,7400.0,350.0,0.0459775907580296,5800.0
E08000015,Wirral,2018,England,North West,anxiety,2.81,0.1224489795918367,2.57,3.05,49.0,11.0,38.0,6350.0,5601.2,320643.0,59241.0,0.0869,8100.0,7600.0,500.0,0.0629413449978122,5900.0
E08000015,Wirral,2018,England,North West,happiness,7.48,0.0790816326530611,7.33,7.64,49.0,11.0,38.0,6350.0,5601.2,320643.0,59241.0,0.0869,8100.0,7600.0,500.0,0.0629413449978122,5900.0
E08000015,Wirral,2018,England,North West,life-satisfaction,7.68,0.0688775510204082,7.55,7.82,49.0,11.0,38.0,6350.0,5601.2,320643.0,59241.0,0.0869,8100.0,7600.0,500.0,0.0629413449978122,5900.0
E08000015,Wirral,2018,England,North West,worthwhile,7.94,0.066326530612245,7.81,8.07,49.0,11.0,38.0,6350.0,5601.2,320643.0,59241.0,0.0869,8100.0,7600.0,500.0,0.0629413449978122,5900.0
E08000015,Wirral,2019,England,North West,anxiety,2.76,0.1326530612244898,2.5,3.02,49.0,11.0,38.0,6810.0,6907.1,320732.0,58976.0,0.0916,8400.0,7800.0,475.0,0.0568724218120034,6100.0
E08000015,Wirral,2019,England,North West,happiness,7.38,0.0994897959183672,7.19,7.58,49.0,11.0,38.0,6810.0,6907.1,320732.0,58976.0,0.0916,8400.0,7800.0,475.0,0.0568724218120034,6100.0
E08000015,Wirral,2019,England,North West,life-satisfaction,7.5,0.0816326530612245,7.34,7.66,49.0,11.0,38.0,6810.0,6907.1,320732.0,58976.0,0.0916,8400.0,7800.0,475.0,0.0568724218120034,6100.0
E08000015,Wirral,2019,England,North West,worthwhile,7.79,0.0739795918367347,7.65,7.94,49.0,11.0,38.0,6810.0,6907.1,320732.0,58976.0,0.0916,8400.0,7800.0,475.0,0.0568724218120034,6100.0
E08000015,Wirral,2020,England,North West,anxiety,3.76,0.1581632653061224,3.45,4.07,51.0,11.0,40.0,12190.0,11127.5,320249.0,58470.0,0.0971,8300.0,7600.0,350.0,0.0434532003829576,5900.0
E08000015,Wirral,2020,England,North West,happiness,6.97,0.1301020408163267,6.72,7.23,51.0,11.0,40.0,12190.0,11127.5,320249.0,58470.0,0.0971,8300.0,7600.0,350.0,0.0434532003829576,5900.0
E08000015,Wirral,2020,England,North West,life-satisfaction,7.1,0.1122448979591837,6.88,7.32,51.0,11.0,40.0,12190.0,11127.5,320249.0,58470.0,0.0971,8300.0,7600.0,350.0,0.0434532003829576,5900.0
E08000015,Wirral,2020,England,North West,worthwhile,7.59,0.0994897959183675,7.39,7.78,51.0,11.0,40.0,12190.0,11127.5,320249.0,58470.0,0.0971,8300.0,7600.0,350.0,0.0434532003829576,5900.0
E08000015,Wirral,2021,England,North West,anxiety,3.36,0.1785714285714286,3.01,3.71,52.0,12.0,40.0,8385.0,10546.7,320631.0,57973.0,0.1057,8200.0,7500.0,650.0,0.0808938165675241,5900.0
E08000015,Wirral,2021,England,North West,happiness,7.31,0.1275510204081632,7.06,7.56,52.0,12.0,40.0,8385.0,10546.7,320631.0,57973.0,0.1057,8200.0,7500.0,650.0,0.0808938165675241,5900.0
E08000015,Wirral,2021,England,North West,life-satisfaction,7.25,0.1198979591836736,7.02,7.49,52.0,12.0,40.0,8385.0,10546.7,320631.0,57973.0,0.1057,8200.0,7500.0,650.0,0.0808938165675241,5900.0
E08000015,Wirral,2021,England,North West,worthwhile,7.52,0.1198979591836734,7.29,7.76,52.0,12.0,40.0,8385.0,10546.7,320631.0,57973.0,0.1057,8200.0,7500.0,650.0,0.0808938165675241,5900.0
E08000015,Wirral,2022,England,North West,anxiety,3.34,0.1836734693877551,2.98,3.7,57.0,12.0,45.0,6995.0,7453.8,322674.0,58172.0,0.1229,8200.0,7600.0,600.0,0.0722474320377264,6000.0
E08000015,Wirral,2022,England,North West,happiness,7.25,0.142857142857143,6.97,7.53,57.0,12.0,45.0,6995.0,7453.8,322674.0,58172.0,0.1229,8200.0,7600.0,600.0,0.0722474320377264,6000.0
E08000015,Wirral,2022,England,North West,life-satisfaction,7.32,0.1352040816326531,7.06,7.59,57.0,12.0,45.0,6995.0,7453.8,322674.0,58172.0,0.1229,8200.0,7600.0,600.0,0.0722474320377264,6000.0
E08000015,Wirral,2022,England,North West,worthwhile,7.62,0.142857142857143,7.34,7.9,57.0,12.0,45.0,6995.0,7453.8,322674.0,58172.0,0.1229,8200.0,7600.0,600.0,0.0722474320377264,6000.0
E08000015,Wirral,2023,England,North West,,,,,,65.0,11.0,54.0,6850.0,6977.5,325583.0,58478.0,0.1554,8500.0,7600.0,475.0,0.0587904600072356,6300.0
E08000016,Barnsley,2016,England,Yorkshire and the Humber,anxiety,2.86,0.1122448979591836,2.64,3.08,32.0,7.0,25.0,3215.0,3507.9,240061.0,43872.0,0.0793,4800.0,4600.0,200.0,0.0410156438633732,3600.0
E08000016,Barnsley,2016,England,Yorkshire and the Humber,happiness,7.46,0.0841836734693877,7.29,7.62,32.0,7.0,25.0,3215.0,3507.9,240061.0,43872.0,0.0793,4800.0,4600.0,200.0,0.0410156438633732,3600.0
E08000016,Barnsley,2016,England,Yorkshire and the Humber,life-satisfaction,7.63,0.0714285714285712,7.49,7.77,32.0,7.0,25.0,3215.0,3507.9,240061.0,43872.0,0.0793,4800.0,4600.0,200.0,0.0410156438633732,3600.0
E08000016,Barnsley,2016,England,Yorkshire and the Humber,worthwhile,7.84,0.0714285714285715,7.7,7.98,32.0,7.0,25.0,3215.0,3507.9,240061.0,43872.0,0.0793,4800.0,4600.0,200.0,0.0410156438633732,3600.0
E08000016,Barnsley,2017,England,Yorkshire and the Humber,anxiety,3.0,0.1454081632653061,2.72,3.29,32.0,8.0,24.0,4080.0,3662.9,241287.0,44212.0,0.0818,4900.0,4600.0,225.0,0.0452099921609389,3600.0
E08000016,Barnsley,2017,England,Yorkshire and the Humber,happiness,7.36,0.1045918367346939,7.16,7.57,32.0,8.0,24.0,4080.0,3662.9,241287.0,44212.0,0.0818,4900.0,4600.0,225.0,0.0452099921609389,3600.0
E08000016,Barnsley,2017,England,Yorkshire and the Humber,life-satisfaction,7.7,0.1020408163265307,7.5,7.9,32.0,8.0,24.0,4080.0,3662.9,241287.0,44212.0,0.0818,4900.0,4600.0,225.0,0.0452099921609389,3600.0
E08000016,Barnsley,2017,England,Yorkshire and the Humber,worthwhile,7.94,0.1020408163265307,7.74,8.14,32.0,8.0,24.0,4080.0,3662.9,241287.0,44212.0,0.0818,4900.0,4600.0,225.0,0.0452099921609389,3600.0
E08000016,Barnsley,2018,England,Yorkshire and the Humber,anxiety,2.8,0.1224489795918367,2.56,3.04,31.0,8.0,23.0,4935.0,4909.6,242360.0,44554.0,0.0837,4700.0,4500.0,350.0,0.0709505982145993,3500.0
E08000016,Barnsley,2018,England,Yorkshire and the Humber,happiness,7.48,0.0943877551020408,7.29,7.66,31.0,8.0,23.0,4935.0,4909.6,242360.0,44554.0,0.0837,4700.0,4500.0,350.0,0.0709505982145993,3500.0
E08000016,Barnsley,2018,England,Yorkshire and the Humber,life-satisfaction,7.73,0.0790816326530611,7.57,7.88,31.0,8.0,23.0,4935.0,4909.6,242360.0,44554.0,0.0837,4700.0,4500.0,350.0,0.0709505982145993,3500.0
E08000016,Barnsley,2018,England,Yorkshire and the Humber,worthwhile,8.0,0.0765306122448981,7.85,8.15,31.0,8.0,23.0,4935.0,4909.6,242360.0,44554.0,0.0837,4700.0,4500.0,350.0,0.0709505982145993,3500.0
E08000016,Barnsley,2019,England,Yorkshire and the Humber,anxiety,2.88,0.1249999999999999,2.64,3.13,31.0,8.0,23.0,4840.0,5191.2,243558.0,44725.0,0.0868,4900.0,4600.0,275.0,0.0544064942745301,3700.0
E08000016,Barnsley,2019,England,Yorkshire and the Humber,happiness,7.48,0.0943877551020408,7.29,7.66,31.0,8.0,23.0,4840.0,5191.2,243558.0,44725.0,0.0868,4900.0,4600.0,275.0,0.0544064942745301,3700.0
E08000016,Barnsley,2019,England,Yorkshire and the Humber,life-satisfaction,7.74,0.0765306122448979,7.59,7.89,31.0,8.0,23.0,4840.0,5191.2,243558.0,44725.0,0.0868,4900.0,4600.0,275.0,0.0544064942745301,3700.0
E08000016,Barnsley,2019,England,Yorkshire and the Humber,worthwhile,7.99,0.0765306122448981,7.84,8.14,31.0,8.0,23.0,4840.0,5191.2,243558.0,44725.0,0.0868,4900.0,4600.0,275.0,0.0544064942745301,3700.0
E08000016,Barnsley,2020,England,Yorkshire and the Humber,anxiety,3.19,0.1658163265306122,2.86,3.51,34.0,10.0,24.0,9240.0,8450.4,244201.0,44862.0,0.0903,5200.0,4900.0,275.0,0.0542441822700505,4000.0
E08000016,Barnsley,2020,England,Yorkshire and the Humber,happiness,7.36,0.1096938775510203,7.15,7.58,34.0,10.0,24.0,9240.0,8450.4,244201.0,44862.0,0.0903,5200.0,4900.0,275.0,0.0542441822700505,4000.0
E08000016,Barnsley,2020,England,Yorkshire and the Humber,life-satisfaction,7.34,0.096938775510204,7.15,7.53,34.0,10.0,24.0,9240.0,8450.4,244201.0,44862.0,0.0903,5200.0,4900.0,275.0,0.0542441822700505,4000.0
E08000016,Barnsley,2020,England,Yorkshire and the Humber,worthwhile,7.83,0.0918367346938774,7.65,8.01,34.0,10.0,24.0,9240.0,8450.4,244201.0,44862.0,0.0903,5200.0,4900.0,275.0,0.0542441822700505,4000.0
E08000016,Barnsley,2021,England,Yorkshire and the Humber,anxiety,2.97,0.1683673469387754,2.64,3.3,37.0,11.0,26.0,6785.0,8409.6,244887.0,44771.0,0.0963,5200.0,4900.0,500.0,0.0922247372671887,4100.0
E08000016,Barnsley,2021,England,Yorkshire and the Humber,happiness,7.22,0.1122448979591837,7.0,7.44,37.0,11.0,26.0,6785.0,8409.6,244887.0,44771.0,0.0963,5200.0,4900.0,500.0,0.0922247372671887,4100.0
E08000016,Barnsley,2021,England,Yorkshire and the Humber,life-satisfaction,7.31,0.1173469387755102,7.08,7.54,37.0,11.0,26.0,6785.0,8409.6,244887.0,44771.0,0.0963,5200.0,4900.0,500.0,0.0922247372671887,4100.0
E08000016,Barnsley,2021,England,Yorkshire and the Humber,worthwhile,7.54,0.0994897959183675,7.35,7.74,37.0,11.0,26.0,6785.0,8409.6,244887.0,44771.0,0.0963,5200.0,4900.0,500.0,0.0922247372671887,4100.0
E08000016,Barnsley,2022,England,Yorkshire and the Humber,anxiety,3.17,0.1607142857142858,2.86,3.49,37.0,11.0,26.0,5130.0,5635.8,246737.0,45246.0,0.1126,5100.0,4900.0,375.0,0.0711715228135183,4100.0
E08000016,Barnsley,2022,England,Yorkshire and the Humber,happiness,7.29,0.1326530612244897,7.03,7.55,37.0,11.0,26.0,5130.0,5635.8,246737.0,45246.0,0.1126,5100.0,4900.0,375.0,0.0711715228135183,4100.0
E08000016,Barnsley,2022,England,Yorkshire and the Humber,life-satisfaction,7.37,0.1045918367346939,7.17,7.58,37.0,11.0,26.0,5130.0,5635.8,246737.0,45246.0,0.1126,5100.0,4900.0,375.0,0.0711715228135183,4100.0
E08000016,Barnsley,2022,England,Yorkshire and the Humber,worthwhile,7.54,0.1326530612244897,7.28,7.8,37.0,11.0,26.0,5130.0,5635.8,246737.0,45246.0,0.1126,5100.0,4900.0,375.0,0.0711715228135183,4100.0
E08000016,Barnsley,2023,England,Yorkshire and the Humber,,,,,,38.0,10.0,28.0,5265.0,5346.7,249144.0,45599.0,0.1444,5300.0,5000.0,350.0,0.0667757927221656,4200.0
E08000017,Doncaster,2016,England,Yorkshire and the Humber,anxiety,2.82,0.1173469387755102,2.59,3.05,41.0,4.0,37.0,4730.0,5201.2,306137.0,57517.0,0.0793,6000.0,5600.0,550.0,0.0860064498012229,4700.0
E08000017,Doncaster,2016,England,Yorkshire and the Humber,happiness,7.47,0.0867346938775509,7.3,7.64,41.0,4.0,37.0,4730.0,5201.2,306137.0,57517.0,0.0793,6000.0,5600.0,550.0,0.0860064498012229,4700.0
E08000017,Doncaster,2016,England,Yorkshire and the Humber,life-satisfaction,7.63,0.0739795918367344,7.48,7.77,41.0,4.0,37.0,4730.0,5201.2,306137.0,57517.0,0.0793,6000.0,5600.0,550.0,0.0860064498012229,4700.0
E08000017,Doncaster,2016,England,Yorkshire and the Humber,worthwhile,7.88,0.0714285714285712,7.74,8.02,41.0,4.0,37.0,4730.0,5201.2,306137.0,57517.0,0.0793,6000.0,5600.0,550.0,0.0860064498012229,4700.0
E08000017,Doncaster,2017,England,Yorkshire and the Humber,anxiety,3.07,0.1173469387755102,2.84,3.3,41.0,7.0,34.0,4695.0,4937.1,307058.0,57643.0,0.0818,6600.0,6300.0,375.0,0.0581618748152075,5000.0
E08000017,Doncaster,2017,England,Yorkshire and the Humber,happiness,7.33,0.1045918367346939,7.13,7.54,41.0,7.0,34.0,4695.0,4937.1,307058.0,57643.0,0.0818,6600.0,6300.0,375.0,0.0581618748152075,5000.0
E08000017,Doncaster,2017,England,Yorkshire and the Humber,life-satisfaction,7.45,0.0841836734693877,7.29,7.62,41.0,7.0,34.0,4695.0,4937.1,307058.0,57643.0,0.0818,6600.0,6300.0,375.0,0.0581618748152075,5000.0
E08000017,Doncaster,2017,England,Yorkshire and the Humber,worthwhile,7.74,0.0867346938775509,7.57,7.91,41.0,7.0,34.0,4695.0,4937.1,307058.0,57643.0,0.0818,6600.0,6300.0,375.0,0.0581618748152075,5000.0
E08000017,Doncaster,2018,England,Yorkshire and the Humber,anxiety,3.2,0.1403061224489795,2.93,3.48,42.0,8.0,34.0,6495.0,6093.3,308237.0,57658.0,0.0837,6500.0,6200.0,300.0,0.047318733495,4800.0
E08000017,Doncaster,2018,England,Yorkshire and the Humber,happiness,7.37,0.1147959183673467,7.15,7.6,42.0,8.0,34.0,6495.0,6093.3,308237.0,57658.0,0.0837,6500.0,6200.0,300.0,0.047318733495,4800.0
E08000017,Doncaster,2018,England,Yorkshire and the Humber,life-satisfaction,7.59,0.0943877551020406,7.4,7.77,42.0,8.0,34.0,6495.0,6093.3,308237.0,57658.0,0.0837,6500.0,6200.0,300.0,0.047318733495,4800.0
E08000017,Doncaster,2018,England,Yorkshire and the Humber,worthwhile,7.79,0.0892857142857141,7.62,7.97,42.0,8.0,34.0,6495.0,6093.3,308237.0,57658.0,0.0837,6500.0,6200.0,300.0,0.047318733495,4800.0
E08000017,Doncaster,2019,England,Yorkshire and the Humber,anxiety,3.05,0.1301020408163266,2.8,3.31,43.0,9.0,34.0,6955.0,6887.1,308438.0,57563.0,0.0868,6900.0,6600.0,375.0,0.0543514617027607,5300.0
E08000017,Doncaster,2019,England,Yorkshire and the Humber,happiness,7.16,0.1020408163265307,6.96,7.36,43.0,9.0,34.0,6955.0,6887.1,308438.0,57563.0,0.0868,6900.0,6600.0,375.0,0.0543514617027607,5300.0
E08000017,Doncaster,2019,England,Yorkshire and the Humber,life-satisfaction,7.36,0.0816326530612243,7.2,7.52,43.0,9.0,34.0,6955.0,6887.1,308438.0,57563.0,0.0868,6900.0,6600.0,375.0,0.0543514617027607,5300.0
E08000017,Doncaster,2019,England,Yorkshire and the Humber,worthwhile,7.74,0.0739795918367347,7.6,7.89,43.0,9.0,34.0,6955.0,6887.1,308438.0,57563.0,0.0868,6900.0,6600.0,375.0,0.0543514617027607,5300.0
E08000017,Doncaster,2020,England,Yorkshire and the Humber,anxiety,3.28,0.1479591836734693,2.99,3.57,43.0,10.0,33.0,13910.0,12292.9,308185.0,57473.0,0.0903,7200.0,6800.0,600.0,0.0794799987110356,5700.0
E08000017,Doncaster,2020,England,Yorkshire and the Humber,happiness,7.23,0.1173469387755102,7.0,7.46,43.0,10.0,33.0,13910.0,12292.9,308185.0,57473.0,0.0903,7200.0,6800.0,600.0,0.0794799987110356,5700.0
E08000017,Doncaster,2020,England,Yorkshire and the Humber,life-satisfaction,7.15,0.1071428571428571,6.94,7.36,43.0,10.0,33.0,13910.0,12292.9,308185.0,57473.0,0.0903,7200.0,6800.0,600.0,0.0794799987110356,5700.0
E08000017,Doncaster,2020,England,Yorkshire and the Humber,worthwhile,7.76,0.0994897959183672,7.57,7.96,43.0,10.0,33.0,13910.0,12292.9,308185.0,57473.0,0.0903,7200.0,6800.0,600.0,0.0794799987110356,5700.0
E08000017,Doncaster,2021,England,Yorkshire and the Humber,anxiety,2.97,0.2142857142857143,2.55,3.39,45.0,11.0,34.0,10280.0,12678.3,308697.0,57156.0,0.0963,6800.0,6400.0,700.0,0.0954139212951873,5500.0
E08000017,Doncaster,2021,England,Yorkshire and the Humber,happiness,7.54,0.1403061224489797,7.27,7.82,45.0,11.0,34.0,10280.0,12678.3,308697.0,57156.0,0.0963,6800.0,6400.0,700.0,0.0954139212951873,5500.0
E08000017,Doncaster,2021,England,Yorkshire and the Humber,life-satisfaction,7.43,0.1326530612244899,7.17,7.69,45.0,11.0,34.0,10280.0,12678.3,308697.0,57156.0,0.0963,6800.0,6400.0,700.0,0.0954139212951873,5500.0
E08000017,Doncaster,2021,England,Yorkshire and the Humber,worthwhile,7.69,0.1198979591836734,7.46,7.93,45.0,11.0,34.0,10280.0,12678.3,308697.0,57156.0,0.0963,6800.0,6400.0,700.0,0.0954139212951873,5500.0
E08000017,Doncaster,2022,England,Yorkshire and the Humber,anxiety,3.48,0.1989795918367347,3.09,3.87,45.0,11.0,34.0,8630.0,9150.8,311395.0,58099.0,0.1126,6900.0,6500.0,550.0,0.0764631754853079,5600.0
E08000017,Doncaster,2022,England,Yorkshire and the Humber,happiness,7.59,0.1377551020408163,7.32,7.86,45.0,11.0,34.0,8630.0,9150.8,311395.0,58099.0,0.1126,6900.0,6500.0,550.0,0.0764631754853079,5600.0
E08000017,Doncaster,2022,England,Yorkshire and the Humber,life-satisfaction,7.49,0.1198979591836736,7.26,7.73,45.0,11.0,34.0,8630.0,9150.8,311395.0,58099.0,0.1126,6900.0,6500.0,550.0,0.0764631754853079,5600.0
E08000017,Doncaster,2022,England,Yorkshire and the Humber,worthwhile,7.94,0.1096938775510205,7.72,8.15,45.0,11.0,34.0,8630.0,9150.8,311395.0,58099.0,0.1126,6900.0,6500.0,550.0,0.0764631754853079,5600.0
E08000017,Doncaster,2023,England,Yorkshire and the Humber,,,,,,47.0,12.0,35.0,8880.0,8927.1,315428.0,59458.0,0.1444,6900.0,6400.0,600.0,0.0885485629834732,5400.0
E08000018,Rotherham,2016,England,Yorkshire and the Humber,anxiety,3.03,0.1275510204081632,2.78,3.28,27.0,5.0,22.0,4115.0,4310.0,263273.0,50166.0,0.0793,6200.0,5900.0,275.0,0.0424748221000032,4400.0
E08000018,Rotherham,2016,England,Yorkshire and the Humber,happiness,7.51,0.0943877551020408,7.33,7.7,27.0,5.0,22.0,4115.0,4310.0,263273.0,50166.0,0.0793,6200.0,5900.0,275.0,0.0424748221000032,4400.0
E08000018,Rotherham,2016,England,Yorkshire and the Humber,life-satisfaction,7.61,0.0867346938775509,7.44,7.78,27.0,5.0,22.0,4115.0,4310.0,263273.0,50166.0,0.0793,6200.0,5900.0,275.0,0.0424748221000032,4400.0
E08000018,Rotherham,2016,England,Yorkshire and the Humber,worthwhile,7.9,0.0816326530612245,7.74,8.06,27.0,5.0,22.0,4115.0,4310.0,263273.0,50166.0,0.0793,6200.0,5900.0,275.0,0.0424748221000032,4400.0
E08000018,Rotherham,2017,England,Yorkshire and the Humber,anxiety,3.3,0.1377551020408163,3.03,3.57,29.0,6.0,23.0,4090.0,4195.8,264167.0,50613.0,0.0818,6300.0,6000.0,250.0,0.0400011769028933,4500.0
E08000018,Rotherham,2017,England,Yorkshire and the Humber,happiness,7.38,0.1045918367346939,7.18,7.59,29.0,6.0,23.0,4090.0,4195.8,264167.0,50613.0,0.0818,6300.0,6000.0,250.0,0.0400011769028933,4500.0
E08000018,Rotherham,2017,England,Yorkshire and the Humber,life-satisfaction,7.48,0.0994897959183672,7.29,7.68,29.0,6.0,23.0,4090.0,4195.8,264167.0,50613.0,0.0818,6300.0,6000.0,250.0,0.0400011769028933,4500.0
E08000018,Rotherham,2017,England,Yorkshire and the Humber,worthwhile,7.84,0.0969387755102038,7.65,8.03,29.0,6.0,23.0,4090.0,4195.8,264167.0,50613.0,0.0818,6300.0,6000.0,250.0,0.0400011769028933,4500.0
E08000018,Rotherham,2018,England,Yorkshire and the Humber,anxiety,3.14,0.1224489795918367,2.9,3.38,29.0,6.0,23.0,4800.0,4356.7,265154.0,50771.0,0.0837,5800.0,5600.0,350.0,0.0578088318592714,4100.0
E08000018,Rotherham,2018,England,Yorkshire and the Humber,happiness,7.35,0.0918367346938776,7.17,7.53,29.0,6.0,23.0,4800.0,4356.7,265154.0,50771.0,0.0837,5800.0,5600.0,350.0,0.0578088318592714,4100.0
E08000018,Rotherham,2018,England,Yorkshire and the Humber,life-satisfaction,7.39,0.0892857142857141,7.21,7.56,29.0,6.0,23.0,4800.0,4356.7,265154.0,50771.0,0.0837,5800.0,5600.0,350.0,0.0578088318592714,4100.0
E08000018,Rotherham,2018,England,Yorkshire and the Humber,worthwhile,7.68,0.0918367346938776,7.5,7.86,29.0,6.0,23.0,4800.0,4356.7,265154.0,50771.0,0.0837,5800.0,5600.0,350.0,0.0578088318592714,4100.0
E08000018,Rotherham,2019,England,Yorkshire and the Humber,anxiety,2.96,0.1377551020408163,2.69,3.23,28.0,6.0,22.0,5645.0,5459.6,265991.0,50885.0,0.0868,6000.0,5800.0,250.0,0.0398718732065795,4200.0
E08000018,Rotherham,2019,England,Yorkshire and the Humber,happiness,7.41,0.1020408163265307,7.21,7.61,28.0,6.0,22.0,5645.0,5459.6,265991.0,50885.0,0.0868,6000.0,5800.0,250.0,0.0398718732065795,4200.0
E08000018,Rotherham,2019,England,Yorkshire and the Humber,life-satisfaction,7.59,0.0867346938775509,7.42,7.76,28.0,6.0,22.0,5645.0,5459.6,265991.0,50885.0,0.0868,6000.0,5800.0,250.0,0.0398718732065795,4200.0
E08000018,Rotherham,2019,England,Yorkshire and the Humber,worthwhile,8.05,0.0765306122448976,7.9,8.2,28.0,6.0,22.0,5645.0,5459.6,265991.0,50885.0,0.0868,6000.0,5800.0,250.0,0.0398718732065795,4200.0
E08000018,Rotherham,2020,England,Yorkshire and the Humber,anxiety,2.99,0.1428571428571428,2.71,3.27,31.0,8.0,23.0,11375.0,10026.2,265593.0,50468.0,0.0903,6100.0,5800.0,225.0,0.0374056070369855,4300.0
E08000018,Rotherham,2020,England,Yorkshire and the Humber,happiness,7.26,0.1071428571428571,7.05,7.47,31.0,8.0,23.0,11375.0,10026.2,265593.0,50468.0,0.0903,6100.0,5800.0,225.0,0.0374056070369855,4300.0
E08000018,Rotherham,2020,England,Yorkshire and the Humber,life-satisfaction,7.48,0.0892857142857144,7.31,7.66,31.0,8.0,23.0,11375.0,10026.2,265593.0,50468.0,0.0903,6100.0,5800.0,225.0,0.0374056070369855,4300.0
E08000018,Rotherham,2020,England,Yorkshire and the Humber,worthwhile,7.96,0.0969387755102042,7.77,8.15,31.0,8.0,23.0,11375.0,10026.2,265593.0,50468.0,0.0903,6100.0,5800.0,225.0,0.0374056070369855,4300.0
E08000018,Rotherham,2021,England,Yorkshire and the Humber,anxiety,3.34,0.1479591836734694,3.05,3.63,35.0,9.0,26.0,8495.0,10295.4,266173.0,50204.0,0.0963,5900.0,5600.0,475.0,0.0769846527348163,4300.0
E08000018,Rotherham,2021,England,Yorkshire and the Humber,happiness,7.5,0.1096938775510203,7.29,7.72,35.0,9.0,26.0,8495.0,10295.4,266173.0,50204.0,0.0963,5900.0,5600.0,475.0,0.0769846527348163,4300.0
E08000018,Rotherham,2021,England,Yorkshire and the Humber,life-satisfaction,7.46,0.0892857142857141,7.29,7.64,35.0,9.0,26.0,8495.0,10295.4,266173.0,50204.0,0.0963,5900.0,5600.0,475.0,0.0769846527348163,4300.0
E08000018,Rotherham,2021,England,Yorkshire and the Humber,worthwhile,7.77,0.1096938775510205,7.55,7.98,35.0,9.0,26.0,8495.0,10295.4,266173.0,50204.0,0.0963,5900.0,5600.0,475.0,0.0769846527348163,4300.0
E08000018,Rotherham,2022,England,Yorkshire and the Humber,anxiety,3.53,0.2219387755102041,3.09,3.96,34.0,8.0,26.0,6855.0,7462.1,268707.0,50856.0,0.1126,5800.0,5500.0,375.0,0.0628255419624278,4300.0
E08000018,Rotherham,2022,England,Yorkshire and the Humber,happiness,7.26,0.1709183673469387,6.93,7.6,34.0,8.0,26.0,6855.0,7462.1,268707.0,50856.0,0.1126,5800.0,5500.0,375.0,0.0628255419624278,4300.0
E08000018,Rotherham,2022,England,Yorkshire and the Humber,life-satisfaction,7.37,0.1275510204081632,7.12,7.62,34.0,8.0,26.0,6855.0,7462.1,268707.0,50856.0,0.1126,5800.0,5500.0,375.0,0.0628255419624278,4300.0
E08000018,Rotherham,2022,England,Yorkshire and the Humber,worthwhile,7.74,0.1377551020408163,7.47,8.01,34.0,8.0,26.0,6855.0,7462.1,268707.0,50856.0,0.1126,5800.0,5500.0,375.0,0.0628255419624278,4300.0
E08000018,Rotherham,2023,England,Yorkshire and the Humber,,,,,,40.0,9.0,31.0,6920.0,6981.2,272648.0,51911.0,0.1444,6900.0,6600.0,250.0,0.0360602622182311,5300.0
E08000019,Sheffield,2016,England,Yorkshire and the Humber,anxiety,3.09,0.125,2.84,3.33,72.0,11.0,61.0,8795.0,9307.1,556599.0,101275.0,0.0793,12500.0,11500.0,750.0,0.0617656959628342,8800.0
E08000019,Sheffield,2016,England,Yorkshire and the Humber,happiness,7.23,0.096938775510204,7.04,7.42,72.0,11.0,61.0,8795.0,9307.1,556599.0,101275.0,0.0793,12500.0,11500.0,750.0,0.0617656959628342,8800.0
E08000019,Sheffield,2016,England,Yorkshire and the Humber,life-satisfaction,7.59,0.0739795918367347,7.44,7.73,72.0,11.0,61.0,8795.0,9307.1,556599.0,101275.0,0.0793,12500.0,11500.0,750.0,0.0617656959628342,8800.0
E08000019,Sheffield,2016,England,Yorkshire and the Humber,worthwhile,7.69,0.0765306122448979,7.54,7.84,72.0,11.0,61.0,8795.0,9307.1,556599.0,101275.0,0.0793,12500.0,11500.0,750.0,0.0617656959628342,8800.0
E08000019,Sheffield,2017,England,Yorkshire and the Humber,anxiety,3.0,0.1275510204081632,2.75,3.25,80.0,13.0,67.0,8700.0,9216.2,555675.0,101181.0,0.0818,13000.0,12000.0,650.0,0.052236997833587,9200.0
E08000019,Sheffield,2017,England,Yorkshire and the Humber,happiness,7.33,0.1352040816326529,7.07,7.6,80.0,13.0,67.0,8700.0,9216.2,555675.0,101181.0,0.0818,13000.0,12000.0,650.0,0.052236997833587,9200.0
E08000019,Sheffield,2017,England,Yorkshire and the Humber,life-satisfaction,7.48,0.1326530612244899,7.22,7.74,80.0,13.0,67.0,8700.0,9216.2,555675.0,101181.0,0.0818,13000.0,12000.0,650.0,0.052236997833587,9200.0
E08000019,Sheffield,2017,England,Yorkshire and the Humber,worthwhile,7.76,0.1326530612244897,7.5,8.02,80.0,13.0,67.0,8700.0,9216.2,555675.0,101181.0,0.0818,13000.0,12000.0,650.0,0.052236997833587,9200.0
E08000019,Sheffield,2018,England,Yorkshire and the Humber,anxiety,3.0,0.125,2.75,3.24,80.0,13.0,67.0,7825.0,8733.3,556771.0,101499.0,0.0837,12500.0,11500.0,600.0,0.0505293414712923,8800.0
E08000019,Sheffield,2018,England,Yorkshire and the Humber,happiness,7.45,0.0892857142857141,7.28,7.63,80.0,13.0,67.0,7825.0,8733.3,556771.0,101499.0,0.0837,12500.0,11500.0,600.0,0.0505293414712923,8800.0
E08000019,Sheffield,2018,England,Yorkshire and the Humber,life-satisfaction,7.73,0.0790816326530611,7.57,7.88,80.0,13.0,67.0,7825.0,8733.3,556771.0,101499.0,0.0837,12500.0,11500.0,600.0,0.0505293414712923,8800.0
E08000019,Sheffield,2018,England,Yorkshire and the Humber,worthwhile,7.87,0.0816326530612243,7.71,8.03,80.0,13.0,67.0,7825.0,8733.3,556771.0,101499.0,0.0837,12500.0,11500.0,600.0,0.0505293414712923,8800.0
E08000019,Sheffield,2019,England,Yorkshire and the Humber,anxiety,3.27,0.1428571428571427,2.99,3.55,81.0,13.0,68.0,10875.0,9788.8,556399.0,101140.0,0.0868,13000.0,11500.0,800.0,0.0662832410095799,8900.0
E08000019,Sheffield,2019,England,Yorkshire and the Humber,happiness,7.38,0.1071428571428571,7.17,7.59,81.0,13.0,68.0,10875.0,9788.8,556399.0,101140.0,0.0868,13000.0,11500.0,800.0,0.0662832410095799,8900.0
E08000019,Sheffield,2019,England,Yorkshire and the Humber,life-satisfaction,7.62,0.0816326530612245,7.46,7.78,81.0,13.0,68.0,10875.0,9788.8,556399.0,101140.0,0.0868,13000.0,11500.0,800.0,0.0662832410095799,8900.0
E08000019,Sheffield,2019,England,Yorkshire and the Humber,worthwhile,7.88,0.0816326530612243,7.72,8.04,81.0,13.0,68.0,10875.0,9788.8,556399.0,101140.0,0.0868,13000.0,11500.0,800.0,0.0662832410095799,8900.0
E08000019,Sheffield,2020,England,Yorkshire and the Humber,anxiety,3.74,0.1887755102040817,3.37,4.11,84.0,13.0,71.0,23295.0,19756.7,555036.0,100795.0,0.0903,12500.0,11000.0,1000.0,0.0809897320939799,8700.0
E08000019,Sheffield,2020,England,Yorkshire and the Humber,happiness,6.89,0.1301020408163267,6.64,7.15,84.0,13.0,71.0,23295.0,19756.7,555036.0,100795.0,0.0903,12500.0,11000.0,1000.0,0.0809897320939799,8700.0
E08000019,Sheffield,2020,England,Yorkshire and the Humber,life-satisfaction,7.13,0.1147959183673467,6.9,7.35,84.0,13.0,71.0,23295.0,19756.7,555036.0,100795.0,0.0903,12500.0,11000.0,1000.0,0.0809897320939799,8700.0
E08000019,Sheffield,2020,England,Yorkshire and the Humber,worthwhile,7.38,0.1403061224489795,7.11,7.66,84.0,13.0,71.0,23295.0,19756.7,555036.0,100795.0,0.0903,12500.0,11000.0,1000.0,0.0809897320939799,8700.0
E08000019,Sheffield,2021,England,Yorkshire and the Humber,anxiety,3.15,0.1607142857142857,2.83,3.46,84.0,14.0,70.0,17820.0,21360.8,555035.0,100080.0,0.0963,11500.0,10000.0,1100.0,0.1003868832769604,8300.0
E08000019,Sheffield,2021,England,Yorkshire and the Humber,happiness,7.45,0.1096938775510203,7.24,7.67,84.0,14.0,70.0,17820.0,21360.8,555035.0,100080.0,0.0963,11500.0,10000.0,1100.0,0.1003868832769604,8300.0
E08000019,Sheffield,2021,England,Yorkshire and the Humber,life-satisfaction,7.66,0.1096938775510203,7.45,7.88,84.0,14.0,70.0,17820.0,21360.8,555035.0,100080.0,0.0963,11500.0,10000.0,1100.0,0.1003868832769604,8300.0
E08000019,Sheffield,2021,England,Yorkshire and the Humber,worthwhile,7.89,0.1071428571428571,7.68,8.1,84.0,14.0,70.0,17820.0,21360.8,555035.0,100080.0,0.0963,11500.0,10000.0,1100.0,0.1003868832769604,8300.0
E08000019,Sheffield,2022,England,Yorkshire and the Humber,anxiety,3.28,0.1938775510204082,2.9,3.66,86.0,14.0,72.0,14910.0,15807.9,565987.0,101417.0,0.1126,12000.0,11000.0,1300.0,0.1080729109626128,8800.0
E08000019,Sheffield,2022,England,Yorkshire and the Humber,happiness,7.33,0.1326530612244897,7.07,7.59,86.0,14.0,72.0,14910.0,15807.9,565987.0,101417.0,0.1126,12000.0,11000.0,1300.0,0.1080729109626128,8800.0
E08000019,Sheffield,2022,England,Yorkshire and the Humber,life-satisfaction,7.28,0.1198979591836734,7.05,7.52,86.0,14.0,72.0,14910.0,15807.9,565987.0,101417.0,0.1126,12000.0,11000.0,1300.0,0.1080729109626128,8800.0
E08000019,Sheffield,2022,England,Yorkshire and the Humber,worthwhile,7.62,0.1377551020408163,7.35,7.89,86.0,14.0,72.0,14910.0,15807.9,565987.0,101417.0,0.1126,12000.0,11000.0,1300.0,0.1080729109626128,8800.0
E08000019,Sheffield,2023,England,Yorkshire and the Humber,,,,,,89.0,16.0,73.0,15890.0,15630.8,575586.0,102773.0,0.1444,13000.0,11500.0,700.0,0.0577063873028333,9800.0
E08000021,Newcastle upon Tyne,2016,England,North East,anxiety,3.03,0.125,2.78,3.27,54.0,6.0,48.0,5495.0,5367.1,290316.0,50521.0,0.0537,8300.0,7700.0,475.0,0.0569006018258708,6200.0
E08000021,Newcastle upon Tyne,2016,England,North East,happiness,7.25,0.0892857142857141,7.07,7.42,54.0,6.0,48.0,5495.0,5367.1,290316.0,50521.0,0.0537,8300.0,7700.0,475.0,0.0569006018258708,6200.0
E08000021,Newcastle upon Tyne,2016,England,North East,life-satisfaction,7.53,0.0765306122448979,7.38,7.68,54.0,6.0,48.0,5495.0,5367.1,290316.0,50521.0,0.0537,8300.0,7700.0,475.0,0.0569006018258708,6200.0
E08000021,Newcastle upon Tyne,2016,England,North East,worthwhile,7.63,0.0790816326530613,7.47,7.78,54.0,6.0,48.0,5495.0,5367.1,290316.0,50521.0,0.0537,8300.0,7700.0,475.0,0.0569006018258708,6200.0
E08000021,Newcastle upon Tyne,2017,England,North East,anxiety,3.17,0.1198979591836735,2.94,3.41,54.0,6.0,48.0,7475.0,6508.8,291759.0,50916.0,0.0563,8200.0,7400.0,425.0,0.0551177888531344,6100.0
E08000021,Newcastle upon Tyne,2017,England,North East,happiness,7.35,0.096938775510204,7.16,7.54,54.0,6.0,48.0,7475.0,6508.8,291759.0,50916.0,0.0563,8200.0,7400.0,425.0,0.0551177888531344,6100.0
E08000021,Newcastle upon Tyne,2017,England,North East,life-satisfaction,7.53,0.0765306122448979,7.38,7.68,54.0,6.0,48.0,7475.0,6508.8,291759.0,50916.0,0.0563,8200.0,7400.0,425.0,0.0551177888531344,6100.0
E08000021,Newcastle upon Tyne,2017,England,North East,worthwhile,7.64,0.0765306122448979,7.49,7.79,54.0,6.0,48.0,7475.0,6508.8,291759.0,50916.0,0.0563,8200.0,7400.0,425.0,0.0551177888531344,6100.0
E08000021,Newcastle upon Tyne,2018,England,North East,anxiety,2.89,0.1275510204081632,2.64,3.14,56.0,7.0,49.0,8680.0,8209.6,294955.0,51255.0,0.0584,7900.0,7300.0,425.0,0.0549211798999377,5900.0
E08000021,Newcastle upon Tyne,2018,England,North East,happiness,7.39,0.1045918367346939,7.18,7.59,56.0,7.0,49.0,8680.0,8209.6,294955.0,51255.0,0.0584,7900.0,7300.0,425.0,0.0549211798999377,5900.0
E08000021,Newcastle upon Tyne,2018,England,North East,life-satisfaction,7.59,0.0867346938775509,7.42,7.76,56.0,7.0,49.0,8680.0,8209.6,294955.0,51255.0,0.0584,7900.0,7300.0,425.0,0.0549211798999377,5900.0
E08000021,Newcastle upon Tyne,2018,England,North East,worthwhile,7.73,0.0790816326530611,7.58,7.89,56.0,7.0,49.0,8680.0,8209.6,294955.0,51255.0,0.0584,7900.0,7300.0,425.0,0.0549211798999377,5900.0
E08000021,Newcastle upon Tyne,2019,England,North East,anxiety,3.51,0.1505102040816326,3.22,3.81,56.0,7.0,49.0,8970.0,8969.2,297087.0,51592.0,0.0606,7600.0,6800.0,450.0,0.0612646818762754,5900.0
E08000021,Newcastle upon Tyne,2019,England,North East,happiness,7.1,0.1096938775510205,6.89,7.32,56.0,7.0,49.0,8970.0,8969.2,297087.0,51592.0,0.0606,7600.0,6800.0,450.0,0.0612646818762754,5900.0
E08000021,Newcastle upon Tyne,2019,England,North East,life-satisfaction,7.34,0.0867346938775509,7.17,7.51,56.0,7.0,49.0,8970.0,8969.2,297087.0,51592.0,0.0606,7600.0,6800.0,450.0,0.0612646818762754,5900.0
E08000021,Newcastle upon Tyne,2019,England,North East,worthwhile,7.54,0.0994897959183675,7.34,7.73,56.0,7.0,49.0,8970.0,8969.2,297087.0,51592.0,0.0606,7600.0,6800.0,450.0,0.0612646818762754,5900.0
E08000021,Newcastle upon Tyne,2020,England,North East,anxiety,3.54,0.1607142857142857,3.22,3.85,58.0,8.0,50.0,15230.0,13725.8,298426.0,51750.0,0.064,7800.0,7400.0,600.0,0.0755181178646928,5900.0
E08000021,Newcastle upon Tyne,2020,England,North East,happiness,7.3,0.1173469387755102,7.07,7.53,58.0,8.0,50.0,15230.0,13725.8,298426.0,51750.0,0.064,7800.0,7400.0,600.0,0.0755181178646928,5900.0
E08000021,Newcastle upon Tyne,2020,England,North East,life-satisfaction,7.29,0.0994897959183675,7.1,7.49,58.0,8.0,50.0,15230.0,13725.8,298426.0,51750.0,0.064,7800.0,7400.0,600.0,0.0755181178646928,5900.0
E08000021,Newcastle upon Tyne,2020,England,North East,worthwhile,7.63,0.0994897959183672,7.44,7.83,58.0,8.0,50.0,15230.0,13725.8,298426.0,51750.0,0.064,7800.0,7400.0,600.0,0.0755181178646928,5900.0
E08000021,Newcastle upon Tyne,2021,England,North East,anxiety,3.14,0.1556122448979591,2.83,3.44,58.0,8.0,50.0,11090.0,13537.1,298545.0,51693.0,0.0701,7500.0,7100.0,750.0,0.094632419278092,5700.0
E08000021,Newcastle upon Tyne,2021,England,North East,happiness,7.49,0.1198979591836736,7.26,7.73,58.0,8.0,50.0,11090.0,13537.1,298545.0,51693.0,0.0701,7500.0,7100.0,750.0,0.094632419278092,5700.0
E08000021,Newcastle upon Tyne,2021,England,North East,life-satisfaction,7.69,0.096938775510204,7.5,7.88,58.0,8.0,50.0,11090.0,13537.1,298545.0,51693.0,0.0701,7500.0,7100.0,750.0,0.094632419278092,5700.0
E08000021,Newcastle upon Tyne,2021,England,North East,worthwhile,7.82,0.1147959183673467,7.59,8.04,58.0,8.0,50.0,11090.0,13537.1,298545.0,51693.0,0.0701,7500.0,7100.0,750.0,0.094632419278092,5700.0
E08000021,Newcastle upon Tyne,2022,England,North East,anxiety,3.18,0.2219387755102041,2.75,3.62,59.0,9.0,50.0,9150.0,9594.2,304886.0,52506.0,0.0859,7400.0,7000.0,750.0,0.0988889412612733,5700.0
E08000021,Newcastle upon Tyne,2022,England,North East,happiness,7.28,0.1556122448979592,6.97,7.58,59.0,9.0,50.0,9150.0,9594.2,304886.0,52506.0,0.0859,7400.0,7000.0,750.0,0.0988889412612733,5700.0
E08000021,Newcastle upon Tyne,2022,England,North East,life-satisfaction,7.5,0.1658163265306123,7.18,7.83,59.0,9.0,50.0,9150.0,9594.2,304886.0,52506.0,0.0859,7400.0,7000.0,750.0,0.0988889412612733,5700.0
E08000021,Newcastle upon Tyne,2022,England,North East,worthwhile,7.56,0.1454081632653059,7.28,7.85,59.0,9.0,50.0,9150.0,9594.2,304886.0,52506.0,0.0859,7400.0,7000.0,750.0,0.0988889412612733,5700.0
E08000021,Newcastle upon Tyne,2023,England,North East,,,,,,61.0,10.0,51.0,8350.0,8873.8,313522.0,53935.0,0.1166,8200.0,7500.0,500.0,0.0638173654759201,6300.0
E08000022,North Tyneside,2016,England,North East,anxiety,3.09,0.1275510204081632,2.84,3.34,23.0,4.0,19.0,3215.0,3238.8,203743.0,36322.0,0.0537,4900.0,4600.0,150.0,0.0296265120648765,3500.0
E08000022,North Tyneside,2016,England,North East,happiness,7.25,0.0943877551020408,7.07,7.44,23.0,4.0,19.0,3215.0,3238.8,203743.0,36322.0,0.0537,4900.0,4600.0,150.0,0.0296265120648765,3500.0
E08000022,North Tyneside,2016,England,North East,life-satisfaction,7.47,0.0790816326530611,7.32,7.63,23.0,4.0,19.0,3215.0,3238.8,203743.0,36322.0,0.0537,4900.0,4600.0,150.0,0.0296265120648765,3500.0
E08000022,North Tyneside,2016,England,North East,worthwhile,7.71,0.0790816326530613,7.56,7.87,23.0,4.0,19.0,3215.0,3238.8,203743.0,36322.0,0.0537,4900.0,4600.0,150.0,0.0296265120648765,3500.0
E08000022,North Tyneside,2017,England,North East,anxiety,2.73,0.1275510204081632,2.48,2.98,25.0,6.0,19.0,3245.0,3248.8,204492.0,36680.0,0.0563,5300.0,4700.0,325.0,0.0643795760831947,
E08000022,North Tyneside,2017,England,North East,happiness,7.49,0.0918367346938776,7.31,7.67,25.0,6.0,19.0,3245.0,3248.8,204492.0,36680.0,0.0563,5300.0,4700.0,325.0,0.0643795760831947,
E08000022,North Tyneside,2017,England,North East,life-satisfaction,7.62,0.0765306122448979,7.47,7.77,25.0,6.0,19.0,3245.0,3248.8,204492.0,36680.0,0.0563,5300.0,4700.0,325.0,0.0643795760831947,
E08000022,North Tyneside,2017,England,North East,worthwhile,7.91,0.0739795918367349,7.76,8.05,25.0,6.0,19.0,3245.0,3248.8,204492.0,36680.0,0.0563,5300.0,4700.0,325.0,0.0643795760831947,
E08000022,North Tyneside,2018,England,North East,anxiety,2.76,0.1173469387755103,2.53,2.99,25.0,6.0,19.0,4200.0,3647.9,205766.0,37134.0,0.0584,5200.0,4900.0,325.0,0.062413235012007,3700.0
E08000022,North Tyneside,2018,England,North East,happiness,7.7,0.0816326530612245,7.54,7.86,25.0,6.0,19.0,4200.0,3647.9,205766.0,37134.0,0.0584,5200.0,4900.0,325.0,0.062413235012007,3700.0
E08000022,North Tyneside,2018,England,North East,life-satisfaction,7.72,0.0714285714285715,7.58,7.86,25.0,6.0,19.0,4200.0,3647.9,205766.0,37134.0,0.0584,5200.0,4900.0,325.0,0.062413235012007,3700.0
E08000022,North Tyneside,2018,England,North East,worthwhile,7.9,0.0739795918367344,7.75,8.04,25.0,6.0,19.0,4200.0,3647.9,205766.0,37134.0,0.0584,5200.0,4900.0,325.0,0.062413235012007,3700.0
E08000022,North Tyneside,2019,England,North East,anxiety,3.04,0.1224489795918367,2.8,3.28,26.0,7.0,19.0,4595.0,4626.2,207294.0,37531.0,0.0606,5400.0,5200.0,250.0,0.0446731333999497,4000.0
E08000022,North Tyneside,2019,England,North East,happiness,7.48,0.0918367346938776,7.3,7.66,26.0,7.0,19.0,4595.0,4626.2,207294.0,37531.0,0.0606,5400.0,5200.0,250.0,0.0446731333999497,4000.0
E08000022,North Tyneside,2019,England,North East,life-satisfaction,7.64,0.0739795918367347,7.5,7.79,26.0,7.0,19.0,4595.0,4626.2,207294.0,37531.0,0.0606,5400.0,5200.0,250.0,0.0446731333999497,4000.0
E08000022,North Tyneside,2019,England,North East,worthwhile,7.82,0.0816326530612245,7.66,7.98,26.0,7.0,19.0,4595.0,4626.2,207294.0,37531.0,0.0606,5400.0,5200.0,250.0,0.0446731333999497,4000.0
E08000022,North Tyneside,2020,England,North East,anxiety,3.47,0.1581632653061223,3.16,3.78,27.0,7.0,20.0,8015.0,7265.4,208015.0,37567.0,0.064,5500.0,5300.0,350.0,0.0604241031171315,4100.0
E08000022,North Tyneside,2020,England,North East,happiness,7.25,0.1173469387755104,7.02,7.48,27.0,7.0,20.0,8015.0,7265.4,208015.0,37567.0,0.064,5500.0,5300.0,350.0,0.0604241031171315,4100.0
E08000022,North Tyneside,2020,England,North East,life-satisfaction,7.34,0.1020408163265307,7.14,7.54,27.0,7.0,20.0,8015.0,7265.4,208015.0,37567.0,0.064,5500.0,5300.0,350.0,0.0604241031171315,4100.0
E08000022,North Tyneside,2020,England,North East,worthwhile,7.74,0.096938775510204,7.55,7.93,27.0,7.0,20.0,8015.0,7265.4,208015.0,37567.0,0.064,5500.0,5300.0,350.0,0.0604241031171315,4100.0
E08000022,North Tyneside,2021,England,North East,anxiety,3.43,0.1658163265306122,3.11,3.76,29.0,9.0,20.0,5380.0,6897.1,209128.0,37319.0,0.0701,5100.0,4900.0,600.0,0.1110231470292609,3700.0
E08000022,North Tyneside,2021,England,North East,happiness,7.16,0.1505102040816326,6.87,7.46,29.0,9.0,20.0,5380.0,6897.1,209128.0,37319.0,0.0701,5100.0,4900.0,600.0,0.1110231470292609,3700.0
E08000022,North Tyneside,2021,England,North East,life-satisfaction,7.51,0.1122448979591837,7.29,7.73,29.0,9.0,20.0,5380.0,6897.1,209128.0,37319.0,0.0701,5100.0,4900.0,600.0,0.1110231470292609,3700.0
E08000022,North Tyneside,2021,England,North East,worthwhile,7.75,0.1071428571428571,7.54,7.96,29.0,9.0,20.0,5380.0,6897.1,209128.0,37319.0,0.0701,5100.0,4900.0,600.0,0.1110231470292609,3700.0
E08000022,North Tyneside,2022,England,North East,anxiety,3.31,0.1607142857142857,3.0,3.63,30.0,9.0,21.0,4485.0,4678.8,210772.0,37379.0,0.0859,5300.0,5000.0,450.0,0.0803136246884774,4100.0
E08000022,North Tyneside,2022,England,North East,happiness,7.47,0.1147959183673469,7.24,7.69,30.0,9.0,21.0,4485.0,4678.8,210772.0,37379.0,0.0859,5300.0,5000.0,450.0,0.0803136246884774,4100.0
E08000022,North Tyneside,2022,England,North East,life-satisfaction,7.51,0.0994897959183672,7.32,7.71,30.0,9.0,21.0,4485.0,4678.8,210772.0,37379.0,0.0859,5300.0,5000.0,450.0,0.0803136246884774,4100.0
E08000022,North Tyneside,2022,England,North East,worthwhile,7.75,0.0892857142857141,7.57,7.92,30.0,9.0,21.0,4485.0,4678.8,210772.0,37379.0,0.0859,5300.0,5000.0,450.0,0.0803136246884774,4100.0
E08000022,North Tyneside,2023,England,North East,,,,,,30.0,9.0,21.0,4305.0,4409.6,212705.0,37481.0,0.1166,5600.0,5200.0,400.0,0.0704766357714051,4300.0
E08000023,South Tyneside,2016,England,North East,anxiety,2.66,0.1096938775510203,2.45,2.88,17.0,3.0,14.0,4115.0,4117.5,147664.0,25901.0,0.0537,3100.0,3000.0,,,
E08000023,South Tyneside,2016,England,North East,happiness,7.41,0.0892857142857141,7.24,7.59,17.0,3.0,14.0,4115.0,4117.5,147664.0,25901.0,0.0537,3100.0,3000.0,,,
E08000023,South Tyneside,2016,England,North East,life-satisfaction,7.62,0.0714285714285712,7.48,7.76,17.0,3.0,14.0,4115.0,4117.5,147664.0,25901.0,0.0537,3100.0,3000.0,,,
E08000023,South Tyneside,2016,England,North East,worthwhile,7.83,0.0714285714285712,7.69,7.97,17.0,3.0,14.0,4115.0,4117.5,147664.0,25901.0,0.0537,3100.0,3000.0,,,
E08000023,South Tyneside,2017,England,North East,anxiety,3.09,0.1198979591836735,2.86,3.33,17.0,3.0,14.0,4150.0,4150.4,147796.0,26129.0,0.0563,3100.0,2800.0,,,
E08000023,South Tyneside,2017,England,North East,happiness,7.3,0.0918367346938776,7.12,7.48,17.0,3.0,14.0,4150.0,4150.4,147796.0,26129.0,0.0563,3100.0,2800.0,,,
E08000023,South Tyneside,2017,England,North East,life-satisfaction,7.54,0.0765306122448981,7.39,7.69,17.0,3.0,14.0,4150.0,4150.4,147796.0,26129.0,0.0563,3100.0,2800.0,,,
E08000023,South Tyneside,2017,England,North East,worthwhile,7.77,0.0739795918367347,7.62,7.91,17.0,3.0,14.0,4150.0,4150.4,147796.0,26129.0,0.0563,3100.0,2800.0,,,
E08000023,South Tyneside,2018,England,North East,anxiety,3.12,0.1198979591836735,2.88,3.35,17.0,3.0,14.0,5055.0,4507.1,148076.0,26440.0,0.0584,3200.0,3000.0,,,
E08000023,South Tyneside,2018,England,North East,happiness,7.36,0.0994897959183672,7.17,7.56,17.0,3.0,14.0,5055.0,4507.1,148076.0,26440.0,0.0584,3200.0,3000.0,,,
E08000023,South Tyneside,2018,England,North East,life-satisfaction,7.62,0.0790816326530611,7.46,7.77,17.0,3.0,14.0,5055.0,4507.1,148076.0,26440.0,0.0584,3200.0,3000.0,,,
E08000023,South Tyneside,2018,England,North East,worthwhile,7.89,0.0790816326530609,7.73,8.04,17.0,3.0,14.0,5055.0,4507.1,148076.0,26440.0,0.0584,3200.0,3000.0,,,
E08000023,South Tyneside,2019,England,North East,anxiety,3.2,0.1249999999999999,2.95,3.44,18.0,4.0,14.0,5530.0,5506.2,148368.0,26529.0,0.0606,3000.0,2800.0,,,
E08000023,South Tyneside,2019,England,North East,happiness,7.21,0.0969387755102042,7.02,7.4,18.0,4.0,14.0,5530.0,5506.2,148368.0,26529.0,0.0606,3000.0,2800.0,,,
E08000023,South Tyneside,2019,England,North East,life-satisfaction,7.39,0.0867346938775509,7.22,7.56,18.0,4.0,14.0,5530.0,5506.2,148368.0,26529.0,0.0606,3000.0,2800.0,,,
E08000023,South Tyneside,2019,England,North East,worthwhile,7.7,0.0918367346938776,7.52,7.88,18.0,4.0,14.0,5530.0,5506.2,148368.0,26529.0,0.0606,3000.0,2800.0,,,
E08000023,South Tyneside,2020,England,North East,anxiety,3.38,0.1505102040816326,3.08,3.67,19.0,4.0,15.0,8215.0,7864.2,147919.0,26410.0,0.064,3000.0,2900.0,,,
E08000023,South Tyneside,2020,England,North East,happiness,7.29,0.1071428571428571,7.08,7.5,19.0,4.0,15.0,8215.0,7864.2,147919.0,26410.0,0.064,3000.0,2900.0,,,
E08000023,South Tyneside,2020,England,North East,life-satisfaction,7.29,0.0969387755102042,7.1,7.48,19.0,4.0,15.0,8215.0,7864.2,147919.0,26410.0,0.064,3000.0,2900.0,,,
E08000023,South Tyneside,2020,England,North East,worthwhile,7.64,0.0943877551020408,7.45,7.82,19.0,4.0,15.0,8215.0,7864.2,147919.0,26410.0,0.064,3000.0,2900.0,,,
E08000023,South Tyneside,2021,England,North East,anxiety,2.79,0.1607142857142857,2.48,3.11,19.0,4.0,15.0,6000.0,7333.8,147919.0,26521.0,0.0701,2400.0,2300.0,,,
E08000023,South Tyneside,2021,England,North East,happiness,7.44,0.1147959183673469,7.21,7.66,19.0,4.0,15.0,6000.0,7333.8,147919.0,26521.0,0.0701,2400.0,2300.0,,,
E08000023,South Tyneside,2021,England,North East,life-satisfaction,7.52,0.096938775510204,7.33,7.71,19.0,4.0,15.0,6000.0,7333.8,147919.0,26521.0,0.0701,2400.0,2300.0,,,
E08000023,South Tyneside,2021,England,North East,worthwhile,7.85,0.0918367346938774,7.67,8.03,19.0,4.0,15.0,6000.0,7333.8,147919.0,26521.0,0.0701,2400.0,2300.0,,,
E08000023,South Tyneside,2022,England,North East,anxiety,3.3,0.1836734693877551,2.94,3.66,21.0,4.0,17.0,5100.0,5418.3,148987.0,26736.0,0.0859,2400.0,2200.0,,,
E08000023,South Tyneside,2022,England,North East,happiness,7.29,0.1173469387755102,7.06,7.52,21.0,4.0,17.0,5100.0,5418.3,148987.0,26736.0,0.0859,2400.0,2200.0,,,
E08000023,South Tyneside,2022,England,North East,life-satisfaction,7.28,0.1020408163265307,7.08,7.48,21.0,4.0,17.0,5100.0,5418.3,148987.0,26736.0,0.0859,2400.0,2200.0,,,
E08000023,South Tyneside,2022,England,North East,worthwhile,7.53,0.1173469387755102,7.3,7.76,21.0,4.0,17.0,5100.0,5418.3,148987.0,26736.0,0.0859,2400.0,2200.0,,,
E08000023,South Tyneside,2023,England,North East,,,,,,23.0,4.0,19.0,4655.0,4925.0,150124.0,26951.0,0.1166,2400.0,2200.0,125.0,0.0542660487566847,1900.0
E08000024,Sunderland,2016,England,North East,anxiety,3.07,0.1326530612244898,2.81,3.33,31.0,9.0,22.0,5585.0,5483.8,275490.0,48049.0,0.0537,5900.0,5300.0,275.0,0.0482512747877304,4200.0
E08000024,Sunderland,2016,England,North East,happiness,7.25,0.1020408163265307,7.05,7.45,31.0,9.0,22.0,5585.0,5483.8,275490.0,48049.0,0.0537,5900.0,5300.0,275.0,0.0482512747877304,4200.0
E08000024,Sunderland,2016,England,North East,life-satisfaction,7.7,0.0765306122448979,7.55,7.85,31.0,9.0,22.0,5585.0,5483.8,275490.0,48049.0,0.0537,5900.0,5300.0,275.0,0.0482512747877304,4200.0
E08000024,Sunderland,2016,England,North East,worthwhile,7.89,0.068877551020408,7.76,8.03,31.0,9.0,22.0,5585.0,5483.8,275490.0,48049.0,0.0537,5900.0,5300.0,275.0,0.0482512747877304,4200.0
E08000024,Sunderland,2017,England,North East,anxiety,2.98,0.1096938775510204,2.76,3.19,33.0,11.0,22.0,5450.0,5660.8,274816.0,48241.0,0.0563,6100.0,5800.0,225.0,0.0370903426192825,4400.0
E08000024,Sunderland,2017,England,North East,happiness,7.47,0.0816326530612245,7.31,7.63,33.0,11.0,22.0,5450.0,5660.8,274816.0,48241.0,0.0563,6100.0,5800.0,225.0,0.0370903426192825,4400.0
E08000024,Sunderland,2017,England,North East,life-satisfaction,7.61,0.0714285714285715,7.47,7.75,33.0,11.0,22.0,5450.0,5660.8,274816.0,48241.0,0.0563,6100.0,5800.0,225.0,0.0370903426192825,4400.0
E08000024,Sunderland,2017,England,North East,worthwhile,7.95,0.0765306122448979,7.8,8.1,33.0,11.0,22.0,5450.0,5660.8,274816.0,48241.0,0.0563,6100.0,5800.0,225.0,0.0370903426192825,4400.0
E08000024,Sunderland,2018,England,North East,anxiety,3.21,0.1352040816326531,2.94,3.47,33.0,11.0,22.0,7095.0,6028.3,274339.0,48468.0,0.0584,6000.0,5600.0,250.0,0.0440541020360464,4400.0
E08000024,Sunderland,2018,England,North East,happiness,7.48,0.096938775510204,7.29,7.67,33.0,11.0,22.0,7095.0,6028.3,274339.0,48468.0,0.0584,6000.0,5600.0,250.0,0.0440541020360464,4400.0
E08000024,Sunderland,2018,England,North East,life-satisfaction,7.62,0.0765306122448979,7.47,7.77,33.0,11.0,22.0,7095.0,6028.3,274339.0,48468.0,0.0584,6000.0,5600.0,250.0,0.0440541020360464,4400.0
E08000024,Sunderland,2018,England,North East,worthwhile,7.88,0.0739795918367344,7.73,8.02,33.0,11.0,22.0,7095.0,6028.3,274339.0,48468.0,0.0584,6000.0,5600.0,250.0,0.0440541020360464,4400.0
E08000024,Sunderland,2019,England,North East,anxiety,3.1,0.1275510204081632,2.85,3.35,33.0,11.0,22.0,8435.0,8283.8,274277.0,48515.0,0.0606,6500.0,6000.0,350.0,0.0531771498996697,4700.0
E08000024,Sunderland,2019,England,North East,happiness,7.25,0.0969387755102042,7.06,7.44,33.0,11.0,22.0,8435.0,8283.8,274277.0,48515.0,0.0606,6500.0,6000.0,350.0,0.0531771498996697,4700.0
E08000024,Sunderland,2019,England,North East,life-satisfaction,7.47,0.0790816326530613,7.31,7.62,33.0,11.0,22.0,8435.0,8283.8,274277.0,48515.0,0.0606,6500.0,6000.0,350.0,0.0531771498996697,4700.0
E08000024,Sunderland,2019,England,North East,worthwhile,7.72,0.0790816326530613,7.56,7.87,33.0,11.0,22.0,8435.0,8283.8,274277.0,48515.0,0.0606,6500.0,6000.0,350.0,0.0531771498996697,4700.0
E08000024,Sunderland,2020,England,North East,anxiety,3.48,0.1505102040816326,3.18,3.77,38.0,13.0,25.0,13355.0,12660.4,273583.0,48223.0,0.064,6700.0,6300.0,400.0,0.0588573872818221,4900.0
E08000024,Sunderland,2020,England,North East,happiness,7.1,0.1045918367346936,6.9,7.31,38.0,13.0,25.0,13355.0,12660.4,273583.0,48223.0,0.064,6700.0,6300.0,400.0,0.0588573872818221,4900.0
E08000024,Sunderland,2020,England,North East,life-satisfaction,7.3,0.0892857142857141,7.12,7.47,38.0,13.0,25.0,13355.0,12660.4,273583.0,48223.0,0.064,6700.0,6300.0,400.0,0.0588573872818221,4900.0
E08000024,Sunderland,2020,England,North East,worthwhile,7.6,0.0867346938775509,7.43,7.77,38.0,13.0,25.0,13355.0,12660.4,273583.0,48223.0,0.064,6700.0,6300.0,400.0,0.0588573872818221,4900.0
E08000024,Sunderland,2021,England,North East,anxiety,3.18,0.1556122448979591,2.87,3.48,38.0,12.0,26.0,9670.0,11751.7,274378.0,48047.0,0.0701,6700.0,6400.0,550.0,0.0788281923875721,5000.0
E08000024,Sunderland,2021,England,North East,happiness,7.1,0.1198979591836734,6.86,7.33,38.0,12.0,26.0,9670.0,11751.7,274378.0,48047.0,0.0701,6700.0,6400.0,550.0,0.0788281923875721,5000.0
E08000024,Sunderland,2021,England,North East,life-satisfaction,7.23,0.0918367346938776,7.05,7.41,38.0,12.0,26.0,9670.0,11751.7,274378.0,48047.0,0.0701,6700.0,6400.0,550.0,0.0788281923875721,5000.0
E08000024,Sunderland,2021,England,North East,worthwhile,7.41,0.1045918367346939,7.2,7.61,38.0,12.0,26.0,9670.0,11751.7,274378.0,48047.0,0.0701,6700.0,6400.0,550.0,0.0788281923875721,5000.0
E08000024,Sunderland,2022,England,North East,anxiety,3.4,0.1607142857142858,3.09,3.72,38.0,12.0,26.0,7955.0,8465.0,278013.0,48654.0,0.0859,7200.0,6700.0,500.0,0.0692094290752572,5400.0
E08000024,Sunderland,2022,England,North East,happiness,7.33,0.1224489795918368,7.09,7.57,38.0,12.0,26.0,7955.0,8465.0,278013.0,48654.0,0.0859,7200.0,6700.0,500.0,0.0692094290752572,5400.0
E08000024,Sunderland,2022,England,North East,life-satisfaction,7.3,0.1020408163265307,7.1,7.5,38.0,12.0,26.0,7955.0,8465.0,278013.0,48654.0,0.0859,7200.0,6700.0,500.0,0.0692094290752572,5400.0
E08000024,Sunderland,2022,England,North East,worthwhile,7.72,0.1071428571428571,7.51,7.93,38.0,12.0,26.0,7955.0,8465.0,278013.0,48654.0,0.0859,7200.0,6700.0,500.0,0.0692094290752572,5400.0
E08000024,Sunderland,2023,England,North East,,,,,,39.0,12.0,27.0,7070.0,7507.5,283606.0,49686.0,0.1166,6900.0,6400.0,450.0,0.0674474344269652,5300.0
E08000025,Birmingham,2016,England,West Midlands,anxiety,2.83,0.1045918367346938,2.62,3.03,114.0,24.0,90.0,29815.0,30489.2,1131271.0,260245.0,0.1178,23500.0,22000.0,1400.0,0.0610178671099379,16500.0
E08000025,Birmingham,2016,England,West Midlands,happiness,7.53,0.0790816326530611,7.37,7.68,114.0,24.0,90.0,29815.0,30489.2,1131271.0,260245.0,0.1178,23500.0,22000.0,1400.0,0.0610178671099379,16500.0
E08000025,Birmingham,2016,England,West Midlands,life-satisfaction,7.59,0.0637755102040816,7.46,7.71,114.0,24.0,90.0,29815.0,30489.2,1131271.0,260245.0,0.1178,23500.0,22000.0,1400.0,0.0610178671099379,16500.0
E08000025,Birmingham,2016,England,West Midlands,worthwhile,7.78,0.0637755102040816,7.65,7.9,114.0,24.0,90.0,29815.0,30489.2,1131271.0,260245.0,0.1178,23500.0,22000.0,1400.0,0.0610178671099379,16500.0
E08000025,Birmingham,2017,England,West Midlands,anxiety,2.86,0.1045918367346939,2.65,3.06,119.0,24.0,95.0,30585.0,31383.8,1139893.0,262769.0,0.123,26000.0,23500.0,1600.0,0.0626973432852098,18000.0
E08000025,Birmingham,2017,England,West Midlands,happiness,7.58,0.0816326530612245,7.42,7.74,119.0,24.0,95.0,30585.0,31383.8,1139893.0,262769.0,0.123,26000.0,23500.0,1600.0,0.0626973432852098,18000.0
E08000025,Birmingham,2017,England,West Midlands,life-satisfaction,7.55,0.0637755102040816,7.43,7.68,119.0,24.0,95.0,30585.0,31383.8,1139893.0,262769.0,0.123,26000.0,23500.0,1600.0,0.0626973432852098,18000.0
E08000025,Birmingham,2017,England,West Midlands,worthwhile,7.73,0.0739795918367347,7.59,7.88,119.0,24.0,95.0,30585.0,31383.8,1139893.0,262769.0,0.123,26000.0,23500.0,1600.0,0.0626973432852098,18000.0
E08000025,Birmingham,2018,England,West Midlands,anxiety,2.72,0.1275510204081632,2.47,2.97,119.0,24.0,95.0,39795.0,36635.4,1146050.0,263512.0,0.1273,26000.0,23500.0,1600.0,0.0643365188502475,18000.0
E08000025,Birmingham,2018,England,West Midlands,happiness,7.56,0.0841836734693877,7.4,7.73,119.0,24.0,95.0,39795.0,36635.4,1146050.0,263512.0,0.1273,26000.0,23500.0,1600.0,0.0643365188502475,18000.0
E08000025,Birmingham,2018,England,West Midlands,life-satisfaction,7.69,0.066326530612245,7.56,7.82,119.0,24.0,95.0,39795.0,36635.4,1146050.0,263512.0,0.1273,26000.0,23500.0,1600.0,0.0643365188502475,18000.0
E08000025,Birmingham,2018,England,West Midlands,worthwhile,7.72,0.0765306122448979,7.57,7.87,119.0,24.0,95.0,39795.0,36635.4,1146050.0,263512.0,0.1273,26000.0,23500.0,1600.0,0.0643365188502475,18000.0
E08000025,Birmingham,2019,England,West Midlands,anxiety,2.94,0.1173469387755102,2.71,3.17,119.0,24.0,95.0,47865.0,45186.2,1150646.0,262149.0,0.1326,26000.0,23500.0,1200.0,0.0493228562234312,18000.0
E08000025,Birmingham,2019,England,West Midlands,happiness,7.53,0.0867346938775509,7.36,7.7,119.0,24.0,95.0,47865.0,45186.2,1150646.0,262149.0,0.1326,26000.0,23500.0,1200.0,0.0493228562234312,18000.0
E08000025,Birmingham,2019,England,West Midlands,life-satisfaction,7.48,0.0739795918367347,7.33,7.62,119.0,24.0,95.0,47865.0,45186.2,1150646.0,262149.0,0.1326,26000.0,23500.0,1200.0,0.0493228562234312,18000.0
E08000025,Birmingham,2019,England,West Midlands,worthwhile,7.72,0.0765306122448979,7.57,7.87,119.0,24.0,95.0,47865.0,45186.2,1150646.0,262149.0,0.1326,26000.0,23500.0,1200.0,0.0493228562234312,18000.0
E08000025,Birmingham,2020,England,West Midlands,anxiety,3.53,0.1530612244897959,3.23,3.83,125.0,25.0,100.0,81235.0,70947.9,1148692.0,259053.0,0.1375,27000.0,23500.0,1200.0,0.0479206478937023,18000.0
E08000025,Birmingham,2020,England,West Midlands,happiness,7.16,0.1122448979591835,6.94,7.38,125.0,25.0,100.0,81235.0,70947.9,1148692.0,259053.0,0.1375,27000.0,23500.0,1200.0,0.0479206478937023,18000.0
E08000025,Birmingham,2020,England,West Midlands,life-satisfaction,7.2,0.1147959183673469,6.97,7.42,125.0,25.0,100.0,81235.0,70947.9,1148692.0,259053.0,0.1375,27000.0,23500.0,1200.0,0.0479206478937023,18000.0
E08000025,Birmingham,2020,England,West Midlands,worthwhile,7.7,0.0918367346938776,7.52,7.88,125.0,25.0,100.0,81235.0,70947.9,1148692.0,259053.0,0.1375,27000.0,23500.0,1200.0,0.0479206478937023,18000.0
E08000025,Birmingham,2021,England,West Midlands,anxiety,3.23,0.1326530612244898,2.97,3.49,130.0,28.0,102.0,67095.0,76791.2,1143285.0,254343.0,0.1442,26000.0,22500.0,3300.0,0.126681442542447,18000.0
E08000025,Birmingham,2021,England,West Midlands,happiness,7.32,0.0892857142857144,7.14,7.49,130.0,28.0,102.0,67095.0,76791.2,1143285.0,254343.0,0.1442,26000.0,22500.0,3300.0,0.126681442542447,18000.0
E08000025,Birmingham,2021,England,West Midlands,life-satisfaction,7.5,0.0816326530612245,7.34,7.66,130.0,28.0,102.0,67095.0,76791.2,1143285.0,254343.0,0.1442,26000.0,22500.0,3300.0,0.126681442542447,18000.0
E08000025,Birmingham,2021,England,West Midlands,worthwhile,7.71,0.0765306122448981,7.56,7.86,130.0,28.0,102.0,67095.0,76791.2,1143285.0,254343.0,0.1442,26000.0,22500.0,3300.0,0.126681442542447,18000.0
E08000025,Birmingham,2022,England,West Midlands,anxiety,3.43,0.1454081632653062,3.15,3.72,134.0,30.0,104.0,60820.0,62704.2,1153593.0,254748.0,0.163,27000.0,23000.0,2400.0,0.0943315590874034,19000.0
E08000025,Birmingham,2022,England,West Midlands,happiness,7.18,0.125,6.93,7.42,134.0,30.0,104.0,60820.0,62704.2,1153593.0,254748.0,0.163,27000.0,23000.0,2400.0,0.0943315590874034,19000.0
E08000025,Birmingham,2022,England,West Midlands,life-satisfaction,7.24,0.0841836734693877,7.07,7.4,134.0,30.0,104.0,60820.0,62704.2,1153593.0,254748.0,0.163,27000.0,23000.0,2400.0,0.0943315590874034,19000.0
E08000025,Birmingham,2022,England,West Midlands,worthwhile,7.65,0.0918367346938776,7.47,7.83,134.0,30.0,104.0,60820.0,62704.2,1153593.0,254748.0,0.163,27000.0,23000.0,2400.0,0.0943315590874034,19000.0
E08000025,Birmingham,2023,England,West Midlands,,,,,,142.0,31.0,111.0,63180.0,62236.2,1170238.0,257418.0,0.2018,28000.0,25000.0,1800.0,0.0653696996820466,20500.0
E08000026,Coventry,2016,England,West Midlands,anxiety,2.9,0.135204081632653,2.64,3.17,30.0,6.0,24.0,4035.0,4380.0,337064.0,67615.0,0.1178,6800.0,6300.0,550.0,0.0786369902867653,4900.0
E08000026,Coventry,2016,England,West Midlands,happiness,7.56,0.1045918367346936,7.36,7.77,30.0,6.0,24.0,4035.0,4380.0,337064.0,67615.0,0.1178,6800.0,6300.0,550.0,0.0786369902867653,4900.0
E08000026,Coventry,2016,England,West Midlands,life-satisfaction,7.67,0.0739795918367347,7.52,7.81,30.0,6.0,24.0,4035.0,4380.0,337064.0,67615.0,0.1178,6800.0,6300.0,550.0,0.0786369902867653,4900.0
E08000026,Coventry,2016,England,West Midlands,worthwhile,7.83,0.0714285714285712,7.69,7.97,30.0,6.0,24.0,4035.0,4380.0,337064.0,67615.0,0.1178,6800.0,6300.0,550.0,0.0786369902867653,4900.0
E08000026,Coventry,2017,England,West Midlands,anxiety,2.96,0.1326530612244898,2.7,3.22,36.0,9.0,27.0,3860.0,4258.8,340034.0,68102.0,0.123,7300.0,6900.0,800.0,0.1035855397873427,5200.0
E08000026,Coventry,2017,England,West Midlands,happiness,7.36,0.096938775510204,7.17,7.55,36.0,9.0,27.0,3860.0,4258.8,340034.0,68102.0,0.123,7300.0,6900.0,800.0,0.1035855397873427,5200.0
E08000026,Coventry,2017,England,West Midlands,life-satisfaction,7.52,0.0739795918367347,7.37,7.66,36.0,9.0,27.0,3860.0,4258.8,340034.0,68102.0,0.123,7300.0,6900.0,800.0,0.1035855397873427,5200.0
E08000026,Coventry,2017,England,West Midlands,worthwhile,7.71,0.0714285714285712,7.57,7.85,36.0,9.0,27.0,3860.0,4258.8,340034.0,68102.0,0.123,7300.0,6900.0,800.0,0.1035855397873427,5200.0
E08000026,Coventry,2018,England,West Midlands,anxiety,3.0,0.1301020408163264,2.75,3.26,36.0,9.0,27.0,4970.0,4490.0,342811.0,68953.0,0.1273,7700.0,7300.0,650.0,0.0836101484537454,5200.0
E08000026,Coventry,2018,England,West Midlands,happiness,7.34,0.0918367346938774,7.16,7.52,36.0,9.0,27.0,4970.0,4490.0,342811.0,68953.0,0.1273,7700.0,7300.0,650.0,0.0836101484537454,5200.0
E08000026,Coventry,2018,England,West Midlands,life-satisfaction,7.47,0.0790816326530611,7.32,7.63,36.0,9.0,27.0,4970.0,4490.0,342811.0,68953.0,0.1273,7700.0,7300.0,650.0,0.0836101484537454,5200.0
E08000026,Coventry,2018,England,West Midlands,worthwhile,7.69,0.0714285714285715,7.55,7.83,36.0,9.0,27.0,4970.0,4490.0,342811.0,68953.0,0.1273,7700.0,7300.0,650.0,0.0836101484537454,5200.0
E08000026,Coventry,2019,England,West Midlands,anxiety,3.0,0.1147959183673469,2.77,3.22,36.0,9.0,27.0,7450.0,6616.2,343715.0,69084.0,0.1326,8000.0,7500.0,500.0,0.0629083786544049,5400.0
E08000026,Coventry,2019,England,West Midlands,happiness,7.42,0.096938775510204,7.23,7.61,36.0,9.0,27.0,7450.0,6616.2,343715.0,69084.0,0.1326,8000.0,7500.0,500.0,0.0629083786544049,5400.0
E08000026,Coventry,2019,England,West Midlands,life-satisfaction,7.55,0.0841836734693877,7.38,7.71,36.0,9.0,27.0,7450.0,6616.2,343715.0,69084.0,0.1326,8000.0,7500.0,500.0,0.0629083786544049,5400.0
E08000026,Coventry,2019,England,West Midlands,worthwhile,7.7,0.0816326530612245,7.54,7.86,36.0,9.0,27.0,7450.0,6616.2,343715.0,69084.0,0.1326,8000.0,7500.0,500.0,0.0629083786544049,5400.0
E08000026,Coventry,2020,England,West Midlands,anxiety,3.34,0.1505102040816327,3.05,3.64,39.0,8.0,31.0,16425.0,13760.8,344702.0,68836.0,0.1375,7700.0,7300.0,650.0,0.0836184484481223,5300.0
E08000026,Coventry,2020,England,West Midlands,happiness,7.37,0.1122448979591835,7.15,7.59,39.0,8.0,31.0,16425.0,13760.8,344702.0,68836.0,0.1375,7700.0,7300.0,650.0,0.0836184484481223,5300.0
E08000026,Coventry,2020,England,West Midlands,life-satisfaction,7.4,0.0918367346938776,7.22,7.58,39.0,8.0,31.0,16425.0,13760.8,344702.0,68836.0,0.1375,7700.0,7300.0,650.0,0.0836184484481223,5300.0
E08000026,Coventry,2020,England,West Midlands,worthwhile,7.77,0.0867346938775512,7.6,7.94,39.0,8.0,31.0,16425.0,13760.8,344702.0,68836.0,0.1375,7700.0,7300.0,650.0,0.0836184484481223,5300.0
E08000026,Coventry,2021,England,West Midlands,anxiety,3.11,0.1403061224489796,2.84,3.39,40.0,8.0,32.0,12495.0,15132.1,344151.0,68441.0,0.1442,7100.0,6700.0,800.0,0.106463485794221,5000.0
E08000026,Coventry,2021,England,West Midlands,happiness,7.41,0.1071428571428571,7.2,7.62,40.0,8.0,32.0,12495.0,15132.1,344151.0,68441.0,0.1442,7100.0,6700.0,800.0,0.106463485794221,5000.0
E08000026,Coventry,2021,England,West Midlands,life-satisfaction,7.44,0.0816326530612243,7.28,7.6,40.0,8.0,32.0,12495.0,15132.1,344151.0,68441.0,0.1442,7100.0,6700.0,800.0,0.106463485794221,5000.0
E08000026,Coventry,2021,England,West Midlands,worthwhile,7.69,0.0841836734693877,7.52,7.85,40.0,8.0,32.0,12495.0,15132.1,344151.0,68441.0,0.1442,7100.0,6700.0,800.0,0.106463485794221,5000.0
E08000026,Coventry,2022,England,West Midlands,anxiety,3.31,0.1607142857142857,3.0,3.63,40.0,8.0,32.0,11725.0,11892.1,351434.0,69742.0,0.163,7300.0,6800.0,900.0,0.1168252917220816,5200.0
E08000026,Coventry,2022,England,West Midlands,happiness,7.45,0.1224489795918368,7.21,7.69,40.0,8.0,32.0,11725.0,11892.1,351434.0,69742.0,0.163,7300.0,6800.0,900.0,0.1168252917220816,5200.0
E08000026,Coventry,2022,England,West Midlands,life-satisfaction,7.35,0.1173469387755102,7.12,7.58,40.0,8.0,32.0,11725.0,11892.1,351434.0,69742.0,0.163,7300.0,6800.0,900.0,0.1168252917220816,5200.0
E08000026,Coventry,2022,England,West Midlands,worthwhile,7.61,0.1173469387755102,7.38,7.84,40.0,8.0,32.0,11725.0,11892.1,351434.0,69742.0,0.163,7300.0,6800.0,900.0,0.1168252917220816,5200.0
E08000026,Coventry,2023,England,West Midlands,,,,,,45.0,10.0,35.0,12115.0,12500.0,359243.0,72419.0,0.2018,8100.0,7200.0,800.0,0.0991650663410941,5900.0
E08000027,Dudley,2016,England,West Midlands,anxiety,3.0,0.1224489795918368,2.76,3.24,39.0,10.0,29.0,5575.0,5611.2,317669.0,60225.0,0.1178,5500.0,5200.0,225.0,0.0418999095020709,4100.0
E08000027,Dudley,2016,England,West Midlands,happiness,7.12,0.0994897959183675,6.93,7.32,39.0,10.0,29.0,5575.0,5611.2,317669.0,60225.0,0.1178,5500.0,5200.0,225.0,0.0418999095020709,4100.0
E08000027,Dudley,2016,England,West Midlands,life-satisfaction,7.55,0.0765306122448979,7.4,7.7,39.0,10.0,29.0,5575.0,5611.2,317669.0,60225.0,0.1178,5500.0,5200.0,225.0,0.0418999095020709,4100.0
E08000027,Dudley,2016,England,West Midlands,worthwhile,7.7,0.0714285714285715,7.56,7.84,39.0,10.0,29.0,5575.0,5611.2,317669.0,60225.0,0.1178,5500.0,5200.0,225.0,0.0418999095020709,4100.0
E08000027,Dudley,2017,England,West Midlands,anxiety,2.57,0.1071428571428571,2.36,2.78,40.0,11.0,29.0,6290.0,5891.2,319539.0,60721.0,0.123,6000.0,5700.0,325.0,0.0545675396076441,4400.0
E08000027,Dudley,2017,England,West Midlands,happiness,7.13,0.1020408163265307,6.93,7.33,40.0,11.0,29.0,6290.0,5891.2,319539.0,60721.0,0.123,6000.0,5700.0,325.0,0.0545675396076441,4400.0
E08000027,Dudley,2017,England,West Midlands,life-satisfaction,7.47,0.0816326530612245,7.31,7.63,40.0,11.0,29.0,6290.0,5891.2,319539.0,60721.0,0.123,6000.0,5700.0,325.0,0.0545675396076441,4400.0
E08000027,Dudley,2017,England,West Midlands,worthwhile,7.54,0.0867346938775509,7.37,7.71,40.0,11.0,29.0,6290.0,5891.2,319539.0,60721.0,0.123,6000.0,5700.0,325.0,0.0545675396076441,4400.0
E08000027,Dudley,2018,England,West Midlands,anxiety,2.83,0.1198979591836734,2.6,3.07,41.0,12.0,29.0,7455.0,7204.6,320989.0,61029.0,0.1273,6000.0,5600.0,400.0,0.0656863341416496,4300.0
E08000027,Dudley,2018,England,West Midlands,happiness,7.31,0.0867346938775512,7.14,7.48,41.0,12.0,29.0,7455.0,7204.6,320989.0,61029.0,0.1273,6000.0,5600.0,400.0,0.0656863341416496,4300.0
E08000027,Dudley,2018,England,West Midlands,life-satisfaction,7.51,0.0739795918367347,7.36,7.65,41.0,12.0,29.0,7455.0,7204.6,320989.0,61029.0,0.1273,6000.0,5600.0,400.0,0.0656863341416496,4300.0
E08000027,Dudley,2018,England,West Midlands,worthwhile,7.67,0.068877551020408,7.53,7.8,41.0,12.0,29.0,7455.0,7204.6,320989.0,61029.0,0.1273,6000.0,5600.0,400.0,0.0656863341416496,4300.0
E08000027,Dudley,2019,England,West Midlands,anxiety,2.8,0.1122448979591836,2.58,3.02,43.0,13.0,30.0,8215.0,7988.8,322090.0,61245.0,0.1326,6100.0,5600.0,,,4300.0
E08000027,Dudley,2019,England,West Midlands,happiness,6.97,0.0841836734693877,6.81,7.14,43.0,13.0,30.0,8215.0,7988.8,322090.0,61245.0,0.1326,6100.0,5600.0,,,4300.0
E08000027,Dudley,2019,England,West Midlands,life-satisfaction,7.5,0.0790816326530613,7.34,7.65,43.0,13.0,30.0,8215.0,7988.8,322090.0,61245.0,0.1326,6100.0,5600.0,,,4300.0
E08000027,Dudley,2019,England,West Midlands,worthwhile,7.57,0.0739795918367347,7.42,7.71,43.0,13.0,30.0,8215.0,7988.8,322090.0,61245.0,0.1326,6100.0,5600.0,,,4300.0
E08000027,Dudley,2020,England,West Midlands,anxiety,3.09,0.1964285714285714,2.71,3.48,44.0,13.0,31.0,14220.0,12736.7,322513.0,61022.0,0.1375,6400.0,5900.0,300.0,0.0495064760629831,4600.0
E08000027,Dudley,2020,England,West Midlands,happiness,7.13,0.1326530612244897,6.87,7.39,44.0,13.0,31.0,14220.0,12736.7,322513.0,61022.0,0.1375,6400.0,5900.0,300.0,0.0495064760629831,4600.0
E08000027,Dudley,2020,England,West Midlands,life-satisfaction,7.44,0.1198979591836734,7.21,7.68,44.0,13.0,31.0,14220.0,12736.7,322513.0,61022.0,0.1375,6400.0,5900.0,300.0,0.0495064760629831,4600.0
E08000027,Dudley,2020,England,West Midlands,worthwhile,7.69,0.1045918367346936,7.48,7.89,44.0,13.0,31.0,14220.0,12736.7,322513.0,61022.0,0.1375,6400.0,5900.0,300.0,0.0495064760629831,4600.0
E08000027,Dudley,2021,England,West Midlands,anxiety,3.15,0.1760204081632654,2.8,3.49,45.0,13.0,32.0,10450.0,12620.4,323591.0,60842.0,0.1442,6000.0,5500.0,350.0,0.0587823054948119,4400.0
E08000027,Dudley,2021,England,West Midlands,happiness,7.42,0.1122448979591835,7.2,7.64,45.0,13.0,32.0,10450.0,12620.4,323591.0,60842.0,0.1442,6000.0,5500.0,350.0,0.0587823054948119,4400.0
E08000027,Dudley,2021,England,West Midlands,life-satisfaction,7.52,0.1173469387755102,7.29,7.75,45.0,13.0,32.0,10450.0,12620.4,323591.0,60842.0,0.1442,6000.0,5500.0,350.0,0.0587823054948119,4400.0
E08000027,Dudley,2021,England,West Midlands,worthwhile,7.89,0.1071428571428571,7.68,8.1,45.0,13.0,32.0,10450.0,12620.4,323591.0,60842.0,0.1442,6000.0,5500.0,350.0,0.0587823054948119,4400.0
E08000027,Dudley,2022,England,West Midlands,anxiety,3.01,0.1989795918367346,2.62,3.4,45.0,14.0,31.0,9170.0,9607.9,325464.0,61413.0,0.163,5900.0,5400.0,,,4300.0
E08000027,Dudley,2022,England,West Midlands,happiness,7.49,0.1377551020408163,7.22,7.76,45.0,14.0,31.0,9170.0,9607.9,325464.0,61413.0,0.163,5900.0,5400.0,,,4300.0
E08000027,Dudley,2022,England,West Midlands,life-satisfaction,7.44,0.1275510204081632,7.19,7.69,45.0,14.0,31.0,9170.0,9607.9,325464.0,61413.0,0.163,5900.0,5400.0,,,4300.0
E08000027,Dudley,2022,England,West Midlands,worthwhile,7.84,0.1352040816326529,7.57,8.1,45.0,14.0,31.0,9170.0,9607.9,325464.0,61413.0,0.163,5900.0,5400.0,,,4300.0
E08000027,Dudley,2023,England,West Midlands,,,,,,47.0,14.0,33.0,8995.0,9091.7,328353.0,62429.0,0.2018,5800.0,5200.0,250.0,0.0477800585520996,4400.0
E08000028,Sandwell,2016,England,West Midlands,anxiety,2.7,0.1045918367346938,2.49,2.9,31.0,9.0,22.0,7040.0,7102.5,330051.0,73822.0,0.1178,8900.0,8300.0,425.0,0.0501365875925288,6700.0
E08000028,Sandwell,2016,England,West Midlands,happiness,7.25,0.0816326530612245,7.09,7.41,31.0,9.0,22.0,7040.0,7102.5,330051.0,73822.0,0.1178,8900.0,8300.0,425.0,0.0501365875925288,6700.0
E08000028,Sandwell,2016,England,West Midlands,life-satisfaction,7.57,0.0714285714285715,7.43,7.71,31.0,9.0,22.0,7040.0,7102.5,330051.0,73822.0,0.1178,8900.0,8300.0,425.0,0.0501365875925288,6700.0
E08000028,Sandwell,2016,England,West Midlands,worthwhile,7.6,0.0714285714285715,7.46,7.74,31.0,9.0,22.0,7040.0,7102.5,330051.0,73822.0,0.1178,8900.0,8300.0,425.0,0.0501365875925288,6700.0
E08000028,Sandwell,2017,England,West Midlands,anxiety,2.54,0.1224489795918367,2.3,2.78,31.0,9.0,22.0,6870.0,7085.8,333826.0,75102.0,0.123,8800.0,8300.0,425.0,0.0474421451908622,6900.0
E08000028,Sandwell,2017,England,West Midlands,happiness,7.37,0.0943877551020406,7.19,7.56,31.0,9.0,22.0,6870.0,7085.8,333826.0,75102.0,0.123,8800.0,8300.0,425.0,0.0474421451908622,6900.0
E08000028,Sandwell,2017,England,West Midlands,life-satisfaction,7.41,0.0765306122448979,7.26,7.56,31.0,9.0,22.0,6870.0,7085.8,333826.0,75102.0,0.123,8800.0,8300.0,425.0,0.0474421451908622,6900.0
E08000028,Sandwell,2017,England,West Midlands,worthwhile,7.64,0.0790816326530611,7.48,7.79,31.0,9.0,22.0,6870.0,7085.8,333826.0,75102.0,0.123,8800.0,8300.0,425.0,0.0474421451908622,6900.0
E08000028,Sandwell,2018,England,West Midlands,anxiety,2.47,0.1275510204081632,2.22,2.72,32.0,9.0,23.0,7040.0,7331.7,336977.0,75868.0,0.1273,9100.0,8500.0,400.0,0.0456794775827588,7100.0
E08000028,Sandwell,2018,England,West Midlands,happiness,7.3,0.0943877551020408,7.11,7.48,32.0,9.0,23.0,7040.0,7331.7,336977.0,75868.0,0.1273,9100.0,8500.0,400.0,0.0456794775827588,7100.0
E08000028,Sandwell,2018,England,West Midlands,life-satisfaction,7.54,0.0816326530612245,7.38,7.7,32.0,9.0,23.0,7040.0,7331.7,336977.0,75868.0,0.1273,9100.0,8500.0,400.0,0.0456794775827588,7100.0
E08000028,Sandwell,2018,England,West Midlands,worthwhile,7.74,0.0714285714285715,7.6,7.88,32.0,9.0,23.0,7040.0,7331.7,336977.0,75868.0,0.1273,9100.0,8500.0,400.0,0.0456794775827588,7100.0
E08000028,Sandwell,2019,England,West Midlands,anxiety,2.62,0.1096938775510203,2.41,2.84,33.0,9.0,24.0,10065.0,8863.3,340198.0,76317.0,0.1326,9000.0,8100.0,425.0,0.0498001045370336,6800.0
E08000028,Sandwell,2019,England,West Midlands,happiness,7.27,0.0841836734693877,7.11,7.44,33.0,9.0,24.0,10065.0,8863.3,340198.0,76317.0,0.1326,9000.0,8100.0,425.0,0.0498001045370336,6800.0
E08000028,Sandwell,2019,England,West Midlands,life-satisfaction,7.59,0.0714285714285715,7.45,7.73,33.0,9.0,24.0,10065.0,8863.3,340198.0,76317.0,0.1326,9000.0,8100.0,425.0,0.0498001045370336,6800.0
E08000028,Sandwell,2019,England,West Midlands,worthwhile,7.58,0.0663265306122448,7.45,7.71,33.0,9.0,24.0,10065.0,8863.3,340198.0,76317.0,0.1326,9000.0,8100.0,425.0,0.0498001045370336,6800.0
E08000028,Sandwell,2020,England,West Midlands,anxiety,3.2,0.1683673469387754,2.87,3.53,35.0,10.0,25.0,19385.0,16487.1,341436.0,76350.0,0.1375,7900.0,7100.0,450.0,0.0590108163355185,5900.0
E08000028,Sandwell,2020,England,West Midlands,happiness,7.07,0.1224489795918366,6.83,7.31,35.0,10.0,25.0,19385.0,16487.1,341436.0,76350.0,0.1375,7900.0,7100.0,450.0,0.0590108163355185,5900.0
E08000028,Sandwell,2020,England,West Midlands,life-satisfaction,7.31,0.1096938775510205,7.1,7.53,35.0,10.0,25.0,19385.0,16487.1,341436.0,76350.0,0.1375,7900.0,7100.0,450.0,0.0590108163355185,5900.0
E08000028,Sandwell,2020,England,West Midlands,worthwhile,7.61,0.1122448979591837,7.39,7.83,35.0,10.0,25.0,19385.0,16487.1,341436.0,76350.0,0.1375,7900.0,7100.0,450.0,0.0590108163355185,5900.0
E08000028,Sandwell,2021,England,West Midlands,anxiety,2.88,0.1887755102040817,2.51,3.25,35.0,10.0,25.0,14830.0,17616.7,341895.0,75572.0,0.1442,8000.0,7200.0,475.0,0.0608454170794027,6000.0
E08000028,Sandwell,2021,England,West Midlands,happiness,7.25,0.1581632653061222,6.94,7.56,35.0,10.0,25.0,14830.0,17616.7,341895.0,75572.0,0.1442,8000.0,7200.0,475.0,0.0608454170794027,6000.0
E08000028,Sandwell,2021,England,West Midlands,life-satisfaction,7.29,0.1147959183673469,7.06,7.51,35.0,10.0,25.0,14830.0,17616.7,341895.0,75572.0,0.1442,8000.0,7200.0,475.0,0.0608454170794027,6000.0
E08000028,Sandwell,2021,England,West Midlands,worthwhile,7.58,0.1198979591836736,7.35,7.82,35.0,10.0,25.0,14830.0,17616.7,341895.0,75572.0,0.1442,8000.0,7200.0,475.0,0.0608454170794027,6000.0
E08000028,Sandwell,2022,England,West Midlands,anxiety,2.82,0.211734693877551,2.4,3.23,35.0,9.0,26.0,13400.0,13662.5,345697.0,76402.0,0.163,8400.0,7700.0,600.0,0.0745220140558783,6300.0
E08000028,Sandwell,2022,England,West Midlands,happiness,7.52,0.1556122448979592,7.21,7.82,35.0,9.0,26.0,13400.0,13662.5,345697.0,76402.0,0.163,8400.0,7700.0,600.0,0.0745220140558783,6300.0
E08000028,Sandwell,2022,England,West Midlands,life-satisfaction,7.41,0.1352040816326529,7.15,7.68,35.0,9.0,26.0,13400.0,13662.5,345697.0,76402.0,0.163,8400.0,7700.0,600.0,0.0745220140558783,6300.0
E08000028,Sandwell,2022,England,West Midlands,worthwhile,7.75,0.1632653061224491,7.43,8.07,35.0,9.0,26.0,13400.0,13662.5,345697.0,76402.0,0.163,8400.0,7700.0,600.0,0.0745220140558783,6300.0
E08000028,Sandwell,2023,England,West Midlands,,,,,,35.0,9.0,26.0,13150.0,13353.3,349834.0,77529.0,0.2018,8400.0,7600.0,700.0,0.085838795314672,6400.0
E08000029,Solihull,2016,England,West Midlands,anxiety,2.94,0.1071428571428571,2.73,3.15,28.0,2.0,26.0,2200.0,2153.8,213061.0,40493.0,0.1178,4500.0,4000.0,400.0,0.0897638869378968,3200.0
E08000029,Solihull,2016,England,West Midlands,happiness,7.51,0.0739795918367347,7.36,7.65,28.0,2.0,26.0,2200.0,2153.8,213061.0,40493.0,0.1178,4500.0,4000.0,400.0,0.0897638869378968,3200.0
E08000029,Solihull,2016,England,West Midlands,life-satisfaction,7.64,0.0637755102040816,7.51,7.76,28.0,2.0,26.0,2200.0,2153.8,213061.0,40493.0,0.1178,4500.0,4000.0,400.0,0.0897638869378968,3200.0
E08000029,Solihull,2016,England,West Midlands,worthwhile,7.75,0.0612244897959184,7.63,7.87,28.0,2.0,26.0,2200.0,2153.8,213061.0,40493.0,0.1178,4500.0,4000.0,400.0,0.0897638869378968,3200.0
E08000029,Solihull,2017,England,West Midlands,anxiety,2.53,0.1096938775510204,2.32,2.75,28.0,2.0,26.0,2460.0,2327.5,214330.0,41052.0,0.123,4800.0,4400.0,300.0,0.0635795583653227,3500.0
E08000029,Solihull,2017,England,West Midlands,happiness,7.71,0.0739795918367347,7.56,7.85,28.0,2.0,26.0,2460.0,2327.5,214330.0,41052.0,0.123,4800.0,4400.0,300.0,0.0635795583653227,3500.0
E08000029,Solihull,2017,England,West Midlands,life-satisfaction,7.81,0.0586734693877549,7.7,7.93,28.0,2.0,26.0,2460.0,2327.5,214330.0,41052.0,0.123,4800.0,4400.0,300.0,0.0635795583653227,3500.0
E08000029,Solihull,2017,England,West Midlands,worthwhile,7.96,0.0612244897959184,7.84,8.08,28.0,2.0,26.0,2460.0,2327.5,214330.0,41052.0,0.123,4800.0,4400.0,300.0,0.0635795583653227,3500.0
E08000029,Solihull,2018,England,West Midlands,anxiety,2.57,0.1147959183673469,2.34,2.79,28.0,2.0,26.0,3065.0,2989.6,214901.0,41245.0,0.1273,4700.0,4300.0,,,3300.0
E08000029,Solihull,2018,England,West Midlands,happiness,7.66,0.0739795918367347,7.52,7.81,28.0,2.0,26.0,3065.0,2989.6,214901.0,41245.0,0.1273,4700.0,4300.0,,,3300.0
E08000029,Solihull,2018,England,West Midlands,life-satisfaction,7.8,0.0765306122448979,7.65,7.95,28.0,2.0,26.0,3065.0,2989.6,214901.0,41245.0,0.1273,4700.0,4300.0,,,3300.0
E08000029,Solihull,2018,England,West Midlands,worthwhile,7.92,0.0714285714285715,7.78,8.06,28.0,2.0,26.0,3065.0,2989.6,214901.0,41245.0,0.1273,4700.0,4300.0,,,3300.0
E08000029,Solihull,2019,England,West Midlands,anxiety,2.86,0.1326530612244898,2.6,3.12,28.0,1.0,27.0,3595.0,3473.8,216323.0,41645.0,0.1326,4800.0,4400.0,375.0,0.0796325888473764,3600.0
E08000029,Solihull,2019,England,West Midlands,happiness,7.57,0.0918367346938776,7.39,7.75,28.0,1.0,27.0,3595.0,3473.8,216323.0,41645.0,0.1326,4800.0,4400.0,375.0,0.0796325888473764,3600.0
E08000029,Solihull,2019,England,West Midlands,life-satisfaction,7.74,0.0714285714285715,7.6,7.88,28.0,1.0,27.0,3595.0,3473.8,216323.0,41645.0,0.1326,4800.0,4400.0,375.0,0.0796325888473764,3600.0
E08000029,Solihull,2019,England,West Midlands,worthwhile,7.95,0.0714285714285715,7.81,8.09,28.0,1.0,27.0,3595.0,3473.8,216323.0,41645.0,0.1326,4800.0,4400.0,375.0,0.0796325888473764,3600.0
E08000029,Solihull,2020,England,West Midlands,anxiety,3.37,0.1224489795918367,3.13,3.61,29.0,4.0,25.0,7515.0,6362.5,216432.0,41661.0,0.1375,5200.0,4700.0,325.0,0.0667791026511034,3800.0
E08000029,Solihull,2020,England,West Midlands,happiness,7.36,0.0994897959183672,7.16,7.55,29.0,4.0,25.0,7515.0,6362.5,216432.0,41661.0,0.1375,5200.0,4700.0,325.0,0.0667791026511034,3800.0
E08000029,Solihull,2020,England,West Midlands,life-satisfaction,7.48,0.0892857142857144,7.3,7.65,29.0,4.0,25.0,7515.0,6362.5,216432.0,41661.0,0.1375,5200.0,4700.0,325.0,0.0667791026511034,3800.0
E08000029,Solihull,2020,England,West Midlands,worthwhile,7.64,0.0918367346938776,7.46,7.82,29.0,4.0,25.0,7515.0,6362.5,216432.0,41661.0,0.1375,5200.0,4700.0,325.0,0.0667791026511034,3800.0
E08000029,Solihull,2021,England,West Midlands,anxiety,3.11,0.135204081632653,2.85,3.38,29.0,4.0,25.0,4975.0,6434.2,216677.0,41678.0,0.1442,5000.0,4400.0,600.0,0.1195277721131715,3600.0
E08000029,Solihull,2021,England,West Midlands,happiness,7.37,0.1020408163265307,7.17,7.57,29.0,4.0,25.0,4975.0,6434.2,216677.0,41678.0,0.1442,5000.0,4400.0,600.0,0.1195277721131715,3600.0
E08000029,Solihull,2021,England,West Midlands,life-satisfaction,7.44,0.0816326530612243,7.28,7.6,29.0,4.0,25.0,4975.0,6434.2,216677.0,41678.0,0.1442,5000.0,4400.0,600.0,0.1195277721131715,3600.0
E08000029,Solihull,2021,England,West Midlands,worthwhile,7.66,0.0816326530612245,7.5,7.82,29.0,4.0,25.0,4975.0,6434.2,216677.0,41678.0,0.1442,5000.0,4400.0,600.0,0.1195277721131715,3600.0
E08000029,Solihull,2022,England,West Midlands,anxiety,3.02,0.1530612244897958,2.72,3.32,28.0,4.0,24.0,4040.0,4427.1,217957.0,42537.0,0.163,5300.0,4600.0,,,3900.0
E08000029,Solihull,2022,England,West Midlands,happiness,7.6,0.1071428571428571,7.39,7.81,28.0,4.0,24.0,4040.0,4427.1,217957.0,42537.0,0.163,5300.0,4600.0,,,3900.0
E08000029,Solihull,2022,England,West Midlands,life-satisfaction,7.6,0.0943877551020408,7.42,7.79,28.0,4.0,24.0,4040.0,4427.1,217957.0,42537.0,0.163,5300.0,4600.0,,,3900.0
E08000029,Solihull,2022,England,West Midlands,worthwhile,7.8,0.0943877551020408,7.61,7.98,28.0,4.0,24.0,4040.0,4427.1,217957.0,42537.0,0.163,5300.0,4600.0,,,3900.0
E08000029,Solihull,2023,England,West Midlands,,,,,,31.0,4.0,27.0,4050.0,4090.0,219710.0,43185.0,0.2018,5500.0,4700.0,550.0,0.1043348274120918,4100.0
E08000030,Walsall,2016,England,West Midlands,anxiety,2.76,0.1122448979591836,2.54,2.98,23.0,4.0,19.0,4805.0,4762.9,278429.0,59060.0,0.1178,5400.0,5000.0,375.0,0.0710247370743514,3600.0
E08000030,Walsall,2016,England,West Midlands,happiness,7.51,0.0943877551020408,7.32,7.69,23.0,4.0,19.0,4805.0,4762.9,278429.0,59060.0,0.1178,5400.0,5000.0,375.0,0.0710247370743514,3600.0
E08000030,Walsall,2016,England,West Midlands,life-satisfaction,7.67,0.0816326530612245,7.51,7.83,23.0,4.0,19.0,4805.0,4762.9,278429.0,59060.0,0.1178,5400.0,5000.0,375.0,0.0710247370743514,3600.0
E08000030,Walsall,2016,England,West Midlands,worthwhile,7.83,0.0816326530612245,7.67,7.99,23.0,4.0,19.0,4805.0,4762.9,278429.0,59060.0,0.1178,5400.0,5000.0,375.0,0.0710247370743514,3600.0
E08000030,Walsall,2017,England,West Midlands,anxiety,3.23,0.1301020408163264,2.97,3.48,23.0,4.0,19.0,4800.0,4920.0,281229.0,60182.0,0.123,5500.0,5200.0,500.0,0.0908104264076717,3900.0
E08000030,Walsall,2017,England,West Midlands,happiness,7.38,0.0943877551020408,7.2,7.57,23.0,4.0,19.0,4800.0,4920.0,281229.0,60182.0,0.123,5500.0,5200.0,500.0,0.0908104264076717,3900.0
E08000030,Walsall,2017,England,West Midlands,life-satisfaction,7.52,0.0790816326530611,7.36,7.67,23.0,4.0,19.0,4800.0,4920.0,281229.0,60182.0,0.123,5500.0,5200.0,500.0,0.0908104264076717,3900.0
E08000030,Walsall,2017,England,West Midlands,worthwhile,7.8,0.0739795918367347,7.66,7.95,23.0,4.0,19.0,4800.0,4920.0,281229.0,60182.0,0.123,5500.0,5200.0,500.0,0.0908104264076717,3900.0
E08000030,Walsall,2018,England,West Midlands,anxiety,3.14,0.1173469387755102,2.91,3.37,22.0,4.0,18.0,5660.0,5124.2,282921.0,60944.0,0.1273,5500.0,5400.0,400.0,0.0700709489792486,3800.0
E08000030,Walsall,2018,England,West Midlands,happiness,7.3,0.0867346938775509,7.13,7.47,22.0,4.0,18.0,5660.0,5124.2,282921.0,60944.0,0.1273,5500.0,5400.0,400.0,0.0700709489792486,3800.0
E08000030,Walsall,2018,England,West Midlands,life-satisfaction,7.53,0.0739795918367347,7.38,7.67,22.0,4.0,18.0,5660.0,5124.2,282921.0,60944.0,0.1273,5500.0,5400.0,400.0,0.0700709489792486,3800.0
E08000030,Walsall,2018,England,West Midlands,worthwhile,7.77,0.0688775510204082,7.64,7.91,22.0,4.0,18.0,5660.0,5124.2,282921.0,60944.0,0.1273,5500.0,5400.0,400.0,0.0700709489792486,3800.0
E08000030,Walsall,2019,England,West Midlands,anxiety,3.15,0.1301020408163266,2.9,3.41,24.0,5.0,19.0,7955.0,7156.2,284600.0,61456.0,0.1326,5400.0,5100.0,375.0,0.0699720435984874,3700.0
E08000030,Walsall,2019,England,West Midlands,happiness,7.47,0.096938775510204,7.28,7.66,24.0,5.0,19.0,7955.0,7156.2,284600.0,61456.0,0.1326,5400.0,5100.0,375.0,0.0699720435984874,3700.0
E08000030,Walsall,2019,England,West Midlands,life-satisfaction,7.62,0.0867346938775509,7.45,7.79,24.0,5.0,19.0,7955.0,7156.2,284600.0,61456.0,0.1326,5400.0,5100.0,375.0,0.0699720435984874,3700.0
E08000030,Walsall,2019,England,West Midlands,worthwhile,7.76,0.0867346938775509,7.59,7.93,24.0,5.0,19.0,7955.0,7156.2,284600.0,61456.0,0.1326,5400.0,5100.0,375.0,0.0699720435984874,3700.0
E08000030,Walsall,2020,England,West Midlands,anxiety,3.37,0.163265306122449,3.05,3.69,26.0,5.0,21.0,14685.0,13050.0,284578.0,61319.0,0.1375,5600.0,5000.0,375.0,0.0700488694669644,3700.0
E08000030,Walsall,2020,England,West Midlands,happiness,7.3,0.1198979591836736,7.06,7.53,26.0,5.0,21.0,14685.0,13050.0,284578.0,61319.0,0.1375,5600.0,5000.0,375.0,0.0700488694669644,3700.0
E08000030,Walsall,2020,England,West Midlands,life-satisfaction,7.35,0.1071428571428571,7.14,7.56,26.0,5.0,21.0,14685.0,13050.0,284578.0,61319.0,0.1375,5600.0,5000.0,375.0,0.0700488694669644,3700.0
E08000030,Walsall,2020,England,West Midlands,worthwhile,7.71,0.1045918367346939,7.5,7.91,26.0,5.0,21.0,14685.0,13050.0,284578.0,61319.0,0.1375,5600.0,5000.0,375.0,0.0700488694669644,3700.0
E08000030,Walsall,2021,England,West Midlands,anxiety,3.3,0.1989795918367346,2.91,3.69,28.0,5.0,23.0,11160.0,13458.3,284392.0,60970.0,0.1442,5200.0,4600.0,550.0,0.109675338192975,3600.0
E08000030,Walsall,2021,England,West Midlands,happiness,7.39,0.1428571428571427,7.11,7.67,28.0,5.0,23.0,11160.0,13458.3,284392.0,60970.0,0.1442,5200.0,4600.0,550.0,0.109675338192975,3600.0
E08000030,Walsall,2021,England,West Midlands,life-satisfaction,7.42,0.1403061224489795,7.15,7.7,28.0,5.0,23.0,11160.0,13458.3,284392.0,60970.0,0.1442,5200.0,4600.0,550.0,0.109675338192975,3600.0
E08000030,Walsall,2021,England,West Midlands,worthwhile,7.67,0.1096938775510203,7.46,7.89,28.0,5.0,23.0,11160.0,13458.3,284392.0,60970.0,0.1442,5200.0,4600.0,550.0,0.109675338192975,3600.0
E08000030,Walsall,2022,England,West Midlands,anxiety,3.36,0.2015306122448979,2.96,3.75,29.0,6.0,23.0,9395.0,9927.1,286804.0,61602.0,0.163,5700.0,4600.0,,,3900.0
E08000030,Walsall,2022,England,West Midlands,happiness,7.29,0.1454081632653062,7.0,7.57,29.0,6.0,23.0,9395.0,9927.1,286804.0,61602.0,0.163,5700.0,4600.0,,,3900.0
E08000030,Walsall,2022,England,West Midlands,life-satisfaction,7.35,0.1352040816326531,7.09,7.62,29.0,6.0,23.0,9395.0,9927.1,286804.0,61602.0,0.163,5700.0,4600.0,,,3900.0
E08000030,Walsall,2022,England,West Midlands,worthwhile,7.87,0.1249999999999998,7.63,8.12,29.0,6.0,23.0,9395.0,9927.1,286804.0,61602.0,0.163,5700.0,4600.0,,,3900.0
E08000030,Walsall,2023,England,West Midlands,,,,,,29.0,6.0,23.0,9485.0,9649.2,291237.0,62871.0,0.2018,6000.0,5400.0,650.0,0.1059210880565922,4500.0
E08000031,Wolverhampton,2016,England,West Midlands,anxiety,2.54,0.1071428571428571,2.33,2.75,29.0,7.0,22.0,6415.0,6614.2,258305.0,53002.0,0.1178,6300.0,6100.0,450.0,0.0680621633238748,4400.0
E08000031,Wolverhampton,2016,England,West Midlands,happiness,7.09,0.0790816326530611,6.94,7.25,29.0,7.0,22.0,6415.0,6614.2,258305.0,53002.0,0.1178,6300.0,6100.0,450.0,0.0680621633238748,4400.0
E08000031,Wolverhampton,2016,England,West Midlands,life-satisfaction,7.12,0.0663265306122448,6.99,7.25,29.0,7.0,22.0,6415.0,6614.2,258305.0,53002.0,0.1178,6300.0,6100.0,450.0,0.0680621633238748,4400.0
E08000031,Wolverhampton,2016,England,West Midlands,worthwhile,7.45,0.0688775510204082,7.31,7.58,29.0,7.0,22.0,6415.0,6614.2,258305.0,53002.0,0.1178,6300.0,6100.0,450.0,0.0680621633238748,4400.0
E08000031,Wolverhampton,2017,England,West Midlands,anxiety,2.31,0.1020408163265305,2.11,2.51,27.0,7.0,20.0,6575.0,6744.6,260648.0,53943.0,0.123,6400.0,6000.0,450.0,0.0680101887397831,4400.0
E08000031,Wolverhampton,2017,England,West Midlands,happiness,7.23,0.0714285714285715,7.09,7.37,27.0,7.0,20.0,6575.0,6744.6,260648.0,53943.0,0.123,6400.0,6000.0,450.0,0.0680101887397831,4400.0
E08000031,Wolverhampton,2017,England,West Midlands,life-satisfaction,7.28,0.0663265306122448,7.15,7.41,27.0,7.0,20.0,6575.0,6744.6,260648.0,53943.0,0.123,6400.0,6000.0,450.0,0.0680101887397831,4400.0
E08000031,Wolverhampton,2017,England,West Midlands,worthwhile,7.56,0.0612244897959182,7.44,7.68,27.0,7.0,20.0,6575.0,6744.6,260648.0,53943.0,0.123,6400.0,6000.0,450.0,0.0680101887397831,4400.0
E08000031,Wolverhampton,2018,England,West Midlands,anxiety,2.42,0.0994897959183673,2.23,2.62,27.0,7.0,20.0,8430.0,7854.2,262474.0,54768.0,0.1273,7200.0,6800.0,650.0,0.0865237344315956,4800.0
E08000031,Wolverhampton,2018,England,West Midlands,happiness,7.34,0.0765306122448979,7.19,7.49,27.0,7.0,20.0,8430.0,7854.2,262474.0,54768.0,0.1273,7200.0,6800.0,650.0,0.0865237344315956,4800.0
E08000031,Wolverhampton,2018,England,West Midlands,life-satisfaction,7.4,0.0714285714285715,7.26,7.54,27.0,7.0,20.0,8430.0,7854.2,262474.0,54768.0,0.1273,7200.0,6800.0,650.0,0.0865237344315956,4800.0
E08000031,Wolverhampton,2018,England,West Midlands,worthwhile,7.49,0.0663265306122448,7.36,7.62,27.0,7.0,20.0,8430.0,7854.2,262474.0,54768.0,0.1273,7200.0,6800.0,650.0,0.0865237344315956,4800.0
E08000031,Wolverhampton,2019,England,West Midlands,anxiety,2.85,0.1198979591836734,2.62,3.09,29.0,8.0,21.0,9705.0,9317.1,263519.0,55299.0,0.1326,7100.0,6700.0,650.0,0.0894680777631107,4800.0
E08000031,Wolverhampton,2019,England,West Midlands,happiness,7.23,0.0816326530612243,7.07,7.39,29.0,8.0,21.0,9705.0,9317.1,263519.0,55299.0,0.1326,7100.0,6700.0,650.0,0.0894680777631107,4800.0
E08000031,Wolverhampton,2019,England,West Midlands,life-satisfaction,7.46,0.0714285714285712,7.32,7.6,29.0,8.0,21.0,9705.0,9317.1,263519.0,55299.0,0.1326,7100.0,6700.0,650.0,0.0894680777631107,4800.0
E08000031,Wolverhampton,2019,England,West Midlands,worthwhile,7.65,0.066326530612245,7.52,7.78,29.0,8.0,21.0,9705.0,9317.1,263519.0,55299.0,0.1326,7100.0,6700.0,650.0,0.0894680777631107,4800.0
E08000031,Wolverhampton,2020,England,West Midlands,anxiety,3.22,0.1581632653061223,2.91,3.53,31.0,9.0,22.0,16720.0,14963.8,263123.0,55359.0,0.1375,6900.0,6500.0,500.0,0.0703968326566051,4800.0
E08000031,Wolverhampton,2020,England,West Midlands,happiness,7.29,0.1224489795918368,7.05,7.53,31.0,9.0,22.0,16720.0,14963.8,263123.0,55359.0,0.1375,6900.0,6500.0,500.0,0.0703968326566051,4800.0
E08000031,Wolverhampton,2020,England,West Midlands,life-satisfaction,7.46,0.0969387755102042,7.27,7.65,31.0,9.0,22.0,16720.0,14963.8,263123.0,55359.0,0.1375,6900.0,6500.0,500.0,0.0703968326566051,4800.0
E08000031,Wolverhampton,2020,England,West Midlands,worthwhile,7.75,0.0918367346938774,7.57,7.93,31.0,9.0,22.0,16720.0,14963.8,263123.0,55359.0,0.1375,6900.0,6500.0,500.0,0.0703968326566051,4800.0
E08000031,Wolverhampton,2021,England,West Midlands,anxiety,3.07,0.1709183673469387,2.74,3.41,31.0,9.0,22.0,13115.0,15576.7,264260.0,55421.0,0.1442,6600.0,6300.0,750.0,0.1083455787138285,4500.0
E08000031,Wolverhampton,2021,England,West Midlands,happiness,7.53,0.1275510204081632,7.28,7.78,31.0,9.0,22.0,13115.0,15576.7,264260.0,55421.0,0.1442,6600.0,6300.0,750.0,0.1083455787138285,4500.0
E08000031,Wolverhampton,2021,England,West Midlands,life-satisfaction,7.5,0.1147959183673469,7.28,7.73,31.0,9.0,22.0,13115.0,15576.7,264260.0,55421.0,0.1442,6600.0,6300.0,750.0,0.1083455787138285,4500.0
E08000031,Wolverhampton,2021,England,West Midlands,worthwhile,7.75,0.1096938775510203,7.53,7.96,31.0,9.0,22.0,13115.0,15576.7,264260.0,55421.0,0.1442,6600.0,6300.0,750.0,0.1083455787138285,4500.0
E08000031,Wolverhampton,2022,England,West Midlands,anxiety,3.11,0.1913265306122449,2.73,3.48,31.0,9.0,22.0,12250.0,12257.5,269036.0,56935.0,0.163,7400.0,6900.0,950.0,0.1207273235466209,5300.0
E08000031,Wolverhampton,2022,England,West Midlands,happiness,7.49,0.1403061224489795,7.21,7.76,31.0,9.0,22.0,12250.0,12257.5,269036.0,56935.0,0.163,7400.0,6900.0,950.0,0.1207273235466209,5300.0
E08000031,Wolverhampton,2022,England,West Midlands,life-satisfaction,7.25,0.1326530612244897,6.99,7.51,31.0,9.0,22.0,12250.0,12257.5,269036.0,56935.0,0.163,7400.0,6900.0,950.0,0.1207273235466209,5300.0
E08000031,Wolverhampton,2022,England,West Midlands,worthwhile,7.62,0.1198979591836734,7.38,7.85,31.0,9.0,22.0,12250.0,12257.5,269036.0,56935.0,0.163,7400.0,6900.0,950.0,0.1207273235466209,5300.0
E08000031,Wolverhampton,2023,England,West Midlands,,,,,,34.0,9.0,25.0,11760.0,12307.5,275601.0,58897.0,0.2018,8600.0,8000.0,950.0,0.1051712696927089,6400.0
E08000032,Bradford,2016,England,Yorkshire and the Humber,anxiety,3.15,0.1275510204081632,2.9,3.4,47.0,8.0,39.0,8785.0,9173.3,538178.0,126824.0,0.0793,11000.0,10500.0,,,8000.0
E08000032,Bradford,2016,England,Yorkshire and the Humber,happiness,7.26,0.1045918367346939,7.05,7.46,47.0,8.0,39.0,8785.0,9173.3,538178.0,126824.0,0.0793,11000.0,10500.0,,,8000.0
E08000032,Bradford,2016,England,Yorkshire and the Humber,life-satisfaction,7.56,0.0841836734693877,7.39,7.72,47.0,8.0,39.0,8785.0,9173.3,538178.0,126824.0,0.0793,11000.0,10500.0,,,8000.0
E08000032,Bradford,2016,England,Yorkshire and the Humber,worthwhile,7.89,0.0739795918367344,7.74,8.03,47.0,8.0,39.0,8785.0,9173.3,538178.0,126824.0,0.0793,11000.0,10500.0,,,8000.0
E08000032,Bradford,2017,England,Yorkshire and the Humber,anxiety,2.81,0.1173469387755102,2.58,3.04,51.0,10.0,41.0,8540.0,8868.3,540447.0,127549.0,0.0818,10500.0,9700.0,1000.0,0.092508661701478,7800.0
E08000032,Bradford,2017,England,Yorkshire and the Humber,happiness,7.45,0.0918367346938776,7.27,7.63,51.0,10.0,41.0,8540.0,8868.3,540447.0,127549.0,0.0818,10500.0,9700.0,1000.0,0.092508661701478,7800.0
E08000032,Bradford,2017,England,Yorkshire and the Humber,life-satisfaction,7.55,0.0790816326530611,7.4,7.71,51.0,10.0,41.0,8540.0,8868.3,540447.0,127549.0,0.0818,10500.0,9700.0,1000.0,0.092508661701478,7800.0
E08000032,Bradford,2017,England,Yorkshire and the Humber,worthwhile,7.75,0.0739795918367347,7.61,7.9,51.0,10.0,41.0,8540.0,8868.3,540447.0,127549.0,0.0818,10500.0,9700.0,1000.0,0.092508661701478,7800.0
E08000032,Bradford,2018,England,Yorkshire and the Humber,anxiety,2.99,0.1224489795918367,2.75,3.23,49.0,10.0,39.0,11995.0,9827.5,542542.0,127547.0,0.0837,11000.0,10500.0,800.0,0.0694705718881189,8100.0
E08000032,Bradford,2018,England,Yorkshire and the Humber,happiness,7.5,0.0994897959183675,7.3,7.69,49.0,10.0,39.0,11995.0,9827.5,542542.0,127547.0,0.0837,11000.0,10500.0,800.0,0.0694705718881189,8100.0
E08000032,Bradford,2018,England,Yorkshire and the Humber,life-satisfaction,7.67,0.0816326530612245,7.51,7.83,49.0,10.0,39.0,11995.0,9827.5,542542.0,127547.0,0.0837,11000.0,10500.0,800.0,0.0694705718881189,8100.0
E08000032,Bradford,2018,England,Yorkshire and the Humber,worthwhile,7.87,0.0841836734693875,7.7,8.03,49.0,10.0,39.0,11995.0,9827.5,542542.0,127547.0,0.0837,11000.0,10500.0,800.0,0.0694705718881189,8100.0
E08000032,Bradford,2019,England,Yorkshire and the Humber,anxiety,3.07,0.125,2.82,3.31,52.0,12.0,40.0,15900.0,14402.5,545966.0,127360.0,0.0868,11000.0,10500.0,750.0,0.0686847151996909,7800.0
E08000032,Bradford,2019,England,Yorkshire and the Humber,happiness,7.45,0.0994897959183675,7.26,7.65,52.0,12.0,40.0,15900.0,14402.5,545966.0,127360.0,0.0868,11000.0,10500.0,750.0,0.0686847151996909,7800.0
E08000032,Bradford,2019,England,Yorkshire and the Humber,life-satisfaction,7.67,0.0816326530612245,7.51,7.83,52.0,12.0,40.0,15900.0,14402.5,545966.0,127360.0,0.0868,11000.0,10500.0,750.0,0.0686847151996909,7800.0
E08000032,Bradford,2019,England,Yorkshire and the Humber,worthwhile,7.73,0.0841836734693877,7.57,7.9,52.0,12.0,40.0,15900.0,14402.5,545966.0,127360.0,0.0868,11000.0,10500.0,750.0,0.0686847151996909,7800.0
E08000032,Bradford,2020,England,Yorkshire and the Humber,anxiety,3.35,0.1581632653061224,3.04,3.66,54.0,13.0,41.0,30800.0,26637.1,547141.0,126284.0,0.0903,11500.0,10500.0,650.0,0.0577691708919545,8100.0
E08000032,Bradford,2020,England,Yorkshire and the Humber,happiness,7.05,0.1377551020408163,6.78,7.32,54.0,13.0,41.0,30800.0,26637.1,547141.0,126284.0,0.0903,11500.0,10500.0,650.0,0.0577691708919545,8100.0
E08000032,Bradford,2020,England,Yorkshire and the Humber,life-satisfaction,7.29,0.1096938775510203,7.07,7.5,54.0,13.0,41.0,30800.0,26637.1,547141.0,126284.0,0.0903,11500.0,10500.0,650.0,0.0577691708919545,8100.0
E08000032,Bradford,2020,England,Yorkshire and the Humber,worthwhile,7.63,0.1198979591836734,7.4,7.87,54.0,13.0,41.0,30800.0,26637.1,547141.0,126284.0,0.0903,11500.0,10500.0,650.0,0.0577691708919545,8100.0
E08000032,Bradford,2021,England,Yorkshire and the Humber,anxiety,3.33,0.1658163265306122,3.0,3.65,57.0,14.0,43.0,24880.0,29054.2,546839.0,124424.0,0.0963,11500.0,10500.0,1100.0,0.0934511473466704,8300.0
E08000032,Bradford,2021,England,Yorkshire and the Humber,happiness,7.49,0.1096938775510205,7.27,7.7,57.0,14.0,43.0,24880.0,29054.2,546839.0,124424.0,0.0963,11500.0,10500.0,1100.0,0.0934511473466704,8300.0
E08000032,Bradford,2021,England,Yorkshire and the Humber,life-satisfaction,7.47,0.0892857142857144,7.3,7.65,57.0,14.0,43.0,24880.0,29054.2,546839.0,124424.0,0.0963,11500.0,10500.0,1100.0,0.0934511473466704,8300.0
E08000032,Bradford,2021,England,Yorkshire and the Humber,worthwhile,7.82,0.0943877551020408,7.63,8.0,57.0,14.0,43.0,24880.0,29054.2,546839.0,124424.0,0.0963,11500.0,10500.0,1100.0,0.0934511473466704,8300.0
E08000032,Bradford,2022,England,Yorkshire and the Humber,anxiety,3.42,0.1964285714285714,3.03,3.8,60.0,15.0,45.0,21840.0,22809.2,551522.0,124316.0,0.1126,11000.0,10000.0,850.0,0.0775942902213902,8200.0
E08000032,Bradford,2022,England,Yorkshire and the Humber,happiness,7.24,0.1530612244897958,6.94,7.54,60.0,15.0,45.0,21840.0,22809.2,551522.0,124316.0,0.1126,11000.0,10000.0,850.0,0.0775942902213902,8200.0
E08000032,Bradford,2022,England,Yorkshire and the Humber,life-satisfaction,7.2,0.1454081632653062,6.92,7.49,60.0,15.0,45.0,21840.0,22809.2,551522.0,124316.0,0.1126,11000.0,10000.0,850.0,0.0775942902213902,8200.0
E08000032,Bradford,2022,England,Yorkshire and the Humber,worthwhile,7.64,0.1403061224489795,7.37,7.92,60.0,15.0,45.0,21840.0,22809.2,551522.0,124316.0,0.1126,11000.0,10000.0,850.0,0.0775942902213902,8200.0
E08000032,Bradford,2023,England,Yorkshire and the Humber,,,,,,65.0,15.0,50.0,22530.0,22017.1,559071.0,125210.0,0.1444,12000.0,10500.0,900.0,0.0765241853629812,8900.0
E08000033,Calderdale,2016,England,Yorkshire and the Humber,anxiety,2.91,0.1173469387755102,2.68,3.14,22.0,6.0,16.0,2550.0,2649.6,207744.0,40800.0,0.0793,4100.0,3700.0,200.0,0.0489504453481052,3000.0
E08000033,Calderdale,2016,England,Yorkshire and the Humber,happiness,7.46,0.0841836734693877,7.3,7.63,22.0,6.0,16.0,2550.0,2649.6,207744.0,40800.0,0.0793,4100.0,3700.0,200.0,0.0489504453481052,3000.0
E08000033,Calderdale,2016,England,Yorkshire and the Humber,life-satisfaction,7.67,0.0714285714285712,7.53,7.81,22.0,6.0,16.0,2550.0,2649.6,207744.0,40800.0,0.0793,4100.0,3700.0,200.0,0.0489504453481052,3000.0
E08000033,Calderdale,2016,England,Yorkshire and the Humber,worthwhile,7.94,0.066326530612245,7.81,8.07,22.0,6.0,16.0,2550.0,2649.6,207744.0,40800.0,0.0793,4100.0,3700.0,200.0,0.0489504453481052,3000.0
E08000033,Calderdale,2017,England,Yorkshire and the Humber,anxiety,2.93,0.1122448979591836,2.71,3.15,24.0,7.0,17.0,3615.0,2912.9,207459.0,40823.0,0.0818,4300.0,4000.0,,,3100.0
E08000033,Calderdale,2017,England,Yorkshire and the Humber,happiness,7.47,0.0918367346938776,7.29,7.65,24.0,7.0,17.0,3615.0,2912.9,207459.0,40823.0,0.0818,4300.0,4000.0,,,3100.0
E08000033,Calderdale,2017,England,Yorkshire and the Humber,life-satisfaction,7.59,0.0765306122448979,7.44,7.74,24.0,7.0,17.0,3615.0,2912.9,207459.0,40823.0,0.0818,4300.0,4000.0,,,3100.0
E08000033,Calderdale,2017,England,Yorkshire and the Humber,worthwhile,7.91,0.068877551020408,7.77,8.04,24.0,7.0,17.0,3615.0,2912.9,207459.0,40823.0,0.0818,4300.0,4000.0,,,3100.0
E08000033,Calderdale,2018,England,Yorkshire and the Humber,anxiety,2.98,0.1173469387755102,2.75,3.21,24.0,7.0,17.0,4385.0,4285.4,207215.0,40788.0,0.0837,4100.0,3900.0,300.0,0.070384987609735,3000.0
E08000033,Calderdale,2018,England,Yorkshire and the Humber,happiness,7.53,0.0867346938775509,7.36,7.7,24.0,7.0,17.0,4385.0,4285.4,207215.0,40788.0,0.0837,4100.0,3900.0,300.0,0.070384987609735,3000.0
E08000033,Calderdale,2018,England,Yorkshire and the Humber,life-satisfaction,7.59,0.0714285714285715,7.45,7.73,24.0,7.0,17.0,4385.0,4285.4,207215.0,40788.0,0.0837,4100.0,3900.0,300.0,0.070384987609735,3000.0
E08000033,Calderdale,2018,England,Yorkshire and the Humber,worthwhile,7.84,0.0765306122448979,7.69,7.99,24.0,7.0,17.0,4385.0,4285.4,207215.0,40788.0,0.0837,4100.0,3900.0,300.0,0.070384987609735,3000.0
E08000033,Calderdale,2019,England,Yorkshire and the Humber,anxiety,3.09,0.1173469387755102,2.86,3.32,24.0,7.0,17.0,4645.0,4650.8,207729.0,40814.0,0.0868,4200.0,4000.0,175.0,0.0421417319662694,3100.0
E08000033,Calderdale,2019,England,Yorkshire and the Humber,happiness,7.5,0.0892857142857141,7.32,7.67,24.0,7.0,17.0,4645.0,4650.8,207729.0,40814.0,0.0868,4200.0,4000.0,175.0,0.0421417319662694,3100.0
E08000033,Calderdale,2019,England,Yorkshire and the Humber,life-satisfaction,7.57,0.0739795918367347,7.43,7.72,24.0,7.0,17.0,4645.0,4650.8,207729.0,40814.0,0.0868,4200.0,4000.0,175.0,0.0421417319662694,3100.0
E08000033,Calderdale,2019,England,Yorkshire and the Humber,worthwhile,7.84,0.0739795918367347,7.7,7.99,24.0,7.0,17.0,4645.0,4650.8,207729.0,40814.0,0.0868,4200.0,4000.0,175.0,0.0421417319662694,3100.0
E08000033,Calderdale,2020,England,Yorkshire and the Humber,anxiety,3.33,0.1556122448979591,3.02,3.63,25.0,7.0,18.0,8865.0,7759.6,206976.0,40269.0,0.0903,4300.0,4100.0,175.0,0.0438307924193754,3200.0
E08000033,Calderdale,2020,England,Yorkshire and the Humber,happiness,7.33,0.1096938775510203,7.11,7.54,25.0,7.0,18.0,8865.0,7759.6,206976.0,40269.0,0.0903,4300.0,4100.0,175.0,0.0438307924193754,3200.0
E08000033,Calderdale,2020,England,Yorkshire and the Humber,life-satisfaction,7.4,0.096938775510204,7.21,7.59,25.0,7.0,18.0,8865.0,7759.6,206976.0,40269.0,0.0903,4300.0,4100.0,175.0,0.0438307924193754,3200.0
E08000033,Calderdale,2020,England,Yorkshire and the Humber,worthwhile,7.75,0.0892857142857141,7.57,7.92,25.0,7.0,18.0,8865.0,7759.6,206976.0,40269.0,0.0903,4300.0,4100.0,175.0,0.0438307924193754,3200.0
E08000033,Calderdale,2021,England,Yorkshire and the Humber,anxiety,2.97,0.1709183673469387,2.63,3.3,27.0,8.0,19.0,6065.0,7706.7,206828.0,39869.0,0.0963,4200.0,3900.0,350.0,0.0837485164845376,3100.0
E08000033,Calderdale,2021,England,Yorkshire and the Humber,happiness,7.34,0.1122448979591835,7.12,7.56,27.0,8.0,19.0,6065.0,7706.7,206828.0,39869.0,0.0963,4200.0,3900.0,350.0,0.0837485164845376,3100.0
E08000033,Calderdale,2021,England,Yorkshire and the Humber,life-satisfaction,7.45,0.0816326530612245,7.29,7.61,27.0,8.0,19.0,6065.0,7706.7,206828.0,39869.0,0.0963,4200.0,3900.0,350.0,0.0837485164845376,3100.0
E08000033,Calderdale,2021,England,Yorkshire and the Humber,worthwhile,7.72,0.0994897959183672,7.53,7.92,27.0,8.0,19.0,6065.0,7706.7,206828.0,39869.0,0.0963,4200.0,3900.0,350.0,0.0837485164845376,3100.0
E08000033,Calderdale,2022,England,Yorkshire and the Humber,anxiety,3.57,0.1938775510204082,3.19,3.95,28.0,8.0,20.0,5065.0,5314.2,207896.0,39892.0,0.1126,4000.0,3700.0,200.0,0.0500513883145228,3000.0
E08000033,Calderdale,2022,England,Yorkshire and the Humber,happiness,7.11,0.1505102040816328,6.81,7.4,28.0,8.0,20.0,5065.0,5314.2,207896.0,39892.0,0.1126,4000.0,3700.0,200.0,0.0500513883145228,3000.0
E08000033,Calderdale,2022,England,Yorkshire and the Humber,life-satisfaction,7.28,0.1147959183673469,7.05,7.5,28.0,8.0,20.0,5065.0,5314.2,207896.0,39892.0,0.1126,4000.0,3700.0,200.0,0.0500513883145228,3000.0
E08000033,Calderdale,2022,England,Yorkshire and the Humber,worthwhile,7.58,0.1198979591836736,7.35,7.82,28.0,8.0,20.0,5065.0,5314.2,207896.0,39892.0,0.1126,4000.0,3700.0,200.0,0.0500513883145228,3000.0
E08000033,Calderdale,2023,England,Yorkshire and the Humber,,,,,,31.0,8.0,23.0,5370.0,5262.5,209334.0,39940.0,0.1444,4200.0,3900.0,250.0,0.0636449988667879,3100.0
E08000034,Kirklees,2016,England,Yorkshire and the Humber,anxiety,3.01,0.1147959183673469,2.78,3.23,44.0,11.0,33.0,5385.0,5707.9,432588.0,88024.0,0.0793,8400.0,7900.0,425.0,0.0512544901621826,6100.0
E08000034,Kirklees,2016,England,Yorkshire and the Humber,happiness,7.4,0.0892857142857144,7.22,7.57,44.0,11.0,33.0,5385.0,5707.9,432588.0,88024.0,0.0793,8400.0,7900.0,425.0,0.0512544901621826,6100.0
E08000034,Kirklees,2016,England,Yorkshire and the Humber,life-satisfaction,7.63,0.0739795918367344,7.48,7.77,44.0,11.0,33.0,5385.0,5707.9,432588.0,88024.0,0.0793,8400.0,7900.0,425.0,0.0512544901621826,6100.0
E08000034,Kirklees,2016,England,Yorkshire and the Humber,worthwhile,7.91,0.0714285714285717,7.77,8.05,44.0,11.0,33.0,5385.0,5707.9,432588.0,88024.0,0.0793,8400.0,7900.0,425.0,0.0512544901621826,6100.0
E08000034,Kirklees,2017,England,Yorkshire and the Humber,anxiety,2.9,0.1173469387755102,2.67,3.13,45.0,10.0,35.0,5750.0,5852.9,433393.0,88667.0,0.0818,8500.0,8000.0,375.0,0.0457679217529273,6200.0
E08000034,Kirklees,2017,England,Yorkshire and the Humber,happiness,7.51,0.0816326530612245,7.35,7.67,45.0,10.0,35.0,5750.0,5852.9,433393.0,88667.0,0.0818,8500.0,8000.0,375.0,0.0457679217529273,6200.0
E08000034,Kirklees,2017,England,Yorkshire and the Humber,life-satisfaction,7.69,0.0714285714285715,7.55,7.83,45.0,10.0,35.0,5750.0,5852.9,433393.0,88667.0,0.0818,8500.0,8000.0,375.0,0.0457679217529273,6200.0
E08000034,Kirklees,2017,England,Yorkshire and the Humber,worthwhile,7.9,0.0714285714285712,7.76,8.04,45.0,10.0,35.0,5750.0,5852.9,433393.0,88667.0,0.0818,8500.0,8000.0,375.0,0.0457679217529273,6200.0
E08000034,Kirklees,2018,England,Yorkshire and the Humber,anxiety,2.79,0.1147959183673469,2.57,3.02,46.0,11.0,35.0,8640.0,7839.6,433571.0,88523.0,0.0837,8400.0,7800.0,400.0,0.0493576694768475,6100.0
E08000034,Kirklees,2018,England,Yorkshire and the Humber,happiness,7.55,0.096938775510204,7.36,7.74,46.0,11.0,35.0,8640.0,7839.6,433571.0,88523.0,0.0837,8400.0,7800.0,400.0,0.0493576694768475,6100.0
E08000034,Kirklees,2018,England,Yorkshire and the Humber,life-satisfaction,7.57,0.0841836734693877,7.4,7.73,46.0,11.0,35.0,8640.0,7839.6,433571.0,88523.0,0.0837,8400.0,7800.0,400.0,0.0493576694768475,6100.0
E08000034,Kirklees,2018,England,Yorkshire and the Humber,worthwhile,7.8,0.0816326530612245,7.64,7.96,46.0,11.0,35.0,8640.0,7839.6,433571.0,88523.0,0.0837,8400.0,7800.0,400.0,0.0493576694768475,6100.0
E08000034,Kirklees,2019,England,Yorkshire and the Humber,anxiety,3.18,0.1198979591836734,2.95,3.42,47.0,12.0,35.0,9645.0,9411.7,433259.0,87938.0,0.0868,8700.0,8000.0,375.0,0.0433287860082389,6100.0
E08000034,Kirklees,2019,England,Yorkshire and the Humber,happiness,7.31,0.0943877551020408,7.12,7.49,47.0,12.0,35.0,9645.0,9411.7,433259.0,87938.0,0.0868,8700.0,8000.0,375.0,0.0433287860082389,6100.0
E08000034,Kirklees,2019,England,Yorkshire and the Humber,life-satisfaction,7.46,0.0765306122448981,7.31,7.61,47.0,12.0,35.0,9645.0,9411.7,433259.0,87938.0,0.0868,8700.0,8000.0,375.0,0.0433287860082389,6100.0
E08000034,Kirklees,2019,England,Yorkshire and the Humber,worthwhile,7.7,0.0739795918367347,7.56,7.85,47.0,12.0,35.0,9645.0,9411.7,433259.0,87938.0,0.0868,8700.0,8000.0,375.0,0.0433287860082389,6100.0
E08000034,Kirklees,2020,England,Yorkshire and the Humber,anxiety,3.51,0.135204081632653,3.24,3.77,48.0,12.0,36.0,18145.0,16067.5,432878.0,87221.0,0.0903,9200.0,8700.0,200.0,0.0228922505680496,6400.0
E08000034,Kirklees,2020,England,Yorkshire and the Humber,happiness,7.11,0.1020408163265304,6.91,7.31,48.0,12.0,36.0,18145.0,16067.5,432878.0,87221.0,0.0903,9200.0,8700.0,200.0,0.0228922505680496,6400.0
E08000034,Kirklees,2020,England,Yorkshire and the Humber,life-satisfaction,7.2,0.0841836734693877,7.04,7.37,48.0,12.0,36.0,18145.0,16067.5,432878.0,87221.0,0.0903,9200.0,8700.0,200.0,0.0228922505680496,6400.0
E08000034,Kirklees,2020,England,Yorkshire and the Humber,worthwhile,7.43,0.1096938775510205,7.22,7.65,48.0,12.0,36.0,18145.0,16067.5,432878.0,87221.0,0.0903,9200.0,8700.0,200.0,0.0228922505680496,6400.0
E08000034,Kirklees,2021,England,Yorkshire and the Humber,anxiety,2.73,0.1479591836734694,2.44,3.02,48.0,12.0,36.0,13150.0,16150.4,433458.0,86647.0,0.0963,9200.0,8300.0,600.0,0.0675930591739081,6400.0
E08000034,Kirklees,2021,England,Yorkshire and the Humber,happiness,7.59,0.1173469387755102,7.36,7.82,48.0,12.0,36.0,13150.0,16150.4,433458.0,86647.0,0.0963,9200.0,8300.0,600.0,0.0675930591739081,6400.0
E08000034,Kirklees,2021,England,Yorkshire and the Humber,life-satisfaction,7.59,0.0918367346938774,7.41,7.77,48.0,12.0,36.0,13150.0,16150.4,433458.0,86647.0,0.0963,9200.0,8300.0,600.0,0.0675930591739081,6400.0
E08000034,Kirklees,2021,England,Yorkshire and the Humber,worthwhile,7.92,0.0841836734693877,7.75,8.08,48.0,12.0,36.0,13150.0,16150.4,433458.0,86647.0,0.0963,9200.0,8300.0,600.0,0.0675930591739081,6400.0
E08000034,Kirklees,2022,England,Yorkshire and the Humber,anxiety,3.48,0.1989795918367347,3.09,3.87,49.0,12.0,37.0,11320.0,11887.9,438486.0,87196.0,0.1126,8500.0,7600.0,475.0,0.0574511921398414,6200.0
E08000034,Kirklees,2022,England,Yorkshire and the Humber,happiness,7.22,0.1249999999999998,6.98,7.47,49.0,12.0,37.0,11320.0,11887.9,438486.0,87196.0,0.1126,8500.0,7600.0,475.0,0.0574511921398414,6200.0
E08000034,Kirklees,2022,England,Yorkshire and the Humber,life-satisfaction,7.27,0.1147959183673469,7.04,7.49,49.0,12.0,37.0,11320.0,11887.9,438486.0,87196.0,0.1126,8500.0,7600.0,475.0,0.0574511921398414,6200.0
E08000034,Kirklees,2022,England,Yorkshire and the Humber,worthwhile,7.73,0.1020408163265304,7.53,7.93,49.0,12.0,37.0,11320.0,11887.9,438486.0,87196.0,0.1126,8500.0,7600.0,475.0,0.0574511921398414,6200.0
E08000034,Kirklees,2023,England,Yorkshire and the Humber,,,,,,55.0,14.0,41.0,11710.0,11557.9,443745.0,87920.0,0.1444,8900.0,8000.0,325.0,0.0390534292176307,6600.0
E08000035,Leeds,2016,England,Yorkshire and the Humber,anxiety,3.24,0.1377551020408162,2.97,3.51,107.0,12.0,95.0,10845.0,11517.1,786739.0,148568.0,0.0793,16500.0,15500.0,600.0,0.0389537589762012,12000.0
E08000035,Leeds,2016,England,Yorkshire and the Humber,happiness,7.5,0.0994897959183675,7.31,7.7,107.0,12.0,95.0,10845.0,11517.1,786739.0,148568.0,0.0793,16500.0,15500.0,600.0,0.0389537589762012,12000.0
E08000035,Leeds,2016,England,Yorkshire and the Humber,life-satisfaction,7.74,0.0867346938775509,7.57,7.91,107.0,12.0,95.0,10845.0,11517.1,786739.0,148568.0,0.0793,16500.0,15500.0,600.0,0.0389537589762012,12000.0
E08000035,Leeds,2016,England,Yorkshire and the Humber,worthwhile,7.88,0.0841836734693875,7.71,8.04,107.0,12.0,95.0,10845.0,11517.1,786739.0,148568.0,0.0793,16500.0,15500.0,600.0,0.0389537589762012,12000.0
E08000035,Leeds,2017,England,Yorkshire and the Humber,anxiety,2.98,0.1147959183673469,2.76,3.21,113.0,16.0,97.0,10975.0,11480.0,793134.0,150614.0,0.0818,16500.0,15500.0,800.0,0.0495428655926918,12000.0
E08000035,Leeds,2017,England,Yorkshire and the Humber,happiness,7.61,0.0816326530612243,7.45,7.77,113.0,16.0,97.0,10975.0,11480.0,793134.0,150614.0,0.0818,16500.0,15500.0,800.0,0.0495428655926918,12000.0
E08000035,Leeds,2017,England,Yorkshire and the Humber,life-satisfaction,7.71,0.068877551020408,7.57,7.84,113.0,16.0,97.0,10975.0,11480.0,793134.0,150614.0,0.0818,16500.0,15500.0,800.0,0.0495428655926918,12000.0
E08000035,Leeds,2017,England,Yorkshire and the Humber,worthwhile,7.99,0.0714285714285717,7.85,8.13,113.0,16.0,97.0,10975.0,11480.0,793134.0,150614.0,0.0818,16500.0,15500.0,800.0,0.0495428655926918,12000.0
E08000035,Leeds,2018,England,Yorkshire and the Humber,anxiety,2.94,0.1249999999999999,2.7,3.19,116.0,18.0,98.0,11665.0,11424.2,797696.0,152197.0,0.0837,17000.0,16000.0,1100.0,0.0663991860001243,12500.0
E08000035,Leeds,2018,England,Yorkshire and the Humber,happiness,7.45,0.0765306122448979,7.3,7.6,116.0,18.0,98.0,11665.0,11424.2,797696.0,152197.0,0.0837,17000.0,16000.0,1100.0,0.0663991860001243,12500.0
E08000035,Leeds,2018,England,Yorkshire and the Humber,life-satisfaction,7.76,0.0612244897959184,7.64,7.88,116.0,18.0,98.0,11665.0,11424.2,797696.0,152197.0,0.0837,17000.0,16000.0,1100.0,0.0663991860001243,12500.0
E08000035,Leeds,2018,England,Yorkshire and the Humber,worthwhile,7.93,0.0612244897959186,7.81,8.05,116.0,18.0,98.0,11665.0,11424.2,797696.0,152197.0,0.0837,17000.0,16000.0,1100.0,0.0663991860001243,12500.0
E08000035,Leeds,2019,England,Yorkshire and the Humber,anxiety,3.08,0.1198979591836734,2.85,3.32,120.0,21.0,99.0,16840.0,15189.6,804640.0,153512.0,0.0868,18000.0,16500.0,1200.0,0.0677932225418293,13000.0
E08000035,Leeds,2019,England,Yorkshire and the Humber,happiness,7.45,0.0892857142857144,7.27,7.62,120.0,21.0,99.0,16840.0,15189.6,804640.0,153512.0,0.0868,18000.0,16500.0,1200.0,0.0677932225418293,13000.0
E08000035,Leeds,2019,England,Yorkshire and the Humber,life-satisfaction,7.55,0.0790816326530611,7.4,7.71,120.0,21.0,99.0,16840.0,15189.6,804640.0,153512.0,0.0868,18000.0,16500.0,1200.0,0.0677932225418293,13000.0
E08000035,Leeds,2019,England,Yorkshire and the Humber,worthwhile,7.73,0.0816326530612243,7.57,7.89,120.0,21.0,99.0,16840.0,15189.6,804640.0,153512.0,0.0868,18000.0,16500.0,1200.0,0.0677932225418293,13000.0
E08000035,Leeds,2020,England,Yorkshire and the Humber,anxiety,3.69,0.1377551020408163,3.42,3.96,123.0,21.0,102.0,35035.0,30386.2,808443.0,153600.0,0.0903,18500.0,17500.0,1200.0,0.0671859878406869,13500.0
E08000035,Leeds,2020,England,Yorkshire and the Humber,happiness,7.2,0.1096938775510203,6.98,7.41,123.0,21.0,102.0,35035.0,30386.2,808443.0,153600.0,0.0903,18500.0,17500.0,1200.0,0.0671859878406869,13500.0
E08000035,Leeds,2020,England,Yorkshire and the Humber,life-satisfaction,7.28,0.0892857142857141,7.11,7.46,123.0,21.0,102.0,35035.0,30386.2,808443.0,153600.0,0.0903,18500.0,17500.0,1200.0,0.0671859878406869,13500.0
E08000035,Leeds,2020,England,Yorkshire and the Humber,worthwhile,7.71,0.0892857142857141,7.54,7.89,123.0,21.0,102.0,35035.0,30386.2,808443.0,153600.0,0.0903,18500.0,17500.0,1200.0,0.0671859878406869,13500.0
E08000035,Leeds,2021,England,Yorkshire and the Humber,anxiety,3.41,0.2066326530612245,3.01,3.82,128.0,22.0,106.0,25530.0,31721.7,809479.0,153277.0,0.0963,17500.0,16500.0,1800.0,0.0965006023474316,13000.0
E08000035,Leeds,2021,England,Yorkshire and the Humber,happiness,7.35,0.0943877551020408,7.17,7.54,128.0,22.0,106.0,25530.0,31721.7,809479.0,153277.0,0.0963,17500.0,16500.0,1800.0,0.0965006023474316,13000.0
E08000035,Leeds,2021,England,Yorkshire and the Humber,life-satisfaction,7.54,0.0918367346938774,7.36,7.72,128.0,22.0,106.0,25530.0,31721.7,809479.0,153277.0,0.0963,17500.0,16500.0,1800.0,0.0965006023474316,13000.0
E08000035,Leeds,2021,England,Yorkshire and the Humber,worthwhile,7.89,0.0765306122448976,7.74,8.04,128.0,22.0,106.0,25530.0,31721.7,809479.0,153277.0,0.0963,17500.0,16500.0,1800.0,0.0965006023474316,13000.0
E08000035,Leeds,2022,England,Yorkshire and the Humber,anxiety,3.15,0.1785714285714286,2.8,3.5,130.0,21.0,109.0,22260.0,23088.3,820294.0,154308.0,0.1126,18500.0,17000.0,1700.0,0.0886188844639098,13500.0
E08000035,Leeds,2022,England,Yorkshire and the Humber,happiness,7.28,0.1326530612244899,7.02,7.54,130.0,21.0,109.0,22260.0,23088.3,820294.0,154308.0,0.1126,18500.0,17000.0,1700.0,0.0886188844639098,13500.0
E08000035,Leeds,2022,England,Yorkshire and the Humber,life-satisfaction,7.46,0.0943877551020408,7.28,7.65,130.0,21.0,109.0,22260.0,23088.3,820294.0,154308.0,0.1126,18500.0,17000.0,1700.0,0.0886188844639098,13500.0
E08000035,Leeds,2022,England,Yorkshire and the Humber,worthwhile,7.68,0.1224489795918366,7.44,7.92,130.0,21.0,109.0,22260.0,23088.3,820294.0,154308.0,0.1126,18500.0,17000.0,1700.0,0.0886188844639098,13500.0
E08000035,Leeds,2023,England,Yorkshire and the Humber,,,,,,136.0,21.0,115.0,23245.0,22885.8,833516.0,155708.0,0.1444,19000.0,18000.0,1500.0,0.0756663557969184,14500.0
E08000036,Wakefield,2016,England,Yorkshire and the Humber,anxiety,2.9,0.1173469387755102,2.67,3.13,46.0,8.0,38.0,3710.0,3940.4,337365.0,62543.0,0.0793,6700.0,6200.0,400.0,0.0617462658365588,
E08000036,Wakefield,2016,England,Yorkshire and the Humber,happiness,7.58,0.0918367346938774,7.4,7.76,46.0,8.0,38.0,3710.0,3940.4,337365.0,62543.0,0.0793,6700.0,6200.0,400.0,0.0617462658365588,
E08000036,Wakefield,2016,England,Yorkshire and the Humber,life-satisfaction,7.72,0.0739795918367347,7.58,7.87,46.0,8.0,38.0,3710.0,3940.4,337365.0,62543.0,0.0793,6700.0,6200.0,400.0,0.0617462658365588,
E08000036,Wakefield,2016,England,Yorkshire and the Humber,worthwhile,7.88,0.0739795918367344,7.73,8.02,46.0,8.0,38.0,3710.0,3940.4,337365.0,62543.0,0.0793,6700.0,6200.0,400.0,0.0617462658365588,
E08000036,Wakefield,2017,England,Yorkshire and the Humber,anxiety,2.77,0.1224489795918367,2.53,3.01,47.0,9.0,38.0,3840.0,4037.5,340749.0,63530.0,0.0818,6400.0,6000.0,475.0,0.0713286592938146,
E08000036,Wakefield,2017,England,Yorkshire and the Humber,happiness,7.54,0.0816326530612245,7.38,7.7,47.0,9.0,38.0,3840.0,4037.5,340749.0,63530.0,0.0818,6400.0,6000.0,475.0,0.0713286592938146,
E08000036,Wakefield,2017,England,Yorkshire and the Humber,life-satisfaction,7.77,0.066326530612245,7.64,7.9,47.0,9.0,38.0,3840.0,4037.5,340749.0,63530.0,0.0818,6400.0,6000.0,475.0,0.0713286592938146,
E08000036,Wakefield,2017,England,Yorkshire and the Humber,worthwhile,8.01,0.0637755102040818,7.88,8.13,47.0,9.0,38.0,3840.0,4037.5,340749.0,63530.0,0.0818,6400.0,6000.0,475.0,0.0713286592938146,
E08000036,Wakefield,2018,England,Yorkshire and the Humber,anxiety,2.93,0.1198979591836734,2.7,3.17,47.0,10.0,37.0,3920.0,4133.8,344437.0,64631.0,0.0837,6800.0,6500.0,425.0,0.0623845235614619,
E08000036,Wakefield,2018,England,Yorkshire and the Humber,happiness,7.4,0.0943877551020408,7.22,7.59,47.0,10.0,37.0,3920.0,4133.8,344437.0,64631.0,0.0837,6800.0,6500.0,425.0,0.0623845235614619,
E08000036,Wakefield,2018,England,Yorkshire and the Humber,life-satisfaction,7.51,0.0739795918367347,7.36,7.65,47.0,10.0,37.0,3920.0,4133.8,344437.0,64631.0,0.0837,6800.0,6500.0,425.0,0.0623845235614619,
E08000036,Wakefield,2018,England,Yorkshire and the Humber,worthwhile,7.78,0.0816326530612245,7.62,7.94,47.0,10.0,37.0,3920.0,4133.8,344437.0,64631.0,0.0837,6800.0,6500.0,425.0,0.0623845235614619,
E08000036,Wakefield,2019,England,Yorkshire and the Humber,anxiety,3.08,0.1326530612244898,2.82,3.34,49.0,12.0,37.0,6400.0,5599.2,348201.0,65274.0,0.0868,7000.0,6500.0,475.0,0.0674026026079619,
E08000036,Wakefield,2019,England,Yorkshire and the Humber,happiness,7.31,0.1020408163265304,7.11,7.51,49.0,12.0,37.0,6400.0,5599.2,348201.0,65274.0,0.0868,7000.0,6500.0,475.0,0.0674026026079619,
E08000036,Wakefield,2019,England,Yorkshire and the Humber,life-satisfaction,7.46,0.0841836734693877,7.3,7.63,49.0,12.0,37.0,6400.0,5599.2,348201.0,65274.0,0.0868,7000.0,6500.0,475.0,0.0674026026079619,
E08000036,Wakefield,2019,England,Yorkshire and the Humber,worthwhile,7.64,0.0867346938775509,7.47,7.81,49.0,12.0,37.0,6400.0,5599.2,348201.0,65274.0,0.0868,7000.0,6500.0,475.0,0.0674026026079619,
E08000036,Wakefield,2020,England,Yorkshire and the Humber,anxiety,3.42,0.1989795918367347,3.03,3.81,53.0,12.0,41.0,12625.0,11320.4,350978.0,65617.0,0.0903,7200.0,6700.0,475.0,0.0646534760671594,
E08000036,Wakefield,2020,England,Yorkshire and the Humber,happiness,7.21,0.1224489795918368,6.97,7.45,53.0,12.0,41.0,12625.0,11320.4,350978.0,65617.0,0.0903,7200.0,6700.0,475.0,0.0646534760671594,
E08000036,Wakefield,2020,England,Yorkshire and the Humber,life-satisfaction,7.28,0.1096938775510205,7.06,7.49,53.0,12.0,41.0,12625.0,11320.4,350978.0,65617.0,0.0903,7200.0,6700.0,475.0,0.0646534760671594,
E08000036,Wakefield,2020,England,Yorkshire and the Humber,worthwhile,7.62,0.1020408163265307,7.42,7.82,53.0,12.0,41.0,12625.0,11320.4,350978.0,65617.0,0.0903,7200.0,6700.0,475.0,0.0646534760671594,
E08000036,Wakefield,2021,England,Yorkshire and the Humber,anxiety,2.99,0.1607142857142857,2.68,3.31,53.0,12.0,41.0,9230.0,11426.2,353803.0,65856.0,0.0963,7100.0,6700.0,700.0,0.0978822896310494,
E08000036,Wakefield,2021,England,Yorkshire and the Humber,happiness,7.54,0.0994897959183675,7.34,7.73,53.0,12.0,41.0,9230.0,11426.2,353803.0,65856.0,0.0963,7100.0,6700.0,700.0,0.0978822896310494,
E08000036,Wakefield,2021,England,Yorkshire and the Humber,life-satisfaction,7.62,0.0943877551020406,7.44,7.81,53.0,12.0,41.0,9230.0,11426.2,353803.0,65856.0,0.0963,7100.0,6700.0,700.0,0.0978822896310494,
E08000036,Wakefield,2021,England,Yorkshire and the Humber,worthwhile,7.89,0.084183673469388,7.72,8.05,53.0,12.0,41.0,9230.0,11426.2,353803.0,65856.0,0.0963,7100.0,6700.0,700.0,0.0978822896310494,
E08000036,Wakefield,2022,England,Yorkshire and the Humber,anxiety,3.35,0.1964285714285714,2.97,3.74,55.0,12.0,43.0,7530.0,8027.9,357926.0,66779.0,0.1126,7300.0,6800.0,500.0,0.0669425856991453,
E08000036,Wakefield,2022,England,Yorkshire and the Humber,happiness,7.17,0.1403061224489795,6.9,7.45,55.0,12.0,43.0,7530.0,8027.9,357926.0,66779.0,0.1126,7300.0,6800.0,500.0,0.0669425856991453,
E08000036,Wakefield,2022,England,Yorkshire and the Humber,life-satisfaction,7.39,0.1224489795918366,7.15,7.63,55.0,12.0,43.0,7530.0,8027.9,357926.0,66779.0,0.1126,7300.0,6800.0,500.0,0.0669425856991453,
E08000036,Wakefield,2022,England,Yorkshire and the Humber,worthwhile,7.68,0.1224489795918366,7.44,7.92,55.0,12.0,43.0,7530.0,8027.9,357926.0,66779.0,0.1126,7300.0,6800.0,500.0,0.0669425856991453,
E08000036,Wakefield,2023,England,Yorkshire and the Humber,,,,,,57.0,13.0,44.0,7775.0,7768.8,363013.0,67926.0,0.1444,7900.0,7300.0,550.0,0.0674609159087138,5900.0
E08000037,Gateshead,2016,England,North East,anxiety,2.94,0.1147959183673468,2.72,3.17,22.0,5.0,17.0,3490.0,3461.7,201359.0,35123.0,0.0537,,,,,
E08000037,Gateshead,2016,England,North East,happiness,7.54,0.0841836734693877,7.37,7.7,22.0,5.0,17.0,3490.0,3461.7,201359.0,35123.0,0.0537,,,,,
E08000037,Gateshead,2016,England,North East,life-satisfaction,7.72,0.068877551020408,7.58,7.85,22.0,5.0,17.0,3490.0,3461.7,201359.0,35123.0,0.0537,,,,,
E08000037,Gateshead,2016,England,North East,worthwhile,7.9,0.0714285714285712,7.76,8.04,22.0,5.0,17.0,3490.0,3461.7,201359.0,35123.0,0.0537,,,,,
E08000037,Gateshead,2017,England,North East,anxiety,3.09,0.1096938775510204,2.88,3.31,22.0,5.0,17.0,3745.0,3640.4,200660.0,34974.0,0.0563,,,,,
E08000037,Gateshead,2017,England,North East,happiness,7.47,0.0867346938775509,7.3,7.64,22.0,5.0,17.0,3745.0,3640.4,200660.0,34974.0,0.0563,,,,,
E08000037,Gateshead,2017,England,North East,life-satisfaction,7.64,0.0714285714285715,7.5,7.78,22.0,5.0,17.0,3745.0,3640.4,200660.0,34974.0,0.0563,,,,,
E08000037,Gateshead,2017,England,North East,worthwhile,7.85,0.0688775510204082,7.71,7.98,22.0,5.0,17.0,3745.0,3640.4,200660.0,34974.0,0.0563,,,,,
E08000037,Gateshead,2018,England,North East,anxiety,3.09,0.1224489795918367,2.85,3.33,24.0,7.0,17.0,5260.0,4799.6,199915.0,34840.0,0.0584,,,,,
E08000037,Gateshead,2018,England,North East,happiness,7.45,0.0918367346938776,7.27,7.63,24.0,7.0,17.0,5260.0,4799.6,199915.0,34840.0,0.0584,,,,,
E08000037,Gateshead,2018,England,North East,life-satisfaction,7.6,0.0816326530612243,7.44,7.76,24.0,7.0,17.0,5260.0,4799.6,199915.0,34840.0,0.0584,,,,,
E08000037,Gateshead,2018,England,North East,worthwhile,7.74,0.0790816326530613,7.59,7.9,24.0,7.0,17.0,5260.0,4799.6,199915.0,34840.0,0.0584,,,,,
E08000037,Gateshead,2019,England,North East,anxiety,3.29,0.1275510204081632,3.04,3.54,25.0,8.0,17.0,5510.0,5545.4,198435.0,34690.0,0.0606,,,,,
E08000037,Gateshead,2019,England,North East,happiness,7.25,0.0943877551020408,7.07,7.44,25.0,8.0,17.0,5510.0,5545.4,198435.0,34690.0,0.0606,,,,,
E08000037,Gateshead,2019,England,North East,life-satisfaction,7.55,0.0841836734693877,7.39,7.72,25.0,8.0,17.0,5510.0,5545.4,198435.0,34690.0,0.0606,,,,,
E08000037,Gateshead,2019,England,North East,worthwhile,7.75,0.0816326530612245,7.59,7.91,25.0,8.0,17.0,5510.0,5545.4,198435.0,34690.0,0.0606,,,,,
E08000037,Gateshead,2020,England,North East,anxiety,3.43,0.1556122448979592,3.13,3.74,26.0,8.0,18.0,9315.0,8573.3,197342.0,34609.0,0.064,,,,,
E08000037,Gateshead,2020,England,North East,happiness,7.11,0.1224489795918366,6.87,7.35,26.0,8.0,18.0,9315.0,8573.3,197342.0,34609.0,0.064,,,,,
E08000037,Gateshead,2020,England,North East,life-satisfaction,7.27,0.1045918367346939,7.07,7.48,26.0,8.0,18.0,9315.0,8573.3,197342.0,34609.0,0.064,,,,,
E08000037,Gateshead,2020,England,North East,worthwhile,7.46,0.125,7.22,7.71,26.0,8.0,18.0,9315.0,8573.3,197342.0,34609.0,0.064,,,,,
E08000037,Gateshead,2021,England,North East,anxiety,3.21,0.1862244897959183,2.84,3.57,27.0,8.0,19.0,6445.0,8162.5,196179.0,34395.0,0.0701,,,,,
E08000037,Gateshead,2021,England,North East,happiness,7.49,0.1530612244897958,7.19,7.79,27.0,8.0,19.0,6445.0,8162.5,196179.0,34395.0,0.0701,,,,,
E08000037,Gateshead,2021,England,North East,life-satisfaction,7.47,0.1173469387755102,7.24,7.7,27.0,8.0,19.0,6445.0,8162.5,196179.0,34395.0,0.0701,,,,,
E08000037,Gateshead,2021,England,North East,worthwhile,7.73,0.1045918367346939,7.52,7.93,27.0,8.0,19.0,6445.0,8162.5,196179.0,34395.0,0.0701,,,,,
E08000037,Gateshead,2022,England,North East,anxiety,3.41,0.1734693877551021,3.07,3.75,27.0,8.0,19.0,5275.0,5707.5,198599.0,34976.0,0.0859,,,,,
E08000037,Gateshead,2022,England,North East,happiness,7.36,0.1301020408163267,7.1,7.61,27.0,8.0,19.0,5275.0,5707.5,198599.0,34976.0,0.0859,,,,,
E08000037,Gateshead,2022,England,North East,life-satisfaction,7.35,0.1147959183673469,7.13,7.58,27.0,8.0,19.0,5275.0,5707.5,198599.0,34976.0,0.0859,,,,,
E08000037,Gateshead,2022,England,North East,worthwhile,7.69,0.096938775510204,7.5,7.88,27.0,8.0,19.0,5275.0,5707.5,198599.0,34976.0,0.0859,,,,,
E08000037,Gateshead,2023,England,North East,,,,,,27.0,8.0,19.0,5245.0,5428.3,200597.0,35300.0,0.1166,,,,,
E09000001,City of London,2016,England,London,anxiety,,,,,32.0,0.0,32.0,55.0,60.0,7737.0,578.0,0.3782,1300.0,1200.0,25.0,0.0149772694203767,
E09000001,City of London,2016,England,London,happiness,,,,,32.0,0.0,32.0,55.0,60.0,7737.0,578.0,0.3782,1300.0,1200.0,25.0,0.0149772694203767,
E09000001,City of London,2016,England,London,life-satisfaction,,,,,32.0,0.0,32.0,55.0,60.0,7737.0,578.0,0.3782,1300.0,1200.0,25.0,0.0149772694203767,
E09000001,City of London,2016,England,London,worthwhile,,,,,32.0,0.0,32.0,55.0,60.0,7737.0,578.0,0.3782,1300.0,1200.0,25.0,0.0149772694203767,
E09000001,City of London,2017,England,London,anxiety,,,,,32.0,0.0,32.0,65.0,57.1,7877.0,607.0,0.3817,1400.0,1300.0,,,
E09000001,City of London,2017,England,London,happiness,,,,,32.0,0.0,32.0,65.0,57.1,7877.0,607.0,0.3817,1400.0,1300.0,,,
E09000001,City of London,2017,England,London,life-satisfaction,,,,,32.0,0.0,32.0,65.0,57.1,7877.0,607.0,0.3817,1400.0,1300.0,,,
E09000001,City of London,2017,England,London,worthwhile,,,,,32.0,0.0,32.0,65.0,57.1,7877.0,607.0,0.3817,1400.0,1300.0,,,
E09000001,City of London,2018,England,London,anxiety,,,,,32.0,0.0,32.0,65.0,64.2,8165.0,631.0,0.3855,1600.0,1600.0,25.0,0.0172541957871206,
E09000001,City of London,2018,England,London,happiness,,,,,32.0,0.0,32.0,65.0,64.2,8165.0,631.0,0.3855,1600.0,1600.0,25.0,0.0172541957871206,
E09000001,City of London,2018,England,London,life-satisfaction,,,,,32.0,0.0,32.0,65.0,64.2,8165.0,631.0,0.3855,1600.0,1600.0,25.0,0.0172541957871206,
E09000001,City of London,2018,England,London,worthwhile,,,,,32.0,0.0,32.0,65.0,64.2,8165.0,631.0,0.3855,1600.0,1600.0,25.0,0.0172541957871206,
E09000001,City of London,2019,England,London,anxiety,,,,,32.0,0.0,32.0,80.0,72.9,8765.0,646.0,0.3913,2200.0,1500.0,100.0,0.0603703088219516,
E09000001,City of London,2019,England,London,happiness,,,,,32.0,0.0,32.0,80.0,72.9,8765.0,646.0,0.3913,2200.0,1500.0,100.0,0.0603703088219516,
E09000001,City of London,2019,England,London,life-satisfaction,,,,,32.0,0.0,32.0,80.0,72.9,8765.0,646.0,0.3913,2200.0,1500.0,100.0,0.0603703088219516,
E09000001,City of London,2019,England,London,worthwhile,,,,,32.0,0.0,32.0,80.0,72.9,8765.0,646.0,0.3913,2200.0,1500.0,100.0,0.0603703088219516,
E09000001,City of London,2020,England,London,anxiety,,,,,32.0,0.0,32.0,260.0,197.5,8331.0,597.0,0.3966,2900.0,1900.0,,,
E09000001,City of London,2020,England,London,happiness,,,,,32.0,0.0,32.0,260.0,197.5,8331.0,597.0,0.3966,2900.0,1900.0,,,
E09000001,City of London,2020,England,London,life-satisfaction,,,,,32.0,0.0,32.0,260.0,197.5,8331.0,597.0,0.3966,2900.0,1900.0,,,
E09000001,City of London,2020,England,London,worthwhile,,,,,32.0,0.0,32.0,260.0,197.5,8331.0,597.0,0.3966,2900.0,1900.0,,,
E09000001,City of London,2021,England,London,anxiety,,,,,30.0,0.0,30.0,330.0,257.5,8689.0,581.0,0.4021,3500.0,2800.0,225.0,0.0784679697387088,
E09000001,City of London,2021,England,London,happiness,,,,,30.0,0.0,30.0,330.0,257.5,8689.0,581.0,0.4021,3500.0,2800.0,225.0,0.0784679697387088,
E09000001,City of London,2021,England,London,life-satisfaction,,,,,30.0,0.0,30.0,330.0,257.5,8689.0,581.0,0.4021,3500.0,2800.0,225.0,0.0784679697387088,
E09000001,City of London,2021,England,London,worthwhile,,,,,30.0,0.0,30.0,330.0,257.5,8689.0,581.0,0.4021,3500.0,2800.0,225.0,0.0784679697387088,
E09000001,City of London,2022,England,London,anxiety,,,,,30.0,0.0,30.0,210.0,278.8,11615.0,881.0,0.4168,3600.0,2600.0,150.0,0.0552428295265326,
E09000001,City of London,2022,England,London,happiness,,,,,30.0,0.0,30.0,210.0,278.8,11615.0,881.0,0.4168,3600.0,2600.0,150.0,0.0552428295265326,
E09000001,City of London,2022,England,London,life-satisfaction,,,,,30.0,0.0,30.0,210.0,278.8,11615.0,881.0,0.4168,3600.0,2600.0,150.0,0.0552428295265326,
E09000001,City of London,2022,England,London,worthwhile,,,,,30.0,0.0,30.0,210.0,278.8,11615.0,881.0,0.4168,3600.0,2600.0,150.0,0.0552428295265326,
E09000001,City of London,2023,England,London,,,,,,28.0,0.0,28.0,140.0,161.7,13606.0,819.0,0.4457,3200.0,3100.0,175.0,0.0506783092723022,2300.0
E09000002,Barking and Dagenham,2016,England,London,anxiety,3.02,0.1607142857142857,2.71,3.34,19.0,4.0,15.0,3175.0,3177.9,211047.0,57176.0,0.3782,4500.0,3600.0,,,
E09000002,Barking and Dagenham,2016,England,London,happiness,7.38,0.1224489795918368,7.14,7.62,19.0,4.0,15.0,3175.0,3177.9,211047.0,57176.0,0.3782,4500.0,3600.0,,,
E09000002,Barking and Dagenham,2016,England,London,life-satisfaction,7.49,0.1045918367346939,7.29,7.7,19.0,4.0,15.0,3175.0,3177.9,211047.0,57176.0,0.3782,4500.0,3600.0,,,
E09000002,Barking and Dagenham,2016,England,London,worthwhile,7.74,0.1020408163265307,7.54,7.94,19.0,4.0,15.0,3175.0,3177.9,211047.0,57176.0,0.3782,4500.0,3600.0,,,
E09000002,Barking and Dagenham,2017,England,London,anxiety,2.84,0.1811224489795918,2.49,3.2,19.0,4.0,15.0,3110.0,3212.9,214017.0,57924.0,0.3817,4800.0,4100.0,,,
E09000002,Barking and Dagenham,2017,England,London,happiness,7.61,0.1275510204081632,7.36,7.86,19.0,4.0,15.0,3110.0,3212.9,214017.0,57924.0,0.3817,4800.0,4100.0,,,
E09000002,Barking and Dagenham,2017,England,London,life-satisfaction,7.66,0.1224489795918368,7.42,7.9,19.0,4.0,15.0,3110.0,3212.9,214017.0,57924.0,0.3817,4800.0,4100.0,,,
E09000002,Barking and Dagenham,2017,England,London,worthwhile,7.95,0.1096938775510203,7.74,8.17,19.0,4.0,15.0,3110.0,3212.9,214017.0,57924.0,0.3817,4800.0,4100.0,,,
E09000002,Barking and Dagenham,2018,England,London,anxiety,2.82,0.1658163265306122,2.49,3.14,19.0,4.0,15.0,4235.0,3673.8,216298.0,58078.0,0.3855,5300.0,4500.0,,,
E09000002,Barking and Dagenham,2018,England,London,happiness,7.67,0.125,7.42,7.91,19.0,4.0,15.0,4235.0,3673.8,216298.0,58078.0,0.3855,5300.0,4500.0,,,
E09000002,Barking and Dagenham,2018,England,London,life-satisfaction,7.52,0.1147959183673469,7.29,7.74,19.0,4.0,15.0,4235.0,3673.8,216298.0,58078.0,0.3855,5300.0,4500.0,,,
E09000002,Barking and Dagenham,2018,England,London,worthwhile,7.88,0.1020408163265307,7.68,8.08,19.0,4.0,15.0,4235.0,3673.8,216298.0,58078.0,0.3855,5300.0,4500.0,,,
E09000002,Barking and Dagenham,2019,England,London,anxiety,2.93,0.2015306122448979,2.54,3.33,19.0,4.0,15.0,5430.0,4995.0,218828.0,57981.0,0.3913,6000.0,4800.0,,,
E09000002,Barking and Dagenham,2019,England,London,happiness,7.41,0.155612244897959,7.11,7.72,19.0,4.0,15.0,5430.0,4995.0,218828.0,57981.0,0.3913,6000.0,4800.0,,,
E09000002,Barking and Dagenham,2019,England,London,life-satisfaction,7.31,0.1403061224489795,7.03,7.58,19.0,4.0,15.0,5430.0,4995.0,218828.0,57981.0,0.3913,6000.0,4800.0,,,
E09000002,Barking and Dagenham,2019,England,London,worthwhile,7.72,0.125,7.47,7.96,19.0,4.0,15.0,5430.0,4995.0,218828.0,57981.0,0.3913,6000.0,4800.0,,,
E09000002,Barking and Dagenham,2020,England,London,anxiety,3.17,0.2704081632653061,2.64,3.7,19.0,4.0,15.0,14330.0,11239.2,219227.0,57953.0,0.3966,5900.0,4200.0,,,
E09000002,Barking and Dagenham,2020,England,London,happiness,7.87,0.1709183673469385,7.53,8.2,19.0,4.0,15.0,14330.0,11239.2,219227.0,57953.0,0.3966,5900.0,4200.0,,,
E09000002,Barking and Dagenham,2020,England,London,life-satisfaction,7.35,0.1887755102040814,6.98,7.72,19.0,4.0,15.0,14330.0,11239.2,219227.0,57953.0,0.3966,5900.0,4200.0,,,
E09000002,Barking and Dagenham,2020,England,London,worthwhile,7.84,0.153061224489796,7.54,8.14,19.0,4.0,15.0,14330.0,11239.2,219227.0,57953.0,0.3966,5900.0,4200.0,,,
E09000002,Barking and Dagenham,2021,England,London,anxiety,2.5,0.2627551020408163,1.99,3.02,20.0,5.0,15.0,10300.0,12977.9,218714.0,56881.0,0.4021,5800.0,4400.0,,,
E09000002,Barking and Dagenham,2021,England,London,happiness,7.77,0.2015306122448979,7.37,8.16,20.0,5.0,15.0,10300.0,12977.9,218714.0,56881.0,0.4021,5800.0,4400.0,,,
E09000002,Barking and Dagenham,2021,England,London,life-satisfaction,7.6,0.153061224489796,7.3,7.9,20.0,5.0,15.0,10300.0,12977.9,218714.0,56881.0,0.4021,5800.0,4400.0,,,
E09000002,Barking and Dagenham,2021,England,London,worthwhile,7.82,0.1505102040816326,7.52,8.11,20.0,5.0,15.0,10300.0,12977.9,218714.0,56881.0,0.4021,5800.0,4400.0,,,
E09000002,Barking and Dagenham,2022,England,London,anxiety,2.98,0.3188775510204081,2.35,3.6,20.0,5.0,15.0,8745.0,9069.2,220392.0,57064.0,0.4168,5600.0,4600.0,,,
E09000002,Barking and Dagenham,2022,England,London,happiness,7.48,0.1683673469387753,7.15,7.81,20.0,5.0,15.0,8745.0,9069.2,220392.0,57064.0,0.4168,5600.0,4600.0,,,
E09000002,Barking and Dagenham,2022,England,London,life-satisfaction,7.48,0.1377551020408163,7.21,7.75,20.0,5.0,15.0,8745.0,9069.2,220392.0,57064.0,0.4168,5600.0,4600.0,,,
E09000002,Barking and Dagenham,2022,England,London,worthwhile,7.9,0.1964285714285713,7.52,8.29,20.0,5.0,15.0,8745.0,9069.2,220392.0,57064.0,0.4168,5600.0,4600.0,,,
E09000002,Barking and Dagenham,2023,England,London,,,,,,20.0,5.0,15.0,9600.0,9287.1,226301.0,57707.0,0.4457,6100.0,5500.0,1400.0,0.1987436118146737,4500.0
E09000003,Barnet,2016,England,London,anxiety,3.09,0.1607142857142858,2.78,3.41,44.0,2.0,42.0,3515.0,3640.4,382925.0,79415.0,0.3782,9600.0,7300.0,375.0,0.0500396672813379,
E09000003,Barnet,2016,England,London,happiness,7.62,0.1071428571428571,7.41,7.83,44.0,2.0,42.0,3515.0,3640.4,382925.0,79415.0,0.3782,9600.0,7300.0,375.0,0.0500396672813379,
E09000003,Barnet,2016,England,London,life-satisfaction,7.47,0.1173469387755102,7.24,7.7,44.0,2.0,42.0,3515.0,3640.4,382925.0,79415.0,0.3782,9600.0,7300.0,375.0,0.0500396672813379,
E09000003,Barnet,2016,England,London,worthwhile,7.83,0.1045918367346936,7.63,8.04,44.0,2.0,42.0,3515.0,3640.4,382925.0,79415.0,0.3782,9600.0,7300.0,375.0,0.0500396672813379,
E09000003,Barnet,2017,England,London,anxiety,2.78,0.1581632653061223,2.47,3.09,48.0,2.0,46.0,3425.0,3550.0,384117.0,80057.0,0.3817,9000.0,7200.0,500.0,0.0668475823838406,
E09000003,Barnet,2017,England,London,happiness,7.38,0.1352040816326531,7.12,7.65,48.0,2.0,46.0,3425.0,3550.0,384117.0,80057.0,0.3817,9000.0,7200.0,500.0,0.0668475823838406,
E09000003,Barnet,2017,England,London,life-satisfaction,7.63,0.1198979591836734,7.4,7.87,48.0,2.0,46.0,3425.0,3550.0,384117.0,80057.0,0.3817,9000.0,7200.0,500.0,0.0668475823838406,
E09000003,Barnet,2017,England,London,worthwhile,7.86,0.1249999999999998,7.61,8.1,48.0,2.0,46.0,3425.0,3550.0,384117.0,80057.0,0.3817,9000.0,7200.0,500.0,0.0668475823838406,
E09000003,Barnet,2018,England,London,anxiety,3.19,0.183673469387755,2.83,3.55,48.0,2.0,46.0,4435.0,3798.3,387574.0,80589.0,0.3855,9100.0,7400.0,500.0,0.0643332916555348,
E09000003,Barnet,2018,England,London,happiness,7.44,0.1224489795918366,7.2,7.68,48.0,2.0,46.0,4435.0,3798.3,387574.0,80589.0,0.3855,9100.0,7400.0,500.0,0.0643332916555348,
E09000003,Barnet,2018,England,London,life-satisfaction,7.55,0.1147959183673469,7.33,7.78,48.0,2.0,46.0,4435.0,3798.3,387574.0,80589.0,0.3855,9100.0,7400.0,500.0,0.0643332916555348,
E09000003,Barnet,2018,England,London,worthwhile,7.68,0.1147959183673469,7.45,7.9,48.0,2.0,46.0,4435.0,3798.3,387574.0,80589.0,0.3855,9100.0,7400.0,500.0,0.0643332916555348,
E09000003,Barnet,2019,England,London,anxiety,3.19,0.1760204081632653,2.85,3.54,49.0,3.0,46.0,6235.0,5470.0,390590.0,80596.0,0.3913,9000.0,7100.0,500.0,0.0675220020365708,
E09000003,Barnet,2019,England,London,happiness,7.43,0.1403061224489795,7.16,7.71,49.0,3.0,46.0,6235.0,5470.0,390590.0,80596.0,0.3913,9000.0,7100.0,500.0,0.0675220020365708,
E09000003,Barnet,2019,England,London,life-satisfaction,7.58,0.1122448979591835,7.36,7.8,49.0,3.0,46.0,6235.0,5470.0,390590.0,80596.0,0.3913,9000.0,7100.0,500.0,0.0675220020365708,
E09000003,Barnet,2019,England,London,worthwhile,7.84,0.1122448979591837,7.62,8.06,49.0,3.0,46.0,6235.0,5470.0,390590.0,80596.0,0.3913,9000.0,7100.0,500.0,0.0675220020365708,
E09000003,Barnet,2020,England,London,anxiety,3.2,0.1836734693877551,2.84,3.56,50.0,3.0,47.0,18545.0,14551.7,391046.0,80496.0,0.3966,9600.0,7400.0,650.0,0.0804014424223941,
E09000003,Barnet,2020,England,London,happiness,7.23,0.153061224489796,6.93,7.53,50.0,3.0,47.0,18545.0,14551.7,391046.0,80496.0,0.3966,9600.0,7400.0,650.0,0.0804014424223941,
E09000003,Barnet,2020,England,London,life-satisfaction,7.3,0.1173469387755102,7.07,7.53,50.0,3.0,47.0,18545.0,14551.7,391046.0,80496.0,0.3966,9600.0,7400.0,650.0,0.0804014424223941,
E09000003,Barnet,2020,England,London,worthwhile,7.58,0.1224489795918368,7.34,7.82,50.0,3.0,47.0,18545.0,14551.7,391046.0,80496.0,0.3966,9600.0,7400.0,650.0,0.0804014424223941,
E09000003,Barnet,2021,England,London,anxiety,3.07,0.1964285714285714,2.69,3.46,49.0,3.0,46.0,13125.0,16283.8,388955.0,79666.0,0.4021,9100.0,7000.0,1000.0,0.1254216894936357,
E09000003,Barnet,2021,England,London,happiness,7.47,0.1428571428571427,7.19,7.75,49.0,3.0,46.0,13125.0,16283.8,388955.0,79666.0,0.4021,9100.0,7000.0,1000.0,0.1254216894936357,
E09000003,Barnet,2021,England,London,life-satisfaction,7.36,0.1224489795918366,7.12,7.6,49.0,3.0,46.0,13125.0,16283.8,388955.0,79666.0,0.4021,9100.0,7000.0,1000.0,0.1254216894936357,
E09000003,Barnet,2021,England,London,worthwhile,7.7,0.125,7.45,7.94,49.0,3.0,46.0,13125.0,16283.8,388955.0,79666.0,0.4021,9100.0,7000.0,1000.0,0.1254216894936357,
E09000003,Barnet,2022,England,London,anxiety,3.33,0.2831632653061225,2.78,3.89,49.0,3.0,46.0,10985.0,11405.8,390371.0,81107.0,0.4168,9400.0,7100.0,700.0,0.0912136633394395,
E09000003,Barnet,2022,England,London,happiness,6.95,0.1811224489795918,6.6,7.31,49.0,3.0,46.0,10985.0,11405.8,390371.0,81107.0,0.4168,9400.0,7100.0,700.0,0.0912136633394395,
E09000003,Barnet,2022,England,London,life-satisfaction,6.95,0.2066326530612244,6.54,7.35,49.0,3.0,46.0,10985.0,11405.8,390371.0,81107.0,0.4168,9400.0,7100.0,700.0,0.0912136633394395,
E09000003,Barnet,2022,England,London,worthwhile,7.44,0.2295918367346937,6.99,7.89,49.0,3.0,46.0,10985.0,11405.8,390371.0,81107.0,0.4168,9400.0,7100.0,700.0,0.0912136633394395,
E09000003,Barnet,2023,England,London,,,,,,50.0,3.0,47.0,10930.0,10819.6,398191.0,82685.0,0.4457,10000.0,7500.0,550.0,0.0657623416982795,7700.0
E09000004,Bexley,2016,England,London,anxiety,3.16,0.1683673469387755,2.83,3.49,29.0,3.0,26.0,2025.0,1969.2,244006.0,50329.0,0.3782,4600.0,4100.0,500.0,0.1115171834858693,2900.0
E09000004,Bexley,2016,England,London,happiness,7.46,0.1198979591836736,7.22,7.69,29.0,3.0,26.0,2025.0,1969.2,244006.0,50329.0,0.3782,4600.0,4100.0,500.0,0.1115171834858693,2900.0
E09000004,Bexley,2016,England,London,life-satisfaction,7.45,0.0994897959183675,7.26,7.65,29.0,3.0,26.0,2025.0,1969.2,244006.0,50329.0,0.3782,4600.0,4100.0,500.0,0.1115171834858693,2900.0
E09000004,Bexley,2016,England,London,worthwhile,7.83,0.0943877551020408,7.64,8.01,29.0,3.0,26.0,2025.0,1969.2,244006.0,50329.0,0.3782,4600.0,4100.0,500.0,0.1115171834858693,2900.0
E09000004,Bexley,2017,England,London,anxiety,3.04,0.1632653061224489,2.72,3.36,30.0,4.0,26.0,2130.0,2140.0,244494.0,50249.0,0.3817,4500.0,4100.0,600.0,0.1260086664390327,2900.0
E09000004,Bexley,2017,England,London,happiness,7.45,0.1326530612244897,7.19,7.71,30.0,4.0,26.0,2130.0,2140.0,244494.0,50249.0,0.3817,4500.0,4100.0,600.0,0.1260086664390327,2900.0
E09000004,Bexley,2017,England,London,life-satisfaction,7.42,0.1122448979591835,7.2,7.64,30.0,4.0,26.0,2130.0,2140.0,244494.0,50249.0,0.3817,4500.0,4100.0,600.0,0.1260086664390327,2900.0
E09000004,Bexley,2017,England,London,worthwhile,7.79,0.0867346938775509,7.62,7.96,30.0,4.0,26.0,2130.0,2140.0,244494.0,50249.0,0.3817,4500.0,4100.0,600.0,0.1260086664390327,2900.0
E09000004,Bexley,2018,England,London,anxiety,3.21,0.1785714285714286,2.86,3.56,30.0,4.0,26.0,2000.0,1994.6,245244.0,50483.0,0.3855,4800.0,4500.0,500.0,0.1045596022708782,3100.0
E09000004,Bexley,2018,England,London,happiness,7.55,0.1122448979591835,7.33,7.77,30.0,4.0,26.0,2000.0,1994.6,245244.0,50483.0,0.3855,4800.0,4500.0,500.0,0.1045596022708782,3100.0
E09000004,Bexley,2018,England,London,life-satisfaction,7.54,0.0943877551020408,7.36,7.73,30.0,4.0,26.0,2000.0,1994.6,245244.0,50483.0,0.3855,4800.0,4500.0,500.0,0.1045596022708782,3100.0
E09000004,Bexley,2018,England,London,worthwhile,7.83,0.0867346938775509,7.66,8.0,30.0,4.0,26.0,2000.0,1994.6,245244.0,50483.0,0.3855,4800.0,4500.0,500.0,0.1045596022708782,3100.0
E09000004,Bexley,2019,England,London,anxiety,3.1,0.1683673469387755,2.77,3.43,31.0,5.0,26.0,3250.0,2835.8,246622.0,50776.0,0.3913,5200.0,4800.0,600.0,0.1084542744785559,3100.0
E09000004,Bexley,2019,England,London,happiness,7.59,0.1377551020408163,7.32,7.86,31.0,5.0,26.0,3250.0,2835.8,246622.0,50776.0,0.3913,5200.0,4800.0,600.0,0.1084542744785559,3100.0
E09000004,Bexley,2019,England,London,life-satisfaction,7.73,0.1071428571428573,7.52,7.94,31.0,5.0,26.0,3250.0,2835.8,246622.0,50776.0,0.3913,5200.0,4800.0,600.0,0.1084542744785559,3100.0
E09000004,Bexley,2019,England,London,worthwhile,7.97,0.0994897959183672,7.78,8.17,31.0,5.0,26.0,3250.0,2835.8,246622.0,50776.0,0.3913,5200.0,4800.0,600.0,0.1084542744785559,3100.0
E09000004,Bexley,2020,England,London,anxiety,3.05,0.211734693877551,2.64,3.47,31.0,5.0,26.0,8915.0,7285.0,246924.0,50784.0,0.3966,5300.0,4700.0,750.0,0.1394383080041741,3200.0
E09000004,Bexley,2020,England,London,happiness,7.42,0.142857142857143,7.14,7.7,31.0,5.0,26.0,8915.0,7285.0,246924.0,50784.0,0.3966,5300.0,4700.0,750.0,0.1394383080041741,3200.0
E09000004,Bexley,2020,England,London,life-satisfaction,7.53,0.1147959183673469,7.31,7.76,31.0,5.0,26.0,8915.0,7285.0,246924.0,50784.0,0.3966,5300.0,4700.0,750.0,0.1394383080041741,3200.0
E09000004,Bexley,2020,England,London,worthwhile,7.81,0.1352040816326531,7.54,8.07,31.0,5.0,26.0,8915.0,7285.0,246924.0,50784.0,0.3966,5300.0,4700.0,750.0,0.1394383080041741,3200.0
E09000004,Bexley,2021,England,London,anxiety,3.0,0.2015306122448979,2.61,3.4,31.0,5.0,26.0,5570.0,7552.5,246637.0,50508.0,0.4021,5000.0,4700.0,,,3200.0
E09000004,Bexley,2021,England,London,happiness,7.26,0.1683673469387755,6.93,7.59,31.0,5.0,26.0,5570.0,7552.5,246637.0,50508.0,0.4021,5000.0,4700.0,,,3200.0
E09000004,Bexley,2021,England,London,life-satisfaction,7.43,0.1249999999999998,7.19,7.68,31.0,5.0,26.0,5570.0,7552.5,246637.0,50508.0,0.4021,5000.0,4700.0,,,3200.0
E09000004,Bexley,2021,England,London,worthwhile,7.72,0.1249999999999998,7.48,7.97,31.0,5.0,26.0,5570.0,7552.5,246637.0,50508.0,0.4021,5000.0,4700.0,,,3200.0
E09000004,Bexley,2022,England,London,anxiety,3.08,0.2295918367346938,2.63,3.53,31.0,5.0,26.0,4705.0,4832.5,247875.0,50950.0,0.4168,4700.0,4300.0,850.0,0.163588369672983,3200.0
E09000004,Bexley,2022,England,London,happiness,7.39,0.1658163265306121,7.07,7.72,31.0,5.0,26.0,4705.0,4832.5,247875.0,50950.0,0.4168,4700.0,4300.0,850.0,0.163588369672983,3200.0
E09000004,Bexley,2022,England,London,life-satisfaction,7.29,0.1275510204081632,7.04,7.54,31.0,5.0,26.0,4705.0,4832.5,247875.0,50950.0,0.4168,4700.0,4300.0,850.0,0.163588369672983,3200.0
E09000004,Bexley,2022,England,London,worthwhile,7.65,0.1428571428571427,7.37,7.93,31.0,5.0,26.0,4705.0,4832.5,247875.0,50950.0,0.4168,4700.0,4300.0,850.0,0.163588369672983,3200.0
E09000004,Bexley,2023,England,London,,,,,,32.0,5.0,27.0,4980.0,4822.9,252124.0,51663.0,0.4457,4800.0,4300.0,600.0,0.1218016454403288,3400.0
E09000005,Brent,2016,England,London,anxiety,2.69,0.1581632653061224,2.38,3.0,35.0,3.0,32.0,5065.0,5321.7,339524.0,68684.0,0.3782,5600.0,5100.0,,,
E09000005,Brent,2016,England,London,happiness,7.58,0.1096938775510203,7.37,7.8,35.0,3.0,32.0,5065.0,5321.7,339524.0,68684.0,0.3782,5600.0,5100.0,,,
E09000005,Brent,2016,England,London,life-satisfaction,7.67,0.1020408163265307,7.47,7.87,35.0,3.0,32.0,5065.0,5321.7,339524.0,68684.0,0.3782,5600.0,5100.0,,,
E09000005,Brent,2016,England,London,worthwhile,7.68,0.0943877551020408,7.49,7.86,35.0,3.0,32.0,5065.0,5321.7,339524.0,68684.0,0.3782,5600.0,5100.0,,,
E09000005,Brent,2017,England,London,anxiety,2.71,0.1811224489795918,2.35,3.06,36.0,3.0,33.0,4775.0,4998.8,342439.0,69206.0,0.3817,5800.0,5200.0,,,3800.0
E09000005,Brent,2017,England,London,happiness,7.7,0.1096938775510203,7.48,7.91,36.0,3.0,33.0,4775.0,4998.8,342439.0,69206.0,0.3817,5800.0,5200.0,,,3800.0
E09000005,Brent,2017,England,London,life-satisfaction,7.79,0.0892857142857141,7.61,7.96,36.0,3.0,33.0,4775.0,4998.8,342439.0,69206.0,0.3817,5800.0,5200.0,,,3800.0
E09000005,Brent,2017,England,London,worthwhile,7.89,0.0943877551020408,7.7,8.07,36.0,3.0,33.0,4775.0,4998.8,342439.0,69206.0,0.3817,5800.0,5200.0,,,3800.0
E09000005,Brent,2018,England,London,anxiety,2.4,0.1683673469387755,2.07,2.73,37.0,4.0,33.0,4805.0,4800.4,345558.0,69152.0,0.3855,5600.0,5200.0,,,3700.0
E09000005,Brent,2018,England,London,happiness,7.84,0.1122448979591837,7.62,8.06,37.0,4.0,33.0,4805.0,4800.4,345558.0,69152.0,0.3855,5600.0,5200.0,,,3700.0
E09000005,Brent,2018,England,London,life-satisfaction,7.71,0.0867346938775509,7.54,7.88,37.0,4.0,33.0,4805.0,4800.4,345558.0,69152.0,0.3855,5600.0,5200.0,,,3700.0
E09000005,Brent,2018,England,London,worthwhile,7.84,0.0867346938775509,7.67,8.01,37.0,4.0,33.0,4805.0,4800.4,345558.0,69152.0,0.3855,5600.0,5200.0,,,3700.0
E09000005,Brent,2019,England,London,anxiety,3.27,0.2270408163265306,2.83,3.72,38.0,4.0,34.0,7240.0,6297.1,347424.0,68282.0,0.3913,5800.0,4900.0,,,3700.0
E09000005,Brent,2019,England,London,happiness,7.77,0.1479591836734694,7.48,8.06,38.0,4.0,34.0,7240.0,6297.1,347424.0,68282.0,0.3913,5800.0,4900.0,,,3700.0
E09000005,Brent,2019,England,London,life-satisfaction,7.73,0.1249999999999998,7.48,7.97,38.0,4.0,34.0,7240.0,6297.1,347424.0,68282.0,0.3913,5800.0,4900.0,,,3700.0
E09000005,Brent,2019,England,London,worthwhile,7.96,0.1275510204081635,7.71,8.21,38.0,4.0,34.0,7240.0,6297.1,347424.0,68282.0,0.3913,5800.0,4900.0,,,3700.0
E09000005,Brent,2020,England,London,anxiety,3.29,0.25,2.8,3.78,38.0,4.0,34.0,22885.0,17418.3,343988.0,67058.0,0.3966,5700.0,4900.0,,,3700.0
E09000005,Brent,2020,England,London,happiness,7.28,0.2142857142857142,6.86,7.7,38.0,4.0,34.0,22885.0,17418.3,343988.0,67058.0,0.3966,5700.0,4900.0,,,3700.0
E09000005,Brent,2020,England,London,life-satisfaction,7.25,0.155612244897959,6.95,7.56,38.0,4.0,34.0,22885.0,17418.3,343988.0,67058.0,0.3966,5700.0,4900.0,,,3700.0
E09000005,Brent,2020,England,London,worthwhile,7.46,0.1734693877551019,7.12,7.8,38.0,4.0,34.0,22885.0,17418.3,343988.0,67058.0,0.3966,5700.0,4900.0,,,3700.0
E09000005,Brent,2021,England,London,anxiety,3.4,0.2755102040816327,2.86,3.94,39.0,4.0,35.0,16460.0,20916.2,339248.0,64660.0,0.4021,5700.0,4200.0,,,3700.0
E09000005,Brent,2021,England,London,happiness,7.51,0.1887755102040817,7.14,7.88,39.0,4.0,35.0,16460.0,20916.2,339248.0,64660.0,0.4021,5700.0,4200.0,,,3700.0
E09000005,Brent,2021,England,London,life-satisfaction,7.41,0.1964285714285715,7.02,7.79,39.0,4.0,35.0,16460.0,20916.2,339248.0,64660.0,0.4021,5700.0,4200.0,,,3700.0
E09000005,Brent,2021,England,London,worthwhile,7.59,0.2193877551020406,7.16,8.02,39.0,4.0,35.0,16460.0,20916.2,339248.0,64660.0,0.4021,5700.0,4200.0,,,3700.0
E09000005,Brent,2022,England,London,anxiety,3.82,0.3877551020408163,3.06,4.58,42.0,5.0,37.0,14105.0,14528.3,341505.0,65169.0,0.4168,5800.0,4300.0,,,4000.0
E09000005,Brent,2022,England,London,happiness,7.27,0.2908163265306122,6.7,7.84,42.0,5.0,37.0,14105.0,14528.3,341505.0,65169.0,0.4168,5800.0,4300.0,,,4000.0
E09000005,Brent,2022,England,London,life-satisfaction,7.09,0.183673469387755,6.73,7.45,42.0,5.0,37.0,14105.0,14528.3,341505.0,65169.0,0.4168,5800.0,4300.0,,,4000.0
E09000005,Brent,2022,England,London,worthwhile,7.31,0.2755102040816327,6.77,7.85,42.0,5.0,37.0,14105.0,14528.3,341505.0,65169.0,0.4168,5800.0,4300.0,,,4000.0
E09000005,Brent,2023,England,London,,,,,,44.0,5.0,39.0,15200.0,14570.4,348751.0,65793.0,0.4457,6200.0,4700.0,1000.0,0.178467246509299,4200.0
E09000006,Bromley,2016,England,London,anxiety,3.29,0.1581632653061224,2.98,3.6,43.0,4.0,39.0,2270.0,2196.2,327701.0,64888.0,0.3782,6600.0,5900.0,350.0,0.0553924905234708,
E09000006,Bromley,2016,England,London,happiness,7.34,0.125,7.1,7.59,43.0,4.0,39.0,2270.0,2196.2,327701.0,64888.0,0.3782,6600.0,5900.0,350.0,0.0553924905234708,
E09000006,Bromley,2016,England,London,life-satisfaction,7.6,0.0943877551020408,7.42,7.79,43.0,4.0,39.0,2270.0,2196.2,327701.0,64888.0,0.3782,6600.0,5900.0,350.0,0.0553924905234708,
E09000006,Bromley,2016,England,London,worthwhile,7.66,0.1045918367346939,7.45,7.86,43.0,4.0,39.0,2270.0,2196.2,327701.0,64888.0,0.3782,6600.0,5900.0,350.0,0.0553924905234708,
E09000006,Bromley,2017,England,London,anxiety,3.16,0.2168367346938775,2.73,3.58,44.0,5.0,39.0,2215.0,2285.4,329134.0,65564.0,0.3817,6500.0,6000.0,250.0,0.0382770225703794,4800.0
E09000006,Bromley,2017,England,London,happiness,7.35,0.1428571428571427,7.07,7.63,44.0,5.0,39.0,2215.0,2285.4,329134.0,65564.0,0.3817,6500.0,6000.0,250.0,0.0382770225703794,4800.0
E09000006,Bromley,2017,England,London,life-satisfaction,7.31,0.1173469387755102,7.08,7.54,44.0,5.0,39.0,2215.0,2285.4,329134.0,65564.0,0.3817,6500.0,6000.0,250.0,0.0382770225703794,4800.0
E09000006,Bromley,2017,England,London,worthwhile,7.42,0.1403061224489795,7.15,7.7,44.0,5.0,39.0,2215.0,2285.4,329134.0,65564.0,0.3817,6500.0,6000.0,250.0,0.0382770225703794,4800.0
E09000006,Bromley,2018,England,London,anxiety,2.88,0.1887755102040817,2.51,3.25,44.0,5.0,39.0,2865.0,2436.2,330367.0,66200.0,0.3855,6700.0,6000.0,375.0,0.0577495862951888,4700.0
E09000006,Bromley,2018,England,London,happiness,7.47,0.1454081632653062,7.18,7.75,44.0,5.0,39.0,2865.0,2436.2,330367.0,66200.0,0.3855,6700.0,6000.0,375.0,0.0577495862951888,4700.0
E09000006,Bromley,2018,England,London,life-satisfaction,7.57,0.1122448979591837,7.35,7.79,44.0,5.0,39.0,2865.0,2436.2,330367.0,66200.0,0.3855,6700.0,6000.0,375.0,0.0577495862951888,4700.0
E09000006,Bromley,2018,England,London,worthwhile,7.65,0.1403061224489795,7.38,7.93,44.0,5.0,39.0,2865.0,2436.2,330367.0,66200.0,0.3855,6700.0,6000.0,375.0,0.0577495862951888,4700.0
E09000006,Bromley,2019,England,London,anxiety,2.97,0.1658163265306122,2.64,3.29,46.0,6.0,40.0,4085.0,3641.2,331192.0,65846.0,0.3913,6500.0,5800.0,200.0,0.0340254047791501,4300.0
E09000006,Bromley,2019,England,London,happiness,7.4,0.1377551020408163,7.13,7.67,46.0,6.0,40.0,4085.0,3641.2,331192.0,65846.0,0.3913,6500.0,5800.0,200.0,0.0340254047791501,4300.0
E09000006,Bromley,2019,England,London,life-satisfaction,7.66,0.1198979591836734,7.42,7.89,46.0,6.0,40.0,4085.0,3641.2,331192.0,65846.0,0.3913,6500.0,5800.0,200.0,0.0340254047791501,4300.0
E09000006,Bromley,2019,England,London,worthwhile,7.79,0.1045918367346939,7.58,7.99,46.0,6.0,40.0,4085.0,3641.2,331192.0,65846.0,0.3913,6500.0,5800.0,200.0,0.0340254047791501,4300.0
E09000006,Bromley,2020,England,London,anxiety,2.95,0.1887755102040815,2.58,3.32,44.0,5.0,39.0,11395.0,9213.8,331247.0,65576.0,0.3966,6700.0,6000.0,200.0,0.0331609594427362,4400.0
E09000006,Bromley,2020,England,London,happiness,7.54,0.1096938775510203,7.33,7.76,44.0,5.0,39.0,11395.0,9213.8,331247.0,65576.0,0.3966,6700.0,6000.0,200.0,0.0331609594427362,4400.0
E09000006,Bromley,2020,England,London,life-satisfaction,7.49,0.1071428571428571,7.28,7.7,44.0,5.0,39.0,11395.0,9213.8,331247.0,65576.0,0.3966,6700.0,6000.0,200.0,0.0331609594427362,4400.0
E09000006,Bromley,2020,England,London,worthwhile,7.66,0.1147959183673467,7.44,7.89,44.0,5.0,39.0,11395.0,9213.8,331247.0,65576.0,0.3966,6700.0,6000.0,200.0,0.0331609594427362,4400.0
E09000006,Bromley,2021,England,London,anxiety,3.31,0.183673469387755,2.95,3.67,48.0,6.0,42.0,7170.0,9607.1,329899.0,64704.0,0.4021,6400.0,5900.0,475.0,0.0757621342063729,4400.0
E09000006,Bromley,2021,England,London,happiness,7.37,0.1326530612244897,7.11,7.63,48.0,6.0,42.0,7170.0,9607.1,329899.0,64704.0,0.4021,6400.0,5900.0,475.0,0.0757621342063729,4400.0
E09000006,Bromley,2021,England,London,life-satisfaction,7.44,0.1224489795918366,7.2,7.68,48.0,6.0,42.0,7170.0,9607.1,329899.0,64704.0,0.4021,6400.0,5900.0,475.0,0.0757621342063729,4400.0
E09000006,Bromley,2021,England,London,worthwhile,7.81,0.1045918367346939,7.6,8.01,48.0,6.0,42.0,7170.0,9607.1,329899.0,64704.0,0.4021,6400.0,5900.0,475.0,0.0757621342063729,4400.0
E09000006,Bromley,2022,England,London,anxiety,3.38,0.211734693877551,2.96,3.79,49.0,8.0,41.0,5905.0,6102.5,329930.0,64697.0,0.4168,6600.0,5900.0,600.0,0.0892420135506476,4700.0
E09000006,Bromley,2022,England,London,happiness,7.35,0.1658163265306123,7.02,7.67,49.0,8.0,41.0,5905.0,6102.5,329930.0,64697.0,0.4168,6600.0,5900.0,600.0,0.0892420135506476,4700.0
E09000006,Bromley,2022,England,London,life-satisfaction,7.33,0.1505102040816326,7.03,7.62,49.0,8.0,41.0,5905.0,6102.5,329930.0,64697.0,0.4168,6600.0,5900.0,600.0,0.0892420135506476,4700.0
E09000006,Bromley,2022,England,London,worthwhile,7.55,0.1479591836734694,7.26,7.84,49.0,8.0,41.0,5905.0,6102.5,329930.0,64697.0,0.4168,6600.0,5900.0,600.0,0.0892420135506476,4700.0
E09000006,Bromley,2023,England,London,,,,,,49.0,8.0,41.0,6445.0,6097.1,332482.0,65078.0,0.4457,6500.0,5400.0,500.0,0.0873765259204145,4600.0
E09000007,Camden,2016,England,London,anxiety,3.38,0.1581632653061224,3.07,3.69,59.0,3.0,56.0,2645.0,2710.4,221024.0,35904.0,0.3782,5200.0,4200.0,,,
E09000007,Camden,2016,England,London,happiness,7.35,0.1147959183673469,7.12,7.57,59.0,3.0,56.0,2645.0,2710.4,221024.0,35904.0,0.3782,5200.0,4200.0,,,
E09000007,Camden,2016,England,London,life-satisfaction,7.56,0.0816326530612243,7.4,7.72,59.0,3.0,56.0,2645.0,2710.4,221024.0,35904.0,0.3782,5200.0,4200.0,,,
E09000007,Camden,2016,England,London,worthwhile,7.71,0.1020408163265307,7.51,7.91,59.0,3.0,56.0,2645.0,2710.4,221024.0,35904.0,0.3782,5200.0,4200.0,,,
E09000007,Camden,2017,England,London,anxiety,3.62,0.1785714285714286,3.27,3.97,57.0,3.0,54.0,2690.0,2702.9,218833.0,35362.0,0.3817,5200.0,4300.0,,,
E09000007,Camden,2017,England,London,happiness,7.11,0.1377551020408163,6.84,7.38,57.0,3.0,54.0,2690.0,2702.9,218833.0,35362.0,0.3817,5200.0,4300.0,,,
E09000007,Camden,2017,England,London,life-satisfaction,7.31,0.1198979591836734,7.08,7.55,57.0,3.0,54.0,2690.0,2702.9,218833.0,35362.0,0.3817,5200.0,4300.0,,,
E09000007,Camden,2017,England,London,worthwhile,7.5,0.125,7.25,7.74,57.0,3.0,54.0,2690.0,2702.9,218833.0,35362.0,0.3817,5200.0,4300.0,,,
E09000007,Camden,2018,England,London,anxiety,3.3,0.1734693877551021,2.96,3.64,58.0,3.0,55.0,2960.0,2801.2,217915.0,34611.0,0.3855,5500.0,4900.0,,,
E09000007,Camden,2018,England,London,happiness,7.38,0.1096938775510203,7.16,7.59,58.0,3.0,55.0,2960.0,2801.2,217915.0,34611.0,0.3855,5500.0,4900.0,,,
E09000007,Camden,2018,England,London,life-satisfaction,7.48,0.0994897959183672,7.28,7.67,58.0,3.0,55.0,2960.0,2801.2,217915.0,34611.0,0.3855,5500.0,4900.0,,,
E09000007,Camden,2018,England,London,worthwhile,7.63,0.1122448979591835,7.41,7.85,58.0,3.0,55.0,2960.0,2801.2,217915.0,34611.0,0.3855,5500.0,4900.0,,,
E09000007,Camden,2019,England,London,anxiety,3.47,0.1683673469387754,3.14,3.8,59.0,4.0,55.0,4140.0,3724.2,217136.0,34025.0,0.3913,5300.0,4300.0,,,
E09000007,Camden,2019,England,London,happiness,7.05,0.1377551020408163,6.78,7.32,59.0,4.0,55.0,4140.0,3724.2,217136.0,34025.0,0.3913,5300.0,4300.0,,,
E09000007,Camden,2019,England,London,life-satisfaction,7.26,0.1173469387755102,7.03,7.49,59.0,4.0,55.0,4140.0,3724.2,217136.0,34025.0,0.3913,5300.0,4300.0,,,
E09000007,Camden,2019,England,London,worthwhile,7.47,0.1224489795918366,7.23,7.71,59.0,4.0,55.0,4140.0,3724.2,217136.0,34025.0,0.3913,5300.0,4300.0,,,
E09000007,Camden,2020,England,London,anxiety,3.64,0.2346938775510202,3.18,4.1,61.0,5.0,56.0,11220.0,8811.2,214768.0,33391.0,0.3966,5500.0,4000.0,,,
E09000007,Camden,2020,England,London,happiness,6.92,0.211734693877551,6.5,7.33,61.0,5.0,56.0,11220.0,8811.2,214768.0,33391.0,0.3966,5500.0,4000.0,,,
E09000007,Camden,2020,England,London,life-satisfaction,6.77,0.2066326530612244,6.37,7.18,61.0,5.0,56.0,11220.0,8811.2,214768.0,33391.0,0.3966,5500.0,4000.0,,,
E09000007,Camden,2020,England,London,worthwhile,7.26,0.2015306122448979,6.86,7.65,61.0,5.0,56.0,11220.0,8811.2,214768.0,33391.0,0.3966,5500.0,4000.0,,,
E09000007,Camden,2021,England,London,anxiety,3.73,0.2448979591836734,3.25,4.21,62.0,5.0,57.0,8410.0,10121.7,210968.0,32331.0,0.4021,5100.0,4000.0,,,
E09000007,Camden,2021,England,London,happiness,7.16,0.1811224489795918,6.81,7.52,62.0,5.0,57.0,8410.0,10121.7,210968.0,32331.0,0.4021,5100.0,4000.0,,,
E09000007,Camden,2021,England,London,life-satisfaction,7.35,0.1479591836734694,7.06,7.64,62.0,5.0,57.0,8410.0,10121.7,210968.0,32331.0,0.4021,5100.0,4000.0,,,
E09000007,Camden,2021,England,London,worthwhile,7.68,0.1658163265306121,7.36,8.01,62.0,5.0,57.0,8410.0,10121.7,210968.0,32331.0,0.4021,5100.0,4000.0,,,
E09000007,Camden,2022,England,London,anxiety,3.37,0.2729591836734693,2.83,3.9,63.0,5.0,58.0,6635.0,7124.6,217352.0,32579.0,0.4168,5600.0,4100.0,,,
E09000007,Camden,2022,England,London,happiness,7.28,0.1709183673469387,6.94,7.61,63.0,5.0,58.0,6635.0,7124.6,217352.0,32579.0,0.4168,5600.0,4100.0,,,
E09000007,Camden,2022,England,London,life-satisfaction,7.29,0.1607142857142857,6.98,7.61,63.0,5.0,58.0,6635.0,7124.6,217352.0,32579.0,0.4168,5600.0,4100.0,,,
E09000007,Camden,2022,England,London,worthwhile,7.46,0.1403061224489795,7.19,7.74,63.0,5.0,58.0,6635.0,7124.6,217352.0,32579.0,0.4168,5600.0,4100.0,,,
E09000007,Camden,2023,England,London,,,,,,63.0,5.0,58.0,6640.0,6640.0,217235.0,31870.0,0.4457,5600.0,4100.0,900.0,0.1792389650460454,4300.0
E09000008,Croydon,2016,England,London,anxiety,3.03,0.1377551020408163,2.76,3.3,43.0,8.0,35.0,6560.0,5484.2,384382.0,82853.0,0.3782,10500.0,8600.0,650.0,0.0680660502452399,7300.0
E09000008,Croydon,2016,England,London,happiness,7.61,0.1045918367346939,7.41,7.82,43.0,8.0,35.0,6560.0,5484.2,384382.0,82853.0,0.3782,10500.0,8600.0,650.0,0.0680660502452399,7300.0
E09000008,Croydon,2016,England,London,life-satisfaction,7.68,0.0892857142857144,7.51,7.86,43.0,8.0,35.0,6560.0,5484.2,384382.0,82853.0,0.3782,10500.0,8600.0,650.0,0.0680660502452399,7300.0
E09000008,Croydon,2016,England,London,worthwhile,7.85,0.0892857142857141,7.68,8.03,43.0,8.0,35.0,6560.0,5484.2,384382.0,82853.0,0.3782,10500.0,8600.0,650.0,0.0680660502452399,7300.0
E09000008,Croydon,2017,England,London,anxiety,3.26,0.1505102040816326,2.97,3.56,45.0,8.0,37.0,8700.0,8302.5,385567.0,82860.0,0.3817,11000.0,9400.0,1000.0,0.0973133181629094,7800.0
E09000008,Croydon,2017,England,London,happiness,7.39,0.1122448979591837,7.17,7.61,45.0,8.0,37.0,8700.0,8302.5,385567.0,82860.0,0.3817,11000.0,9400.0,1000.0,0.0973133181629094,7800.0
E09000008,Croydon,2017,England,London,life-satisfaction,7.49,0.0918367346938776,7.31,7.67,45.0,8.0,37.0,8700.0,8302.5,385567.0,82860.0,0.3817,11000.0,9400.0,1000.0,0.0973133181629094,7800.0
E09000008,Croydon,2017,England,London,worthwhile,7.58,0.0943877551020408,7.39,7.76,45.0,8.0,37.0,8700.0,8302.5,385567.0,82860.0,0.3817,11000.0,9400.0,1000.0,0.0973133181629094,7800.0
E09000008,Croydon,2018,England,London,anxiety,2.93,0.1964285714285714,2.54,3.31,45.0,8.0,37.0,9460.0,9460.4,386999.0,82521.0,0.3855,11500.0,9800.0,950.0,0.0898959686352004,7800.0
E09000008,Croydon,2018,England,London,happiness,7.78,0.1198979591836734,7.54,8.01,45.0,8.0,37.0,9460.0,9460.4,386999.0,82521.0,0.3855,11500.0,9800.0,950.0,0.0898959686352004,7800.0
E09000008,Croydon,2018,England,London,life-satisfaction,7.69,0.1045918367346939,7.49,7.9,45.0,8.0,37.0,9460.0,9460.4,386999.0,82521.0,0.3855,11500.0,9800.0,950.0,0.0898959686352004,7800.0
E09000008,Croydon,2018,England,London,worthwhile,7.81,0.1045918367346936,7.61,8.02,45.0,8.0,37.0,9460.0,9460.4,386999.0,82521.0,0.3855,11500.0,9800.0,950.0,0.0898959686352004,7800.0
E09000008,Croydon,2019,England,London,anxiety,2.47,0.1862244897959183,2.1,2.83,46.0,9.0,37.0,10525.0,10216.7,390643.0,82409.0,0.3913,12000.0,10000.0,1000.0,0.0911224093945461,8300.0
E09000008,Croydon,2019,England,London,happiness,7.56,0.1301020408163267,7.31,7.82,46.0,9.0,37.0,10525.0,10216.7,390643.0,82409.0,0.3913,12000.0,10000.0,1000.0,0.0911224093945461,8300.0
E09000008,Croydon,2019,England,London,life-satisfaction,7.72,0.1045918367346939,7.51,7.92,46.0,9.0,37.0,10525.0,10216.7,390643.0,82409.0,0.3913,12000.0,10000.0,1000.0,0.0911224093945461,8300.0
E09000008,Croydon,2019,England,London,worthwhile,7.85,0.0918367346938774,7.67,8.03,46.0,9.0,37.0,10525.0,10216.7,390643.0,82409.0,0.3913,12000.0,10000.0,1000.0,0.0911224093945461,8300.0
E09000008,Croydon,2020,England,London,anxiety,2.98,0.2448979591836734,2.5,3.46,50.0,10.0,40.0,23000.0,19018.8,392101.0,81788.0,0.3966,12500.0,10000.0,1000.0,0.0885202222314077,8300.0
E09000008,Croydon,2020,England,London,happiness,7.38,0.1479591836734694,7.09,7.67,50.0,10.0,40.0,23000.0,19018.8,392101.0,81788.0,0.3966,12500.0,10000.0,1000.0,0.0885202222314077,8300.0
E09000008,Croydon,2020,England,London,life-satisfaction,7.51,0.1224489795918368,7.27,7.75,50.0,10.0,40.0,23000.0,19018.8,392101.0,81788.0,0.3966,12500.0,10000.0,1000.0,0.0885202222314077,8300.0
E09000008,Croydon,2020,England,London,worthwhile,7.6,0.1326530612244899,7.34,7.86,50.0,10.0,40.0,23000.0,19018.8,392101.0,81788.0,0.3966,12500.0,10000.0,1000.0,0.0885202222314077,8300.0
E09000008,Croydon,2021,England,London,anxiety,3.5,0.2602040816326529,2.99,4.01,52.0,11.0,41.0,16660.0,20493.3,390691.0,80108.0,0.4021,11000.0,9400.0,1000.0,0.0987253576187406,7900.0
E09000008,Croydon,2021,England,London,happiness,7.21,0.1862244897959185,6.85,7.58,52.0,11.0,41.0,16660.0,20493.3,390691.0,80108.0,0.4021,11000.0,9400.0,1000.0,0.0987253576187406,7900.0
E09000008,Croydon,2021,England,London,life-satisfaction,7.47,0.1326530612244899,7.21,7.73,52.0,11.0,41.0,16660.0,20493.3,390691.0,80108.0,0.4021,11000.0,9400.0,1000.0,0.0987253576187406,7900.0
E09000008,Croydon,2021,England,London,worthwhile,7.71,0.1352040816326531,7.45,7.98,52.0,11.0,41.0,16660.0,20493.3,390691.0,80108.0,0.4021,11000.0,9400.0,1000.0,0.0987253576187406,7900.0
E09000008,Croydon,2022,England,London,anxiety,3.95,0.2423469387755101,3.48,4.43,55.0,12.0,43.0,13830.0,14445.8,393547.0,80437.0,0.4168,11000.0,9200.0,1400.0,0.1291643278709238,7900.0
E09000008,Croydon,2022,England,London,happiness,7.11,0.1887755102040817,6.74,7.48,55.0,12.0,43.0,13830.0,14445.8,393547.0,80437.0,0.4168,11000.0,9200.0,1400.0,0.1291643278709238,7900.0
E09000008,Croydon,2022,England,London,life-satisfaction,6.97,0.1709183673469387,6.63,7.3,55.0,12.0,43.0,13830.0,14445.8,393547.0,80437.0,0.4168,11000.0,9200.0,1400.0,0.1291643278709238,7900.0
E09000008,Croydon,2022,England,London,worthwhile,7.64,0.125,7.39,7.88,55.0,12.0,43.0,13830.0,14445.8,393547.0,80437.0,0.4168,11000.0,9200.0,1400.0,0.1291643278709238,7900.0
E09000008,Croydon,2023,England,London,,,,,,58.0,12.0,46.0,14565.0,14278.8,402217.0,81990.0,0.4457,11500.0,9900.0,1400.0,0.124203616469779,8900.0
E09000009,Ealing,2016,England,London,anxiety,3.35,0.183673469387755,2.99,3.71,33.0,4.0,29.0,4750.0,5003.8,362163.0,74650.0,0.3782,5500.0,4800.0,,,
E09000009,Ealing,2016,England,London,happiness,7.35,0.1428571428571427,7.07,7.63,33.0,4.0,29.0,4750.0,5003.8,362163.0,74650.0,0.3782,5500.0,4800.0,,,
E09000009,Ealing,2016,England,London,life-satisfaction,7.42,0.125,7.17,7.66,33.0,4.0,29.0,4750.0,5003.8,362163.0,74650.0,0.3782,5500.0,4800.0,,,
E09000009,Ealing,2016,England,London,worthwhile,7.7,0.096938775510204,7.51,7.89,33.0,4.0,29.0,4750.0,5003.8,362163.0,74650.0,0.3782,5500.0,4800.0,,,
E09000009,Ealing,2017,England,London,anxiety,3.23,0.1632653061224489,2.91,3.55,37.0,4.0,33.0,4900.0,5003.3,362670.0,74572.0,0.3817,6200.0,5800.0,,,4200.0
E09000009,Ealing,2017,England,London,happiness,7.69,0.1301020408163264,7.44,7.95,37.0,4.0,33.0,4900.0,5003.3,362670.0,74572.0,0.3817,6200.0,5800.0,,,4200.0
E09000009,Ealing,2017,England,London,life-satisfaction,7.55,0.1352040816326529,7.28,7.81,37.0,4.0,33.0,4900.0,5003.3,362670.0,74572.0,0.3817,6200.0,5800.0,,,4200.0
E09000009,Ealing,2017,England,London,worthwhile,7.84,0.1147959183673469,7.61,8.06,37.0,4.0,33.0,4900.0,5003.3,362670.0,74572.0,0.3817,6200.0,5800.0,,,4200.0
E09000009,Ealing,2018,England,London,anxiety,3.4,0.1887755102040817,3.03,3.77,37.0,4.0,33.0,6365.0,5586.7,364208.0,74140.0,0.3855,6100.0,5700.0,,,4000.0
E09000009,Ealing,2018,England,London,happiness,7.61,0.1198979591836734,7.37,7.84,37.0,4.0,33.0,6365.0,5586.7,364208.0,74140.0,0.3855,6100.0,5700.0,,,4000.0
E09000009,Ealing,2018,England,London,life-satisfaction,7.53,0.1122448979591837,7.31,7.75,37.0,4.0,33.0,6365.0,5586.7,364208.0,74140.0,0.3855,6100.0,5700.0,,,4000.0
E09000009,Ealing,2018,England,London,worthwhile,7.97,0.0943877551020408,7.79,8.16,37.0,4.0,33.0,6365.0,5586.7,364208.0,74140.0,0.3855,6100.0,5700.0,,,4000.0
E09000009,Ealing,2019,England,London,anxiety,2.98,0.1734693877551019,2.64,3.32,38.0,5.0,33.0,7740.0,7266.2,367284.0,74021.0,0.3913,6900.0,6600.0,,,4300.0
E09000009,Ealing,2019,England,London,happiness,7.48,0.1479591836734692,7.19,7.77,38.0,5.0,33.0,7740.0,7266.2,367284.0,74021.0,0.3913,6900.0,6600.0,,,4300.0
E09000009,Ealing,2019,England,London,life-satisfaction,7.61,0.1224489795918366,7.37,7.85,38.0,5.0,33.0,7740.0,7266.2,367284.0,74021.0,0.3913,6900.0,6600.0,,,4300.0
E09000009,Ealing,2019,England,London,worthwhile,7.75,0.1122448979591835,7.53,7.97,38.0,5.0,33.0,7740.0,7266.2,367284.0,74021.0,0.3913,6900.0,6600.0,,,4300.0
E09000009,Ealing,2020,England,London,anxiety,3.28,0.2474489795918368,2.8,3.77,40.0,7.0,33.0,21755.0,16944.6,367936.0,73126.0,0.3966,7000.0,6600.0,,,4300.0
E09000009,Ealing,2020,England,London,happiness,7.32,0.1709183673469387,6.99,7.66,40.0,7.0,33.0,21755.0,16944.6,367936.0,73126.0,0.3966,7000.0,6600.0,,,4300.0
E09000009,Ealing,2020,England,London,life-satisfaction,7.21,0.1377551020408163,6.94,7.48,40.0,7.0,33.0,21755.0,16944.6,367936.0,73126.0,0.3966,7000.0,6600.0,,,4300.0
E09000009,Ealing,2020,England,London,worthwhile,7.64,0.1479591836734694,7.35,7.93,40.0,7.0,33.0,21755.0,16944.6,367936.0,73126.0,0.3966,7000.0,6600.0,,,4300.0
E09000009,Ealing,2021,England,London,anxiety,3.3,0.2244897959183674,2.86,3.74,40.0,7.0,33.0,15750.0,19704.2,366762.0,71338.0,0.4021,5900.0,5000.0,,,3800.0
E09000009,Ealing,2021,England,London,happiness,7.6,0.1734693877551022,7.26,7.94,40.0,7.0,33.0,15750.0,19704.2,366762.0,71338.0,0.4021,5900.0,5000.0,,,3800.0
E09000009,Ealing,2021,England,London,life-satisfaction,7.69,0.1198979591836734,7.45,7.92,40.0,7.0,33.0,15750.0,19704.2,366762.0,71338.0,0.4021,5900.0,5000.0,,,3800.0
E09000009,Ealing,2021,England,London,worthwhile,7.93,0.1224489795918366,7.69,8.17,40.0,7.0,33.0,15750.0,19704.2,366762.0,71338.0,0.4021,5900.0,5000.0,,,3800.0
E09000009,Ealing,2022,England,London,anxiety,3.64,0.3035714285714286,3.04,4.23,40.0,7.0,33.0,13060.0,13770.8,370315.0,71732.0,0.4168,5400.0,4600.0,,,3600.0
E09000009,Ealing,2022,England,London,happiness,7.25,0.1938775510204081,6.87,7.63,40.0,7.0,33.0,13060.0,13770.8,370315.0,71732.0,0.4168,5400.0,4600.0,,,3600.0
E09000009,Ealing,2022,England,London,life-satisfaction,7.28,0.2040816326530611,6.88,7.68,40.0,7.0,33.0,13060.0,13770.8,370315.0,71732.0,0.4168,5400.0,4600.0,,,3600.0
E09000009,Ealing,2022,England,London,worthwhile,7.48,0.2142857142857144,7.06,7.9,40.0,7.0,33.0,13060.0,13770.8,370315.0,71732.0,0.4168,5400.0,4600.0,,,3600.0
E09000009,Ealing,2023,England,London,,,,,,43.0,7.0,36.0,14045.0,13550.4,379203.0,72641.0,0.4457,6100.0,5000.0,900.0,0.1520529412806013,4400.0
E09000010,Enfield,2016,England,London,anxiety,2.96,0.1760204081632653,2.62,3.31,33.0,4.0,29.0,4505.0,4694.2,333295.0,75754.0,0.3782,6700.0,6200.0,500.0,0.0746554189022639,4600.0
E09000010,Enfield,2016,England,London,happiness,7.23,0.153061224489796,6.93,7.53,33.0,4.0,29.0,4505.0,4694.2,333295.0,75754.0,0.3782,6700.0,6200.0,500.0,0.0746554189022639,4600.0
E09000010,Enfield,2016,England,London,life-satisfaction,7.29,0.1224489795918368,7.05,7.53,33.0,4.0,29.0,4505.0,4694.2,333295.0,75754.0,0.3782,6700.0,6200.0,500.0,0.0746554189022639,4600.0
E09000010,Enfield,2016,England,London,worthwhile,7.81,0.1071428571428571,7.6,8.02,33.0,4.0,29.0,4505.0,4694.2,333295.0,75754.0,0.3782,6700.0,6200.0,500.0,0.0746554189022639,4600.0
E09000010,Enfield,2017,England,London,anxiety,2.63,0.1683673469387755,2.3,2.96,34.0,5.0,29.0,4425.0,4584.6,333077.0,75785.0,0.3817,7000.0,6300.0,550.0,0.0826120821807986,4700.0
E09000010,Enfield,2017,England,London,happiness,7.68,0.1224489795918366,7.44,7.92,34.0,5.0,29.0,4425.0,4584.6,333077.0,75785.0,0.3817,7000.0,6300.0,550.0,0.0826120821807986,4700.0
E09000010,Enfield,2017,England,London,life-satisfaction,7.34,0.1020408163265307,7.14,7.54,34.0,5.0,29.0,4425.0,4584.6,333077.0,75785.0,0.3817,7000.0,6300.0,550.0,0.0826120821807986,4700.0
E09000010,Enfield,2017,England,London,worthwhile,7.98,0.0892857142857144,7.8,8.15,34.0,5.0,29.0,4425.0,4584.6,333077.0,75785.0,0.3817,7000.0,6300.0,550.0,0.0826120821807986,4700.0
E09000010,Enfield,2018,England,London,anxiety,2.96,0.183673469387755,2.6,3.32,34.0,5.0,29.0,5840.0,5267.1,334000.0,75987.0,0.3855,7600.0,6900.0,550.0,0.0764995513874473,4900.0
E09000010,Enfield,2018,England,London,happiness,7.35,0.1505102040816326,7.05,7.64,34.0,5.0,29.0,5840.0,5267.1,334000.0,75987.0,0.3855,7600.0,6900.0,550.0,0.0764995513874473,4900.0
E09000010,Enfield,2018,England,London,life-satisfaction,7.37,0.1224489795918368,7.13,7.61,34.0,5.0,29.0,5840.0,5267.1,334000.0,75987.0,0.3855,7600.0,6900.0,550.0,0.0764995513874473,4900.0
E09000010,Enfield,2018,England,London,worthwhile,7.68,0.1224489795918366,7.44,7.92,34.0,5.0,29.0,5840.0,5267.1,334000.0,75987.0,0.3855,7600.0,6900.0,550.0,0.0764995513874473,4900.0
E09000010,Enfield,2019,England,London,anxiety,3.12,0.2066326530612244,2.72,3.53,34.0,5.0,29.0,7295.0,6786.2,335151.0,75584.0,0.3913,8500.0,7300.0,500.0,0.0666195410298462,5400.0
E09000010,Enfield,2019,England,London,happiness,7.27,0.1581632653061224,6.96,7.58,34.0,5.0,29.0,7295.0,6786.2,335151.0,75584.0,0.3913,8500.0,7300.0,500.0,0.0666195410298462,5400.0
E09000010,Enfield,2019,England,London,life-satisfaction,7.2,0.125,6.95,7.44,34.0,5.0,29.0,7295.0,6786.2,335151.0,75584.0,0.3913,8500.0,7300.0,500.0,0.0666195410298462,5400.0
E09000010,Enfield,2019,England,London,worthwhile,7.6,0.1301020408163264,7.34,7.85,34.0,5.0,29.0,7295.0,6786.2,335151.0,75584.0,0.3913,8500.0,7300.0,500.0,0.0666195410298462,5400.0
E09000010,Enfield,2020,England,London,anxiety,3.51,0.2321428571428571,3.06,3.97,34.0,5.0,29.0,19410.0,15351.2,333149.0,74587.0,0.3966,8700.0,7700.0,550.0,0.0678296756761948,5500.0
E09000010,Enfield,2020,England,London,happiness,6.96,0.1811224489795918,6.6,7.31,34.0,5.0,29.0,19410.0,15351.2,333149.0,74587.0,0.3966,8700.0,7700.0,550.0,0.0678296756761948,5500.0
E09000010,Enfield,2020,England,London,life-satisfaction,6.86,0.1352040816326531,6.59,7.12,34.0,5.0,29.0,19410.0,15351.2,333149.0,74587.0,0.3966,8700.0,7700.0,550.0,0.0678296756761948,5500.0
E09000010,Enfield,2020,England,London,worthwhile,7.62,0.1403061224489795,7.34,7.89,34.0,5.0,29.0,19410.0,15351.2,333149.0,74587.0,0.3966,8700.0,7700.0,550.0,0.0678296756761948,5500.0
E09000010,Enfield,2021,England,London,anxiety,3.2,0.2219387755102041,2.76,3.63,35.0,5.0,30.0,14440.0,17885.0,329876.0,72381.0,0.4021,8000.0,6800.0,1200.0,0.1478285861331887,5300.0
E09000010,Enfield,2021,England,London,happiness,7.33,0.1964285714285713,6.95,7.72,35.0,5.0,30.0,14440.0,17885.0,329876.0,72381.0,0.4021,8000.0,6800.0,1200.0,0.1478285861331887,5300.0
E09000010,Enfield,2021,England,London,life-satisfaction,7.41,0.1326530612244897,7.15,7.67,35.0,5.0,30.0,14440.0,17885.0,329876.0,72381.0,0.4021,8000.0,6800.0,1200.0,0.1478285861331887,5300.0
E09000010,Enfield,2021,England,London,worthwhile,7.7,0.1326530612244897,7.44,7.96,35.0,5.0,30.0,14440.0,17885.0,329876.0,72381.0,0.4021,8000.0,6800.0,1200.0,0.1478285861331887,5300.0
E09000010,Enfield,2022,England,London,anxiety,2.33,0.2346938775510204,1.87,2.79,35.0,6.0,29.0,11960.0,12805.0,326867.0,71539.0,0.4168,8200.0,6800.0,,,5800.0
E09000010,Enfield,2022,England,London,happiness,7.41,0.1913265306122449,7.03,7.78,35.0,6.0,29.0,11960.0,12805.0,326867.0,71539.0,0.4168,8200.0,6800.0,,,5800.0
E09000010,Enfield,2022,England,London,life-satisfaction,7.41,0.1734693877551019,7.07,7.75,35.0,6.0,29.0,11960.0,12805.0,326867.0,71539.0,0.4168,8200.0,6800.0,,,5800.0
E09000010,Enfield,2022,England,London,worthwhile,7.8,0.1530612244897958,7.5,8.1,35.0,6.0,29.0,11960.0,12805.0,326867.0,71539.0,0.4168,8200.0,6800.0,,,5800.0
E09000010,Enfield,2023,England,London,,,,,,35.0,6.0,29.0,12605.0,12218.3,328014.0,71170.0,0.4457,8800.0,7800.0,1000.0,0.1157505597293754,6200.0
E09000011,Greenwich,2016,England,London,anxiety,3.37,0.1964285714285713,2.99,3.76,35.0,4.0,31.0,3870.0,4000.4,278768.0,60177.0,0.3782,4200.0,3300.0,,,
E09000011,Greenwich,2016,England,London,happiness,7.27,0.1352040816326531,7.01,7.54,35.0,4.0,31.0,3870.0,4000.4,278768.0,60177.0,0.3782,4200.0,3300.0,,,
E09000011,Greenwich,2016,England,London,life-satisfaction,7.27,0.1275510204081632,7.02,7.52,35.0,4.0,31.0,3870.0,4000.4,278768.0,60177.0,0.3782,4200.0,3300.0,,,
E09000011,Greenwich,2016,England,London,worthwhile,7.68,0.0994897959183672,7.49,7.88,35.0,4.0,31.0,3870.0,4000.4,278768.0,60177.0,0.3782,4200.0,3300.0,,,
E09000011,Greenwich,2017,England,London,anxiety,3.15,0.1581632653061224,2.84,3.46,37.0,5.0,32.0,4030.0,4109.2,282376.0,60850.0,0.3817,4800.0,4400.0,,,
E09000011,Greenwich,2017,England,London,happiness,7.44,0.1224489795918366,7.2,7.68,37.0,5.0,32.0,4030.0,4109.2,282376.0,60850.0,0.3817,4800.0,4400.0,,,
E09000011,Greenwich,2017,England,London,life-satisfaction,7.47,0.1122448979591837,7.25,7.69,37.0,5.0,32.0,4030.0,4109.2,282376.0,60850.0,0.3817,4800.0,4400.0,,,
E09000011,Greenwich,2017,England,London,worthwhile,7.73,0.1045918367346939,7.53,7.94,37.0,5.0,32.0,4030.0,4109.2,282376.0,60850.0,0.3817,4800.0,4400.0,,,
E09000011,Greenwich,2018,England,London,anxiety,2.98,0.1709183673469387,2.64,3.31,37.0,5.0,32.0,3950.0,4081.2,285773.0,61123.0,0.3855,4500.0,4200.0,,,3100.0
E09000011,Greenwich,2018,England,London,happiness,7.36,0.1479591836734694,7.07,7.65,37.0,5.0,32.0,3950.0,4081.2,285773.0,61123.0,0.3855,4500.0,4200.0,,,3100.0
E09000011,Greenwich,2018,England,London,life-satisfaction,7.54,0.1147959183673467,7.32,7.77,37.0,5.0,32.0,3950.0,4081.2,285773.0,61123.0,0.3855,4500.0,4200.0,,,3100.0
E09000011,Greenwich,2018,England,London,worthwhile,7.81,0.1122448979591835,7.59,8.03,37.0,5.0,32.0,3950.0,4081.2,285773.0,61123.0,0.3855,4500.0,4200.0,,,3100.0
E09000011,Greenwich,2019,England,London,anxiety,3.49,0.1785714285714285,3.14,3.84,40.0,5.0,35.0,6040.0,5375.8,288205.0,60828.0,0.3913,4800.0,4500.0,,,3100.0
E09000011,Greenwich,2019,England,London,happiness,7.47,0.1173469387755102,7.24,7.7,40.0,5.0,35.0,6040.0,5375.8,288205.0,60828.0,0.3913,4800.0,4500.0,,,3100.0
E09000011,Greenwich,2019,England,London,life-satisfaction,7.48,0.1045918367346939,7.28,7.69,40.0,5.0,35.0,6040.0,5375.8,288205.0,60828.0,0.3913,4800.0,4500.0,,,3100.0
E09000011,Greenwich,2019,England,London,worthwhile,7.89,0.0943877551020408,7.7,8.07,40.0,5.0,35.0,6040.0,5375.8,288205.0,60828.0,0.3913,4800.0,4500.0,,,3100.0
E09000011,Greenwich,2020,England,London,anxiety,3.33,0.2244897959183673,2.89,3.77,42.0,7.0,35.0,16070.0,12844.2,288384.0,60398.0,0.3966,5100.0,4600.0,,,3300.0
E09000011,Greenwich,2020,England,London,happiness,7.42,0.1326530612244897,7.16,7.68,42.0,7.0,35.0,16070.0,12844.2,288384.0,60398.0,0.3966,5100.0,4600.0,,,3300.0
E09000011,Greenwich,2020,England,London,life-satisfaction,7.23,0.1403061224489795,6.95,7.5,42.0,7.0,35.0,16070.0,12844.2,288384.0,60398.0,0.3966,5100.0,4600.0,,,3300.0
E09000011,Greenwich,2020,England,London,worthwhile,7.64,0.1377551020408163,7.37,7.91,42.0,7.0,35.0,16070.0,12844.2,288384.0,60398.0,0.3966,5100.0,4600.0,,,3300.0
E09000011,Greenwich,2021,England,London,anxiety,3.65,0.2346938775510205,3.19,4.11,44.0,7.0,37.0,11365.0,14357.5,289537.0,59179.0,0.4021,4600.0,4100.0,,,3100.0
E09000011,Greenwich,2021,England,London,happiness,7.11,0.1862244897959185,6.75,7.48,44.0,7.0,37.0,11365.0,14357.5,289537.0,59179.0,0.4021,4600.0,4100.0,,,3100.0
E09000011,Greenwich,2021,England,London,life-satisfaction,7.24,0.1377551020408163,6.97,7.51,44.0,7.0,37.0,11365.0,14357.5,289537.0,59179.0,0.4021,4600.0,4100.0,,,3100.0
E09000011,Greenwich,2021,England,London,worthwhile,7.49,0.1352040816326531,7.22,7.75,44.0,7.0,37.0,11365.0,14357.5,289537.0,59179.0,0.4021,4600.0,4100.0,,,3100.0
E09000011,Greenwich,2022,England,London,anxiety,3.39,0.2372448979591836,2.93,3.86,45.0,8.0,37.0,9455.0,9993.8,292381.0,59000.0,0.4168,4600.0,4000.0,,,3100.0
E09000011,Greenwich,2022,England,London,happiness,7.42,0.1607142857142859,7.1,7.73,45.0,8.0,37.0,9455.0,9993.8,292381.0,59000.0,0.4168,4600.0,4000.0,,,3100.0
E09000011,Greenwich,2022,England,London,life-satisfaction,7.48,0.1173469387755102,7.25,7.71,45.0,8.0,37.0,9455.0,9993.8,292381.0,59000.0,0.4168,4600.0,4000.0,,,3100.0
E09000011,Greenwich,2022,England,London,worthwhile,7.74,0.1352040816326531,7.47,8.0,45.0,8.0,37.0,9455.0,9993.8,292381.0,59000.0,0.4168,4600.0,4000.0,,,3100.0
E09000011,Greenwich,2023,England,London,,,,,,45.0,8.0,37.0,10120.0,9754.2,296420.0,58594.0,0.4457,5100.0,4400.0,400.0,0.0817148582044107,3500.0
E09000012,Hackney,2016,England,London,anxiety,3.49,0.1683673469387754,3.16,3.82,32.0,1.0,31.0,4645.0,4863.3,264892.0,54364.0,0.3782,3100.0,2200.0,,,
E09000012,Hackney,2016,England,London,happiness,7.1,0.1301020408163264,6.84,7.35,32.0,1.0,31.0,4645.0,4863.3,264892.0,54364.0,0.3782,3100.0,2200.0,,,
E09000012,Hackney,2016,England,London,life-satisfaction,7.25,0.1020408163265307,7.05,7.45,32.0,1.0,31.0,4645.0,4863.3,264892.0,54364.0,0.3782,3100.0,2200.0,,,
E09000012,Hackney,2016,England,London,worthwhile,7.47,0.096938775510204,7.28,7.66,32.0,1.0,31.0,4645.0,4863.3,264892.0,54364.0,0.3782,3100.0,2200.0,,,
E09000012,Hackney,2017,England,London,anxiety,3.23,0.1607142857142857,2.92,3.55,33.0,1.0,32.0,4820.0,4821.7,264834.0,54167.0,0.3817,3300.0,2600.0,,,2100.0
E09000012,Hackney,2017,England,London,happiness,7.3,0.1275510204081632,7.05,7.55,33.0,1.0,32.0,4820.0,4821.7,264834.0,54167.0,0.3817,3300.0,2600.0,,,2100.0
E09000012,Hackney,2017,England,London,life-satisfaction,7.34,0.1122448979591835,7.12,7.56,33.0,1.0,32.0,4820.0,4821.7,264834.0,54167.0,0.3817,3300.0,2600.0,,,2100.0
E09000012,Hackney,2017,England,London,worthwhile,7.63,0.0994897959183672,7.44,7.83,33.0,1.0,32.0,4820.0,4821.7,264834.0,54167.0,0.3817,3300.0,2600.0,,,2100.0
E09000012,Hackney,2018,England,London,anxiety,3.04,0.1505102040816326,2.75,3.34,34.0,1.0,33.0,5375.0,5063.3,266210.0,54067.0,0.3855,3500.0,3000.0,,,2100.0
E09000012,Hackney,2018,England,London,happiness,7.38,0.1173469387755102,7.15,7.61,34.0,1.0,33.0,5375.0,5063.3,266210.0,54067.0,0.3855,3500.0,3000.0,,,2100.0
E09000012,Hackney,2018,England,London,life-satisfaction,7.5,0.0994897959183675,7.31,7.7,34.0,1.0,33.0,5375.0,5063.3,266210.0,54067.0,0.3855,3500.0,3000.0,,,2100.0
E09000012,Hackney,2018,England,London,worthwhile,7.68,0.1071428571428571,7.47,7.89,34.0,1.0,33.0,5375.0,5063.3,266210.0,54067.0,0.3855,3500.0,3000.0,,,2100.0
E09000012,Hackney,2019,England,London,anxiety,2.92,0.1607142857142857,2.6,3.23,35.0,1.0,34.0,7350.0,6619.2,265825.0,53260.0,0.3913,4000.0,3600.0,,,2500.0
E09000012,Hackney,2019,England,London,happiness,7.14,0.1352040816326531,6.88,7.41,35.0,1.0,34.0,7350.0,6619.2,265825.0,53260.0,0.3913,4000.0,3600.0,,,2500.0
E09000012,Hackney,2019,England,London,life-satisfaction,7.35,0.1147959183673469,7.12,7.57,35.0,1.0,34.0,7350.0,6619.2,265825.0,53260.0,0.3913,4000.0,3600.0,,,2500.0
E09000012,Hackney,2019,England,London,worthwhile,7.48,0.1045918367346939,7.27,7.68,35.0,1.0,34.0,7350.0,6619.2,265825.0,53260.0,0.3913,4000.0,3600.0,,,2500.0
E09000012,Hackney,2020,England,London,anxiety,3.83,0.2193877551020407,3.4,4.26,34.0,1.0,33.0,18805.0,14990.4,263782.0,51938.0,0.3966,4100.0,3400.0,,,2400.0
E09000012,Hackney,2020,England,London,happiness,6.97,0.1683673469387755,6.64,7.3,34.0,1.0,33.0,18805.0,14990.4,263782.0,51938.0,0.3966,4100.0,3400.0,,,2400.0
E09000012,Hackney,2020,England,London,life-satisfaction,6.93,0.153061224489796,6.63,7.23,34.0,1.0,33.0,18805.0,14990.4,263782.0,51938.0,0.3966,4100.0,3400.0,,,2400.0
E09000012,Hackney,2020,England,London,worthwhile,7.6,0.1275510204081632,7.35,7.85,34.0,1.0,33.0,18805.0,14990.4,263782.0,51938.0,0.3966,4100.0,3400.0,,,2400.0
E09000012,Hackney,2021,England,London,anxiety,3.2,0.2525510204081633,2.71,3.7,36.0,2.0,34.0,13085.0,16694.6,260082.0,49780.0,0.4021,4200.0,3400.0,,,2600.0
E09000012,Hackney,2021,England,London,happiness,7.21,0.1836734693877552,6.85,7.57,36.0,2.0,34.0,13085.0,16694.6,260082.0,49780.0,0.4021,4200.0,3400.0,,,2600.0
E09000012,Hackney,2021,England,London,life-satisfaction,7.32,0.1428571428571427,7.04,7.6,36.0,2.0,34.0,13085.0,16694.6,260082.0,49780.0,0.4021,4200.0,3400.0,,,2600.0
E09000012,Hackney,2021,England,London,worthwhile,7.4,0.125,7.16,7.65,36.0,2.0,34.0,13085.0,16694.6,260082.0,49780.0,0.4021,4200.0,3400.0,,,2600.0
E09000012,Hackney,2022,England,London,anxiety,3.37,0.288265306122449,2.8,3.93,37.0,2.0,35.0,11015.0,11547.5,261814.0,49178.0,0.4168,4500.0,3600.0,,,2800.0
E09000012,Hackney,2022,England,London,happiness,7.05,0.2015306122448979,6.65,7.44,37.0,2.0,35.0,11015.0,11547.5,261814.0,49178.0,0.4168,4500.0,3600.0,,,2800.0
E09000012,Hackney,2022,England,London,life-satisfaction,7.14,0.1862244897959182,6.78,7.51,37.0,2.0,35.0,11015.0,11547.5,261814.0,49178.0,0.4168,4500.0,3600.0,,,2800.0
E09000012,Hackney,2022,England,London,worthwhile,7.35,0.1658163265306123,7.02,7.67,37.0,2.0,35.0,11015.0,11547.5,261814.0,49178.0,0.4168,4500.0,3600.0,,,2800.0
E09000012,Hackney,2023,England,London,,,,,,36.0,2.0,34.0,11835.0,11480.8,265411.0,48621.0,0.4457,4900.0,3300.0,750.0,0.1898411265705834,3000.0
E09000013,Hammersmith and Fulham,2016,England,London,anxiety,3.5,0.1938775510204081,3.12,3.88,42.0,0.0,42.0,3085.0,3084.6,187472.0,29888.0,0.3782,2500.0,2300.0,50.0,0.0219790378788806,1600.0
E09000013,Hammersmith and Fulham,2016,England,London,happiness,7.43,0.1556122448979592,7.12,7.73,42.0,0.0,42.0,3085.0,3084.6,187472.0,29888.0,0.3782,2500.0,2300.0,50.0,0.0219790378788806,1600.0
E09000013,Hammersmith and Fulham,2016,England,London,life-satisfaction,7.47,0.1020408163265307,7.27,7.67,42.0,0.0,42.0,3085.0,3084.6,187472.0,29888.0,0.3782,2500.0,2300.0,50.0,0.0219790378788806,1600.0
E09000013,Hammersmith and Fulham,2016,England,London,worthwhile,7.78,0.1096938775510203,7.57,8.0,42.0,0.0,42.0,3085.0,3084.6,187472.0,29888.0,0.3782,2500.0,2300.0,50.0,0.0219790378788806,1600.0
E09000013,Hammersmith and Fulham,2017,England,London,anxiety,3.52,0.2015306122448979,3.12,3.91,42.0,0.0,42.0,4075.0,3809.6,187720.0,30217.0,0.3817,2300.0,2100.0,75.0,0.0310257720052873,1600.0
E09000013,Hammersmith and Fulham,2017,England,London,happiness,7.13,0.1377551020408163,6.86,7.4,42.0,0.0,42.0,4075.0,3809.6,187720.0,30217.0,0.3817,2300.0,2100.0,75.0,0.0310257720052873,1600.0
E09000013,Hammersmith and Fulham,2017,England,London,life-satisfaction,7.34,0.1071428571428571,7.13,7.55,42.0,0.0,42.0,4075.0,3809.6,187720.0,30217.0,0.3817,2300.0,2100.0,75.0,0.0310257720052873,1600.0
E09000013,Hammersmith and Fulham,2017,England,London,worthwhile,7.61,0.1020408163265304,7.41,7.81,42.0,0.0,42.0,4075.0,3809.6,187720.0,30217.0,0.3817,2300.0,2100.0,75.0,0.0310257720052873,1600.0
E09000013,Hammersmith and Fulham,2018,England,London,anxiety,3.45,0.1964285714285714,3.07,3.84,42.0,1.0,41.0,4360.0,4423.3,189037.0,30351.0,0.3855,2300.0,2200.0,50.0,0.0279427230222266,1600.0
E09000013,Hammersmith and Fulham,2018,England,London,happiness,7.6,0.1403061224489795,7.32,7.87,42.0,1.0,41.0,4360.0,4423.3,189037.0,30351.0,0.3855,2300.0,2200.0,50.0,0.0279427230222266,1600.0
E09000013,Hammersmith and Fulham,2018,England,London,life-satisfaction,7.72,0.1045918367346939,7.52,7.93,42.0,1.0,41.0,4360.0,4423.3,189037.0,30351.0,0.3855,2300.0,2200.0,50.0,0.0279427230222266,1600.0
E09000013,Hammersmith and Fulham,2018,England,London,worthwhile,7.83,0.1377551020408163,7.56,8.1,42.0,1.0,41.0,4360.0,4423.3,189037.0,30351.0,0.3855,2300.0,2200.0,50.0,0.0279427230222266,1600.0
E09000013,Hammersmith and Fulham,2019,England,London,anxiety,3.28,0.1811224489795918,2.92,3.63,42.0,1.0,41.0,4565.0,4552.5,188562.0,30012.0,0.3913,2600.0,2400.0,50.0,0.0247097207167537,1700.0
E09000013,Hammersmith and Fulham,2019,England,London,happiness,7.32,0.1301020408163267,7.06,7.57,42.0,1.0,41.0,4565.0,4552.5,188562.0,30012.0,0.3913,2600.0,2400.0,50.0,0.0247097207167537,1700.0
E09000013,Hammersmith and Fulham,2019,England,London,life-satisfaction,7.62,0.1147959183673469,7.39,7.84,42.0,1.0,41.0,4565.0,4552.5,188562.0,30012.0,0.3913,2600.0,2400.0,50.0,0.0247097207167537,1700.0
E09000013,Hammersmith and Fulham,2019,England,London,worthwhile,7.7,0.1198979591836734,7.46,7.93,42.0,1.0,41.0,4565.0,4552.5,188562.0,30012.0,0.3913,2600.0,2400.0,50.0,0.0247097207167537,1700.0
E09000013,Hammersmith and Fulham,2020,England,London,anxiety,3.27,0.2193877551020409,2.84,3.7,42.0,1.0,41.0,10745.0,8636.2,186555.0,29372.0,0.3966,2900.0,2700.0,75.0,0.0262864461750164,1800.0
E09000013,Hammersmith and Fulham,2020,England,London,happiness,7.57,0.1403061224489795,7.29,7.84,42.0,1.0,41.0,10745.0,8636.2,186555.0,29372.0,0.3966,2900.0,2700.0,75.0,0.0262864461750164,1800.0
E09000013,Hammersmith and Fulham,2020,England,London,life-satisfaction,7.49,0.1275510204081632,7.24,7.74,42.0,1.0,41.0,10745.0,8636.2,186555.0,29372.0,0.3966,2900.0,2700.0,75.0,0.0262864461750164,1800.0
E09000013,Hammersmith and Fulham,2020,England,London,worthwhile,7.81,0.1428571428571427,7.53,8.09,42.0,1.0,41.0,10745.0,8636.2,186555.0,29372.0,0.3966,2900.0,2700.0,75.0,0.0262864461750164,1800.0
E09000013,Hammersmith and Fulham,2021,England,London,anxiety,3.51,0.2397959183673469,3.04,3.98,42.0,2.0,40.0,7580.0,9524.2,183310.0,28467.0,0.4021,2700.0,2600.0,300.0,0.1023240894970619,
E09000013,Hammersmith and Fulham,2021,England,London,happiness,7.24,0.2346938775510204,6.78,7.7,42.0,2.0,40.0,7580.0,9524.2,183310.0,28467.0,0.4021,2700.0,2600.0,300.0,0.1023240894970619,
E09000013,Hammersmith and Fulham,2021,England,London,life-satisfaction,7.3,0.155612244897959,6.99,7.6,42.0,2.0,40.0,7580.0,9524.2,183310.0,28467.0,0.4021,2700.0,2600.0,300.0,0.1023240894970619,
E09000013,Hammersmith and Fulham,2021,England,London,worthwhile,7.61,0.1403061224489795,7.33,7.88,42.0,2.0,40.0,7580.0,9524.2,183310.0,28467.0,0.4021,2700.0,2600.0,300.0,0.1023240894970619,
E09000013,Hammersmith and Fulham,2022,England,London,anxiety,3.34,0.2372448979591836,2.87,3.8,42.0,2.0,40.0,6020.0,6439.2,185822.0,28695.0,0.4168,2800.0,2600.0,,,
E09000013,Hammersmith and Fulham,2022,England,London,happiness,7.66,0.1658163265306123,7.34,7.99,42.0,2.0,40.0,6020.0,6439.2,185822.0,28695.0,0.4168,2800.0,2600.0,,,
E09000013,Hammersmith and Fulham,2022,England,London,life-satisfaction,7.51,0.1632653061224489,7.19,7.83,42.0,2.0,40.0,6020.0,6439.2,185822.0,28695.0,0.4168,2800.0,2600.0,,,
E09000013,Hammersmith and Fulham,2022,England,London,worthwhile,7.82,0.1658163265306123,7.5,8.15,42.0,2.0,40.0,6020.0,6439.2,185822.0,28695.0,0.4168,2800.0,2600.0,,,
E09000013,Hammersmith and Fulham,2023,England,London,,,,,,43.0,2.0,41.0,6045.0,5999.6,187479.0,28468.0,0.4457,2800.0,2600.0,250.0,0.0839961942704057,2000.0
E09000014,Haringey,2016,England,London,anxiety,3.01,0.1581632653061223,2.7,3.32,36.0,4.0,32.0,4535.0,4708.3,276262.0,53353.0,0.3782,3300.0,2800.0,175.0,0.0551581470876266,2300.0
E09000014,Haringey,2016,England,London,happiness,7.38,0.1122448979591835,7.16,7.6,36.0,4.0,32.0,4535.0,4708.3,276262.0,53353.0,0.3782,3300.0,2800.0,175.0,0.0551581470876266,2300.0
E09000014,Haringey,2016,England,London,life-satisfaction,7.56,0.1020408163265304,7.36,7.76,36.0,4.0,32.0,4535.0,4708.3,276262.0,53353.0,0.3782,3300.0,2800.0,175.0,0.0551581470876266,2300.0
E09000014,Haringey,2016,England,London,worthwhile,7.67,0.1045918367346939,7.46,7.87,36.0,4.0,32.0,4535.0,4708.3,276262.0,53353.0,0.3782,3300.0,2800.0,175.0,0.0551581470876266,2300.0
E09000014,Haringey,2017,England,London,anxiety,3.34,0.1377551020408163,3.07,3.61,35.0,4.0,31.0,4465.0,4675.4,274463.0,52695.0,0.3817,3600.0,3300.0,225.0,0.0656571388399524,2600.0
E09000014,Haringey,2017,England,London,happiness,7.34,0.1198979591836736,7.1,7.57,35.0,4.0,31.0,4465.0,4675.4,274463.0,52695.0,0.3817,3600.0,3300.0,225.0,0.0656571388399524,2600.0
E09000014,Haringey,2017,England,London,life-satisfaction,7.59,0.1326530612244897,7.33,7.85,35.0,4.0,31.0,4465.0,4675.4,274463.0,52695.0,0.3817,3600.0,3300.0,225.0,0.0656571388399524,2600.0
E09000014,Haringey,2017,England,London,worthwhile,7.72,0.1249999999999998,7.48,7.97,35.0,4.0,31.0,4465.0,4675.4,274463.0,52695.0,0.3817,3600.0,3300.0,225.0,0.0656571388399524,2600.0
E09000014,Haringey,2018,England,London,anxiety,3.07,0.1581632653061224,2.76,3.38,36.0,4.0,32.0,4645.0,4542.1,274240.0,52062.0,0.3855,3500.0,2900.0,250.0,0.0761677527233567,
E09000014,Haringey,2018,England,London,happiness,7.26,0.1301020408163264,7.01,7.52,36.0,4.0,32.0,4645.0,4542.1,274240.0,52062.0,0.3855,3500.0,2900.0,250.0,0.0761677527233567,
E09000014,Haringey,2018,England,London,life-satisfaction,7.35,0.1045918367346936,7.15,7.56,36.0,4.0,32.0,4645.0,4542.1,274240.0,52062.0,0.3855,3500.0,2900.0,250.0,0.0761677527233567,
E09000014,Haringey,2018,England,London,worthwhile,7.72,0.1173469387755102,7.49,7.95,36.0,4.0,32.0,4645.0,4542.1,274240.0,52062.0,0.3855,3500.0,2900.0,250.0,0.0761677527233567,
E09000014,Haringey,2019,England,London,anxiety,3.0,0.1683673469387755,2.67,3.33,36.0,4.0,32.0,6735.0,5967.5,273716.0,51266.0,0.3913,3600.0,2800.0,175.0,0.0619199803336348,2400.0
E09000014,Haringey,2019,England,London,happiness,7.32,0.1249999999999998,7.07,7.56,36.0,4.0,32.0,6735.0,5967.5,273716.0,51266.0,0.3913,3600.0,2800.0,175.0,0.0619199803336348,2400.0
E09000014,Haringey,2019,England,London,life-satisfaction,7.68,0.0918367346938776,7.5,7.86,36.0,4.0,32.0,6735.0,5967.5,273716.0,51266.0,0.3913,3600.0,2800.0,175.0,0.0619199803336348,2400.0
E09000014,Haringey,2019,England,London,worthwhile,7.72,0.1020408163265307,7.52,7.92,36.0,4.0,32.0,6735.0,5967.5,273716.0,51266.0,0.3913,3600.0,2800.0,175.0,0.0619199803336348,2400.0
E09000014,Haringey,2020,England,London,anxiety,3.64,0.2627551020408163,3.13,4.16,37.0,4.0,33.0,20745.0,15768.3,269534.0,49812.0,0.3966,4000.0,3200.0,150.0,0.0482564875460142,2800.0
E09000014,Haringey,2020,England,London,happiness,7.08,0.1454081632653062,6.8,7.37,37.0,4.0,33.0,20745.0,15768.3,269534.0,49812.0,0.3966,4000.0,3200.0,150.0,0.0482564875460142,2800.0
E09000014,Haringey,2020,England,London,life-satisfaction,7.17,0.1198979591836734,6.94,7.41,37.0,4.0,33.0,20745.0,15768.3,269534.0,49812.0,0.3966,4000.0,3200.0,150.0,0.0482564875460142,2800.0
E09000014,Haringey,2020,England,London,worthwhile,7.58,0.1530612244897958,7.28,7.88,37.0,4.0,33.0,20745.0,15768.3,269534.0,49812.0,0.3966,4000.0,3200.0,150.0,0.0482564875460142,2800.0
E09000014,Haringey,2021,England,London,anxiety,3.25,0.2678571428571428,2.73,3.78,39.0,5.0,34.0,14885.0,18777.1,264317.0,48215.0,0.4021,3500.0,3200.0,300.0,0.0855565639775191,
E09000014,Haringey,2021,England,London,happiness,7.13,0.1836734693877552,6.77,7.49,39.0,5.0,34.0,14885.0,18777.1,264317.0,48215.0,0.4021,3500.0,3200.0,300.0,0.0855565639775191,
E09000014,Haringey,2021,England,London,life-satisfaction,7.32,0.125,7.08,7.57,39.0,5.0,34.0,14885.0,18777.1,264317.0,48215.0,0.4021,3500.0,3200.0,300.0,0.0855565639775191,
E09000014,Haringey,2021,England,London,worthwhile,7.56,0.1301020408163267,7.31,7.82,39.0,5.0,34.0,14885.0,18777.1,264317.0,48215.0,0.4021,3500.0,3200.0,300.0,0.0855565639775191,
E09000014,Haringey,2022,England,London,anxiety,3.27,0.2372448979591837,2.81,3.74,40.0,5.0,35.0,12275.0,13018.8,262078.0,47885.0,0.4168,3400.0,3000.0,225.0,0.0709285752976036,
E09000014,Haringey,2022,England,London,happiness,7.17,0.2066326530612246,6.77,7.58,40.0,5.0,35.0,12275.0,13018.8,262078.0,47885.0,0.4168,3400.0,3000.0,225.0,0.0709285752976036,
E09000014,Haringey,2022,England,London,life-satisfaction,6.97,0.1989795918367347,6.58,7.36,40.0,5.0,35.0,12275.0,13018.8,262078.0,47885.0,0.4168,3400.0,3000.0,225.0,0.0709285752976036,
E09000014,Haringey,2022,England,London,worthwhile,7.23,0.1964285714285715,6.85,7.62,40.0,5.0,35.0,12275.0,13018.8,262078.0,47885.0,0.4168,3400.0,3000.0,225.0,0.0709285752976036,
E09000014,Haringey,2023,England,London,,,,,,41.0,5.0,36.0,12495.0,12475.0,263362.0,47664.0,0.4457,3400.0,3200.0,250.0,0.0748015817404526,2500.0
E09000015,Harrow,2016,England,London,anxiety,2.47,0.1530612244897959,2.17,2.77,34.0,3.0,31.0,1840.0,1884.6,257317.0,52025.0,0.3782,5300.0,4300.0,,,3500.0
E09000015,Harrow,2016,England,London,happiness,7.72,0.0943877551020408,7.53,7.9,34.0,3.0,31.0,1840.0,1884.6,257317.0,52025.0,0.3782,5300.0,4300.0,,,3500.0
E09000015,Harrow,2016,England,London,life-satisfaction,7.63,0.0892857142857141,7.46,7.81,34.0,3.0,31.0,1840.0,1884.6,257317.0,52025.0,0.3782,5300.0,4300.0,,,3500.0
E09000015,Harrow,2016,England,London,worthwhile,7.71,0.0892857142857141,7.53,7.88,34.0,3.0,31.0,1840.0,1884.6,257317.0,52025.0,0.3782,5300.0,4300.0,,,3500.0
E09000015,Harrow,2017,England,London,anxiety,2.44,0.1377551020408163,2.17,2.71,35.0,3.0,32.0,1795.0,1867.5,257881.0,52132.0,0.3817,5900.0,5000.0,,,3900.0
E09000015,Harrow,2017,England,London,happiness,7.86,0.0841836734693875,7.69,8.02,35.0,3.0,32.0,1795.0,1867.5,257881.0,52132.0,0.3817,5900.0,5000.0,,,3900.0
E09000015,Harrow,2017,England,London,life-satisfaction,7.79,0.0790816326530613,7.63,7.94,35.0,3.0,32.0,1795.0,1867.5,257881.0,52132.0,0.3817,5900.0,5000.0,,,3900.0
E09000015,Harrow,2017,England,London,worthwhile,7.79,0.0892857142857141,7.62,7.97,35.0,3.0,32.0,1795.0,1867.5,257881.0,52132.0,0.3817,5900.0,5000.0,,,3900.0
E09000015,Harrow,2018,England,London,anxiety,2.34,0.1887755102040816,1.97,2.71,35.0,3.0,32.0,2270.0,1927.1,259861.0,52460.0,0.3855,5300.0,4400.0,,,3600.0
E09000015,Harrow,2018,England,London,happiness,7.61,0.1045918367346936,7.4,7.81,35.0,3.0,32.0,2270.0,1927.1,259861.0,52460.0,0.3855,5300.0,4400.0,,,3600.0
E09000015,Harrow,2018,England,London,life-satisfaction,7.65,0.0867346938775509,7.48,7.82,35.0,3.0,32.0,2270.0,1927.1,259861.0,52460.0,0.3855,5300.0,4400.0,,,3600.0
E09000015,Harrow,2018,England,London,worthwhile,7.72,0.0867346938775509,7.55,7.89,35.0,3.0,32.0,2270.0,1927.1,259861.0,52460.0,0.3855,5300.0,4400.0,,,3600.0
E09000015,Harrow,2019,England,London,anxiety,3.49,0.211734693877551,3.07,3.9,35.0,3.0,32.0,3255.0,2876.2,262065.0,53002.0,0.3913,5000.0,4400.0,,,3200.0
E09000015,Harrow,2019,England,London,happiness,7.18,0.1632653061224489,6.86,7.5,35.0,3.0,32.0,3255.0,2876.2,262065.0,53002.0,0.3913,5000.0,4400.0,,,3200.0
E09000015,Harrow,2019,England,London,life-satisfaction,7.57,0.125,7.33,7.82,35.0,3.0,32.0,3255.0,2876.2,262065.0,53002.0,0.3913,5000.0,4400.0,,,3200.0
E09000015,Harrow,2019,England,London,worthwhile,7.65,0.1147959183673469,7.43,7.88,35.0,3.0,32.0,3255.0,2876.2,262065.0,53002.0,0.3913,5000.0,4400.0,,,3200.0
E09000015,Harrow,2020,England,London,anxiety,3.4,0.2372448979591837,2.94,3.87,37.0,5.0,32.0,11200.0,8557.5,262281.0,52513.0,0.3966,5600.0,4700.0,,,3600.0
E09000015,Harrow,2020,England,London,happiness,7.38,0.1479591836734694,7.09,7.67,37.0,5.0,32.0,11200.0,8557.5,262281.0,52513.0,0.3966,5600.0,4700.0,,,3600.0
E09000015,Harrow,2020,England,London,life-satisfaction,7.36,0.1377551020408163,7.09,7.63,37.0,5.0,32.0,11200.0,8557.5,262281.0,52513.0,0.3966,5600.0,4700.0,,,3600.0
E09000015,Harrow,2020,England,London,worthwhile,7.65,0.1224489795918366,7.41,7.89,37.0,5.0,32.0,11200.0,8557.5,262281.0,52513.0,0.3966,5600.0,4700.0,,,3600.0
E09000015,Harrow,2021,England,London,anxiety,3.4,0.2117346938775509,2.99,3.82,37.0,6.0,31.0,7725.0,9779.6,261159.0,51338.0,0.4021,4800.0,4100.0,,,3200.0
E09000015,Harrow,2021,England,London,happiness,7.55,0.1760204081632652,7.2,7.89,37.0,6.0,31.0,7725.0,9779.6,261159.0,51338.0,0.4021,4800.0,4100.0,,,3200.0
E09000015,Harrow,2021,England,London,life-satisfaction,7.69,0.1122448979591837,7.47,7.91,37.0,6.0,31.0,7725.0,9779.6,261159.0,51338.0,0.4021,4800.0,4100.0,,,3200.0
E09000015,Harrow,2021,England,London,worthwhile,7.89,0.1275510204081635,7.64,8.14,37.0,6.0,31.0,7725.0,9779.6,261159.0,51338.0,0.4021,4800.0,4100.0,,,3200.0
E09000015,Harrow,2022,England,London,anxiety,3.5,0.2806122448979591,2.95,4.05,37.0,6.0,31.0,5830.0,6246.2,261798.0,52329.0,0.4168,5300.0,4400.0,,,3700.0
E09000015,Harrow,2022,England,London,happiness,7.6,0.2066326530612244,7.2,8.01,37.0,6.0,31.0,5830.0,6246.2,261798.0,52329.0,0.4168,5300.0,4400.0,,,3700.0
E09000015,Harrow,2022,England,London,life-satisfaction,7.55,0.1887755102040817,7.18,7.92,37.0,6.0,31.0,5830.0,6246.2,261798.0,52329.0,0.4168,5300.0,4400.0,,,3700.0
E09000015,Harrow,2022,England,London,worthwhile,7.96,0.1275510204081635,7.71,8.21,37.0,6.0,31.0,5830.0,6246.2,261798.0,52329.0,0.4168,5300.0,4400.0,,,3700.0
E09000015,Harrow,2023,England,London,,,,,,38.0,6.0,32.0,6190.0,6107.5,266891.0,53135.0,0.4457,5800.0,5100.0,400.0,0.0720890728332936,4300.0
E09000016,Havering,2016,England,London,anxiety,2.81,0.1632653061224489,2.49,3.13,34.0,5.0,29.0,2570.0,2464.2,254487.0,49582.0,0.3782,5000.0,4000.0,,,3300.0
E09000016,Havering,2016,England,London,happiness,7.44,0.1173469387755102,7.21,7.67,34.0,5.0,29.0,2570.0,2464.2,254487.0,49582.0,0.3782,5000.0,4000.0,,,3300.0
E09000016,Havering,2016,England,London,life-satisfaction,7.53,0.1045918367346939,7.33,7.74,34.0,5.0,29.0,2570.0,2464.2,254487.0,49582.0,0.3782,5000.0,4000.0,,,3300.0
E09000016,Havering,2016,England,London,worthwhile,7.9,0.0841836734693877,7.73,8.06,34.0,5.0,29.0,2570.0,2464.2,254487.0,49582.0,0.3782,5000.0,4000.0,,,3300.0
E09000016,Havering,2017,England,London,anxiety,2.83,0.1530612244897959,2.53,3.13,34.0,5.0,29.0,2375.0,2563.3,257429.0,50503.0,0.3817,5400.0,4500.0,425.0,0.0866495841054568,3600.0
E09000016,Havering,2017,England,London,happiness,7.33,0.1275510204081632,7.08,7.58,34.0,5.0,29.0,2375.0,2563.3,257429.0,50503.0,0.3817,5400.0,4500.0,425.0,0.0866495841054568,3600.0
E09000016,Havering,2017,England,London,life-satisfaction,7.58,0.096938775510204,7.39,7.77,34.0,5.0,29.0,2375.0,2563.3,257429.0,50503.0,0.3817,5400.0,4500.0,425.0,0.0866495841054568,3600.0
E09000016,Havering,2017,England,London,worthwhile,7.87,0.0867346938775507,7.7,8.04,34.0,5.0,29.0,2375.0,2563.3,257429.0,50503.0,0.3817,5400.0,4500.0,425.0,0.0866495841054568,3600.0
E09000016,Havering,2018,England,London,anxiety,3.03,0.1734693877551021,2.69,3.37,34.0,5.0,29.0,3120.0,2655.0,259229.0,51222.0,0.3855,5900.0,5200.0,,,3800.0
E09000016,Havering,2018,England,London,happiness,7.4,0.1301020408163264,7.15,7.66,34.0,5.0,29.0,3120.0,2655.0,259229.0,51222.0,0.3855,5900.0,5200.0,,,3800.0
E09000016,Havering,2018,England,London,life-satisfaction,7.68,0.0918367346938776,7.5,7.86,34.0,5.0,29.0,3120.0,2655.0,259229.0,51222.0,0.3855,5900.0,5200.0,,,3800.0
E09000016,Havering,2018,England,London,worthwhile,7.91,0.0892857142857141,7.73,8.08,34.0,5.0,29.0,3120.0,2655.0,259229.0,51222.0,0.3855,5900.0,5200.0,,,3800.0
E09000016,Havering,2019,England,London,anxiety,3.02,0.1581632653061224,2.71,3.33,36.0,7.0,29.0,3990.0,3684.2,261296.0,51985.0,0.3913,6300.0,5300.0,500.0,0.0899114001665279,4000.0
E09000016,Havering,2019,England,London,happiness,7.38,0.1147959183673469,7.16,7.61,36.0,7.0,29.0,3990.0,3684.2,261296.0,51985.0,0.3913,6300.0,5300.0,500.0,0.0899114001665279,4000.0
E09000016,Havering,2019,England,London,life-satisfaction,7.75,0.0943877551020408,7.56,7.93,36.0,7.0,29.0,3990.0,3684.2,261296.0,51985.0,0.3913,6300.0,5300.0,500.0,0.0899114001665279,4000.0
E09000016,Havering,2019,England,London,worthwhile,8.02,0.1045918367346941,7.81,8.22,36.0,7.0,29.0,3990.0,3684.2,261296.0,51985.0,0.3913,6300.0,5300.0,500.0,0.0899114001665279,4000.0
E09000016,Havering,2020,England,London,anxiety,3.12,0.1913265306122449,2.74,3.49,36.0,7.0,29.0,10380.0,8605.4,261906.0,52306.0,0.3966,7100.0,6200.0,,,4400.0
E09000016,Havering,2020,England,London,happiness,7.48,0.1377551020408163,7.21,7.75,36.0,7.0,29.0,10380.0,8605.4,261906.0,52306.0,0.3966,7100.0,6200.0,,,4400.0
E09000016,Havering,2020,England,London,life-satisfaction,7.54,0.1275510204081632,7.29,7.79,36.0,7.0,29.0,10380.0,8605.4,261906.0,52306.0,0.3966,7100.0,6200.0,,,4400.0
E09000016,Havering,2020,England,London,worthwhile,8.0,0.1096938775510205,7.78,8.21,36.0,7.0,29.0,10380.0,8605.4,261906.0,52306.0,0.3966,7100.0,6200.0,,,4400.0
E09000016,Havering,2021,England,London,anxiety,3.15,0.1581632653061224,2.84,3.46,36.0,7.0,29.0,6975.0,8965.0,262086.0,52320.0,0.4021,6500.0,5600.0,700.0,0.1082674332249821,
E09000016,Havering,2021,England,London,happiness,7.41,0.1198979591836734,7.17,7.64,36.0,7.0,29.0,6975.0,8965.0,262086.0,52320.0,0.4021,6500.0,5600.0,700.0,0.1082674332249821,
E09000016,Havering,2021,England,London,life-satisfaction,7.57,0.096938775510204,7.38,7.76,36.0,7.0,29.0,6975.0,8965.0,262086.0,52320.0,0.4021,6500.0,5600.0,700.0,0.1082674332249821,
E09000016,Havering,2021,England,London,worthwhile,7.75,0.1122448979591835,7.53,7.97,36.0,7.0,29.0,6975.0,8965.0,262086.0,52320.0,0.4021,6500.0,5600.0,700.0,0.1082674332249821,
E09000016,Havering,2022,England,London,anxiety,3.18,0.1938775510204082,2.8,3.56,36.0,7.0,29.0,5990.0,6015.4,264786.0,53752.0,0.4168,6500.0,5700.0,700.0,0.1071597612060606,4200.0
E09000016,Havering,2022,England,London,happiness,7.54,0.1403061224489797,7.27,7.82,36.0,7.0,29.0,5990.0,6015.4,264786.0,53752.0,0.4168,6500.0,5700.0,700.0,0.1071597612060606,4200.0
E09000016,Havering,2022,England,London,life-satisfaction,7.47,0.1249999999999998,7.23,7.72,36.0,7.0,29.0,5990.0,6015.4,264786.0,53752.0,0.4168,6500.0,5700.0,700.0,0.1071597612060606,4200.0
E09000016,Havering,2022,England,London,worthwhile,7.95,0.1122448979591835,7.73,8.17,36.0,7.0,29.0,5990.0,6015.4,264786.0,53752.0,0.4168,6500.0,5700.0,700.0,0.1071597612060606,4200.0
E09000016,Havering,2023,England,London,,,,,,38.0,7.0,31.0,6425.0,6343.3,270305.0,55254.0,0.4457,6900.0,5800.0,475.0,0.0756638315278336,4700.0
E09000017,Hillingdon,2016,England,London,anxiety,3.37,0.1964285714285713,2.99,3.76,35.0,3.0,32.0,2580.0,2662.9,297451.0,63654.0,0.3782,4500.0,4100.0,325.0,0.0734105873446611,3200.0
E09000017,Hillingdon,2016,England,London,happiness,7.36,0.1403061224489795,7.08,7.63,35.0,3.0,32.0,2580.0,2662.9,297451.0,63654.0,0.3782,4500.0,4100.0,325.0,0.0734105873446611,3200.0
E09000017,Hillingdon,2016,England,London,life-satisfaction,7.68,0.1071428571428571,7.47,7.89,35.0,3.0,32.0,2580.0,2662.9,297451.0,63654.0,0.3782,4500.0,4100.0,325.0,0.0734105873446611,3200.0
E09000017,Hillingdon,2016,England,London,worthwhile,7.94,0.0841836734693875,7.78,8.11,35.0,3.0,32.0,2580.0,2662.9,297451.0,63654.0,0.3782,4500.0,4100.0,325.0,0.0734105873446611,3200.0
E09000017,Hillingdon,2017,England,London,anxiety,3.17,0.1658163265306123,2.84,3.49,41.0,6.0,35.0,2520.0,2605.4,299469.0,64285.0,0.3817,4900.0,4300.0,,,3600.0
E09000017,Hillingdon,2017,England,London,happiness,7.62,0.1122448979591835,7.4,7.84,41.0,6.0,35.0,2520.0,2605.4,299469.0,64285.0,0.3817,4900.0,4300.0,,,3600.0
E09000017,Hillingdon,2017,England,London,life-satisfaction,7.55,0.1020408163265307,7.35,7.75,41.0,6.0,35.0,2520.0,2605.4,299469.0,64285.0,0.3817,4900.0,4300.0,,,3600.0
E09000017,Hillingdon,2017,England,London,worthwhile,7.8,0.096938775510204,7.61,7.99,41.0,6.0,35.0,2520.0,2605.4,299469.0,64285.0,0.3817,4900.0,4300.0,,,3600.0
E09000017,Hillingdon,2018,England,London,anxiety,3.07,0.1887755102040815,2.7,3.44,41.0,7.0,34.0,2635.0,2573.3,302263.0,64773.0,0.3855,5200.0,4400.0,425.0,0.0879492102405991,3600.0
E09000017,Hillingdon,2018,England,London,happiness,7.67,0.1275510204081632,7.42,7.92,41.0,7.0,34.0,2635.0,2573.3,302263.0,64773.0,0.3855,5200.0,4400.0,425.0,0.0879492102405991,3600.0
E09000017,Hillingdon,2018,England,London,life-satisfaction,7.76,0.1147959183673469,7.53,7.98,41.0,7.0,34.0,2635.0,2573.3,302263.0,64773.0,0.3855,5200.0,4400.0,425.0,0.0879492102405991,3600.0
E09000017,Hillingdon,2018,England,London,worthwhile,7.79,0.1122448979591835,7.57,8.01,41.0,7.0,34.0,2635.0,2573.3,302263.0,64773.0,0.3855,5200.0,4400.0,425.0,0.0879492102405991,3600.0
E09000017,Hillingdon,2019,England,London,anxiety,3.18,0.2066326530612245,2.77,3.58,42.0,8.0,34.0,4325.0,3825.0,305641.0,65098.0,0.3913,5200.0,4100.0,475.0,0.1038828927421399,3600.0
E09000017,Hillingdon,2019,England,London,happiness,7.61,0.1454081632653062,7.33,7.9,42.0,8.0,34.0,4325.0,3825.0,305641.0,65098.0,0.3913,5200.0,4100.0,475.0,0.1038828927421399,3600.0
E09000017,Hillingdon,2019,England,London,life-satisfaction,7.7,0.1301020408163264,7.45,7.96,42.0,8.0,34.0,4325.0,3825.0,305641.0,65098.0,0.3913,5200.0,4100.0,475.0,0.1038828927421399,3600.0
E09000017,Hillingdon,2019,England,London,worthwhile,7.85,0.1275510204081632,7.6,8.1,42.0,8.0,34.0,4325.0,3825.0,305641.0,65098.0,0.3913,5200.0,4100.0,475.0,0.1038828927421399,3600.0
E09000017,Hillingdon,2020,England,London,anxiety,3.03,0.2295918367346938,2.58,3.48,43.0,8.0,35.0,14405.0,10998.8,306460.0,64818.0,0.3966,5200.0,4300.0,450.0,0.0958661765254851,3400.0
E09000017,Hillingdon,2020,England,London,happiness,7.2,0.211734693877551,6.78,7.61,43.0,8.0,35.0,14405.0,10998.8,306460.0,64818.0,0.3966,5200.0,4300.0,450.0,0.0958661765254851,3400.0
E09000017,Hillingdon,2020,England,London,life-satisfaction,7.1,0.1709183673469387,6.76,7.43,43.0,8.0,35.0,14405.0,10998.8,306460.0,64818.0,0.3966,5200.0,4300.0,450.0,0.0958661765254851,3400.0
E09000017,Hillingdon,2020,England,London,worthwhile,7.78,0.1224489795918366,7.54,8.02,43.0,8.0,35.0,14405.0,10998.8,306460.0,64818.0,0.3966,5200.0,4300.0,450.0,0.0958661765254851,3400.0
E09000017,Hillingdon,2021,England,London,anxiety,3.21,0.25,2.72,3.7,43.0,8.0,35.0,9335.0,12472.1,305107.0,63821.0,0.4021,4700.0,4000.0,700.0,0.1451521374755119,3200.0
E09000017,Hillingdon,2021,England,London,happiness,7.5,0.1887755102040817,7.13,7.87,43.0,8.0,35.0,9335.0,12472.1,305107.0,63821.0,0.4021,4700.0,4000.0,700.0,0.1451521374755119,3200.0
E09000017,Hillingdon,2021,England,London,life-satisfaction,7.53,0.1377551020408163,7.26,7.8,43.0,8.0,35.0,9335.0,12472.1,305107.0,63821.0,0.4021,4700.0,4000.0,700.0,0.1451521374755119,3200.0
E09000017,Hillingdon,2021,England,London,worthwhile,7.68,0.1505102040816328,7.39,7.98,43.0,8.0,35.0,9335.0,12472.1,305107.0,63821.0,0.4021,4700.0,4000.0,700.0,0.1451521374755119,3200.0
E09000017,Hillingdon,2022,England,London,anxiety,3.0,0.3010204081632652,2.41,3.59,43.0,8.0,35.0,7765.0,7987.5,312162.0,65270.0,0.4168,4900.0,4000.0,700.0,0.1502264456958046,3500.0
E09000017,Hillingdon,2022,England,London,happiness,7.69,0.1913265306122451,7.31,8.06,43.0,8.0,35.0,7765.0,7987.5,312162.0,65270.0,0.4168,4900.0,4000.0,700.0,0.1502264456958046,3500.0
E09000017,Hillingdon,2022,England,London,life-satisfaction,7.56,0.1760204081632654,7.21,7.9,43.0,8.0,35.0,7765.0,7987.5,312162.0,65270.0,0.4168,4900.0,4000.0,700.0,0.1502264456958046,3500.0
E09000017,Hillingdon,2022,England,London,worthwhile,7.82,0.183673469387755,7.46,8.18,43.0,8.0,35.0,7765.0,7987.5,312162.0,65270.0,0.4168,4900.0,4000.0,700.0,0.1502264456958046,3500.0
E09000017,Hillingdon,2023,England,London,,,,,,44.0,8.0,36.0,8495.0,8123.8,321977.0,66532.0,0.4457,5300.0,4600.0,650.0,0.1282990567827935,3900.0
E09000018,Hounslow,2016,England,London,anxiety,2.79,0.1938775510204081,2.41,3.17,35.0,3.0,32.0,3880.0,3232.5,278601.0,58393.0,0.3782,4000.0,3800.0,,,2400.0
E09000018,Hounslow,2016,England,London,happiness,7.91,0.1377551020408163,7.64,8.18,35.0,3.0,32.0,3880.0,3232.5,278601.0,58393.0,0.3782,4000.0,3800.0,,,2400.0
E09000018,Hounslow,2016,England,London,life-satisfaction,7.96,0.1249999999999998,7.71,8.2,35.0,3.0,32.0,3880.0,3232.5,278601.0,58393.0,0.3782,4000.0,3800.0,,,2400.0
E09000018,Hounslow,2016,England,London,worthwhile,8.04,0.1173469387755102,7.81,8.27,35.0,3.0,32.0,3880.0,3232.5,278601.0,58393.0,0.3782,4000.0,3800.0,,,2400.0
E09000018,Hounslow,2017,England,London,anxiety,3.27,0.2627551020408163,2.76,3.79,36.0,3.0,33.0,4825.0,4694.2,281117.0,59399.0,0.3817,3600.0,3400.0,600.0,0.1441701769272593,2200.0
E09000018,Hounslow,2017,England,London,happiness,7.42,0.1581632653061224,7.11,7.73,36.0,3.0,33.0,4825.0,4694.2,281117.0,59399.0,0.3817,3600.0,3400.0,600.0,0.1441701769272593,2200.0
E09000018,Hounslow,2017,England,London,life-satisfaction,7.34,0.1352040816326531,7.08,7.61,36.0,3.0,33.0,4825.0,4694.2,281117.0,59399.0,0.3817,3600.0,3400.0,600.0,0.1441701769272593,2200.0
E09000018,Hounslow,2017,England,London,worthwhile,7.65,0.1581632653061224,7.34,7.96,36.0,3.0,33.0,4825.0,4694.2,281117.0,59399.0,0.3817,3600.0,3400.0,600.0,0.1441701769272593,2200.0
E09000018,Hounslow,2018,England,London,anxiety,3.14,0.2168367346938774,2.72,3.57,36.0,3.0,33.0,5610.0,5451.2,285430.0,60411.0,0.3855,3800.0,3600.0,600.0,0.1460095659771091,2300.0
E09000018,Hounslow,2018,England,London,happiness,7.73,0.1862244897959182,7.37,8.1,36.0,3.0,33.0,5610.0,5451.2,285430.0,60411.0,0.3855,3800.0,3600.0,600.0,0.1460095659771091,2300.0
E09000018,Hounslow,2018,England,London,life-satisfaction,7.85,0.1505102040816328,7.55,8.14,36.0,3.0,33.0,5610.0,5451.2,285430.0,60411.0,0.3855,3800.0,3600.0,600.0,0.1460095659771091,2300.0
E09000018,Hounslow,2018,England,London,worthwhile,7.99,0.1045918367346936,7.79,8.2,36.0,3.0,33.0,5610.0,5451.2,285430.0,60411.0,0.3855,3800.0,3600.0,600.0,0.1460095659771091,2300.0
E09000018,Hounslow,2019,England,London,anxiety,3.14,0.2321428571428571,2.69,3.6,37.0,3.0,34.0,6260.0,6102.5,289652.0,60696.0,0.3913,3800.0,3700.0,600.0,0.1457600168646982,2300.0
E09000018,Hounslow,2019,England,London,happiness,7.31,0.2346938775510204,6.85,7.77,37.0,3.0,34.0,6260.0,6102.5,289652.0,60696.0,0.3913,3800.0,3700.0,600.0,0.1457600168646982,2300.0
E09000018,Hounslow,2019,England,London,life-satisfaction,7.75,0.1377551020408161,7.48,8.02,37.0,3.0,34.0,6260.0,6102.5,289652.0,60696.0,0.3913,3800.0,3700.0,600.0,0.1457600168646982,2300.0
E09000018,Hounslow,2019,England,London,worthwhile,7.83,0.1275510204081632,7.58,8.08,37.0,3.0,34.0,6260.0,6102.5,289652.0,60696.0,0.3913,3800.0,3700.0,600.0,0.1457600168646982,2300.0
E09000018,Hounslow,2020,England,London,anxiety,3.62,0.2270408163265306,3.18,4.07,38.0,3.0,35.0,16835.0,13046.7,289773.0,60408.0,0.3966,4100.0,3700.0,750.0,0.1665414942287009,2500.0
E09000018,Hounslow,2020,England,London,happiness,7.34,0.1989795918367347,6.95,7.73,38.0,3.0,35.0,16835.0,13046.7,289773.0,60408.0,0.3966,4100.0,3700.0,750.0,0.1665414942287009,2500.0
E09000018,Hounslow,2020,England,London,life-satisfaction,7.55,0.1811224489795918,7.2,7.91,38.0,3.0,35.0,16835.0,13046.7,289773.0,60408.0,0.3966,4100.0,3700.0,750.0,0.1665414942287009,2500.0
E09000018,Hounslow,2020,England,London,worthwhile,7.64,0.1352040816326531,7.38,7.91,38.0,3.0,35.0,16835.0,13046.7,289773.0,60408.0,0.3966,4100.0,3700.0,750.0,0.1665414942287009,2500.0
E09000018,Hounslow,2021,England,London,anxiety,3.38,0.2780612244897958,2.83,3.92,39.0,3.0,36.0,11445.0,14907.5,288164.0,59199.0,0.4021,4300.0,3900.0,1000.0,0.2052837720606611,2700.0
E09000018,Hounslow,2021,England,London,happiness,7.48,0.2525510204081631,6.98,7.97,39.0,3.0,36.0,11445.0,14907.5,288164.0,59199.0,0.4021,4300.0,3900.0,1000.0,0.2052837720606611,2700.0
E09000018,Hounslow,2021,England,London,life-satisfaction,7.4,0.2168367346938774,6.98,7.83,39.0,3.0,36.0,11445.0,14907.5,288164.0,59199.0,0.4021,4300.0,3900.0,1000.0,0.2052837720606611,2700.0
E09000018,Hounslow,2021,England,London,worthwhile,7.81,0.1479591836734694,7.52,8.1,39.0,3.0,36.0,11445.0,14907.5,288164.0,59199.0,0.4021,4300.0,3900.0,1000.0,0.2052837720606611,2700.0
E09000018,Hounslow,2022,England,London,anxiety,3.42,0.2576530612244897,2.91,3.92,41.0,5.0,36.0,9205.0,9705.4,289196.0,59343.0,0.4168,4400.0,4200.0,850.0,0.1654162998461202,2600.0
E09000018,Hounslow,2022,England,London,happiness,7.49,0.1938775510204081,7.11,7.87,41.0,5.0,36.0,9205.0,9705.4,289196.0,59343.0,0.4168,4400.0,4200.0,850.0,0.1654162998461202,2600.0
E09000018,Hounslow,2022,England,London,life-satisfaction,7.62,0.1479591836734694,7.33,7.91,41.0,5.0,36.0,9205.0,9705.4,289196.0,59343.0,0.4168,4400.0,4200.0,850.0,0.1654162998461202,2600.0
E09000018,Hounslow,2022,England,London,worthwhile,7.71,0.1403061224489795,7.44,7.99,41.0,5.0,36.0,9205.0,9705.4,289196.0,59343.0,0.4168,4400.0,4200.0,850.0,0.1654162998461202,2600.0
E09000018,Hounslow,2023,England,London,,,,,,43.0,5.0,38.0,9775.0,9669.2,295221.0,60025.0,0.4457,5100.0,4700.0,950.0,0.1686531518109855,3300.0
E09000019,Islington,2016,England,London,anxiety,3.26,0.163265306122449,2.94,3.58,45.0,0.0,45.0,3615.0,3586.2,220620.0,33682.0,0.3782,5300.0,4800.0,,,
E09000019,Islington,2016,England,London,happiness,7.31,0.1224489795918366,7.07,7.55,45.0,0.0,45.0,3615.0,3586.2,220620.0,33682.0,0.3782,5300.0,4800.0,,,
E09000019,Islington,2016,England,London,life-satisfaction,7.38,0.0994897959183675,7.18,7.57,45.0,0.0,45.0,3615.0,3586.2,220620.0,33682.0,0.3782,5300.0,4800.0,,,
E09000019,Islington,2016,England,London,worthwhile,7.43,0.0943877551020408,7.25,7.62,45.0,0.0,45.0,3615.0,3586.2,220620.0,33682.0,0.3782,5300.0,4800.0,,,
E09000019,Islington,2017,England,London,anxiety,3.35,0.163265306122449,3.03,3.67,46.0,0.0,46.0,3700.0,3676.7,221535.0,33908.0,0.3817,5200.0,4800.0,250.0,0.050275788126359,
E09000019,Islington,2017,England,London,happiness,7.26,0.0994897959183672,7.07,7.46,46.0,0.0,46.0,3700.0,3676.7,221535.0,33908.0,0.3817,5200.0,4800.0,250.0,0.050275788126359,
E09000019,Islington,2017,England,London,life-satisfaction,7.38,0.0816326530612245,7.22,7.54,46.0,0.0,46.0,3700.0,3676.7,221535.0,33908.0,0.3817,5200.0,4800.0,250.0,0.050275788126359,
E09000019,Islington,2017,England,London,worthwhile,7.49,0.0943877551020408,7.3,7.67,46.0,0.0,46.0,3700.0,3676.7,221535.0,33908.0,0.3817,5200.0,4800.0,250.0,0.050275788126359,
E09000019,Islington,2018,England,London,anxiety,3.23,0.1862244897959183,2.86,3.59,46.0,0.0,46.0,4625.0,4061.2,221453.0,33852.0,0.3855,4900.0,4400.0,200.0,0.0408754237895069,
E09000019,Islington,2018,England,London,happiness,7.3,0.1301020408163264,7.04,7.55,46.0,0.0,46.0,4625.0,4061.2,221453.0,33852.0,0.3855,4900.0,4400.0,200.0,0.0408754237895069,
E09000019,Islington,2018,England,London,life-satisfaction,7.51,0.0943877551020408,7.32,7.69,46.0,0.0,46.0,4625.0,4061.2,221453.0,33852.0,0.3855,4900.0,4400.0,200.0,0.0408754237895069,
E09000019,Islington,2018,England,London,worthwhile,7.59,0.1045918367346939,7.38,7.79,46.0,0.0,46.0,4625.0,4061.2,221453.0,33852.0,0.3855,4900.0,4400.0,200.0,0.0408754237895069,
E09000019,Islington,2019,England,London,anxiety,3.3,0.1734693877551021,2.96,3.64,48.0,1.0,47.0,5580.0,5306.7,221994.0,33562.0,0.3913,5000.0,4400.0,275.0,0.0602321914256295,
E09000019,Islington,2019,England,London,happiness,7.13,0.1224489795918368,6.89,7.37,48.0,1.0,47.0,5580.0,5306.7,221994.0,33562.0,0.3913,5000.0,4400.0,275.0,0.0602321914256295,
E09000019,Islington,2019,England,London,life-satisfaction,7.37,0.1122448979591835,7.15,7.59,48.0,1.0,47.0,5580.0,5306.7,221994.0,33562.0,0.3913,5000.0,4400.0,275.0,0.0602321914256295,
E09000019,Islington,2019,England,London,worthwhile,7.47,0.1071428571428571,7.26,7.68,48.0,1.0,47.0,5580.0,5306.7,221994.0,33562.0,0.3913,5000.0,4400.0,275.0,0.0602321914256295,
E09000019,Islington,2020,England,London,anxiety,3.75,0.2551020408163265,3.25,4.25,51.0,2.0,49.0,13730.0,10862.1,221018.0,33505.0,0.3966,5900.0,5200.0,125.0,0.0240729888553143,
E09000019,Islington,2020,England,London,happiness,6.85,0.2066326530612244,6.45,7.26,51.0,2.0,49.0,13730.0,10862.1,221018.0,33505.0,0.3966,5900.0,5200.0,125.0,0.0240729888553143,
E09000019,Islington,2020,England,London,life-satisfaction,6.99,0.1683673469387755,6.66,7.32,51.0,2.0,49.0,13730.0,10862.1,221018.0,33505.0,0.3966,5900.0,5200.0,125.0,0.0240729888553143,
E09000019,Islington,2020,England,London,worthwhile,7.32,0.1607142857142857,7.0,7.63,51.0,2.0,49.0,13730.0,10862.1,221018.0,33505.0,0.3966,5900.0,5200.0,125.0,0.0240729888553143,
E09000019,Islington,2021,England,London,anxiety,3.19,0.2551020408163265,2.69,3.69,51.0,3.0,48.0,9460.0,12126.7,217050.0,32999.0,0.4021,5600.0,5100.0,375.0,0.0668839141731546,
E09000019,Islington,2021,England,London,happiness,7.17,0.2091836734693878,6.76,7.58,51.0,3.0,48.0,9460.0,12126.7,217050.0,32999.0,0.4021,5600.0,5100.0,375.0,0.0668839141731546,
E09000019,Islington,2021,England,London,life-satisfaction,7.3,0.1709183673469387,6.96,7.63,51.0,3.0,48.0,9460.0,12126.7,217050.0,32999.0,0.4021,5600.0,5100.0,375.0,0.0668839141731546,
E09000019,Islington,2021,England,London,worthwhile,7.58,0.1403061224489797,7.31,7.86,51.0,3.0,48.0,9460.0,12126.7,217050.0,32999.0,0.4021,5600.0,5100.0,375.0,0.0668839141731546,
E09000019,Islington,2022,England,London,anxiety,3.8,0.2984693877551019,3.22,4.39,55.0,4.0,51.0,8140.0,8507.5,219769.0,32704.0,0.4168,5700.0,4900.0,275.0,0.0517132272979858,
E09000019,Islington,2022,England,London,happiness,7.2,0.1760204081632652,6.86,7.55,55.0,4.0,51.0,8140.0,8507.5,219769.0,32704.0,0.4168,5700.0,4900.0,275.0,0.0517132272979858,
E09000019,Islington,2022,England,London,life-satisfaction,7.25,0.1454081632653062,6.97,7.54,55.0,4.0,51.0,8140.0,8507.5,219769.0,32704.0,0.4168,5700.0,4900.0,275.0,0.0517132272979858,
E09000019,Islington,2022,England,London,worthwhile,7.31,0.1479591836734694,7.02,7.6,55.0,4.0,51.0,8140.0,8507.5,219769.0,32704.0,0.4168,5700.0,4900.0,275.0,0.0517132272979858,
E09000019,Islington,2023,England,London,,,,,,54.0,4.0,50.0,8750.0,8571.2,222333.0,32308.0,0.4457,5800.0,4400.0,325.0,0.0664602474247307,3900.0
E09000020,Kensington and Chelsea,2016,England,London,anxiety,3.29,0.1607142857142857,2.98,3.61,33.0,0.0,33.0,1615.0,1630.0,152708.0,23100.0,0.3782,2400.0,2100.0,,,1700.0
E09000020,Kensington and Chelsea,2016,England,London,happiness,7.52,0.1275510204081632,7.27,7.77,33.0,0.0,33.0,1615.0,1630.0,152708.0,23100.0,0.3782,2400.0,2100.0,,,1700.0
E09000020,Kensington and Chelsea,2016,England,London,life-satisfaction,7.52,0.1122448979591837,7.3,7.74,33.0,0.0,33.0,1615.0,1630.0,152708.0,23100.0,0.3782,2400.0,2100.0,,,1700.0
E09000020,Kensington and Chelsea,2016,England,London,worthwhile,7.74,0.0994897959183672,7.54,7.93,33.0,0.0,33.0,1615.0,1630.0,152708.0,23100.0,0.3782,2400.0,2100.0,,,1700.0
E09000020,Kensington and Chelsea,2017,England,London,anxiety,3.71,0.2091836734693878,3.3,4.12,32.0,0.0,32.0,1850.0,1793.8,149651.0,22728.0,0.3817,2400.0,2100.0,,,1700.0
E09000020,Kensington and Chelsea,2017,England,London,happiness,6.83,0.1683673469387755,6.5,7.16,32.0,0.0,32.0,1850.0,1793.8,149651.0,22728.0,0.3817,2400.0,2100.0,,,1700.0
E09000020,Kensington and Chelsea,2017,England,London,life-satisfaction,7.31,0.1096938775510205,7.1,7.53,32.0,0.0,32.0,1850.0,1793.8,149651.0,22728.0,0.3817,2400.0,2100.0,,,1700.0
E09000020,Kensington and Chelsea,2017,England,London,worthwhile,7.55,0.1045918367346939,7.34,7.75,32.0,0.0,32.0,1850.0,1793.8,149651.0,22728.0,0.3817,2400.0,2100.0,,,1700.0
E09000020,Kensington and Chelsea,2018,England,London,anxiety,3.69,0.1989795918367347,3.3,4.08,32.0,0.0,32.0,1940.0,1941.7,148471.0,22229.0,0.3855,2600.0,2400.0,,,1800.0
E09000020,Kensington and Chelsea,2018,England,London,happiness,7.38,0.1275510204081632,7.13,7.63,32.0,0.0,32.0,1940.0,1941.7,148471.0,22229.0,0.3855,2600.0,2400.0,,,1800.0
E09000020,Kensington and Chelsea,2018,England,London,life-satisfaction,7.23,0.1020408163265304,7.03,7.43,32.0,0.0,32.0,1940.0,1941.7,148471.0,22229.0,0.3855,2600.0,2400.0,,,1800.0
E09000020,Kensington and Chelsea,2018,England,London,worthwhile,7.46,0.1198979591836734,7.23,7.7,32.0,0.0,32.0,1940.0,1941.7,148471.0,22229.0,0.3855,2600.0,2400.0,,,1800.0
E09000020,Kensington and Chelsea,2019,England,London,anxiety,3.6,0.1658163265306123,3.28,3.93,32.0,0.0,32.0,2275.0,2182.9,146805.0,21917.0,0.3913,2700.0,2600.0,200.0,0.068751976674992,
E09000020,Kensington and Chelsea,2019,England,London,happiness,6.86,0.1326530612244899,6.6,7.12,32.0,0.0,32.0,2275.0,2182.9,146805.0,21917.0,0.3913,2700.0,2600.0,200.0,0.068751976674992,
E09000020,Kensington and Chelsea,2019,England,London,life-satisfaction,7.35,0.096938775510204,7.16,7.54,32.0,0.0,32.0,2275.0,2182.9,146805.0,21917.0,0.3913,2700.0,2600.0,200.0,0.068751976674992,
E09000020,Kensington and Chelsea,2019,England,London,worthwhile,7.57,0.1045918367346939,7.37,7.78,32.0,0.0,32.0,2275.0,2182.9,146805.0,21917.0,0.3913,2700.0,2600.0,200.0,0.068751976674992,
E09000020,Kensington and Chelsea,2020,England,London,anxiety,3.64,0.2040816326530611,3.24,4.04,32.0,0.0,32.0,6255.0,4884.6,144874.0,21159.0,0.3966,2500.0,2500.0,,,
E09000020,Kensington and Chelsea,2020,England,London,happiness,7.25,0.1275510204081632,7.0,7.5,32.0,0.0,32.0,6255.0,4884.6,144874.0,21159.0,0.3966,2500.0,2500.0,,,
E09000020,Kensington and Chelsea,2020,England,London,life-satisfaction,7.31,0.1173469387755102,7.08,7.54,32.0,0.0,32.0,6255.0,4884.6,144874.0,21159.0,0.3966,2500.0,2500.0,,,
E09000020,Kensington and Chelsea,2020,England,London,worthwhile,7.59,0.1173469387755102,7.36,7.82,32.0,0.0,32.0,6255.0,4884.6,144874.0,21159.0,0.3966,2500.0,2500.0,,,
E09000020,Kensington and Chelsea,2021,England,London,anxiety,3.52,0.2142857142857142,3.1,3.94,31.0,0.0,31.0,4565.0,5614.2,144266.0,20231.0,0.4021,2200.0,2000.0,,,
E09000020,Kensington and Chelsea,2021,England,London,happiness,7.17,0.1607142857142859,6.85,7.48,31.0,0.0,31.0,4565.0,5614.2,144266.0,20231.0,0.4021,2200.0,2000.0,,,
E09000020,Kensington and Chelsea,2021,England,London,life-satisfaction,7.18,0.1377551020408163,6.91,7.45,31.0,0.0,31.0,4565.0,5614.2,144266.0,20231.0,0.4021,2200.0,2000.0,,,
E09000020,Kensington and Chelsea,2021,England,London,worthwhile,7.54,0.155612244897959,7.23,7.84,31.0,0.0,31.0,4565.0,5614.2,144266.0,20231.0,0.4021,2200.0,2000.0,,,
E09000020,Kensington and Chelsea,2022,England,London,anxiety,3.48,0.2321428571428571,3.02,3.93,31.0,0.0,31.0,3420.0,3732.9,146336.0,20522.0,0.4168,2100.0,1900.0,250.0,0.114546180202009,
E09000020,Kensington and Chelsea,2022,England,London,happiness,7.23,0.2372448979591838,6.76,7.69,31.0,0.0,31.0,3420.0,3732.9,146336.0,20522.0,0.4168,2100.0,1900.0,250.0,0.114546180202009,
E09000020,Kensington and Chelsea,2022,England,London,life-satisfaction,7.24,0.1964285714285713,6.86,7.63,31.0,0.0,31.0,3420.0,3732.9,146336.0,20522.0,0.4168,2100.0,1900.0,250.0,0.114546180202009,
E09000020,Kensington and Chelsea,2022,England,London,worthwhile,7.68,0.1887755102040819,7.31,8.05,31.0,0.0,31.0,3420.0,3732.9,146336.0,20522.0,0.4168,2100.0,1900.0,250.0,0.114546180202009,
E09000020,Kensington and Chelsea,2023,England,London,,,,,,31.0,0.0,31.0,3350.0,3334.6,146499.0,20417.0,0.4457,2100.0,2000.0,175.0,0.0807235227678772,
E09000021,Kingston upon Thames,2016,England,London,anxiety,3.2,0.1811224489795918,2.84,3.55,28.0,4.0,24.0,1190.0,1198.3,168617.0,32923.0,0.3782,3400.0,3100.0,,,
E09000021,Kingston upon Thames,2016,England,London,happiness,7.58,0.1224489795918368,7.34,7.82,28.0,4.0,24.0,1190.0,1198.3,168617.0,32923.0,0.3782,3400.0,3100.0,,,
E09000021,Kingston upon Thames,2016,England,London,life-satisfaction,7.69,0.1147959183673469,7.46,7.91,28.0,4.0,24.0,1190.0,1198.3,168617.0,32923.0,0.3782,3400.0,3100.0,,,
E09000021,Kingston upon Thames,2016,England,London,worthwhile,7.9,0.0994897959183672,7.71,8.1,28.0,4.0,24.0,1190.0,1198.3,168617.0,32923.0,0.3782,3400.0,3100.0,,,
E09000021,Kingston upon Thames,2017,England,London,anxiety,3.04,0.1479591836734694,2.75,3.33,27.0,4.0,23.0,1270.0,1261.2,168781.0,33076.0,0.3817,3600.0,3300.0,400.0,0.1102059300736374,
E09000021,Kingston upon Thames,2017,England,London,happiness,7.31,0.1147959183673469,7.09,7.54,27.0,4.0,23.0,1270.0,1261.2,168781.0,33076.0,0.3817,3600.0,3300.0,400.0,0.1102059300736374,
E09000021,Kingston upon Thames,2017,England,London,life-satisfaction,7.6,0.0943877551020408,7.41,7.78,27.0,4.0,23.0,1270.0,1261.2,168781.0,33076.0,0.3817,3600.0,3300.0,400.0,0.1102059300736374,
E09000021,Kingston upon Thames,2017,England,London,worthwhile,7.85,0.0918367346938774,7.67,8.03,27.0,4.0,23.0,1270.0,1261.2,168781.0,33076.0,0.3817,3600.0,3300.0,400.0,0.1102059300736374,
E09000021,Kingston upon Thames,2018,England,London,anxiety,2.81,0.1862244897959183,2.45,3.18,28.0,4.0,24.0,1670.0,1363.3,168729.0,33197.0,0.3855,3400.0,3200.0,475.0,0.127535402474894,
E09000021,Kingston upon Thames,2018,England,London,happiness,7.59,0.1198979591836734,7.36,7.83,28.0,4.0,24.0,1670.0,1363.3,168729.0,33197.0,0.3855,3400.0,3200.0,475.0,0.127535402474894,
E09000021,Kingston upon Thames,2018,England,London,life-satisfaction,7.78,0.0918367346938776,7.6,7.96,28.0,4.0,24.0,1670.0,1363.3,168729.0,33197.0,0.3855,3400.0,3200.0,475.0,0.127535402474894,
E09000021,Kingston upon Thames,2018,England,London,worthwhile,7.95,0.094387755102041,7.77,8.14,28.0,4.0,24.0,1670.0,1363.3,168729.0,33197.0,0.3855,3400.0,3200.0,475.0,0.127535402474894,
E09000021,Kingston upon Thames,2019,England,London,anxiety,3.26,0.1938775510204082,2.88,3.64,28.0,4.0,24.0,2115.0,1930.8,169797.0,33337.0,0.3913,3700.0,3400.0,475.0,0.1204099457672084,
E09000021,Kingston upon Thames,2019,England,London,happiness,7.24,0.1403061224489795,6.96,7.51,28.0,4.0,24.0,2115.0,1930.8,169797.0,33337.0,0.3913,3700.0,3400.0,475.0,0.1204099457672084,
E09000021,Kingston upon Thames,2019,England,London,life-satisfaction,7.55,0.1096938775510203,7.33,7.76,28.0,4.0,24.0,2115.0,1930.8,169797.0,33337.0,0.3913,3700.0,3400.0,475.0,0.1204099457672084,
E09000021,Kingston upon Thames,2019,England,London,worthwhile,7.62,0.1173469387755102,7.39,7.85,28.0,4.0,24.0,2115.0,1930.8,169797.0,33337.0,0.3913,3700.0,3400.0,475.0,0.1204099457672084,
E09000021,Kingston upon Thames,2020,England,London,anxiety,3.45,0.2015306122448979,3.06,3.85,29.0,4.0,25.0,5985.0,4828.3,169770.0,33106.0,0.3966,4100.0,3900.0,,,
E09000021,Kingston upon Thames,2020,England,London,happiness,7.25,0.1326530612244897,6.99,7.51,29.0,4.0,25.0,5985.0,4828.3,169770.0,33106.0,0.3966,4100.0,3900.0,,,
E09000021,Kingston upon Thames,2020,England,London,life-satisfaction,7.23,0.1224489795918366,6.99,7.47,29.0,4.0,25.0,5985.0,4828.3,169770.0,33106.0,0.3966,4100.0,3900.0,,,
E09000021,Kingston upon Thames,2020,England,London,worthwhile,7.62,0.1020408163265307,7.42,7.82,29.0,4.0,25.0,5985.0,4828.3,169770.0,33106.0,0.3966,4100.0,3900.0,,,
E09000021,Kingston upon Thames,2021,England,London,anxiety,3.49,0.2219387755102041,3.05,3.92,29.0,4.0,25.0,3725.0,5005.8,167992.0,32473.0,0.4021,4200.0,3900.0,800.0,0.1728616551470933,
E09000021,Kingston upon Thames,2021,England,London,happiness,7.34,0.1403061224489797,7.06,7.61,29.0,4.0,25.0,3725.0,5005.8,167992.0,32473.0,0.4021,4200.0,3900.0,800.0,0.1728616551470933,
E09000021,Kingston upon Thames,2021,England,London,life-satisfaction,7.46,0.1147959183673469,7.24,7.69,29.0,4.0,25.0,3725.0,5005.8,167992.0,32473.0,0.4021,4200.0,3900.0,800.0,0.1728616551470933,
E09000021,Kingston upon Thames,2021,England,London,worthwhile,7.66,0.1173469387755102,7.43,7.89,29.0,4.0,25.0,3725.0,5005.8,167992.0,32473.0,0.4021,4200.0,3900.0,800.0,0.1728616551470933,
E09000021,Kingston upon Thames,2022,England,London,anxiety,3.62,0.2448979591836733,3.14,4.1,30.0,4.0,26.0,2805.0,3020.4,169076.0,32784.0,0.4168,4100.0,3700.0,,,
E09000021,Kingston upon Thames,2022,England,London,happiness,7.25,0.1811224489795918,6.89,7.6,30.0,4.0,26.0,2805.0,3020.4,169076.0,32784.0,0.4168,4100.0,3700.0,,,
E09000021,Kingston upon Thames,2022,England,London,life-satisfaction,7.58,0.1326530612244897,7.32,7.84,30.0,4.0,26.0,2805.0,3020.4,169076.0,32784.0,0.4168,4100.0,3700.0,,,
E09000021,Kingston upon Thames,2022,England,London,worthwhile,7.52,0.1913265306122449,7.15,7.9,30.0,4.0,26.0,2805.0,3020.4,169076.0,32784.0,0.4168,4100.0,3700.0,,,
E09000021,Kingston upon Thames,2023,England,London,,,,,,31.0,5.0,26.0,3110.0,3007.9,170780.0,32733.0,0.4457,4200.0,3700.0,400.0,0.0965887743011197,3100.0
E09000022,Lambeth,2016,England,London,anxiety,3.5,0.1811224489795918,3.14,3.85,65.0,3.0,62.0,5550.0,5832.9,326613.0,54388.0,0.3782,6700.0,6200.0,,,
E09000022,Lambeth,2016,England,London,happiness,7.21,0.1403061224489797,6.93,7.48,65.0,3.0,62.0,5550.0,5832.9,326613.0,54388.0,0.3782,6700.0,6200.0,,,
E09000022,Lambeth,2016,England,London,life-satisfaction,7.35,0.1122448979591837,7.13,7.57,65.0,3.0,62.0,5550.0,5832.9,326613.0,54388.0,0.3782,6700.0,6200.0,,,
E09000022,Lambeth,2016,England,London,worthwhile,7.49,0.1071428571428571,7.28,7.7,65.0,3.0,62.0,5550.0,5832.9,326613.0,54388.0,0.3782,6700.0,6200.0,,,
E09000022,Lambeth,2017,England,London,anxiety,3.32,0.1887755102040815,2.95,3.69,63.0,3.0,60.0,5880.0,5840.4,327227.0,53873.0,0.3817,7100.0,6600.0,350.0,0.0500689370911023,
E09000022,Lambeth,2017,England,London,happiness,7.31,0.1607142857142857,7.0,7.63,63.0,3.0,60.0,5880.0,5840.4,327227.0,53873.0,0.3817,7100.0,6600.0,350.0,0.0500689370911023,
E09000022,Lambeth,2017,England,London,life-satisfaction,7.41,0.1224489795918368,7.17,7.65,63.0,3.0,60.0,5880.0,5840.4,327227.0,53873.0,0.3817,7100.0,6600.0,350.0,0.0500689370911023,
E09000022,Lambeth,2017,England,London,worthwhile,7.62,0.1122448979591835,7.4,7.84,63.0,3.0,60.0,5880.0,5840.4,327227.0,53873.0,0.3817,7100.0,6600.0,350.0,0.0500689370911023,
E09000022,Lambeth,2018,England,London,anxiety,3.67,0.1811224489795917,3.31,4.02,66.0,4.0,62.0,7420.0,6838.8,328923.0,53281.0,0.3855,8200.0,7600.0,450.0,0.0556569432775628,
E09000022,Lambeth,2018,England,London,happiness,7.26,0.1505102040816326,6.96,7.55,66.0,4.0,62.0,7420.0,6838.8,328923.0,53281.0,0.3855,8200.0,7600.0,450.0,0.0556569432775628,
E09000022,Lambeth,2018,England,London,life-satisfaction,7.22,0.1249999999999998,6.98,7.47,66.0,4.0,62.0,7420.0,6838.8,328923.0,53281.0,0.3855,8200.0,7600.0,450.0,0.0556569432775628,
E09000022,Lambeth,2018,England,London,worthwhile,7.6,0.1198979591836734,7.36,7.83,66.0,4.0,62.0,7420.0,6838.8,328923.0,53281.0,0.3855,8200.0,7600.0,450.0,0.0556569432775628,
E09000022,Lambeth,2019,England,London,anxiety,3.41,0.2015306122448979,3.01,3.8,67.0,4.0,63.0,8720.0,8272.1,329513.0,52082.0,0.3913,8000.0,7400.0,350.0,0.0440801374832128,
E09000022,Lambeth,2019,England,London,happiness,7.34,0.1377551020408163,7.07,7.61,67.0,4.0,63.0,8720.0,8272.1,329513.0,52082.0,0.3913,8000.0,7400.0,350.0,0.0440801374832128,
E09000022,Lambeth,2019,England,London,life-satisfaction,7.44,0.1275510204081632,7.19,7.69,67.0,4.0,63.0,8720.0,8272.1,329513.0,52082.0,0.3913,8000.0,7400.0,350.0,0.0440801374832128,
E09000022,Lambeth,2019,England,London,worthwhile,7.62,0.1198979591836736,7.39,7.86,67.0,4.0,63.0,8720.0,8272.1,329513.0,52082.0,0.3913,8000.0,7400.0,350.0,0.0440801374832128,
E09000022,Lambeth,2020,England,London,anxiety,3.53,0.2015306122448979,3.13,3.92,67.0,4.0,63.0,21630.0,17172.9,325527.0,50751.0,0.3966,8200.0,6700.0,275.0,0.039500116341953,
E09000022,Lambeth,2020,England,London,happiness,7.21,0.1658163265306123,6.88,7.53,67.0,4.0,63.0,21630.0,17172.9,325527.0,50751.0,0.3966,8200.0,6700.0,275.0,0.039500116341953,
E09000022,Lambeth,2020,England,London,life-satisfaction,7.29,0.125,7.04,7.53,67.0,4.0,63.0,21630.0,17172.9,325527.0,50751.0,0.3966,8200.0,6700.0,275.0,0.039500116341953,
E09000022,Lambeth,2020,England,London,worthwhile,7.51,0.1198979591836734,7.28,7.75,67.0,4.0,63.0,21630.0,17172.9,325527.0,50751.0,0.3966,8200.0,6700.0,275.0,0.039500116341953,
E09000022,Lambeth,2021,England,London,anxiety,3.92,0.2015306122448978,3.52,4.31,68.0,4.0,64.0,14820.0,19167.9,317691.0,48347.0,0.4021,6500.0,5900.0,700.0,0.1083826667366893,
E09000022,Lambeth,2021,England,London,happiness,6.99,0.1632653061224489,6.67,7.31,68.0,4.0,64.0,14820.0,19167.9,317691.0,48347.0,0.4021,6500.0,5900.0,700.0,0.1083826667366893,
E09000022,Lambeth,2021,England,London,life-satisfaction,7.41,0.1224489795918368,7.17,7.65,68.0,4.0,64.0,14820.0,19167.9,317691.0,48347.0,0.4021,6500.0,5900.0,700.0,0.1083826667366893,
E09000022,Lambeth,2021,England,London,worthwhile,7.6,0.1403061224489795,7.33,7.88,68.0,4.0,64.0,14820.0,19167.9,317691.0,48347.0,0.4021,6500.0,5900.0,700.0,0.1083826667366893,
E09000022,Lambeth,2022,England,London,anxiety,3.45,0.2984693877551021,2.86,4.03,68.0,4.0,64.0,12055.0,13016.2,317657.0,47394.0,0.4168,6200.0,5400.0,475.0,0.0803392171958557,
E09000022,Lambeth,2022,England,London,happiness,7.5,0.2219387755102041,7.06,7.93,68.0,4.0,64.0,12055.0,13016.2,317657.0,47394.0,0.4168,6200.0,5400.0,475.0,0.0803392171958557,
E09000022,Lambeth,2022,England,London,life-satisfaction,7.63,0.142857142857143,7.35,7.91,68.0,4.0,64.0,12055.0,13016.2,317657.0,47394.0,0.4168,6200.0,5400.0,475.0,0.0803392171958557,
E09000022,Lambeth,2022,England,London,worthwhile,7.75,0.1403061224489795,7.47,8.02,68.0,4.0,64.0,12055.0,13016.2,317657.0,47394.0,0.4168,6200.0,5400.0,475.0,0.0803392171958557,
E09000022,Lambeth,2023,England,London,,,,,,67.0,4.0,63.0,12695.0,12479.6,318738.0,46356.0,0.4457,6200.0,5600.0,275.0,0.0475804752701255,4600.0
E09000023,Lewisham,2016,England,London,anxiety,3.26,0.1479591836734693,2.97,3.55,35.0,6.0,29.0,4900.0,5190.4,298809.0,61048.0,0.3782,6600.0,4700.0,,,4300.0
E09000023,Lewisham,2016,England,London,happiness,7.25,0.1173469387755104,7.02,7.48,35.0,6.0,29.0,4900.0,5190.4,298809.0,61048.0,0.3782,6600.0,4700.0,,,4300.0
E09000023,Lewisham,2016,England,London,life-satisfaction,7.18,0.1122448979591837,6.96,7.4,35.0,6.0,29.0,4900.0,5190.4,298809.0,61048.0,0.3782,6600.0,4700.0,,,4300.0
E09000023,Lewisham,2016,England,London,worthwhile,7.48,0.1352040816326531,7.21,7.74,35.0,6.0,29.0,4900.0,5190.4,298809.0,61048.0,0.3782,6600.0,4700.0,,,4300.0
E09000023,Lewisham,2017,England,London,anxiety,3.18,0.2091836734693877,2.77,3.59,38.0,6.0,32.0,5185.0,5259.6,300924.0,61170.0,0.3817,5500.0,4600.0,,,3600.0
E09000023,Lewisham,2017,England,London,happiness,7.39,0.1147959183673469,7.17,7.62,38.0,6.0,32.0,5185.0,5259.6,300924.0,61170.0,0.3817,5500.0,4600.0,,,3600.0
E09000023,Lewisham,2017,England,London,life-satisfaction,7.3,0.1198979591836734,7.07,7.54,38.0,6.0,32.0,5185.0,5259.6,300924.0,61170.0,0.3817,5500.0,4600.0,,,3600.0
E09000023,Lewisham,2017,England,London,worthwhile,7.62,0.1122448979591835,7.4,7.84,38.0,6.0,32.0,5185.0,5259.6,300924.0,61170.0,0.3817,5500.0,4600.0,,,3600.0
E09000023,Lewisham,2018,England,London,anxiety,3.37,0.1811224489795919,3.01,3.72,38.0,6.0,32.0,6230.0,5585.4,303127.0,61114.0,0.3855,5400.0,4100.0,,,3500.0
E09000023,Lewisham,2018,England,London,happiness,7.55,0.125,7.3,7.79,38.0,6.0,32.0,6230.0,5585.4,303127.0,61114.0,0.3855,5400.0,4100.0,,,3500.0
E09000023,Lewisham,2018,England,London,life-satisfaction,7.49,0.0994897959183675,7.3,7.69,38.0,6.0,32.0,6230.0,5585.4,303127.0,61114.0,0.3855,5400.0,4100.0,,,3500.0
E09000023,Lewisham,2018,England,London,worthwhile,7.81,0.0994897959183672,7.61,8.0,38.0,6.0,32.0,6230.0,5585.4,303127.0,61114.0,0.3855,5400.0,4100.0,,,3500.0
E09000023,Lewisham,2019,England,London,anxiety,3.73,0.1785714285714286,3.38,4.08,39.0,6.0,33.0,8115.0,7471.7,305906.0,60766.0,0.3913,5200.0,4300.0,,,3500.0
E09000023,Lewisham,2019,England,London,happiness,7.33,0.1275510204081632,7.08,7.58,39.0,6.0,33.0,8115.0,7471.7,305906.0,60766.0,0.3913,5200.0,4300.0,,,3500.0
E09000023,Lewisham,2019,England,London,life-satisfaction,7.45,0.0943877551020408,7.27,7.64,39.0,6.0,33.0,8115.0,7471.7,305906.0,60766.0,0.3913,5200.0,4300.0,,,3500.0
E09000023,Lewisham,2019,England,London,worthwhile,7.68,0.1045918367346936,7.48,7.89,39.0,6.0,33.0,8115.0,7471.7,305906.0,60766.0,0.3913,5200.0,4300.0,,,3500.0
E09000023,Lewisham,2020,England,London,anxiety,3.7,0.2346938775510204,3.24,4.16,40.0,7.0,33.0,20260.0,16202.5,304169.0,59655.0,0.3966,5600.0,4800.0,,,3700.0
E09000023,Lewisham,2020,England,London,happiness,7.14,0.170918367346939,6.81,7.48,40.0,7.0,33.0,20260.0,16202.5,304169.0,59655.0,0.3966,5600.0,4800.0,,,3700.0
E09000023,Lewisham,2020,England,London,life-satisfaction,7.09,0.1326530612244897,6.83,7.35,40.0,7.0,33.0,20260.0,16202.5,304169.0,59655.0,0.3966,5600.0,4800.0,,,3700.0
E09000023,Lewisham,2020,England,London,worthwhile,7.52,0.1198979591836734,7.28,7.75,40.0,7.0,33.0,20260.0,16202.5,304169.0,59655.0,0.3966,5600.0,4800.0,,,3700.0
E09000023,Lewisham,2021,England,London,anxiety,3.02,0.1938775510204081,2.64,3.4,41.0,7.0,34.0,14365.0,18050.8,300013.0,57818.0,0.4021,5700.0,4700.0,,,3600.0
E09000023,Lewisham,2021,England,London,happiness,7.44,0.1326530612244899,7.18,7.7,41.0,7.0,34.0,14365.0,18050.8,300013.0,57818.0,0.4021,5700.0,4700.0,,,3600.0
E09000023,Lewisham,2021,England,London,life-satisfaction,7.5,0.1071428571428571,7.29,7.71,41.0,7.0,34.0,14365.0,18050.8,300013.0,57818.0,0.4021,5700.0,4700.0,,,3600.0
E09000023,Lewisham,2021,England,London,worthwhile,7.63,0.1122448979591835,7.41,7.85,41.0,7.0,34.0,14365.0,18050.8,300013.0,57818.0,0.4021,5700.0,4700.0,,,3600.0
E09000023,Lewisham,2022,England,London,anxiety,3.58,0.2372448979591837,3.11,4.04,41.0,7.0,34.0,12060.0,12633.8,299164.0,56835.0,0.4168,5500.0,4700.0,,,3700.0
E09000023,Lewisham,2022,England,London,happiness,7.27,0.1734693877551022,6.93,7.61,41.0,7.0,34.0,12060.0,12633.8,299164.0,56835.0,0.4168,5500.0,4700.0,,,3700.0
E09000023,Lewisham,2022,England,London,life-satisfaction,7.48,0.1326530612244899,7.22,7.74,41.0,7.0,34.0,12060.0,12633.8,299164.0,56835.0,0.4168,5500.0,4700.0,,,3700.0
E09000023,Lewisham,2022,England,London,worthwhile,7.59,0.1607142857142859,7.27,7.9,41.0,7.0,34.0,12060.0,12633.8,299164.0,56835.0,0.4168,5500.0,4700.0,,,3700.0
E09000023,Lewisham,2023,England,London,,,,,,44.0,7.0,37.0,13015.0,12431.7,300225.0,55958.0,0.4457,5600.0,4500.0,300.0,0.0631486629453279,4100.0
E09000024,Merton,2016,England,London,anxiety,3.15,0.1607142857142858,2.84,3.47,32.0,4.0,28.0,2175.0,2118.3,215514.0,43072.0,0.3782,4300.0,3900.0,,,2700.0
E09000024,Merton,2016,England,London,happiness,7.66,0.1173469387755102,7.43,7.89,32.0,4.0,28.0,2175.0,2118.3,215514.0,43072.0,0.3782,4300.0,3900.0,,,2700.0
E09000024,Merton,2016,England,London,life-satisfaction,7.62,0.096938775510204,7.43,7.81,32.0,4.0,28.0,2175.0,2118.3,215514.0,43072.0,0.3782,4300.0,3900.0,,,2700.0
E09000024,Merton,2016,England,London,worthwhile,7.79,0.1071428571428571,7.58,8.0,32.0,4.0,28.0,2175.0,2118.3,215514.0,43072.0,0.3782,4300.0,3900.0,,,2700.0
E09000024,Merton,2017,England,London,anxiety,3.08,0.1709183673469387,2.74,3.41,32.0,5.0,27.0,2330.0,2364.2,215431.0,43055.0,0.3817,4400.0,4100.0,550.0,0.1168438026077646,2700.0
E09000024,Merton,2017,England,London,happiness,7.68,0.1198979591836734,7.45,7.92,32.0,5.0,27.0,2330.0,2364.2,215431.0,43055.0,0.3817,4400.0,4100.0,550.0,0.1168438026077646,2700.0
E09000024,Merton,2017,England,London,life-satisfaction,7.55,0.1071428571428571,7.34,7.76,32.0,5.0,27.0,2330.0,2364.2,215431.0,43055.0,0.3817,4400.0,4100.0,550.0,0.1168438026077646,2700.0
E09000024,Merton,2017,England,London,worthwhile,7.79,0.1122448979591835,7.57,8.01,32.0,5.0,27.0,2330.0,2364.2,215431.0,43055.0,0.3817,4400.0,4100.0,550.0,0.1168438026077646,2700.0
E09000024,Merton,2018,England,London,anxiety,3.13,0.1811224489795919,2.78,3.49,32.0,5.0,27.0,3015.0,2772.1,216171.0,43219.0,0.3855,4100.0,3900.0,500.0,0.1134331153476553,2600.0
E09000024,Merton,2018,England,London,happiness,7.57,0.153061224489796,7.27,7.87,32.0,5.0,27.0,3015.0,2772.1,216171.0,43219.0,0.3855,4100.0,3900.0,500.0,0.1134331153476553,2600.0
E09000024,Merton,2018,England,London,life-satisfaction,7.84,0.1122448979591837,7.62,8.06,32.0,5.0,27.0,3015.0,2772.1,216171.0,43219.0,0.3855,4100.0,3900.0,500.0,0.1134331153476553,2600.0
E09000024,Merton,2018,England,London,worthwhile,8.03,0.0841836734693875,7.86,8.19,32.0,5.0,27.0,3015.0,2772.1,216171.0,43219.0,0.3855,4100.0,3900.0,500.0,0.1134331153476553,2600.0
E09000024,Merton,2019,England,London,anxiety,3.01,0.2219387755102041,2.57,3.44,34.0,7.0,27.0,3595.0,3370.4,217219.0,43306.0,0.3913,4100.0,3800.0,425.0,0.1023471815692841,2500.0
E09000024,Merton,2019,England,London,happiness,7.61,0.1556122448979592,7.3,7.91,34.0,7.0,27.0,3595.0,3370.4,217219.0,43306.0,0.3913,4100.0,3800.0,425.0,0.1023471815692841,2500.0
E09000024,Merton,2019,England,London,life-satisfaction,7.77,0.1045918367346939,7.57,7.98,34.0,7.0,27.0,3595.0,3370.4,217219.0,43306.0,0.3913,4100.0,3800.0,425.0,0.1023471815692841,2500.0
E09000024,Merton,2019,England,London,worthwhile,8.07,0.0892857142857141,7.9,8.25,34.0,7.0,27.0,3595.0,3370.4,217219.0,43306.0,0.3913,4100.0,3800.0,425.0,0.1023471815692841,2500.0
E09000024,Merton,2020,England,London,anxiety,3.41,0.211734693877551,3.0,3.83,35.0,8.0,27.0,9855.0,7924.2,217101.0,42996.0,0.3966,3900.0,3600.0,,,2500.0
E09000024,Merton,2020,England,London,happiness,7.22,0.1607142857142857,6.9,7.53,35.0,8.0,27.0,9855.0,7924.2,217101.0,42996.0,0.3966,3900.0,3600.0,,,2500.0
E09000024,Merton,2020,England,London,life-satisfaction,7.33,0.1377551020408163,7.06,7.6,35.0,8.0,27.0,9855.0,7924.2,217101.0,42996.0,0.3966,3900.0,3600.0,,,2500.0
E09000024,Merton,2020,England,London,worthwhile,7.64,0.1428571428571427,7.36,7.92,35.0,8.0,27.0,9855.0,7924.2,217101.0,42996.0,0.3966,3900.0,3600.0,,,2500.0
E09000024,Merton,2021,England,London,anxiety,3.26,0.2270408163265306,2.82,3.71,35.0,8.0,27.0,6425.0,8369.6,215426.0,42214.0,0.4021,4000.0,2900.0,,,2600.0
E09000024,Merton,2021,England,London,happiness,7.55,0.1454081632653062,7.27,7.84,35.0,8.0,27.0,6425.0,8369.6,215426.0,42214.0,0.4021,4000.0,2900.0,,,2600.0
E09000024,Merton,2021,England,London,life-satisfaction,7.58,0.1224489795918368,7.34,7.82,35.0,8.0,27.0,6425.0,8369.6,215426.0,42214.0,0.4021,4000.0,2900.0,,,2600.0
E09000024,Merton,2021,England,London,worthwhile,7.67,0.1275510204081632,7.42,7.92,35.0,8.0,27.0,6425.0,8369.6,215426.0,42214.0,0.4021,4000.0,2900.0,,,2600.0
E09000024,Merton,2022,England,London,anxiety,3.69,0.2321428571428571,3.24,4.15,35.0,8.0,27.0,5485.0,5686.7,215105.0,42436.0,0.4168,4100.0,3000.0,500.0,0.1489611309702551,2700.0
E09000024,Merton,2022,England,London,happiness,7.39,0.1581632653061224,7.08,7.7,35.0,8.0,27.0,5485.0,5686.7,215105.0,42436.0,0.4168,4100.0,3000.0,500.0,0.1489611309702551,2700.0
E09000024,Merton,2022,England,London,life-satisfaction,7.47,0.1301020408163267,7.22,7.73,35.0,8.0,27.0,5485.0,5686.7,215105.0,42436.0,0.4168,4100.0,3000.0,500.0,0.1489611309702551,2700.0
E09000024,Merton,2022,England,London,worthwhile,7.55,0.142857142857143,7.27,7.83,35.0,8.0,27.0,5485.0,5686.7,215105.0,42436.0,0.4168,4100.0,3000.0,500.0,0.1489611309702551,2700.0
E09000024,Merton,2023,England,London,,,,,,35.0,8.0,27.0,6030.0,5758.8,217135.0,42247.0,0.4457,4000.0,3100.0,400.0,0.1177574646332858,2700.0
E09000025,Newham,2016,England,London,anxiety,2.76,0.163265306122449,2.44,3.08,31.0,3.0,28.0,4530.0,4574.6,335337.0,76408.0,0.3782,4300.0,3700.0,,,2600.0
E09000025,Newham,2016,England,London,happiness,7.54,0.1173469387755102,7.31,7.77,31.0,3.0,28.0,4530.0,4574.6,335337.0,76408.0,0.3782,4300.0,3700.0,,,2600.0
E09000025,Newham,2016,England,London,life-satisfaction,7.61,0.1071428571428571,7.4,7.82,31.0,3.0,28.0,4530.0,4574.6,335337.0,76408.0,0.3782,4300.0,3700.0,,,2600.0
E09000025,Newham,2016,England,London,worthwhile,7.64,0.1020408163265304,7.44,7.84,31.0,3.0,28.0,4530.0,4574.6,335337.0,76408.0,0.3782,4300.0,3700.0,,,2600.0
E09000025,Newham,2017,England,London,anxiety,3.04,0.1989795918367347,2.65,3.43,32.0,3.0,29.0,4535.0,4606.2,338333.0,76829.0,0.3817,4400.0,3900.0,,,2700.0
E09000025,Newham,2017,England,London,happiness,7.37,0.1505102040816326,7.08,7.67,32.0,3.0,29.0,4535.0,4606.2,338333.0,76829.0,0.3817,4400.0,3900.0,,,2700.0
E09000025,Newham,2017,England,London,life-satisfaction,7.46,0.125,7.22,7.71,32.0,3.0,29.0,4535.0,4606.2,338333.0,76829.0,0.3817,4400.0,3900.0,,,2700.0
E09000025,Newham,2017,England,London,worthwhile,7.67,0.125,7.42,7.91,32.0,3.0,29.0,4535.0,4606.2,338333.0,76829.0,0.3817,4400.0,3900.0,,,2700.0
E09000025,Newham,2018,England,London,anxiety,3.16,0.2168367346938775,2.73,3.58,33.0,3.0,30.0,5440.0,4879.2,344570.0,77779.0,0.3855,4200.0,3800.0,,,2600.0
E09000025,Newham,2018,England,London,happiness,7.54,0.1301020408163264,7.28,7.79,33.0,3.0,30.0,5440.0,4879.2,344570.0,77779.0,0.3855,4200.0,3800.0,,,2600.0
E09000025,Newham,2018,England,London,life-satisfaction,7.54,0.1326530612244897,7.28,7.8,33.0,3.0,30.0,5440.0,4879.2,344570.0,77779.0,0.3855,4200.0,3800.0,,,2600.0
E09000025,Newham,2018,England,London,worthwhile,7.73,0.1198979591836734,7.5,7.97,33.0,3.0,30.0,5440.0,4879.2,344570.0,77779.0,0.3855,4200.0,3800.0,,,2600.0
E09000025,Newham,2019,England,London,anxiety,2.91,0.1964285714285714,2.53,3.3,34.0,3.0,31.0,7640.0,6815.8,349786.0,77247.0,0.3913,4500.0,4200.0,,,2900.0
E09000025,Newham,2019,England,London,happiness,7.59,0.1556122448979592,7.29,7.9,34.0,3.0,31.0,7640.0,6815.8,349786.0,77247.0,0.3913,4500.0,4200.0,,,2900.0
E09000025,Newham,2019,England,London,life-satisfaction,7.49,0.1326530612244897,7.23,7.75,34.0,3.0,31.0,7640.0,6815.8,349786.0,77247.0,0.3913,4500.0,4200.0,,,2900.0
E09000025,Newham,2019,England,London,worthwhile,7.63,0.1173469387755102,7.4,7.86,34.0,3.0,31.0,7640.0,6815.8,349786.0,77247.0,0.3913,4500.0,4200.0,,,2900.0
E09000025,Newham,2020,England,London,anxiety,3.08,0.2627551020408163,2.57,3.6,36.0,4.0,32.0,26340.0,19285.0,350025.0,76465.0,0.3966,4600.0,3700.0,,,2900.0
E09000025,Newham,2020,England,London,happiness,7.5,0.2040816326530614,7.1,7.9,36.0,4.0,32.0,26340.0,19285.0,350025.0,76465.0,0.3966,4600.0,3700.0,,,2900.0
E09000025,Newham,2020,England,London,life-satisfaction,7.5,0.155612244897959,7.2,7.81,36.0,4.0,32.0,26340.0,19285.0,350025.0,76465.0,0.3966,4600.0,3700.0,,,2900.0
E09000025,Newham,2020,England,London,worthwhile,7.76,0.1556122448979592,7.45,8.06,36.0,4.0,32.0,26340.0,19285.0,350025.0,76465.0,0.3966,4600.0,3700.0,,,2900.0
E09000025,Newham,2021,England,London,anxiety,2.64,0.2576530612244898,2.13,3.14,37.0,4.0,33.0,19815.0,24458.3,351256.0,74937.0,0.4021,4800.0,3700.0,,,3000.0
E09000025,Newham,2021,England,London,happiness,7.71,0.1938775510204081,7.33,8.09,37.0,4.0,33.0,19815.0,24458.3,351256.0,74937.0,0.4021,4800.0,3700.0,,,3000.0
E09000025,Newham,2021,England,London,life-satisfaction,7.7,0.1530612244897958,7.4,8.0,37.0,4.0,33.0,19815.0,24458.3,351256.0,74937.0,0.4021,4800.0,3700.0,,,3000.0
E09000025,Newham,2021,England,London,worthwhile,7.83,0.1607142857142859,7.52,8.15,37.0,4.0,33.0,19815.0,24458.3,351256.0,74937.0,0.4021,4800.0,3700.0,,,3000.0
E09000025,Newham,2022,England,London,anxiety,1.86,0.2551020408163265,1.36,2.36,38.0,5.0,33.0,15215.0,16197.5,357327.0,75247.0,0.4168,5100.0,3700.0,,,3200.0
E09000025,Newham,2022,England,London,happiness,8.0,0.1785714285714283,7.65,8.35,38.0,5.0,33.0,15215.0,16197.5,357327.0,75247.0,0.4168,5100.0,3700.0,,,3200.0
E09000025,Newham,2022,England,London,life-satisfaction,7.91,0.1479591836734692,7.62,8.2,38.0,5.0,33.0,15215.0,16197.5,357327.0,75247.0,0.4168,5100.0,3700.0,,,3200.0
E09000025,Newham,2022,England,London,worthwhile,8.08,0.125,7.83,8.32,38.0,5.0,33.0,15215.0,16197.5,357327.0,75247.0,0.4168,5100.0,3700.0,,,3200.0
E09000025,Newham,2023,England,London,,,,,,39.0,5.0,34.0,16805.0,16151.7,368194.0,75564.0,0.4457,5100.0,3500.0,800.0,0.1848393836251579,3500.0
E09000026,Redbridge,2016,England,London,anxiety,3.06,0.1479591836734694,2.77,3.35,28.0,6.0,22.0,2740.0,2750.0,304369.0,68901.0,0.3782,7000.0,6300.0,600.0,0.089189028373792,4200.0
E09000026,Redbridge,2016,England,London,happiness,7.53,0.1096938775510205,7.31,7.74,28.0,6.0,22.0,2740.0,2750.0,304369.0,68901.0,0.3782,7000.0,6300.0,600.0,0.089189028373792,4200.0
E09000026,Redbridge,2016,England,London,life-satisfaction,7.56,0.1096938775510205,7.35,7.78,28.0,6.0,22.0,2740.0,2750.0,304369.0,68901.0,0.3782,7000.0,6300.0,600.0,0.089189028373792,4200.0
E09000026,Redbridge,2016,England,London,worthwhile,7.85,0.1096938775510205,7.64,8.07,28.0,6.0,22.0,2740.0,2750.0,304369.0,68901.0,0.3782,7000.0,6300.0,600.0,0.089189028373792,4200.0
E09000026,Redbridge,2017,England,London,anxiety,3.16,0.1479591836734694,2.87,3.45,30.0,7.0,23.0,2400.0,2600.8,305937.0,68957.0,0.3817,7200.0,6600.0,800.0,0.10722702913504,4300.0
E09000026,Redbridge,2017,England,London,happiness,7.45,0.1173469387755102,7.22,7.68,30.0,7.0,23.0,2400.0,2600.8,305937.0,68957.0,0.3817,7200.0,6600.0,800.0,0.10722702913504,4300.0
E09000026,Redbridge,2017,England,London,life-satisfaction,7.55,0.0816326530612245,7.39,7.71,30.0,7.0,23.0,2400.0,2600.8,305937.0,68957.0,0.3817,7200.0,6600.0,800.0,0.10722702913504,4300.0
E09000026,Redbridge,2017,England,London,worthwhile,7.74,0.0816326530612245,7.58,7.9,30.0,7.0,23.0,2400.0,2600.8,305937.0,68957.0,0.3817,7200.0,6600.0,800.0,0.10722702913504,4300.0
E09000026,Redbridge,2018,England,London,anxiety,3.05,0.1887755102040815,2.68,3.42,30.0,6.0,24.0,3210.0,2694.2,308841.0,69107.0,0.3855,6800.0,6100.0,850.0,0.1204128908634096,4000.0
E09000026,Redbridge,2018,England,London,happiness,7.45,0.1454081632653062,7.16,7.73,30.0,6.0,24.0,3210.0,2694.2,308841.0,69107.0,0.3855,6800.0,6100.0,850.0,0.1204128908634096,4000.0
E09000026,Redbridge,2018,England,London,life-satisfaction,7.54,0.1071428571428571,7.33,7.75,30.0,6.0,24.0,3210.0,2694.2,308841.0,69107.0,0.3855,6800.0,6100.0,850.0,0.1204128908634096,4000.0
E09000026,Redbridge,2018,England,London,worthwhile,7.75,0.1071428571428571,7.54,7.96,30.0,6.0,24.0,3210.0,2694.2,308841.0,69107.0,0.3855,6800.0,6100.0,850.0,0.1204128908634096,4000.0
E09000026,Redbridge,2019,England,London,anxiety,2.85,0.1760204081632653,2.5,3.19,30.0,6.0,24.0,4910.0,4256.2,311780.0,69120.0,0.3913,7400.0,6700.0,850.0,0.1133436407471624,4200.0
E09000026,Redbridge,2019,England,London,happiness,7.51,0.1428571428571427,7.23,7.79,30.0,6.0,24.0,4910.0,4256.2,311780.0,69120.0,0.3913,7400.0,6700.0,850.0,0.1133436407471624,4200.0
E09000026,Redbridge,2019,England,London,life-satisfaction,7.62,0.1045918367346939,7.41,7.82,30.0,6.0,24.0,4910.0,4256.2,311780.0,69120.0,0.3913,7400.0,6700.0,850.0,0.1133436407471624,4200.0
E09000026,Redbridge,2019,England,London,worthwhile,7.74,0.1096938775510205,7.52,7.95,30.0,6.0,24.0,4910.0,4256.2,311780.0,69120.0,0.3913,7400.0,6700.0,850.0,0.1133436407471624,4200.0
E09000026,Redbridge,2020,England,London,anxiety,3.26,0.2066326530612245,2.86,3.67,30.0,6.0,24.0,15870.0,12424.2,311750.0,68920.0,0.3966,7600.0,6900.0,700.0,0.0904953305188076,4300.0
E09000026,Redbridge,2020,England,London,happiness,7.21,0.1836734693877552,6.85,7.57,30.0,6.0,24.0,15870.0,12424.2,311750.0,68920.0,0.3966,7600.0,6900.0,700.0,0.0904953305188076,4300.0
E09000026,Redbridge,2020,England,London,life-satisfaction,7.41,0.1454081632653062,7.13,7.7,30.0,6.0,24.0,15870.0,12424.2,311750.0,68920.0,0.3966,7600.0,6900.0,700.0,0.0904953305188076,4300.0
E09000026,Redbridge,2020,England,London,worthwhile,7.66,0.1479591836734694,7.37,7.95,30.0,6.0,24.0,15870.0,12424.2,311750.0,68920.0,0.3966,7600.0,6900.0,700.0,0.0904953305188076,4300.0
E09000026,Redbridge,2021,England,London,anxiety,3.06,0.2219387755102041,2.63,3.5,30.0,6.0,24.0,11605.0,14528.8,310130.0,68153.0,0.4021,6700.0,6200.0,900.0,0.1268192665457053,4100.0
E09000026,Redbridge,2021,England,London,happiness,7.29,0.1811224489795918,6.94,7.65,30.0,6.0,24.0,11605.0,14528.8,310130.0,68153.0,0.4021,6700.0,6200.0,900.0,0.1268192665457053,4100.0
E09000026,Redbridge,2021,England,London,life-satisfaction,7.57,0.1479591836734694,7.28,7.86,30.0,6.0,24.0,11605.0,14528.8,310130.0,68153.0,0.4021,6700.0,6200.0,900.0,0.1268192665457053,4100.0
E09000026,Redbridge,2021,England,London,worthwhile,7.55,0.2168367346938776,7.13,7.98,30.0,6.0,24.0,11605.0,14528.8,310130.0,68153.0,0.4021,6700.0,6200.0,900.0,0.1268192665457053,4100.0
E09000026,Redbridge,2022,England,London,anxiety,3.09,0.2602040816326531,2.58,3.6,30.0,6.0,24.0,9285.0,9560.4,311629.0,68711.0,0.4168,6800.0,6200.0,,,4300.0
E09000026,Redbridge,2022,England,London,happiness,7.63,0.1785714285714286,7.28,7.98,30.0,6.0,24.0,9285.0,9560.4,311629.0,68711.0,0.4168,6800.0,6200.0,,,4300.0
E09000026,Redbridge,2022,England,London,life-satisfaction,7.59,0.1581632653061224,7.28,7.9,30.0,6.0,24.0,9285.0,9560.4,311629.0,68711.0,0.4168,6800.0,6200.0,,,4300.0
E09000026,Redbridge,2022,England,London,worthwhile,7.89,0.1632653061224491,7.57,8.21,30.0,6.0,24.0,9285.0,9560.4,311629.0,68711.0,0.4168,6800.0,6200.0,,,4300.0
E09000026,Redbridge,2023,England,London,,,,,,31.0,6.0,25.0,10015.0,9809.6,316556.0,68966.0,0.4457,7400.0,6800.0,550.0,0.0759378782508946,4800.0
E09000027,Richmond upon Thames,2016,England,London,anxiety,3.25,0.1658163265306122,2.92,3.57,34.0,1.0,33.0,1400.0,1353.3,196293.0,40452.0,0.3782,2800.0,2500.0,,,2000.0
E09000027,Richmond upon Thames,2016,England,London,happiness,7.58,0.1224489795918368,7.34,7.82,34.0,1.0,33.0,1400.0,1353.3,196293.0,40452.0,0.3782,2800.0,2500.0,,,2000.0
E09000027,Richmond upon Thames,2016,England,London,life-satisfaction,7.71,0.0943877551020408,7.53,7.9,34.0,1.0,33.0,1400.0,1353.3,196293.0,40452.0,0.3782,2800.0,2500.0,,,2000.0
E09000027,Richmond upon Thames,2016,England,London,worthwhile,7.87,0.0994897959183675,7.68,8.07,34.0,1.0,33.0,1400.0,1353.3,196293.0,40452.0,0.3782,2800.0,2500.0,,,2000.0
E09000027,Richmond upon Thames,2017,England,London,anxiety,3.37,0.1658163265306123,3.05,3.7,36.0,1.0,35.0,1485.0,1470.4,196849.0,40672.0,0.3817,3100.0,2900.0,,,2200.0
E09000027,Richmond upon Thames,2017,England,London,happiness,7.57,0.1122448979591837,7.35,7.79,36.0,1.0,35.0,1485.0,1470.4,196849.0,40672.0,0.3817,3100.0,2900.0,,,2200.0
E09000027,Richmond upon Thames,2017,England,London,life-satisfaction,7.73,0.0867346938775512,7.56,7.9,36.0,1.0,35.0,1485.0,1470.4,196849.0,40672.0,0.3817,3100.0,2900.0,,,2200.0
E09000027,Richmond upon Thames,2017,England,London,worthwhile,7.76,0.0943877551020408,7.58,7.95,36.0,1.0,35.0,1485.0,1470.4,196849.0,40672.0,0.3817,3100.0,2900.0,,,2200.0
E09000027,Richmond upon Thames,2018,England,London,anxiety,3.34,0.1964285714285714,2.96,3.73,36.0,1.0,35.0,1740.0,1581.2,197119.0,40671.0,0.3855,3300.0,3000.0,350.0,0.1040886989285614,2300.0
E09000027,Richmond upon Thames,2018,England,London,happiness,7.48,0.1173469387755102,7.25,7.71,36.0,1.0,35.0,1740.0,1581.2,197119.0,40671.0,0.3855,3300.0,3000.0,350.0,0.1040886989285614,2300.0
E09000027,Richmond upon Thames,2018,England,London,life-satisfaction,7.7,0.0943877551020408,7.52,7.89,36.0,1.0,35.0,1740.0,1581.2,197119.0,40671.0,0.3855,3300.0,3000.0,350.0,0.1040886989285614,2300.0
E09000027,Richmond upon Thames,2018,England,London,worthwhile,7.76,0.096938775510204,7.57,7.95,36.0,1.0,35.0,1740.0,1581.2,197119.0,40671.0,0.3855,3300.0,3000.0,350.0,0.1040886989285614,2300.0
E09000027,Richmond upon Thames,2019,England,London,anxiety,3.51,0.1836734693877551,3.15,3.87,36.0,1.0,35.0,2055.0,2019.6,198185.0,40677.0,0.3913,3300.0,3000.0,175.0,0.0529793178727695,2200.0
E09000027,Richmond upon Thames,2019,England,London,happiness,7.57,0.1122448979591837,7.35,7.79,36.0,1.0,35.0,2055.0,2019.6,198185.0,40677.0,0.3913,3300.0,3000.0,175.0,0.0529793178727695,2200.0
E09000027,Richmond upon Thames,2019,England,London,life-satisfaction,7.81,0.096938775510204,7.62,8.0,36.0,1.0,35.0,2055.0,2019.6,198185.0,40677.0,0.3913,3300.0,3000.0,175.0,0.0529793178727695,2200.0
E09000027,Richmond upon Thames,2019,England,London,worthwhile,7.89,0.096938775510204,7.7,8.08,36.0,1.0,35.0,2055.0,2019.6,198185.0,40677.0,0.3913,3300.0,3000.0,175.0,0.0529793178727695,2200.0
E09000027,Richmond upon Thames,2020,England,London,anxiety,3.36,0.1989795918367346,2.97,3.75,39.0,2.0,37.0,5940.0,4723.3,197797.0,40113.0,0.3966,3600.0,3300.0,300.0,0.0836463615073941,2400.0
E09000027,Richmond upon Thames,2020,England,London,happiness,7.17,0.1454081632653062,6.89,7.46,39.0,2.0,37.0,5940.0,4723.3,197797.0,40113.0,0.3966,3600.0,3300.0,300.0,0.0836463615073941,2400.0
E09000027,Richmond upon Thames,2020,England,London,life-satisfaction,7.41,0.1198979591836734,7.17,7.64,39.0,2.0,37.0,5940.0,4723.3,197797.0,40113.0,0.3966,3600.0,3300.0,300.0,0.0836463615073941,2400.0
E09000027,Richmond upon Thames,2020,England,London,worthwhile,7.49,0.1275510204081632,7.24,7.74,39.0,2.0,37.0,5940.0,4723.3,197797.0,40113.0,0.3966,3600.0,3300.0,300.0,0.0836463615073941,2400.0
E09000027,Richmond upon Thames,2021,England,London,anxiety,3.87,0.204081632653061,3.47,4.27,42.0,3.0,39.0,3560.0,4872.1,195315.0,39256.0,0.4021,3400.0,3000.0,275.0,0.0863544251217048,2300.0
E09000027,Richmond upon Thames,2021,England,London,happiness,7.3,0.125,7.06,7.55,42.0,3.0,39.0,3560.0,4872.1,195315.0,39256.0,0.4021,3400.0,3000.0,275.0,0.0863544251217048,2300.0
E09000027,Richmond upon Thames,2021,England,London,life-satisfaction,7.47,0.0918367346938776,7.29,7.65,42.0,3.0,39.0,3560.0,4872.1,195315.0,39256.0,0.4021,3400.0,3000.0,275.0,0.0863544251217048,2300.0
E09000027,Richmond upon Thames,2021,England,London,worthwhile,7.68,0.096938775510204,7.49,7.87,42.0,3.0,39.0,3560.0,4872.1,195315.0,39256.0,0.4021,3400.0,3000.0,275.0,0.0863544251217048,2300.0
E09000027,Richmond upon Thames,2022,England,London,anxiety,3.67,0.2627551020408162,3.15,4.18,42.0,3.0,39.0,2970.0,3057.9,195295.0,39523.0,0.4168,3200.0,3000.0,300.0,0.0945149199884433,2400.0
E09000027,Richmond upon Thames,2022,England,London,happiness,7.21,0.1709183673469387,6.88,7.55,42.0,3.0,39.0,2970.0,3057.9,195295.0,39523.0,0.4168,3200.0,3000.0,300.0,0.0945149199884433,2400.0
E09000027,Richmond upon Thames,2022,England,London,life-satisfaction,7.33,0.1377551020408163,7.06,7.6,42.0,3.0,39.0,2970.0,3057.9,195295.0,39523.0,0.4168,3200.0,3000.0,300.0,0.0945149199884433,2400.0
E09000027,Richmond upon Thames,2022,England,London,worthwhile,7.67,0.1352040816326529,7.4,7.93,42.0,3.0,39.0,2970.0,3057.9,195295.0,39523.0,0.4168,3200.0,3000.0,300.0,0.0945149199884433,2400.0
E09000027,Richmond upon Thames,2023,England,London,,,,,,42.0,3.0,39.0,2870.0,2907.1,196061.0,39452.0,0.4457,3200.0,2900.0,200.0,0.0655253543378904,2400.0
E09000028,Southwark,2016,England,London,anxiety,3.37,0.1428571428571428,3.09,3.65,51.0,3.0,48.0,5490.0,5314.6,306720.0,55172.0,0.3782,4300.0,4000.0,200.0,0.0479638330668146,2600.0
E09000028,Southwark,2016,England,London,happiness,7.33,0.1045918367346939,7.13,7.54,51.0,3.0,48.0,5490.0,5314.6,306720.0,55172.0,0.3782,4300.0,4000.0,200.0,0.0479638330668146,2600.0
E09000028,Southwark,2016,England,London,life-satisfaction,7.37,0.0816326530612245,7.21,7.53,51.0,3.0,48.0,5490.0,5314.6,306720.0,55172.0,0.3782,4300.0,4000.0,200.0,0.0479638330668146,2600.0
E09000028,Southwark,2016,England,London,worthwhile,7.59,0.0918367346938774,7.41,7.77,51.0,3.0,48.0,5490.0,5314.6,306720.0,55172.0,0.3782,4300.0,4000.0,200.0,0.0479638330668146,2600.0
E09000028,Southwark,2017,England,London,anxiety,3.68,0.1658163265306122,3.35,4.0,57.0,3.0,54.0,7160.0,6703.8,307640.0,55066.0,0.3817,4600.0,4000.0,250.0,0.0599742313587345,3000.0
E09000028,Southwark,2017,England,London,happiness,7.34,0.1198979591836736,7.1,7.57,57.0,3.0,54.0,7160.0,6703.8,307640.0,55066.0,0.3817,4600.0,4000.0,250.0,0.0599742313587345,3000.0
E09000028,Southwark,2017,England,London,life-satisfaction,7.47,0.0994897959183675,7.27,7.66,57.0,3.0,54.0,7160.0,6703.8,307640.0,55066.0,0.3817,4600.0,4000.0,250.0,0.0599742313587345,3000.0
E09000028,Southwark,2017,England,London,worthwhile,7.65,0.0918367346938776,7.47,7.83,57.0,3.0,54.0,7160.0,6703.8,307640.0,55066.0,0.3817,4600.0,4000.0,250.0,0.0599742313587345,3000.0
E09000028,Southwark,2018,England,London,anxiety,3.61,0.1479591836734694,3.32,3.9,58.0,3.0,55.0,8130.0,7891.2,310492.0,55021.0,0.3855,4700.0,4400.0,,,3100.0
E09000028,Southwark,2018,England,London,happiness,7.28,0.1096938775510203,7.07,7.5,58.0,3.0,55.0,8130.0,7891.2,310492.0,55021.0,0.3855,4700.0,4400.0,,,3100.0
E09000028,Southwark,2018,England,London,life-satisfaction,7.34,0.1096938775510203,7.13,7.56,58.0,3.0,55.0,8130.0,7891.2,310492.0,55021.0,0.3855,4700.0,4400.0,,,3100.0
E09000028,Southwark,2018,England,London,worthwhile,7.5,0.1147959183673469,7.27,7.72,58.0,3.0,55.0,8130.0,7891.2,310492.0,55021.0,0.3855,4700.0,4400.0,,,3100.0
E09000028,Southwark,2019,England,London,anxiety,3.65,0.1938775510204082,3.27,4.03,57.0,3.0,54.0,8415.0,8437.1,312591.0,54387.0,0.3913,4500.0,4000.0,350.0,0.0787466741068675,2900.0
E09000028,Southwark,2019,England,London,happiness,7.26,0.1352040816326531,7.0,7.53,57.0,3.0,54.0,8415.0,8437.1,312591.0,54387.0,0.3913,4500.0,4000.0,350.0,0.0787466741068675,2900.0
E09000028,Southwark,2019,England,London,life-satisfaction,7.51,0.1045918367346939,7.3,7.71,57.0,3.0,54.0,8415.0,8437.1,312591.0,54387.0,0.3913,4500.0,4000.0,350.0,0.0787466741068675,2900.0
E09000028,Southwark,2019,England,London,worthwhile,7.77,0.096938775510204,7.58,7.96,57.0,3.0,54.0,8415.0,8437.1,312591.0,54387.0,0.3913,4500.0,4000.0,350.0,0.0787466741068675,2900.0
E09000028,Southwark,2020,England,London,anxiety,3.66,0.2142857142857142,3.24,4.08,61.0,5.0,56.0,20270.0,16248.3,312055.0,53704.0,0.3966,4600.0,4100.0,,,3000.0
E09000028,Southwark,2020,England,London,happiness,7.0,0.1862244897959185,6.64,7.37,61.0,5.0,56.0,20270.0,16248.3,312055.0,53704.0,0.3966,4600.0,4100.0,,,3000.0
E09000028,Southwark,2020,England,London,life-satisfaction,7.17,0.1352040816326531,6.91,7.44,61.0,5.0,56.0,20270.0,16248.3,312055.0,53704.0,0.3966,4600.0,4100.0,,,3000.0
E09000028,Southwark,2020,England,London,worthwhile,7.34,0.1785714285714286,6.99,7.69,61.0,5.0,56.0,20270.0,16248.3,312055.0,53704.0,0.3966,4600.0,4100.0,,,3000.0
E09000028,Southwark,2021,England,London,anxiety,3.7,0.2780612244897958,3.16,4.25,62.0,5.0,57.0,13995.0,17895.4,306762.0,51146.0,0.4021,4900.0,3800.0,550.0,0.1246791027607169,3300.0
E09000028,Southwark,2021,England,London,happiness,7.24,0.2040816326530611,6.84,7.64,62.0,5.0,57.0,13995.0,17895.4,306762.0,51146.0,0.4021,4900.0,3800.0,550.0,0.1246791027607169,3300.0
E09000028,Southwark,2021,England,London,life-satisfaction,7.32,0.1428571428571427,7.04,7.6,62.0,5.0,57.0,13995.0,17895.4,306762.0,51146.0,0.4021,4900.0,3800.0,550.0,0.1246791027607169,3300.0
E09000028,Southwark,2021,England,London,worthwhile,7.57,0.1326530612244899,7.31,7.83,62.0,5.0,57.0,13995.0,17895.4,306762.0,51146.0,0.4021,4900.0,3800.0,550.0,0.1246791027607169,3300.0
E09000028,Southwark,2022,England,London,anxiety,3.82,0.3418367346938776,3.15,4.49,62.0,4.0,58.0,11175.0,12058.3,309327.0,50489.0,0.4168,5100.0,4100.0,475.0,0.1027159279289715,3600.0
E09000028,Southwark,2022,England,London,happiness,7.12,0.2500000000000001,6.63,7.61,62.0,4.0,58.0,11175.0,12058.3,309327.0,50489.0,0.4168,5100.0,4100.0,475.0,0.1027159279289715,3600.0
E09000028,Southwark,2022,England,London,life-satisfaction,7.23,0.2015306122448979,6.84,7.63,62.0,4.0,58.0,11175.0,12058.3,309327.0,50489.0,0.4168,5100.0,4100.0,475.0,0.1027159279289715,3600.0
E09000028,Southwark,2022,England,London,worthwhile,7.4,0.2015306122448979,7.01,7.8,62.0,4.0,58.0,11175.0,12058.3,309327.0,50489.0,0.4168,5100.0,4100.0,475.0,0.1027159279289715,3600.0
E09000028,Southwark,2023,England,London,,,,,,60.0,4.0,56.0,11640.0,11398.3,313485.0,50024.0,0.4457,5700.0,4600.0,400.0,0.0784030083735969,4000.0
E09000029,Sutton,2016,England,London,anxiety,2.99,0.1607142857142857,2.67,3.3,24.0,1.0,23.0,2225.0,1847.5,203299.0,42046.0,0.3782,4700.0,4500.0,,,3200.0
E09000029,Sutton,2016,England,London,happiness,7.54,0.1198979591836736,7.31,7.78,24.0,1.0,23.0,2225.0,1847.5,203299.0,42046.0,0.3782,4700.0,4500.0,,,3200.0
E09000029,Sutton,2016,England,London,life-satisfaction,7.66,0.0918367346938774,7.48,7.84,24.0,1.0,23.0,2225.0,1847.5,203299.0,42046.0,0.3782,4700.0,4500.0,,,3200.0
E09000029,Sutton,2016,England,London,worthwhile,7.98,0.1045918367346939,7.77,8.18,24.0,1.0,23.0,2225.0,1847.5,203299.0,42046.0,0.3782,4700.0,4500.0,,,3200.0
E09000029,Sutton,2017,England,London,anxiety,2.94,0.1556122448979591,2.64,3.25,25.0,1.0,24.0,2695.0,2646.7,204824.0,42668.0,0.3817,4700.0,4300.0,,,3300.0
E09000029,Sutton,2017,England,London,happiness,7.82,0.1020408163265304,7.62,8.02,25.0,1.0,24.0,2695.0,2646.7,204824.0,42668.0,0.3817,4700.0,4300.0,,,3300.0
E09000029,Sutton,2017,England,London,life-satisfaction,7.91,0.0918367346938774,7.73,8.09,25.0,1.0,24.0,2695.0,2646.7,204824.0,42668.0,0.3817,4700.0,4300.0,,,3300.0
E09000029,Sutton,2017,England,London,worthwhile,7.99,0.0892857142857141,7.82,8.17,25.0,1.0,24.0,2695.0,2646.7,204824.0,42668.0,0.3817,4700.0,4300.0,,,3300.0
E09000029,Sutton,2018,England,London,anxiety,2.64,0.1530612244897959,2.34,2.94,27.0,2.0,25.0,3075.0,2972.9,206286.0,43223.0,0.3855,4800.0,4500.0,,,3200.0
E09000029,Sutton,2018,England,London,happiness,7.79,0.1147959183673467,7.57,8.02,27.0,2.0,25.0,3075.0,2972.9,206286.0,43223.0,0.3855,4800.0,4500.0,,,3200.0
E09000029,Sutton,2018,England,London,life-satisfaction,7.88,0.084183673469388,7.72,8.05,27.0,2.0,25.0,3075.0,2972.9,206286.0,43223.0,0.3855,4800.0,4500.0,,,3200.0
E09000029,Sutton,2018,England,London,worthwhile,8.04,0.0841836734693875,7.87,8.2,27.0,2.0,25.0,3075.0,2972.9,206286.0,43223.0,0.3855,4800.0,4500.0,,,3200.0
E09000029,Sutton,2019,England,London,anxiety,3.03,0.2219387755102041,2.59,3.46,27.0,2.0,25.0,3125.0,3160.8,208516.0,43711.0,0.3913,5300.0,4900.0,,,3500.0
E09000029,Sutton,2019,England,London,happiness,7.27,0.153061224489796,6.97,7.57,27.0,2.0,25.0,3125.0,3160.8,208516.0,43711.0,0.3913,5300.0,4900.0,,,3500.0
E09000029,Sutton,2019,England,London,life-satisfaction,7.49,0.1147959183673469,7.27,7.72,27.0,2.0,25.0,3125.0,3160.8,208516.0,43711.0,0.3913,5300.0,4900.0,,,3500.0
E09000029,Sutton,2019,England,London,worthwhile,7.85,0.1147959183673469,7.63,8.08,27.0,2.0,25.0,3125.0,3160.8,208516.0,43711.0,0.3913,5300.0,4900.0,,,3500.0
E09000029,Sutton,2020,England,London,anxiety,3.14,0.2040816326530611,2.74,3.54,27.0,2.0,25.0,7355.0,6137.5,209921.0,44141.0,0.3966,5400.0,4900.0,,,3600.0
E09000029,Sutton,2020,England,London,happiness,7.32,0.1505102040816328,7.02,7.61,27.0,2.0,25.0,7355.0,6137.5,209921.0,44141.0,0.3966,5400.0,4900.0,,,3600.0
E09000029,Sutton,2020,England,London,life-satisfaction,7.35,0.1403061224489795,7.08,7.63,27.0,2.0,25.0,7355.0,6137.5,209921.0,44141.0,0.3966,5400.0,4900.0,,,3600.0
E09000029,Sutton,2020,England,London,worthwhile,7.67,0.1224489795918368,7.43,7.91,27.0,2.0,25.0,7355.0,6137.5,209921.0,44141.0,0.3966,5400.0,4900.0,,,3600.0
E09000029,Sutton,2021,England,London,anxiety,2.98,0.2142857142857142,2.56,3.4,29.0,4.0,25.0,4485.0,6171.7,209617.0,43895.0,0.4021,5000.0,4500.0,,,3400.0
E09000029,Sutton,2021,England,London,happiness,7.45,0.1454081632653062,7.16,7.73,29.0,4.0,25.0,4485.0,6171.7,209617.0,43895.0,0.4021,5000.0,4500.0,,,3400.0
E09000029,Sutton,2021,England,London,life-satisfaction,7.44,0.1326530612244899,7.18,7.7,29.0,4.0,25.0,4485.0,6171.7,209617.0,43895.0,0.4021,5000.0,4500.0,,,3400.0
E09000029,Sutton,2021,England,London,worthwhile,7.72,0.1377551020408163,7.45,7.99,29.0,4.0,25.0,4485.0,6171.7,209617.0,43895.0,0.4021,5000.0,4500.0,,,3400.0
E09000029,Sutton,2022,England,London,anxiety,3.47,0.2857142857142857,2.91,4.03,30.0,5.0,25.0,3740.0,3821.2,210369.0,44486.0,0.4168,4900.0,4400.0,,,3400.0
E09000029,Sutton,2022,England,London,happiness,7.41,0.1683673469387755,7.08,7.74,30.0,5.0,25.0,3740.0,3821.2,210369.0,44486.0,0.4168,4900.0,4400.0,,,3400.0
E09000029,Sutton,2022,England,London,life-satisfaction,7.46,0.1581632653061222,7.15,7.77,30.0,5.0,25.0,3740.0,3821.2,210369.0,44486.0,0.4168,4900.0,4400.0,,,3400.0
E09000029,Sutton,2022,England,London,worthwhile,7.79,0.1658163265306121,7.46,8.11,30.0,5.0,25.0,3740.0,3821.2,210369.0,44486.0,0.4168,4900.0,4400.0,,,3400.0
E09000029,Sutton,2023,England,London,,,,,,31.0,5.0,26.0,3925.0,3872.5,212336.0,44904.0,0.4457,5000.0,4500.0,750.0,0.1453270269022456,3600.0
E09000030,Tower Hamlets,2016,England,London,anxiety,3.14,0.1862244897959183,2.78,3.51,44.0,1.0,43.0,4730.0,4950.8,289011.0,56104.0,0.3782,4800.0,4400.0,350.0,0.0722558516162122,2800.0
E09000030,Tower Hamlets,2016,England,London,happiness,7.55,0.1505102040816326,7.25,7.84,44.0,1.0,43.0,4730.0,4950.8,289011.0,56104.0,0.3782,4800.0,4400.0,350.0,0.0722558516162122,2800.0
E09000030,Tower Hamlets,2016,England,London,life-satisfaction,7.74,0.1275510204081632,7.49,7.99,44.0,1.0,43.0,4730.0,4950.8,289011.0,56104.0,0.3782,4800.0,4400.0,350.0,0.0722558516162122,2800.0
E09000030,Tower Hamlets,2016,England,London,worthwhile,7.69,0.1275510204081632,7.44,7.94,44.0,1.0,43.0,4730.0,4950.8,289011.0,56104.0,0.3782,4800.0,4400.0,350.0,0.0722558516162122,2800.0
E09000030,Tower Hamlets,2017,England,London,anxiety,3.26,0.163265306122449,2.94,3.58,46.0,1.0,45.0,6090.0,5467.9,293526.0,56956.0,0.3817,5400.0,4900.0,325.0,0.0609603351514711,3300.0
E09000030,Tower Hamlets,2017,England,London,happiness,7.27,0.1249999999999998,7.03,7.52,46.0,1.0,45.0,6090.0,5467.9,293526.0,56956.0,0.3817,5400.0,4900.0,325.0,0.0609603351514711,3300.0
E09000030,Tower Hamlets,2017,England,London,life-satisfaction,7.51,0.1071428571428571,7.3,7.72,46.0,1.0,45.0,6090.0,5467.9,293526.0,56956.0,0.3817,5400.0,4900.0,325.0,0.0609603351514711,3300.0
E09000030,Tower Hamlets,2017,England,London,worthwhile,7.6,0.1045918367346939,7.39,7.8,46.0,1.0,45.0,6090.0,5467.9,293526.0,56956.0,0.3817,5400.0,4900.0,325.0,0.0609603351514711,3300.0
E09000030,Tower Hamlets,2018,England,London,anxiety,2.77,0.1785714285714286,2.42,3.12,46.0,1.0,45.0,6885.0,6692.5,300050.0,57773.0,0.3855,5400.0,5000.0,175.0,0.0356928348656685,3300.0
E09000030,Tower Hamlets,2018,England,London,happiness,7.73,0.1301020408163264,7.48,7.99,46.0,1.0,45.0,6885.0,6692.5,300050.0,57773.0,0.3855,5400.0,5000.0,175.0,0.0356928348656685,3300.0
E09000030,Tower Hamlets,2018,England,London,life-satisfaction,7.82,0.1122448979591835,7.6,8.04,46.0,1.0,45.0,6885.0,6692.5,300050.0,57773.0,0.3855,5400.0,5000.0,175.0,0.0356928348656685,3300.0
E09000030,Tower Hamlets,2018,England,London,worthwhile,7.78,0.1122448979591837,7.56,8.0,46.0,1.0,45.0,6885.0,6692.5,300050.0,57773.0,0.3855,5400.0,5000.0,175.0,0.0356928348656685,3300.0
E09000030,Tower Hamlets,2019,England,London,anxiety,2.92,0.1913265306122449,2.54,3.29,46.0,1.0,45.0,7935.0,7629.2,305066.0,57770.0,0.3913,6300.0,5800.0,325.0,0.0538263819312149,3500.0
E09000030,Tower Hamlets,2019,England,London,happiness,7.62,0.1454081632653062,7.33,7.9,46.0,1.0,45.0,7935.0,7629.2,305066.0,57770.0,0.3913,6300.0,5800.0,325.0,0.0538263819312149,3500.0
E09000030,Tower Hamlets,2019,England,London,life-satisfaction,7.59,0.1122448979591835,7.37,7.81,46.0,1.0,45.0,7935.0,7629.2,305066.0,57770.0,0.3913,6300.0,5800.0,325.0,0.0538263819312149,3500.0
E09000030,Tower Hamlets,2019,England,London,worthwhile,7.8,0.1096938775510203,7.58,8.01,46.0,1.0,45.0,7935.0,7629.2,305066.0,57770.0,0.3913,6300.0,5800.0,325.0,0.0538263819312149,3500.0
E09000030,Tower Hamlets,2020,England,London,anxiety,3.82,0.2984693877551021,3.23,4.4,46.0,1.0,45.0,21190.0,16615.4,306780.0,57786.0,0.3966,6100.0,5600.0,400.0,0.0682270226881966,3500.0
E09000030,Tower Hamlets,2020,England,London,happiness,7.14,0.1632653061224489,6.82,7.46,46.0,1.0,45.0,21190.0,16615.4,306780.0,57786.0,0.3966,6100.0,5600.0,400.0,0.0682270226881966,3500.0
E09000030,Tower Hamlets,2020,England,London,life-satisfaction,7.13,0.1352040816326529,6.86,7.39,46.0,1.0,45.0,21190.0,16615.4,306780.0,57786.0,0.3966,6100.0,5600.0,400.0,0.0682270226881966,3500.0
E09000030,Tower Hamlets,2020,England,London,worthwhile,7.64,0.1607142857142857,7.32,7.95,46.0,1.0,45.0,21190.0,16615.4,306780.0,57786.0,0.3966,6100.0,5600.0,400.0,0.0682270226881966,3500.0
E09000030,Tower Hamlets,2021,England,London,anxiety,2.62,0.2729591836734693,2.08,3.15,48.0,1.0,47.0,15010.0,19054.6,312715.0,57670.0,0.4021,6400.0,5200.0,550.0,0.0947803141681829,4100.0
E09000030,Tower Hamlets,2021,England,London,happiness,7.43,0.2040816326530611,7.03,7.83,48.0,1.0,47.0,15010.0,19054.6,312715.0,57670.0,0.4021,6400.0,5200.0,550.0,0.0947803141681829,4100.0
E09000030,Tower Hamlets,2021,England,London,life-satisfaction,7.62,0.1275510204081632,7.37,7.87,48.0,1.0,47.0,15010.0,19054.6,312715.0,57670.0,0.4021,6400.0,5200.0,550.0,0.0947803141681829,4100.0
E09000030,Tower Hamlets,2021,England,London,worthwhile,7.64,0.1556122448979592,7.33,7.94,48.0,1.0,47.0,15010.0,19054.6,312715.0,57670.0,0.4021,6400.0,5200.0,550.0,0.0947803141681829,4100.0
E09000030,Tower Hamlets,2022,England,London,anxiety,3.26,0.3137755102040816,2.65,3.88,49.0,1.0,48.0,12155.0,12936.2,324881.0,57795.0,0.4168,6300.0,5200.0,550.0,0.097818248752317,3800.0
E09000030,Tower Hamlets,2022,England,London,happiness,6.87,0.2780612244897958,6.32,7.41,49.0,1.0,48.0,12155.0,12936.2,324881.0,57795.0,0.4168,6300.0,5200.0,550.0,0.097818248752317,3800.0
E09000030,Tower Hamlets,2022,England,London,life-satisfaction,7.32,0.211734693877551,6.91,7.74,49.0,1.0,48.0,12155.0,12936.2,324881.0,57795.0,0.4168,6300.0,5200.0,550.0,0.097818248752317,3800.0
E09000030,Tower Hamlets,2022,England,London,worthwhile,7.3,0.2653061224489796,6.78,7.82,49.0,1.0,48.0,12155.0,12936.2,324881.0,57795.0,0.4168,6300.0,5200.0,550.0,0.097818248752317,3800.0
E09000030,Tower Hamlets,2023,England,London,,,,,,50.0,1.0,49.0,13130.0,12483.8,329143.0,56635.0,0.4457,6300.0,5600.0,375.0,0.0632817178794486,4200.0
E09000031,Waltham Forest,2016,England,London,anxiety,2.62,0.1913265306122449,2.25,3.0,26.0,1.0,25.0,4135.0,4255.8,277081.0,58772.0,0.3782,4000.0,3600.0,,,2800.0
E09000031,Waltham Forest,2016,England,London,happiness,7.61,0.1403061224489795,7.34,7.89,26.0,1.0,25.0,4135.0,4255.8,277081.0,58772.0,0.3782,4000.0,3600.0,,,2800.0
E09000031,Waltham Forest,2016,England,London,life-satisfaction,7.67,0.1071428571428571,7.46,7.88,26.0,1.0,25.0,4135.0,4255.8,277081.0,58772.0,0.3782,4000.0,3600.0,,,2800.0
E09000031,Waltham Forest,2016,England,London,worthwhile,7.91,0.1045918367346936,7.71,8.12,26.0,1.0,25.0,4135.0,4255.8,277081.0,58772.0,0.3782,4000.0,3600.0,,,2800.0
E09000031,Waltham Forest,2017,England,London,anxiety,3.04,0.183673469387755,2.68,3.4,28.0,2.0,26.0,3910.0,4060.8,278105.0,59024.0,0.3817,4100.0,3700.0,,,2900.0
E09000031,Waltham Forest,2017,England,London,happiness,7.51,0.1275510204081632,7.26,7.76,28.0,2.0,26.0,3910.0,4060.8,278105.0,59024.0,0.3817,4100.0,3700.0,,,2900.0
E09000031,Waltham Forest,2017,England,London,life-satisfaction,7.73,0.1173469387755102,7.5,7.96,28.0,2.0,26.0,3910.0,4060.8,278105.0,59024.0,0.3817,4100.0,3700.0,,,2900.0
E09000031,Waltham Forest,2017,England,London,worthwhile,7.89,0.1147959183673467,7.66,8.11,28.0,2.0,26.0,3910.0,4060.8,278105.0,59024.0,0.3817,4100.0,3700.0,,,2900.0
E09000031,Waltham Forest,2018,England,London,anxiety,2.98,0.1989795918367347,2.59,3.37,30.0,4.0,26.0,4735.0,4196.7,279795.0,58820.0,0.3855,3700.0,3300.0,,,2700.0
E09000031,Waltham Forest,2018,England,London,happiness,7.51,0.1326530612244897,7.25,7.77,30.0,4.0,26.0,4735.0,4196.7,279795.0,58820.0,0.3855,3700.0,3300.0,,,2700.0
E09000031,Waltham Forest,2018,England,London,life-satisfaction,7.46,0.1326530612244897,7.2,7.72,30.0,4.0,26.0,4735.0,4196.7,279795.0,58820.0,0.3855,3700.0,3300.0,,,2700.0
E09000031,Waltham Forest,2018,England,London,worthwhile,7.81,0.125,7.57,8.06,30.0,4.0,26.0,4735.0,4196.7,279795.0,58820.0,0.3855,3700.0,3300.0,,,2700.0
E09000031,Waltham Forest,2019,England,London,anxiety,3.37,0.1836734693877551,3.01,3.73,30.0,3.0,27.0,6100.0,5568.3,281015.0,58259.0,0.3913,3800.0,3300.0,,,2800.0
E09000031,Waltham Forest,2019,England,London,happiness,7.31,0.1581632653061224,7.0,7.62,30.0,3.0,27.0,6100.0,5568.3,281015.0,58259.0,0.3913,3800.0,3300.0,,,2800.0
E09000031,Waltham Forest,2019,England,London,life-satisfaction,7.26,0.1122448979591837,7.04,7.48,30.0,3.0,27.0,6100.0,5568.3,281015.0,58259.0,0.3913,3800.0,3300.0,,,2800.0
E09000031,Waltham Forest,2019,England,London,worthwhile,7.65,0.1224489795918366,7.41,7.89,30.0,3.0,27.0,6100.0,5568.3,281015.0,58259.0,0.3913,3800.0,3300.0,,,2800.0
E09000031,Waltham Forest,2020,England,London,anxiety,3.48,0.2448979591836734,3.0,3.96,30.0,3.0,27.0,18855.0,14462.1,279527.0,57435.0,0.3966,4000.0,3500.0,,,2900.0
E09000031,Waltham Forest,2020,England,London,happiness,7.31,0.1658163265306121,6.98,7.63,30.0,3.0,27.0,18855.0,14462.1,279527.0,57435.0,0.3966,4000.0,3500.0,,,2900.0
E09000031,Waltham Forest,2020,England,London,life-satisfaction,7.3,0.1403061224489795,7.03,7.58,30.0,3.0,27.0,18855.0,14462.1,279527.0,57435.0,0.3966,4000.0,3500.0,,,2900.0
E09000031,Waltham Forest,2020,England,London,worthwhile,7.7,0.1377551020408163,7.43,7.97,30.0,3.0,27.0,18855.0,14462.1,279527.0,57435.0,0.3966,4000.0,3500.0,,,2900.0
E09000031,Waltham Forest,2021,England,London,anxiety,2.92,0.2015306122448979,2.53,3.32,31.0,3.0,28.0,12615.0,16537.9,278147.0,56245.0,0.4021,4100.0,3300.0,,,2900.0
E09000031,Waltham Forest,2021,England,London,happiness,7.53,0.1658163265306121,7.2,7.85,31.0,3.0,28.0,12615.0,16537.9,278147.0,56245.0,0.4021,4100.0,3300.0,,,2900.0
E09000031,Waltham Forest,2021,England,London,life-satisfaction,7.47,0.1632653061224489,7.15,7.79,31.0,3.0,28.0,12615.0,16537.9,278147.0,56245.0,0.4021,4100.0,3300.0,,,2900.0
E09000031,Waltham Forest,2021,England,London,worthwhile,7.71,0.1607142857142854,7.4,8.03,31.0,3.0,28.0,12615.0,16537.9,278147.0,56245.0,0.4021,4100.0,3300.0,,,2900.0
E09000031,Waltham Forest,2022,England,London,anxiety,3.36,0.2831632653061225,2.8,3.91,32.0,4.0,28.0,10560.0,10700.8,275847.0,56055.0,0.4168,4100.0,3400.0,,,3000.0
E09000031,Waltham Forest,2022,England,London,happiness,6.82,0.2295918367346937,6.37,7.27,32.0,4.0,28.0,10560.0,10700.8,275847.0,56055.0,0.4168,4100.0,3400.0,,,3000.0
E09000031,Waltham Forest,2022,England,London,life-satisfaction,7.16,0.1913265306122449,6.79,7.54,32.0,4.0,28.0,10560.0,10700.8,275847.0,56055.0,0.4168,4100.0,3400.0,,,3000.0
E09000031,Waltham Forest,2022,England,London,worthwhile,7.5,0.1760204081632652,7.16,7.85,32.0,4.0,28.0,10560.0,10700.8,275847.0,56055.0,0.4168,4100.0,3400.0,,,3000.0
E09000031,Waltham Forest,2023,England,London,,,,,,34.0,4.0,30.0,11650.0,11241.7,278506.0,56320.0,0.4457,4300.0,3600.0,550.0,0.1299475852931614,3200.0
E09000032,Wandsworth,2016,England,London,anxiety,3.37,0.1454081632653061,3.08,3.65,52.0,4.0,48.0,3125.0,3194.6,326413.0,55377.0,0.3782,4700.0,4300.0,225.0,0.0515665526952917,3500.0
E09000032,Wandsworth,2016,England,London,happiness,7.55,0.096938775510204,7.36,7.74,52.0,4.0,48.0,3125.0,3194.6,326413.0,55377.0,0.3782,4700.0,4300.0,225.0,0.0515665526952917,3500.0
E09000032,Wandsworth,2016,England,London,life-satisfaction,7.64,0.0841836734693877,7.47,7.8,52.0,4.0,48.0,3125.0,3194.6,326413.0,55377.0,0.3782,4700.0,4300.0,225.0,0.0515665526952917,3500.0
E09000032,Wandsworth,2016,England,London,worthwhile,7.88,0.0943877551020408,7.69,8.06,52.0,4.0,48.0,3125.0,3194.6,326413.0,55377.0,0.3782,4700.0,4300.0,225.0,0.0515665526952917,3500.0
E09000032,Wandsworth,2017,England,London,anxiety,2.88,0.163265306122449,2.56,3.2,55.0,4.0,51.0,3185.0,3222.9,329493.0,55910.0,0.3817,5200.0,4600.0,225.0,0.0473359834720875,3900.0
E09000032,Wandsworth,2017,England,London,happiness,7.46,0.1045918367346939,7.25,7.66,55.0,4.0,51.0,3185.0,3222.9,329493.0,55910.0,0.3817,5200.0,4600.0,225.0,0.0473359834720875,3900.0
E09000032,Wandsworth,2017,England,London,life-satisfaction,7.64,0.0943877551020408,7.45,7.82,55.0,4.0,51.0,3185.0,3222.9,329493.0,55910.0,0.3817,5200.0,4600.0,225.0,0.0473359834720875,3900.0
E09000032,Wandsworth,2017,England,London,worthwhile,7.79,0.0841836734693877,7.63,7.96,55.0,4.0,51.0,3185.0,3222.9,329493.0,55910.0,0.3817,5200.0,4600.0,225.0,0.0473359834720875,3900.0
E09000032,Wandsworth,2018,England,London,anxiety,3.15,0.1683673469387755,2.82,3.48,54.0,4.0,50.0,3705.0,3489.6,331069.0,55912.0,0.3855,5100.0,4600.0,,,3800.0
E09000032,Wandsworth,2018,England,London,happiness,7.5,0.1045918367346939,7.29,7.7,54.0,4.0,50.0,3705.0,3489.6,331069.0,55912.0,0.3855,5100.0,4600.0,,,3800.0
E09000032,Wandsworth,2018,England,London,life-satisfaction,7.65,0.1071428571428571,7.44,7.86,54.0,4.0,50.0,3705.0,3489.6,331069.0,55912.0,0.3855,5100.0,4600.0,,,3800.0
E09000032,Wandsworth,2018,England,London,worthwhile,7.71,0.1275510204081632,7.46,7.96,54.0,4.0,50.0,3705.0,3489.6,331069.0,55912.0,0.3855,5100.0,4600.0,,,3800.0
E09000032,Wandsworth,2019,England,London,anxiety,3.12,0.1581632653061224,2.81,3.43,55.0,5.0,50.0,4860.0,4463.8,334558.0,55854.0,0.3913,4700.0,4400.0,250.0,0.0548864640716785,3400.0
E09000032,Wandsworth,2019,England,London,happiness,7.21,0.1224489795918368,6.97,7.45,55.0,5.0,50.0,4860.0,4463.8,334558.0,55854.0,0.3913,4700.0,4400.0,250.0,0.0548864640716785,3400.0
E09000032,Wandsworth,2019,England,London,life-satisfaction,7.45,0.0994897959183672,7.25,7.64,55.0,5.0,50.0,4860.0,4463.8,334558.0,55854.0,0.3913,4700.0,4400.0,250.0,0.0548864640716785,3400.0
E09000032,Wandsworth,2019,England,London,worthwhile,7.7,0.1020408163265307,7.5,7.9,55.0,5.0,50.0,4860.0,4463.8,334558.0,55854.0,0.3913,4700.0,4400.0,250.0,0.0548864640716785,3400.0
E09000032,Wandsworth,2020,England,London,anxiety,3.44,0.1964285714285714,3.05,3.82,57.0,5.0,52.0,14215.0,11127.1,333678.0,55171.0,0.3966,4900.0,4400.0,375.0,0.0776301705869124,3600.0
E09000032,Wandsworth,2020,England,London,happiness,6.97,0.1479591836734694,6.68,7.26,57.0,5.0,52.0,14215.0,11127.1,333678.0,55171.0,0.3966,4900.0,4400.0,375.0,0.0776301705869124,3600.0
E09000032,Wandsworth,2020,England,London,life-satisfaction,7.35,0.1045918367346939,7.14,7.55,57.0,5.0,52.0,14215.0,11127.1,333678.0,55171.0,0.3966,4900.0,4400.0,375.0,0.0776301705869124,3600.0
E09000032,Wandsworth,2020,England,London,worthwhile,7.42,0.1147959183673467,7.19,7.64,57.0,5.0,52.0,14215.0,11127.1,333678.0,55171.0,0.3966,4900.0,4400.0,375.0,0.0776301705869124,3600.0
E09000032,Wandsworth,2021,England,London,anxiety,3.59,0.2168367346938774,3.17,4.02,60.0,6.0,54.0,9260.0,12165.0,328429.0,53992.0,0.4021,4600.0,4200.0,450.0,0.0976662087305999,3500.0
E09000032,Wandsworth,2021,England,London,happiness,7.37,0.1454081632653062,7.08,7.65,60.0,6.0,54.0,9260.0,12165.0,328429.0,53992.0,0.4021,4600.0,4200.0,450.0,0.0976662087305999,3500.0
E09000032,Wandsworth,2021,England,London,life-satisfaction,7.55,0.1326530612244897,7.29,7.81,60.0,6.0,54.0,9260.0,12165.0,328429.0,53992.0,0.4021,4600.0,4200.0,450.0,0.0976662087305999,3500.0
E09000032,Wandsworth,2021,England,London,worthwhile,7.7,0.1326530612244897,7.44,7.96,60.0,6.0,54.0,9260.0,12165.0,328429.0,53992.0,0.4021,4600.0,4200.0,450.0,0.0976662087305999,3500.0
E09000032,Wandsworth,2022,England,London,anxiety,3.44,0.2168367346938775,3.01,3.86,60.0,5.0,55.0,7645.0,8150.8,330447.0,53520.0,0.4168,5000.0,4300.0,500.0,0.1062882153696005,3800.0
E09000032,Wandsworth,2022,England,London,happiness,7.35,0.1658163265306121,7.03,7.68,60.0,5.0,55.0,7645.0,8150.8,330447.0,53520.0,0.4168,5000.0,4300.0,500.0,0.1062882153696005,3800.0
E09000032,Wandsworth,2022,England,London,life-satisfaction,7.45,0.1479591836734694,7.16,7.74,60.0,5.0,55.0,7645.0,8150.8,330447.0,53520.0,0.4168,5000.0,4300.0,500.0,0.1062882153696005,3800.0
E09000032,Wandsworth,2022,England,London,worthwhile,7.4,0.1581632653061224,7.09,7.71,60.0,5.0,55.0,7645.0,8150.8,330447.0,53520.0,0.4168,5000.0,4300.0,500.0,0.1062882153696005,3800.0
E09000032,Wandsworth,2023,England,London,,,,,,63.0,5.0,58.0,8155.0,7926.7,333859.0,53013.0,0.4457,5400.0,4700.0,425.0,0.0854447569367084,4200.0
E09000033,Westminster,2016,England,London,anxiety,2.99,0.1505102040816326,2.7,3.29,68.0,0.0,68.0,2450.0,2537.1,213193.0,30848.0,0.3782,4600.0,4400.0,,,3400.0
E09000033,Westminster,2016,England,London,happiness,7.56,0.125,7.31,7.8,68.0,0.0,68.0,2450.0,2537.1,213193.0,30848.0,0.3782,4600.0,4400.0,,,3400.0
E09000033,Westminster,2016,England,London,life-satisfaction,7.68,0.0918367346938776,7.5,7.86,68.0,0.0,68.0,2450.0,2537.1,213193.0,30848.0,0.3782,4600.0,4400.0,,,3400.0
E09000033,Westminster,2016,England,London,worthwhile,7.77,0.1096938775510205,7.55,7.98,68.0,0.0,68.0,2450.0,2537.1,213193.0,30848.0,0.3782,4600.0,4400.0,,,3400.0
E09000033,Westminster,2017,England,London,anxiety,3.33,0.1709183673469387,3.0,3.67,70.0,0.0,70.0,2450.0,2515.4,210459.0,30292.0,0.3817,5000.0,4600.0,,,3800.0
E09000033,Westminster,2017,England,London,happiness,7.56,0.1020408163265304,7.36,7.76,70.0,0.0,70.0,2450.0,2515.4,210459.0,30292.0,0.3817,5000.0,4600.0,,,3800.0
E09000033,Westminster,2017,England,London,life-satisfaction,7.57,0.0867346938775509,7.4,7.74,70.0,0.0,70.0,2450.0,2515.4,210459.0,30292.0,0.3817,5000.0,4600.0,,,3800.0
E09000033,Westminster,2017,England,London,worthwhile,7.77,0.0918367346938776,7.59,7.95,70.0,0.0,70.0,2450.0,2515.4,210459.0,30292.0,0.3817,5000.0,4600.0,,,3800.0
E09000033,Westminster,2018,England,London,anxiety,3.36,0.1530612244897959,3.06,3.66,70.0,0.0,70.0,3005.0,2668.3,209868.0,29914.0,0.3855,5000.0,4500.0,,,3700.0
E09000033,Westminster,2018,England,London,happiness,7.38,0.125,7.14,7.63,70.0,0.0,70.0,3005.0,2668.3,209868.0,29914.0,0.3855,5000.0,4500.0,,,3700.0
E09000033,Westminster,2018,England,London,life-satisfaction,7.66,0.1096938775510203,7.45,7.88,70.0,0.0,70.0,3005.0,2668.3,209868.0,29914.0,0.3855,5000.0,4500.0,,,3700.0
E09000033,Westminster,2018,England,London,worthwhile,7.75,0.1045918367346939,7.54,7.95,70.0,0.0,70.0,3005.0,2668.3,209868.0,29914.0,0.3855,5000.0,4500.0,,,3700.0
E09000033,Westminster,2019,England,London,anxiety,3.49,0.1938775510204082,3.11,3.87,69.0,0.0,69.0,3825.0,3564.6,208415.0,29084.0,0.3913,5300.0,4900.0,,,3800.0
E09000033,Westminster,2019,England,London,happiness,7.27,0.1301020408163267,7.02,7.53,69.0,0.0,69.0,3825.0,3564.6,208415.0,29084.0,0.3913,5300.0,4900.0,,,3800.0
E09000033,Westminster,2019,England,London,life-satisfaction,7.37,0.1071428571428571,7.16,7.58,69.0,0.0,69.0,3825.0,3564.6,208415.0,29084.0,0.3913,5300.0,4900.0,,,3800.0
E09000033,Westminster,2019,England,London,worthwhile,7.55,0.1071428571428571,7.34,7.76,69.0,0.0,69.0,3825.0,3564.6,208415.0,29084.0,0.3913,5300.0,4900.0,,,3800.0
E09000033,Westminster,2020,England,London,anxiety,3.44,0.2627551020408163,2.92,3.95,69.0,0.0,69.0,10600.0,7990.8,205624.0,28013.0,0.3966,5600.0,5100.0,,,4200.0
E09000033,Westminster,2020,England,London,happiness,7.27,0.1479591836734692,6.98,7.56,69.0,0.0,69.0,10600.0,7990.8,205624.0,28013.0,0.3966,5600.0,5100.0,,,4200.0
E09000033,Westminster,2020,England,London,life-satisfaction,7.21,0.1581632653061222,6.9,7.52,69.0,0.0,69.0,10600.0,7990.8,205624.0,28013.0,0.3966,5600.0,5100.0,,,4200.0
E09000033,Westminster,2020,England,London,worthwhile,7.58,0.1301020408163264,7.32,7.83,69.0,0.0,69.0,10600.0,7990.8,205624.0,28013.0,0.3966,5600.0,5100.0,,,4200.0
E09000033,Westminster,2021,England,London,anxiety,3.57,0.2551020408163266,3.07,4.07,71.0,1.0,70.0,7770.0,9609.2,205759.0,26802.0,0.4021,5300.0,4900.0,,,4000.0
E09000033,Westminster,2021,England,London,happiness,7.38,0.1607142857142857,7.07,7.7,71.0,1.0,70.0,7770.0,9609.2,205759.0,26802.0,0.4021,5300.0,4900.0,,,4000.0
E09000033,Westminster,2021,England,London,life-satisfaction,7.38,0.1581632653061224,7.07,7.69,71.0,1.0,70.0,7770.0,9609.2,205759.0,26802.0,0.4021,5300.0,4900.0,,,4000.0
E09000033,Westminster,2021,England,London,worthwhile,7.75,0.1607142857142857,7.44,8.07,71.0,1.0,70.0,7770.0,9609.2,205759.0,26802.0,0.4021,5300.0,4900.0,,,4000.0
E09000033,Westminster,2022,England,London,anxiety,3.73,0.232142857142857,3.27,4.18,72.0,1.0,71.0,6105.0,6622.1,209333.0,26817.0,0.4168,5400.0,5000.0,,,4200.0
E09000033,Westminster,2022,England,London,happiness,7.01,0.2219387755102041,6.58,7.45,72.0,1.0,71.0,6105.0,6622.1,209333.0,26817.0,0.4168,5400.0,5000.0,,,4200.0
E09000033,Westminster,2022,England,London,life-satisfaction,7.0,0.1734693877551019,6.66,7.34,72.0,1.0,71.0,6105.0,6622.1,209333.0,26817.0,0.4168,5400.0,5000.0,,,4200.0
E09000033,Westminster,2022,England,London,worthwhile,7.25,0.1632653061224491,6.93,7.57,72.0,1.0,71.0,6105.0,6622.1,209333.0,26817.0,0.4168,5400.0,5000.0,,,4200.0
E09000033,Westminster,2023,England,London,,,,,,70.0,1.0,69.0,6205.0,6072.5,210665.0,26597.0,0.4457,5900.0,5000.0,400.0,0.0753508065090059,4500.0
E10000003,Cambridgeshire,2016,England,East of England,anxiety,2.87,0.2913265306122449,2.298,3.44,65.0,11.0,54.0,2650.0,2832.7999999999997,657286.0,118032.0,0.1701,11000.0,10000.0,700.0,0.0643442400182183,7900.0
E10000003,Cambridgeshire,2016,England,East of England,happiness,7.540000000000001,0.1933673469387755,7.162000000000001,7.92,65.0,11.0,54.0,2650.0,2832.7999999999997,657286.0,118032.0,0.1701,11000.0,10000.0,700.0,0.0643442400182183,7900.0
E10000003,Cambridgeshire,2016,England,East of England,life-satisfaction,7.618,0.17704081632653043,7.2700000000000005,7.964,65.0,11.0,54.0,2650.0,2832.7999999999997,657286.0,118032.0,0.1701,11000.0,10000.0,700.0,0.0643442400182183,7900.0
E10000003,Cambridgeshire,2016,England,East of England,worthwhile,7.862,0.16530612244897963,7.536,8.184000000000001,65.0,11.0,54.0,2650.0,2832.7999999999997,657286.0,118032.0,0.1701,11000.0,10000.0,700.0,0.0643442400182183,7900.0
E10000003,Cambridgeshire,2017,England,East of England,anxiety,3.158,0.2755102040816326,2.616,3.696,68.0,11.0,57.0,2895.0,2815.4,661465.0,118388.0,0.1777,11500.0,10500.0,650.0,0.0603785429497658,8300.0
E10000003,Cambridgeshire,2017,England,East of England,happiness,7.316,0.20918367346938777,6.906000000000001,7.725999999999999,68.0,11.0,57.0,2895.0,2815.4,661465.0,118388.0,0.1777,11500.0,10500.0,650.0,0.0603785429497658,8300.0
E10000003,Cambridgeshire,2017,England,East of England,life-satisfaction,7.622,0.19132653061224478,7.244,7.994,68.0,11.0,57.0,2895.0,2815.4,661465.0,118388.0,0.1777,11500.0,10500.0,650.0,0.0603785429497658,8300.0
E10000003,Cambridgeshire,2017,England,East of England,worthwhile,7.83,0.19030612244897943,7.456,8.202,68.0,11.0,57.0,2895.0,2815.4,661465.0,118388.0,0.1777,11500.0,10500.0,650.0,0.0603785429497658,8300.0
E10000003,Cambridgeshire,2018,England,East of England,anxiety,2.838,0.2780612244897959,2.2960000000000003,3.386,70.0,11.0,59.0,3495.0,3265.0,665676.0,118636.0,0.184,11500.0,10500.0,850.0,0.0751977540252443,8700.0
E10000003,Cambridgeshire,2018,England,East of England,happiness,7.593999999999999,0.19846938775510198,7.204000000000001,7.982000000000001,70.0,11.0,59.0,3495.0,3265.0,665676.0,118636.0,0.184,11500.0,10500.0,850.0,0.0751977540252443,8700.0
E10000003,Cambridgeshire,2018,England,East of England,life-satisfaction,7.786,0.1489795918367347,7.494,8.078,70.0,11.0,59.0,3495.0,3265.0,665676.0,118636.0,0.184,11500.0,10500.0,850.0,0.0751977540252443,8700.0
E10000003,Cambridgeshire,2018,England,East of England,worthwhile,7.944,0.13010204081632654,7.69,8.2,70.0,11.0,59.0,3495.0,3265.0,665676.0,118636.0,0.184,11500.0,10500.0,850.0,0.0751977540252443,8700.0
E10000003,Cambridgeshire,2019,England,East of England,anxiety,3.104,0.325,2.4699999999999998,3.7439999999999998,71.0,11.0,60.0,6155.0,5145.0,668649.0,118641.0,0.1918,12000.0,11000.0,800.0,0.0691814046110802,9000.0
E10000003,Cambridgeshire,2019,England,East of England,happiness,7.306,0.23367346938775507,6.85,7.766,71.0,11.0,60.0,6155.0,5145.0,668649.0,118641.0,0.1918,12000.0,11000.0,800.0,0.0691814046110802,9000.0
E10000003,Cambridgeshire,2019,England,East of England,life-satisfaction,7.632,0.1765306122448979,7.284000000000001,7.976000000000001,71.0,11.0,60.0,6155.0,5145.0,668649.0,118641.0,0.1918,12000.0,11000.0,800.0,0.0691814046110802,9000.0
E10000003,Cambridgeshire,2019,England,East of England,worthwhile,7.790000000000001,0.18724489795918364,7.42,8.154,71.0,11.0,60.0,6155.0,5145.0,668649.0,118641.0,0.1918,12000.0,11000.0,800.0,0.0691814046110802,9000.0
E10000003,Cambridgeshire,2020,England,East of England,anxiety,3.1420000000000003,0.32448979591836735,2.5060000000000002,3.778,77.0,14.0,63.0,16020.0,13567.1,671281.0,118666.0,0.1999,12500.0,12000.0,850.0,0.0667969094421622,9600.0
E10000003,Cambridgeshire,2020,England,East of England,happiness,7.486,0.28469387755102044,6.928,8.044,77.0,14.0,63.0,16020.0,13567.1,671281.0,118666.0,0.1999,12500.0,12000.0,850.0,0.0667969094421622,9600.0
E10000003,Cambridgeshire,2020,England,East of England,life-satisfaction,7.606,0.2178571428571429,7.178,8.032,77.0,14.0,63.0,16020.0,13567.1,671281.0,118666.0,0.1999,12500.0,12000.0,850.0,0.0667969094421622,9600.0
E10000003,Cambridgeshire,2020,England,East of England,worthwhile,7.854000000000001,0.18724489795918364,7.484,8.218,77.0,14.0,63.0,16020.0,13567.1,671281.0,118666.0,0.1999,12500.0,12000.0,850.0,0.0667969094421622,9600.0
E10000003,Cambridgeshire,2021,England,East of England,anxiety,3.0060000000000002,0.28775510204081634,2.442,3.5700000000000003,77.0,14.0,63.0,10795.0,13709.5,680747.0,119288.0,0.2084,11500.0,11000.0,1200.0,0.1009584007220489,8600.0
E10000003,Cambridgeshire,2021,England,East of England,happiness,7.56,0.1994897959183673,7.168000000000001,7.95,77.0,14.0,63.0,10795.0,13709.5,680747.0,119288.0,0.2084,11500.0,11000.0,1200.0,0.1009584007220489,8600.0
E10000003,Cambridgeshire,2021,England,East of England,life-satisfaction,7.640000000000001,0.1668367346938775,7.314,7.968000000000001,77.0,14.0,63.0,10795.0,13709.5,680747.0,119288.0,0.2084,11500.0,11000.0,1200.0,0.1009584007220489,8600.0
E10000003,Cambridgeshire,2021,England,East of England,worthwhile,7.795999999999999,0.16632653061224492,7.470000000000001,8.122,77.0,14.0,63.0,10795.0,13709.5,680747.0,119288.0,0.2084,11500.0,11000.0,1200.0,0.1009584007220489,8600.0
E10000003,Cambridgeshire,2022,England,East of England,anxiety,2.9880000000000004,0.338265306122449,2.3240000000000003,3.65,79.0,14.0,65.0,9350.0,9723.0,690139.0,121921.0,0.2252,12000.0,11000.0,1300.0,0.1023442970345193,8900.0
E10000003,Cambridgeshire,2022,England,East of England,happiness,7.35,0.2479591836734693,6.862,7.8340000000000005,79.0,14.0,65.0,9350.0,9723.0,690139.0,121921.0,0.2252,12000.0,11000.0,1300.0,0.1023442970345193,8900.0
E10000003,Cambridgeshire,2022,England,East of England,life-satisfaction,7.3340000000000005,0.3178571428571428,6.709999999999999,7.956,79.0,14.0,65.0,9350.0,9723.0,690139.0,121921.0,0.2252,12000.0,11000.0,1300.0,0.1023442970345193,8900.0
E10000003,Cambridgeshire,2022,England,East of England,worthwhile,7.784000000000001,0.24897959183673457,7.296000000000001,8.272,79.0,14.0,65.0,9350.0,9723.0,690139.0,121921.0,0.2252,12000.0,11000.0,1300.0,0.1023442970345193,8900.0
E10000003,Cambridgeshire,2023,England,East of England,,,,,,83.0,15.0,68.0,9430.0,9367.1,700296.0,124508.0,0.2614,13500.0,12500.0,1100.0,0.0795456577384109,10500.0
E10000007,Derbyshire,2016,England,East Midlands,anxiety,2.92125,0.30739795918367346,2.31875,3.52375,88.0,22.0,66.0,5680.0,6156.7,779957.0,133635.0,0.1105,17000.0,16000.0,850.0,0.0512186752119928,12000.0
E10000007,Derbyshire,2016,England,East Midlands,happiness,7.45125,0.23118622448979592,6.99625,7.9025,88.0,22.0,66.0,5680.0,6156.7,779957.0,133635.0,0.1105,17000.0,16000.0,850.0,0.0512186752119928,12000.0
E10000007,Derbyshire,2016,England,East Midlands,life-satisfaction,7.81,0.1833545918367346,7.45125,8.17,88.0,22.0,66.0,5680.0,6156.7,779957.0,133635.0,0.1105,17000.0,16000.0,850.0,0.0512186752119928,12000.0
E10000007,Derbyshire,2016,England,East Midlands,worthwhile,7.98,0.18016581632653048,7.6275,8.33375,88.0,22.0,66.0,5680.0,6156.7,779957.0,133635.0,0.1105,17000.0,16000.0,850.0,0.0512186752119928,12000.0
E10000007,Derbyshire,2017,England,East Midlands,anxiety,2.9575,0.2955994897959183,2.3775,3.53625,88.0,23.0,65.0,6455.0,6363.1,782882.0,134186.0,0.1168,17000.0,16000.0,1000.0,0.0577331540315702,12000.0
E10000007,Derbyshire,2017,England,East Midlands,happiness,7.60375,0.23054846938775508,7.15125,8.055,88.0,23.0,65.0,6455.0,6363.1,782882.0,134186.0,0.1168,17000.0,16000.0,1000.0,0.0577331540315702,12000.0
E10000007,Derbyshire,2017,England,East Midlands,life-satisfaction,7.8549999999999995,0.17219387755102042,7.5175,8.1925,88.0,23.0,65.0,6455.0,6363.1,782882.0,134186.0,0.1168,17000.0,16000.0,1000.0,0.0577331540315702,12000.0
E10000007,Derbyshire,2017,England,East Midlands,worthwhile,8.0525,0.1639030612244898,7.7299999999999995,8.3725,88.0,23.0,65.0,6455.0,6363.1,782882.0,134186.0,0.1168,17000.0,16000.0,1000.0,0.0577331540315702,12000.0
E10000007,Derbyshire,2018,England,East Midlands,anxiety,2.71125,0.2946428571428571,2.13375,3.28875,89.0,24.0,65.0,8725.0,7907.4,784926.0,134326.0,0.1217,16500.0,15500.0,1200.0,0.072207527400272,11500.0
E10000007,Derbyshire,2018,England,East Midlands,happiness,7.6875,0.21651785714285712,7.26375,8.1125,89.0,24.0,65.0,8725.0,7907.4,784926.0,134326.0,0.1217,16500.0,15500.0,1200.0,0.072207527400272,11500.0
E10000007,Derbyshire,2018,England,East Midlands,life-satisfaction,7.87625,0.19866071428571425,7.48375,8.2625,89.0,24.0,65.0,8725.0,7907.4,784926.0,134326.0,0.1217,16500.0,15500.0,1200.0,0.072207527400272,11500.0
E10000007,Derbyshire,2018,England,East Midlands,worthwhile,8.04,0.19323979591836732,7.66125,8.41875,89.0,24.0,65.0,8725.0,7907.4,784926.0,134326.0,0.1217,16500.0,15500.0,1200.0,0.072207527400272,11500.0
E10000007,Derbyshire,2019,England,East Midlands,anxiety,2.97875,0.3485331632653061,2.295,3.66125,92.0,28.0,64.0,10910.0,10199.7,788880.0,134840.0,0.1281,17000.0,16000.0,1000.0,0.0590592758281272,12000.0
E10000007,Derbyshire,2019,England,East Midlands,happiness,7.58125,0.25892857142857134,7.075,8.09,92.0,28.0,64.0,10910.0,10199.7,788880.0,134840.0,0.1281,17000.0,16000.0,1000.0,0.0590592758281272,12000.0
E10000007,Derbyshire,2019,England,East Midlands,life-satisfaction,7.80375,0.2069515306122449,7.4,8.21125,92.0,28.0,64.0,10910.0,10199.7,788880.0,134840.0,0.1281,17000.0,16000.0,1000.0,0.0590592758281272,12000.0
E10000007,Derbyshire,2019,England,East Midlands,worthwhile,8.061250000000001,0.19866071428571427,7.67125,8.45,92.0,28.0,64.0,10910.0,10199.7,788880.0,134840.0,0.1281,17000.0,16000.0,1000.0,0.0590592758281272,12000.0
E10000007,Derbyshire,2020,England,East Midlands,anxiety,3.3325,0.376594387755102,2.59375,4.07,97.0,27.0,70.0,22060.0,19978.4,790833.0,134452.0,0.1328,18000.0,16500.0,950.0,0.0538759874392711,12500.0
E10000007,Derbyshire,2020,England,East Midlands,happiness,7.36125,0.2592474489795918,6.85375,7.87,97.0,27.0,70.0,22060.0,19978.4,790833.0,134452.0,0.1328,18000.0,16500.0,950.0,0.0538759874392711,12500.0
E10000007,Derbyshire,2020,England,East Midlands,life-satisfaction,7.4350000000000005,0.22417091836734696,6.995,7.87375,97.0,27.0,70.0,22060.0,19978.4,790833.0,134452.0,0.1328,18000.0,16500.0,950.0,0.0538759874392711,12500.0
E10000007,Derbyshire,2020,England,East Midlands,worthwhile,7.895,0.19100765306122444,7.52,8.26875,97.0,27.0,70.0,22060.0,19978.4,790833.0,134452.0,0.1328,18000.0,16500.0,950.0,0.0538759874392711,12500.0
E10000007,Derbyshire,2021,England,East Midlands,anxiety,2.99,0.3223852040816327,2.35875,3.6225,101.0,29.0,72.0,14425.0,18794.3,796710.0,134622.0,0.1408,16500.0,15500.0,1500.0,0.0875155643379881,12000.0
E10000007,Derbyshire,2021,England,East Midlands,happiness,7.4675,0.24968112244897955,6.9775,7.95625,101.0,29.0,72.0,14425.0,18794.3,796710.0,134622.0,0.1408,16500.0,15500.0,1500.0,0.0875155643379881,12000.0
E10000007,Derbyshire,2021,England,East Midlands,life-satisfaction,7.6875,0.20758928571428573,7.2825,8.09625,101.0,29.0,72.0,14425.0,18794.3,796710.0,134622.0,0.1408,16500.0,15500.0,1500.0,0.0875155643379881,12000.0
E10000007,Derbyshire,2021,England,East Midlands,worthwhile,7.8575,0.20280612244897953,7.45875,8.25375,101.0,29.0,72.0,14425.0,18794.3,796710.0,134622.0,0.1408,16500.0,15500.0,1500.0,0.0875155643379881,12000.0
E10000007,Derbyshire,2022,England,East Midlands,anxiety,3.06375,0.375,2.33,3.8,102.0,29.0,73.0,12690.0,12837.5,803678.0,135849.0,0.1609,16500.0,15500.0,1300.0,0.0766461370121335,12000.0
E10000007,Derbyshire,2022,England,East Midlands,happiness,7.46125,0.2598852040816327,6.95125,7.970000000000001,102.0,29.0,73.0,12690.0,12837.5,803678.0,135849.0,0.1609,16500.0,15500.0,1300.0,0.0766461370121335,12000.0
E10000007,Derbyshire,2022,England,East Midlands,life-satisfaction,7.5525,0.21460459183673466,7.13125,7.9725,102.0,29.0,73.0,12690.0,12837.5,803678.0,135849.0,0.1609,16500.0,15500.0,1300.0,0.0766461370121335,12000.0
E10000007,Derbyshire,2022,England,East Midlands,worthwhile,7.835,0.23246173469387751,7.37875,8.29,102.0,29.0,73.0,12690.0,12837.5,803678.0,135849.0,0.1609,16500.0,15500.0,1300.0,0.0766461370121335,12000.0
E10000007,Derbyshire,2023,England,East Midlands,,,,,,112.0,29.0,83.0,13420.0,13097.1,813633.0,137032.0,0.2016,17000.0,16000.0,1000.0,0.0612072845736924,12500.0
E10000008,Devon,2016,England,South West,anxiety,2.69875,0.34661989795918363,2.01875,3.3775,88.0,17.0,71.0,4185.0,4210.5,773800.0,125678.0,0.1085,21500.0,20500.0,1200.0,0.0572395795731043,15500.0
E10000008,Devon,2016,England,South West,happiness,7.605,0.24585459183673464,7.1225000000000005,8.08625,88.0,17.0,71.0,4185.0,4210.5,773800.0,125678.0,0.1085,21500.0,20500.0,1200.0,0.0572395795731043,15500.0
E10000008,Devon,2016,England,South West,life-satisfaction,7.8375,0.18877551020408168,7.46875,8.20875,88.0,17.0,71.0,4185.0,4210.5,773800.0,125678.0,0.1085,21500.0,20500.0,1200.0,0.0572395795731043,15500.0
E10000008,Devon,2016,England,South West,worthwhile,8.0,0.21109693877551014,7.585,8.4125,88.0,17.0,71.0,4185.0,4210.5,773800.0,125678.0,0.1085,21500.0,20500.0,1200.0,0.0572395795731043,15500.0
E10000008,Devon,2017,England,South West,anxiety,2.69625,0.319515306122449,2.07,3.3225,94.0,20.0,74.0,4220.0,4237.9,783352.0,127277.0,0.112,21000.0,20000.0,1100.0,0.0513584857790945,15000.0
E10000008,Devon,2017,England,South West,happiness,7.61,0.23246173469387746,7.15375,8.065,94.0,20.0,74.0,4220.0,4237.9,783352.0,127277.0,0.112,21000.0,20000.0,1100.0,0.0513584857790945,15000.0
E10000008,Devon,2017,England,South West,life-satisfaction,7.84,0.1868622448979591,7.47625,8.20875,94.0,20.0,74.0,4220.0,4237.9,783352.0,127277.0,0.112,21000.0,20000.0,1100.0,0.0513584857790945,15000.0
E10000008,Devon,2017,England,South West,worthwhile,8.0325,0.1989795918367347,7.6425,8.4225,94.0,20.0,74.0,4220.0,4237.9,783352.0,127277.0,0.112,21000.0,20000.0,1100.0,0.0513584857790945,15000.0
E10000008,Devon,2018,England,South West,anxiety,2.66375,0.3131377551020408,2.0475,3.275,94.0,20.0,74.0,5360.0,4399.9,789834.0,127707.0,0.1135,20500.0,19500.0,1500.0,0.0701244344165691,15000.0
E10000008,Devon,2018,England,South West,happiness,7.845000000000001,0.20153061224489788,7.45,8.24,94.0,20.0,74.0,5360.0,4399.9,789834.0,127707.0,0.1135,20500.0,19500.0,1500.0,0.0701244344165691,15000.0
E10000008,Devon,2018,England,South West,life-satisfaction,7.85125,0.18718112244897958,7.48375,8.2175,94.0,20.0,74.0,5360.0,4399.9,789834.0,127707.0,0.1135,20500.0,19500.0,1500.0,0.0701244344165691,15000.0
E10000008,Devon,2018,England,South West,worthwhile,8.02875,0.2005739795918367,7.635,8.42125,94.0,20.0,74.0,5360.0,4399.9,789834.0,127707.0,0.1135,20500.0,19500.0,1500.0,0.0701244344165691,15000.0
E10000008,Devon,2019,England,South West,anxiety,3.02,0.34885204081632654,2.34,3.7075,94.0,21.0,73.0,7670.0,6839.5,796542.0,128042.0,0.1182,20500.0,19000.0,1500.0,0.0730211007098417,15000.0
E10000008,Devon,2019,England,South West,happiness,7.7,0.22512755102040818,7.26,8.1425,94.0,21.0,73.0,7670.0,6839.5,796542.0,128042.0,0.1182,20500.0,19000.0,1500.0,0.0730211007098417,15000.0
E10000008,Devon,2019,England,South West,life-satisfaction,7.94625,0.19292091836734696,7.56875,8.325,94.0,21.0,73.0,7670.0,6839.5,796542.0,128042.0,0.1182,20500.0,19000.0,1500.0,0.0730211007098417,15000.0
E10000008,Devon,2019,England,South West,worthwhile,8.0925,0.18781887755102036,7.725,8.46125,94.0,21.0,73.0,7670.0,6839.5,796542.0,128042.0,0.1182,20500.0,19000.0,1500.0,0.0730211007098417,15000.0
E10000008,Devon,2020,England,South West,anxiety,3.0524999999999998,0.3558673469387754,2.3537500000000002,3.74875,98.0,22.0,76.0,20075.0,17894.1,800796.0,127452.0,0.1232,21500.0,19500.0,1400.0,0.0682389525061081,15500.0
E10000008,Devon,2020,England,South West,happiness,7.69625,0.24107142857142852,7.2225,8.1675,98.0,22.0,76.0,20075.0,17894.1,800796.0,127452.0,0.1232,21500.0,19500.0,1400.0,0.0682389525061081,15500.0
E10000008,Devon,2020,England,South West,life-satisfaction,7.685,0.1881377551020408,7.31375,8.05125,98.0,22.0,76.0,20075.0,17894.1,800796.0,127452.0,0.1232,21500.0,19500.0,1400.0,0.0682389525061081,15500.0
E10000008,Devon,2020,England,South West,worthwhile,7.945,0.22544642857142855,7.50375,8.3875,98.0,22.0,76.0,20075.0,17894.1,800796.0,127452.0,0.1232,21500.0,19500.0,1400.0,0.0682389525061081,15500.0
E10000008,Devon,2021,England,South West,anxiety,2.815,0.3294005102040817,2.1687499999999997,3.46,101.0,24.0,77.0,12270.0,16525.1,814435.0,128195.0,0.1281,20000.0,18500.0,2000.0,0.0990474700339572,14500.0
E10000008,Devon,2021,England,South West,happiness,7.61,0.2362882653061224,7.145,8.07125,101.0,24.0,77.0,12270.0,16525.1,814435.0,128195.0,0.1281,20000.0,18500.0,2000.0,0.0990474700339572,14500.0
E10000008,Devon,2021,England,South West,life-satisfaction,7.77125,0.1884566326530612,7.4025,8.14125,101.0,24.0,77.0,12270.0,16525.1,814435.0,128195.0,0.1281,20000.0,18500.0,2000.0,0.0990474700339572,14500.0
E10000008,Devon,2021,England,South West,worthwhile,7.91,0.18558673469387746,7.545,8.2725,101.0,24.0,77.0,12270.0,16525.1,814435.0,128195.0,0.1281,20000.0,18500.0,2000.0,0.0990474700339572,14500.0
E10000008,Devon,2022,England,South West,anxiety,3.218571428571429,0.3830174927113702,2.467142857142857,3.9685714285714284,107.0,25.0,82.0,9500.0,10111.2,825809.0,129609.0,0.1422,19500.0,18000.0,1900.0,0.09359468147978,14500.0
E10000008,Devon,2022,England,South West,happiness,7.428571428571429,0.23104956268221563,6.975714285714285,7.881428571428572,107.0,25.0,82.0,9500.0,10111.2,825809.0,129609.0,0.1422,19500.0,18000.0,1900.0,0.09359468147978,14500.0
E10000008,Devon,2022,England,South West,life-satisfaction,7.4871428571428575,0.19351311953352773,7.107142857142857,7.865714285714286,107.0,25.0,82.0,9500.0,10111.2,825809.0,129609.0,0.1422,19500.0,18000.0,1900.0,0.09359468147978,14500.0
E10000008,Devon,2022,England,South West,worthwhile,7.741428571428571,0.260932944606414,7.2299999999999995,8.252857142857142,107.0,25.0,82.0,9500.0,10111.2,825809.0,129609.0,0.1422,19500.0,18000.0,1900.0,0.09359468147978,14500.0
E10000008,Devon,2023,England,South West,,,,,,119.0,27.0,92.0,9610.0,9420.4,833527.0,130202.0,0.1732,20000.0,18500.0,1400.0,0.0721252864598337,15000.0
E10000011,East Sussex,2016,England,South East,anxiety,2.868,0.2545918367346939,2.37,3.368,67.0,9.0,58.0,4265.0,4303.0,543389.0,92104.0,0.1849,17000.0,16000.0,950.0,0.0570731725985777,12500.0
E10000011,East Sussex,2016,England,South East,happiness,7.462000000000001,0.20408163265306123,7.062,7.862,67.0,9.0,58.0,4265.0,4303.0,543389.0,92104.0,0.1849,17000.0,16000.0,950.0,0.0570731725985777,12500.0
E10000011,East Sussex,2016,England,South East,life-satisfaction,7.694,0.16122448979591836,7.378,8.01,67.0,9.0,58.0,4265.0,4303.0,543389.0,92104.0,0.1849,17000.0,16000.0,950.0,0.0570731725985777,12500.0
E10000011,East Sussex,2016,England,South East,worthwhile,7.868,0.16173469387755096,7.552,8.186,67.0,9.0,58.0,4265.0,4303.0,543389.0,92104.0,0.1849,17000.0,16000.0,950.0,0.0570731725985777,12500.0
E10000011,East Sussex,2017,England,South East,anxiety,2.8579999999999997,0.25408163265306116,2.3600000000000003,3.3560000000000003,67.0,9.0,58.0,5720.0,5028.7,544697.0,91795.0,0.1907,17500.0,16500.0,950.0,0.0552728769594824,13000.0
E10000011,East Sussex,2017,England,South East,happiness,7.523999999999999,0.19591836734693877,7.140000000000001,7.9079999999999995,67.0,9.0,58.0,5720.0,5028.7,544697.0,91795.0,0.1907,17500.0,16500.0,950.0,0.0552728769594824,13000.0
E10000011,East Sussex,2017,England,South East,life-satisfaction,7.632,0.1581632653061224,7.322,7.942,67.0,9.0,58.0,5720.0,5028.7,544697.0,91795.0,0.1907,17500.0,16500.0,950.0,0.0552728769594824,13000.0
E10000011,East Sussex,2017,England,South East,worthwhile,7.856,0.16071428571428564,7.537999999999999,8.168000000000001,67.0,9.0,58.0,5720.0,5028.7,544697.0,91795.0,0.1907,17500.0,16500.0,950.0,0.0552728769594824,13000.0
E10000011,East Sussex,2018,England,South East,anxiety,2.8619999999999997,0.2591836734693877,2.354,3.37,68.0,10.0,58.0,7510.0,6766.7,544719.0,91626.0,0.1952,16500.0,16000.0,1100.0,0.0661090366968228,12500.0
E10000011,East Sussex,2018,England,South East,happiness,7.554,0.18469387755102035,7.192,7.9159999999999995,68.0,10.0,58.0,7510.0,6766.7,544719.0,91626.0,0.1952,16500.0,16000.0,1100.0,0.0661090366968228,12500.0
E10000011,East Sussex,2018,England,South East,life-satisfaction,7.63,0.1632653061224489,7.31,7.95,68.0,10.0,58.0,7510.0,6766.7,544719.0,91626.0,0.1952,16500.0,16000.0,1100.0,0.0661090366968228,12500.0
E10000011,East Sussex,2018,England,South East,worthwhile,7.795999999999999,0.20051020408163273,7.404000000000001,8.190000000000001,68.0,10.0,58.0,7510.0,6766.7,544719.0,91626.0,0.1952,16500.0,16000.0,1100.0,0.0661090366968228,12500.0
E10000011,East Sussex,2019,England,South East,anxiety,3.1399999999999997,0.298469387755102,2.556,3.726,68.0,10.0,58.0,8705.0,8183.0,545261.0,91322.0,0.2024,16000.0,14500.0,1000.0,0.0631145030839529,11500.0
E10000011,East Sussex,2019,England,South East,happiness,7.544,0.2030612244897958,7.146000000000001,7.941999999999998,68.0,10.0,58.0,8705.0,8183.0,545261.0,91322.0,0.2024,16000.0,14500.0,1000.0,0.0631145030839529,11500.0
E10000011,East Sussex,2019,England,South East,life-satisfaction,7.645999999999999,0.16326530612244897,7.3260000000000005,7.965999999999999,68.0,10.0,58.0,8705.0,8183.0,545261.0,91322.0,0.2024,16000.0,14500.0,1000.0,0.0631145030839529,11500.0
E10000011,East Sussex,2019,England,South East,worthwhile,7.914,0.16530612244897966,7.590000000000001,8.238,68.0,10.0,58.0,8705.0,8183.0,545261.0,91322.0,0.2024,16000.0,14500.0,1000.0,0.0631145030839529,11500.0
E10000011,East Sussex,2020,England,South East,anxiety,3.4200000000000004,0.28775510204081634,2.8579999999999997,3.9859999999999998,70.0,11.0,59.0,19430.0,16773.3,544582.0,90582.0,0.20860000000000004,16000.0,15000.0,700.0,0.0454110492319755,11500.0
E10000011,East Sussex,2020,England,South East,happiness,7.392,0.19948979591836732,7.002,7.784000000000001,70.0,11.0,59.0,19430.0,16773.3,544582.0,90582.0,0.20860000000000004,16000.0,15000.0,700.0,0.0454110492319755,11500.0
E10000011,East Sussex,2020,England,South East,life-satisfaction,7.4879999999999995,0.18061224489795913,7.136,7.843999999999999,70.0,11.0,59.0,19430.0,16773.3,544582.0,90582.0,0.20860000000000004,16000.0,15000.0,700.0,0.0454110492319755,11500.0
E10000011,East Sussex,2020,England,South East,worthwhile,7.742,0.18367346938775514,7.382,8.102,70.0,11.0,59.0,19430.0,16773.3,544582.0,90582.0,0.20860000000000004,16000.0,15000.0,700.0,0.0454110492319755,11500.0
E10000011,East Sussex,2021,England,South East,anxiety,3.386,0.310204081632653,2.778,3.9939999999999998,72.0,11.0,61.0,13680.0,16827.5,546861.0,90120.0,0.2149,15000.0,14000.0,1400.0,0.0901742072018549,11000.0
E10000011,East Sussex,2021,England,South East,happiness,7.7219999999999995,0.1984693877551021,7.336,8.114,72.0,11.0,61.0,13680.0,16827.5,546861.0,90120.0,0.2149,15000.0,14000.0,1400.0,0.0901742072018549,11000.0
E10000011,East Sussex,2021,England,South East,life-satisfaction,7.676,0.18316326530612242,7.3180000000000005,8.036,72.0,11.0,61.0,13680.0,16827.5,546861.0,90120.0,0.2149,15000.0,14000.0,1400.0,0.0901742072018549,11000.0
E10000011,East Sussex,2021,England,South East,worthwhile,7.967999999999999,0.16530612244897952,7.640000000000001,8.288,72.0,11.0,61.0,13680.0,16827.5,546861.0,90120.0,0.2149,15000.0,14000.0,1400.0,0.0901742072018549,11000.0
E10000011,East Sussex,2022,England,South East,anxiety,3.526,0.3428571428571428,2.852,4.196,75.0,11.0,64.0,11210.0,11971.6,551145.0,90759.0,0.23289999999999997,15500.0,14000.0,1100.0,0.0747356524970835,11500.0
E10000011,East Sussex,2022,England,South East,happiness,7.103999999999999,0.33367346938775505,6.45,7.758,75.0,11.0,64.0,11210.0,11971.6,551145.0,90759.0,0.23289999999999997,15500.0,14000.0,1100.0,0.0747356524970835,11500.0
E10000011,East Sussex,2022,England,South East,life-satisfaction,7.225999999999999,0.2969387755102041,6.644,7.808,75.0,11.0,64.0,11210.0,11971.6,551145.0,90759.0,0.23289999999999997,15500.0,14000.0,1100.0,0.0747356524970835,11500.0
E10000011,East Sussex,2022,England,South East,worthwhile,7.662000000000001,0.22653061224489787,7.220000000000001,8.108,75.0,11.0,64.0,11210.0,11971.6,551145.0,90759.0,0.23289999999999997,15500.0,14000.0,1100.0,0.0747356524970835,11500.0
E10000011,East Sussex,2023,England,South East,,,,,,80.0,11.0,69.0,10835.0,10844.3,556638.0,91211.0,0.268,16000.0,14500.0,950.0,0.059554242258649,12000.0
E10000012,Essex,2016,England,East of England,anxiety,2.8658333333333332,0.31313775510204084,2.2525,3.48,151.0,20.0,131.0,11515.0,11820.4,1460525.0,270236.0,0.1701,31000.0,28000.0,1900.0,0.0633116254695802,22500.0
E10000012,Essex,2016,England,East of England,happiness,7.504166666666666,0.24000850340136048,7.0325,7.973333333333334,151.0,20.0,131.0,11515.0,11820.4,1460525.0,270236.0,0.1701,31000.0,28000.0,1900.0,0.0633116254695802,22500.0
E10000012,Essex,2016,England,East of England,life-satisfaction,7.790833333333334,0.18409863945578223,7.430833333333333,8.1525,151.0,20.0,131.0,11515.0,11820.4,1460525.0,270236.0,0.1701,31000.0,28000.0,1900.0,0.0633116254695802,22500.0
E10000012,Essex,2016,England,East of England,worthwhile,7.9125000000000005,0.1830357142857143,7.553333333333334,8.270833333333334,151.0,20.0,131.0,11515.0,11820.4,1460525.0,270236.0,0.1701,31000.0,28000.0,1900.0,0.0633116254695802,22500.0
E10000012,Essex,2017,England,East of England,anxiety,2.768333333333333,0.28316326530612246,2.214166666666667,3.3241666666666667,158.0,22.0,136.0,11395.0,11676.6,1469674.0,272440.0,0.1777,31000.0,29000.0,2400.0,0.0763454441491797,23000.0
E10000012,Essex,2017,England,East of England,happiness,7.594166666666666,0.2210884353741496,7.16,8.026666666666666,158.0,22.0,136.0,11395.0,11676.6,1469674.0,272440.0,0.1777,31000.0,29000.0,2400.0,0.0763454441491797,23000.0
E10000012,Essex,2017,England,East of England,life-satisfaction,7.670833333333333,0.1881377551020408,7.301666666666667,8.039166666666667,158.0,22.0,136.0,11395.0,11676.6,1469674.0,272440.0,0.1777,31000.0,29000.0,2400.0,0.0763454441491797,23000.0
E10000012,Essex,2017,England,East of England,worthwhile,7.892500000000001,0.18622448979591832,7.526666666666666,8.256666666666666,158.0,22.0,136.0,11395.0,11676.6,1469674.0,272440.0,0.1777,31000.0,29000.0,2400.0,0.0763454441491797,23000.0
E10000012,Essex,2018,England,East of England,anxiety,2.7533333333333334,0.2954931972789115,2.174166666666667,3.3325,163.0,25.0,138.0,15695.0,13755.5,1478385.0,274956.0,0.18400000000000002,33000.0,30000.0,2500.0,0.0760627921553705,24000.0
E10000012,Essex,2018,England,East of England,happiness,7.616666666666667,0.2249149659863945,7.175833333333333,8.0575,163.0,25.0,138.0,15695.0,13755.5,1478385.0,274956.0,0.18400000000000002,33000.0,30000.0,2500.0,0.0760627921553705,24000.0
E10000012,Essex,2018,England,East of England,life-satisfaction,7.755,0.18303571428571427,7.394166666666667,8.111666666666666,163.0,25.0,138.0,15695.0,13755.5,1478385.0,274956.0,0.18400000000000002,33000.0,30000.0,2500.0,0.0760627921553705,24000.0
E10000012,Essex,2018,England,East of England,worthwhile,7.901666666666666,0.18409863945578228,7.539166666666667,8.260833333333332,163.0,25.0,138.0,15695.0,13755.5,1478385.0,274956.0,0.18400000000000002,33000.0,30000.0,2500.0,0.0760627921553705,24000.0
E10000012,Essex,2019,England,East of England,anxiety,2.981666666666667,0.31632653061224486,2.361666666666667,3.6016666666666666,168.0,29.0,139.0,20170.0,18646.2,1489341.0,277169.0,0.1918,32000.0,29000.0,2500.0,0.077963047119118,23000.0
E10000012,Essex,2019,England,East of England,happiness,7.523333333333333,0.2342687074829932,7.065,7.983333333333333,168.0,29.0,139.0,20170.0,18646.2,1489341.0,277169.0,0.1918,32000.0,29000.0,2500.0,0.077963047119118,23000.0
E10000012,Essex,2019,England,East of England,life-satisfaction,7.6875,0.19897959183673464,7.297499999999999,8.077499999999999,168.0,29.0,139.0,20170.0,18646.2,1489341.0,277169.0,0.1918,32000.0,29000.0,2500.0,0.077963047119118,23000.0
E10000012,Essex,2019,England,East of England,worthwhile,7.947500000000001,0.18898809523809523,7.577500000000001,8.318333333333333,168.0,29.0,139.0,20170.0,18646.2,1489341.0,277169.0,0.1918,32000.0,29000.0,2500.0,0.077963047119118,23000.0
E10000012,Essex,2020,England,East of England,anxiety,3.28,0.3696853741496598,2.5558333333333336,4.005,183.0,34.0,149.0,50370.0,42893.3,1495515.0,277734.0,0.1999,33000.0,30000.0,3100.0,0.0934821547238358,24000.0
E10000012,Essex,2020,England,East of England,happiness,7.270833333333333,0.2995323129251701,6.684166666666666,7.858333333333333,183.0,34.0,149.0,50370.0,42893.3,1495515.0,277734.0,0.1999,33000.0,30000.0,3100.0,0.0934821547238358,24000.0
E10000012,Essex,2020,England,East of England,life-satisfaction,7.5,0.22576530612244894,7.0575,7.9425,183.0,34.0,149.0,50370.0,42893.3,1495515.0,277734.0,0.1999,33000.0,30000.0,3100.0,0.0934821547238358,24000.0
E10000012,Essex,2020,England,East of England,worthwhile,7.735833333333333,0.2253401360544217,7.2925,8.175833333333333,183.0,34.0,149.0,50370.0,42893.3,1495515.0,277734.0,0.1999,33000.0,30000.0,3100.0,0.0934821547238358,24000.0
E10000012,Essex,2021,England,East of England,anxiety,2.9766666666666666,0.3511904761904762,2.2883333333333336,3.6649999999999996,188.0,35.0,153.0,32235.0,42042.2,1506726.0,279459.0,0.2084,31000.0,28000.0,4000.0,0.1251625464137174,22000.0
E10000012,Essex,2021,England,East of England,happiness,7.528333333333333,0.26998299319727886,7.0,8.058333333333334,188.0,35.0,153.0,32235.0,42042.2,1506726.0,279459.0,0.2084,31000.0,28000.0,4000.0,0.1251625464137174,22000.0
E10000012,Essex,2021,England,East of England,life-satisfaction,7.675833333333333,0.2202380952380952,7.2441666666666675,8.1075,188.0,35.0,153.0,32235.0,42042.2,1506726.0,279459.0,0.2084,31000.0,28000.0,4000.0,0.1251625464137174,22000.0
E10000012,Essex,2021,England,East of England,worthwhile,7.8825,0.2166241496598639,7.4575,8.306666666666667,188.0,35.0,153.0,32235.0,42042.2,1506726.0,279459.0,0.2084,31000.0,28000.0,4000.0,0.1251625464137174,22000.0
E10000012,Essex,2022,England,East of England,anxiety,3.274,0.3823979591836735,2.524,4.023,199.0,36.0,163.0,25145.0,26993.7,1519902.0,283633.0,0.22519999999999998,32000.0,29000.0,3600.0,0.1104503563265104,23500.0
E10000012,Essex,2022,England,East of England,happiness,7.492,0.26454081632653054,6.973000000000001,8.01,199.0,36.0,163.0,25145.0,26993.7,1519902.0,283633.0,0.22519999999999998,32000.0,29000.0,3600.0,0.1104503563265104,23500.0
E10000012,Essex,2022,England,East of England,life-satisfaction,7.531999999999999,0.2150510204081632,7.109999999999999,7.953,199.0,36.0,163.0,25145.0,26993.7,1519902.0,283633.0,0.22519999999999998,32000.0,29000.0,3600.0,0.1104503563265104,23500.0
E10000012,Essex,2022,England,East of England,worthwhile,7.801,0.2295918367346939,7.351000000000001,8.251000000000001,199.0,36.0,163.0,25145.0,26993.7,1519902.0,283633.0,0.22519999999999998,32000.0,29000.0,3600.0,0.1104503563265104,23500.0
E10000012,Essex,2023,England,East of England,,,,,,212.0,36.0,176.0,26335.0,25652.399999999998,1542488.0,288964.0,0.2614,33000.0,30000.0,3500.0,0.103686057102281,25000.0
E10000013,Gloucestershire,2016,England,South West,anxiety,2.7899999999999996,0.2555272108843537,2.29,3.2916666666666665,76.0,12.0,64.0,3950.0,4235.8,624076.0,110998.0,0.1085,16500.0,15000.0,1200.0,0.0761764401748682,12500.0
E10000013,Gloucestershire,2016,England,South West,happiness,7.406666666666666,0.22066326530612243,6.971666666666667,7.836666666666666,76.0,12.0,64.0,3950.0,4235.8,624076.0,110998.0,0.1085,16500.0,15000.0,1200.0,0.0761764401748682,12500.0
E10000013,Gloucestershire,2016,England,South West,life-satisfaction,7.734999999999999,0.16411564625850342,7.415,8.058333333333334,76.0,12.0,64.0,3950.0,4235.8,624076.0,110998.0,0.1085,16500.0,15000.0,1200.0,0.0761764401748682,12500.0
E10000013,Gloucestershire,2016,England,South West,worthwhile,7.836666666666666,0.1632653061224489,7.516666666666667,8.156666666666666,76.0,12.0,64.0,3950.0,4235.8,624076.0,110998.0,0.1085,16500.0,15000.0,1200.0,0.0761764401748682,12500.0
E10000013,Gloucestershire,2017,England,South West,anxiety,2.8049999999999997,0.2568027210884353,2.3033333333333332,3.31,78.0,12.0,66.0,3640.0,3918.6,629712.0,111880.0,0.112,17000.0,15500.0,1000.0,0.0625049400188783,13000.0
E10000013,Gloucestershire,2017,England,South West,happiness,7.453333333333333,0.19090136054421772,7.078333333333333,7.826666666666667,78.0,12.0,66.0,3640.0,3918.6,629712.0,111880.0,0.112,17000.0,15500.0,1000.0,0.0625049400188783,13000.0
E10000013,Gloucestershire,2017,England,South West,life-satisfaction,7.801666666666667,0.1509353741496598,7.505,8.096666666666666,78.0,12.0,66.0,3640.0,3918.6,629712.0,111880.0,0.112,17000.0,15500.0,1000.0,0.0625049400188783,13000.0
E10000013,Gloucestershire,2017,England,South West,worthwhile,7.886666666666667,0.1619897959183673,7.57,8.205,78.0,12.0,66.0,3640.0,3918.6,629712.0,111880.0,0.112,17000.0,15500.0,1000.0,0.0625049400188783,13000.0
E10000013,Gloucestershire,2018,England,South West,anxiety,2.855,0.24489795918367344,2.3733333333333335,3.3333333333333335,79.0,13.0,66.0,6170.0,5215.5,634653.0,112814.0,0.1135,17500.0,15500.0,1100.0,0.0681313563743323,13000.0
E10000013,Gloucestershire,2018,England,South West,happiness,7.628333333333333,0.17644557823129248,7.283333333333334,7.9750000000000005,79.0,13.0,66.0,6170.0,5215.5,634653.0,112814.0,0.1135,17500.0,15500.0,1100.0,0.0681313563743323,13000.0
E10000013,Gloucestershire,2018,England,South West,life-satisfaction,7.916666666666667,0.14710884353741496,7.628333333333333,8.205,79.0,13.0,66.0,6170.0,5215.5,634653.0,112814.0,0.1135,17500.0,15500.0,1100.0,0.0681313563743323,13000.0
E10000013,Gloucestershire,2018,England,South West,worthwhile,7.9816666666666665,0.15008503401360543,7.6883333333333335,8.276666666666666,79.0,13.0,66.0,6170.0,5215.5,634653.0,112814.0,0.1135,17500.0,15500.0,1100.0,0.0681313563743323,13000.0
E10000013,Gloucestershire,2019,England,South West,anxiety,2.97,0.3239795918367347,2.3383333333333334,3.608333333333333,82.0,16.0,66.0,7485.0,7055.3,638676.0,113140.0,0.11820000000000001,17500.0,16000.0,900.0,0.0533131460807437,13500.0
E10000013,Gloucestershire,2019,England,South West,happiness,7.548333333333333,0.21811224489795913,7.121666666666666,7.976666666666667,82.0,16.0,66.0,7485.0,7055.3,638676.0,113140.0,0.11820000000000001,17500.0,16000.0,900.0,0.0533131460807437,13500.0
E10000013,Gloucestershire,2019,England,South West,life-satisfaction,7.833333333333333,0.1845238095238095,7.47,8.193333333333333,82.0,16.0,66.0,7485.0,7055.3,638676.0,113140.0,0.11820000000000001,17500.0,16000.0,900.0,0.0533131460807437,13500.0
E10000013,Gloucestershire,2019,England,South West,worthwhile,7.923333333333333,0.17261904761904764,7.583333333333333,8.26,82.0,16.0,66.0,7485.0,7055.3,638676.0,113140.0,0.11820000000000001,17500.0,16000.0,900.0,0.0533131460807437,13500.0
E10000013,Gloucestershire,2020,England,South West,anxiety,3.2133333333333334,0.3112244897959184,2.605,3.8249999999999997,88.0,18.0,70.0,17310.0,15245.1,640572.0,112580.0,0.12320000000000002,18000.0,16000.0,1200.0,0.0677917845639215,13500.0
E10000013,Gloucestershire,2020,England,South West,happiness,7.386666666666667,0.2125850340136053,6.971666666666667,7.805,88.0,18.0,70.0,17310.0,15245.1,640572.0,112580.0,0.12320000000000002,18000.0,16000.0,1200.0,0.0677917845639215,13500.0
E10000013,Gloucestershire,2020,England,South West,life-satisfaction,7.506666666666667,0.20153061224489796,7.109999999999999,7.8999999999999995,88.0,18.0,70.0,17310.0,15245.1,640572.0,112580.0,0.12320000000000002,18000.0,16000.0,1200.0,0.0677917845639215,13500.0
E10000013,Gloucestershire,2020,England,South West,worthwhile,7.75,0.1989795918367346,7.361666666666667,8.141666666666666,88.0,18.0,70.0,17310.0,15245.1,640572.0,112580.0,0.12320000000000002,18000.0,16000.0,1200.0,0.0677917845639215,13500.0
E10000013,Gloucestershire,2021,England,South West,anxiety,2.876666666666667,0.355017006802721,2.1816666666666666,3.573333333333333,91.0,20.0,71.0,11070.0,14443.8,646485.0,112593.0,0.1281,17500.0,15500.0,1700.0,0.0991661212799639,13000.0
E10000013,Gloucestershire,2021,England,South West,happiness,7.505,0.22576530612244902,7.06,7.945,91.0,20.0,71.0,11070.0,14443.8,646485.0,112593.0,0.1281,17500.0,15500.0,1700.0,0.0991661212799639,13000.0
E10000013,Gloucestershire,2021,England,South West,life-satisfaction,7.510000000000001,0.1968537414965987,7.123333333333334,7.895,91.0,20.0,71.0,11070.0,14443.8,646485.0,112593.0,0.1281,17500.0,15500.0,1700.0,0.0991661212799639,13000.0
E10000013,Gloucestershire,2021,England,South West,worthwhile,7.638333333333333,0.18920068027210882,7.266666666666667,8.008333333333333,91.0,20.0,71.0,11070.0,14443.8,646485.0,112593.0,0.1281,17500.0,15500.0,1700.0,0.0991661212799639,13000.0
E10000013,Gloucestershire,2022,England,South West,anxiety,3.168333333333333,0.3125,2.555,3.78,95.0,22.0,73.0,8670.0,9175.4,652938.0,114516.0,0.1422,18000.0,16000.0,1700.0,0.0965347848348212,13500.0
E10000013,Gloucestershire,2022,England,South West,happiness,7.346666666666667,0.23129251700680267,6.8933333333333335,7.8,95.0,22.0,73.0,8670.0,9175.4,652938.0,114516.0,0.1422,18000.0,16000.0,1700.0,0.0965347848348212,13500.0
E10000013,Gloucestershire,2022,England,South West,life-satisfaction,7.436666666666667,0.19472789115646258,7.053333333333334,7.816666666666666,95.0,22.0,73.0,8670.0,9175.4,652938.0,114516.0,0.1422,18000.0,16000.0,1700.0,0.0965347848348212,13500.0
E10000013,Gloucestershire,2022,England,South West,worthwhile,7.738333333333333,0.20535714285714282,7.336666666666666,8.141666666666667,95.0,22.0,73.0,8670.0,9175.4,652938.0,114516.0,0.1422,18000.0,16000.0,1700.0,0.0965347848348212,13500.0
E10000013,Gloucestershire,2023,England,South West,,,,,,105.0,23.0,82.0,9715.0,9120.8,661724.0,115916.0,0.1732,18500.0,16500.0,1200.0,0.0671751995307204,14000.0
E10000014,Hampshire,2016,England,South East,anxiety,2.549090909090909,0.27458256029684597,2.011818181818182,3.088181818181818,174.0,21.0,153.0,5885.0,6214.6,1368397.0,248853.0,0.1849,29000.0,27000.0,1900.0,0.0675377529724058,21500.0
E10000014,Hampshire,2016,England,South East,happiness,7.74,0.21474953617810758,7.3172727272727265,8.159090909090908,174.0,21.0,153.0,5885.0,6214.6,1368397.0,248853.0,0.1849,29000.0,27000.0,1900.0,0.0675377529724058,21500.0
E10000014,Hampshire,2016,England,South East,life-satisfaction,7.867272727272726,0.17091836734693874,7.532727272727272,8.202727272727273,174.0,21.0,153.0,5885.0,6214.6,1368397.0,248853.0,0.1849,29000.0,27000.0,1900.0,0.0675377529724058,21500.0
E10000014,Hampshire,2016,England,South East,worthwhile,7.992727272727273,0.16280148423005567,7.674545454545455,8.312727272727273,174.0,21.0,153.0,5885.0,6214.6,1368397.0,248853.0,0.1849,29000.0,27000.0,1900.0,0.0675377529724058,21500.0
E10000014,Hampshire,2017,England,South East,anxiety,2.71,0.28872912801484224,2.1436363636363636,3.2754545454545454,178.0,24.0,154.0,6985.0,6649.7,1373783.0,249429.0,0.1907,30000.0,27000.0,2200.0,0.0736466977519867,22000.0
E10000014,Hampshire,2017,England,South East,happiness,7.680909090909091,0.23376623376623373,7.2236363636363645,8.139999999999999,178.0,24.0,154.0,6985.0,6649.7,1373783.0,249429.0,0.1907,30000.0,27000.0,2200.0,0.0736466977519867,22000.0
E10000014,Hampshire,2017,England,South East,life-satisfaction,7.95090909090909,0.1665120593692022,7.624545454545455,8.277272727272727,178.0,24.0,154.0,6985.0,6649.7,1373783.0,249429.0,0.1907,30000.0,27000.0,2200.0,0.0736466977519867,22000.0
E10000014,Hampshire,2017,England,South East,worthwhile,8.05181818181818,0.16999072356215206,7.719090909090909,8.385454545454545,178.0,24.0,154.0,6985.0,6649.7,1373783.0,249429.0,0.1907,30000.0,27000.0,2200.0,0.0736466977519867,22000.0
E10000014,Hampshire,2018,England,South East,anxiety,2.689090909090909,0.2808441558441558,2.14,3.2409090909090907,178.0,25.0,153.0,8250.0,7694.4,1378177.0,249293.0,0.1952,31000.0,28000.0,2900.0,0.094850141103834,22000.0
E10000014,Hampshire,2018,England,South East,happiness,7.705454545454546,0.20709647495361772,7.298181818181818,8.11,178.0,25.0,153.0,8250.0,7694.4,1378177.0,249293.0,0.1952,31000.0,28000.0,2900.0,0.094850141103834,22000.0
E10000014,Hampshire,2018,England,South East,life-satisfaction,7.998181818181819,0.16952690166975878,7.665454545454545,8.33,178.0,25.0,153.0,8250.0,7694.4,1378177.0,249293.0,0.1952,31000.0,28000.0,2900.0,0.094850141103834,22000.0
E10000014,Hampshire,2018,England,South East,worthwhile,8.112727272727271,0.161178107606679,7.797272727272727,8.42909090909091,178.0,25.0,153.0,8250.0,7694.4,1378177.0,249293.0,0.1952,31000.0,28000.0,2900.0,0.094850141103834,22000.0
E10000014,Hampshire,2019,England,South East,anxiety,3.127272727272727,0.31052875695732834,2.5181818181818185,3.735454545454546,187.0,32.0,155.0,12305.0,10823.3,1384378.0,249080.0,0.2024,31000.0,28000.0,3500.0,0.109938717516593,22000.0
E10000014,Hampshire,2019,England,South East,happiness,7.464545454545455,0.24211502782931352,6.989090909090908,7.938181818181818,187.0,32.0,155.0,12305.0,10823.3,1384378.0,249080.0,0.2024,31000.0,28000.0,3500.0,0.109938717516593,22000.0
E10000014,Hampshire,2019,England,South East,life-satisfaction,7.698181818181819,0.19642857142857142,7.3136363636363635,8.083636363636364,187.0,32.0,155.0,12305.0,10823.3,1384378.0,249080.0,0.2024,31000.0,28000.0,3500.0,0.109938717516593,22000.0
E10000014,Hampshire,2019,England,South East,worthwhile,7.908181818181817,0.20570500927643778,7.504545454545454,8.31090909090909,187.0,32.0,155.0,12305.0,10823.3,1384378.0,249080.0,0.2024,31000.0,28000.0,3500.0,0.109938717516593,22000.0
E10000014,Hampshire,2020,England,South East,anxiety,3.0545454545454547,0.3429962894248609,2.381818181818182,3.7263636363636365,191.0,33.0,158.0,33915.0,28752.5,1391311.0,248784.0,0.2086,31000.0,29000.0,2800.0,0.0891892880018582,23000.0
E10000014,Hampshire,2020,England,South East,happiness,7.407272727272727,0.262291280148423,6.892727272727272,7.920909090909091,191.0,33.0,158.0,33915.0,28752.5,1391311.0,248784.0,0.2086,31000.0,29000.0,2800.0,0.0891892880018582,23000.0
E10000014,Hampshire,2020,England,South East,life-satisfaction,7.408181818181817,0.24072356215213359,6.9363636363636365,7.880000000000001,191.0,33.0,158.0,33915.0,28752.5,1391311.0,248784.0,0.2086,31000.0,29000.0,2800.0,0.0891892880018582,23000.0
E10000014,Hampshire,2020,England,South East,worthwhile,7.691818181818181,0.24420222634508343,7.213636363636363,8.17090909090909,191.0,33.0,158.0,33915.0,28752.5,1391311.0,248784.0,0.2086,31000.0,29000.0,2800.0,0.0891892880018582,23000.0
E10000014,Hampshire,2021,England,South East,anxiety,3.0763636363636366,0.311456400742115,2.4654545454545453,3.686363636363636,196.0,34.0,162.0,22185.0,28814.0,1406110.0,249574.0,0.2149,30000.0,27000.0,3400.0,0.1109629008539904,22500.0
E10000014,Hampshire,2021,England,South East,happiness,7.542727272727273,0.21869202226345086,7.113636363636363,7.970909090909092,196.0,34.0,162.0,22185.0,28814.0,1406110.0,249574.0,0.2149,30000.0,27000.0,3400.0,0.1109629008539904,22500.0
E10000014,Hampshire,2021,England,South East,life-satisfaction,7.705454545454546,0.16488868274582555,7.382727272727274,8.02909090909091,196.0,34.0,162.0,22185.0,28814.0,1406110.0,249574.0,0.2149,30000.0,27000.0,3400.0,0.1109629008539904,22500.0
E10000014,Hampshire,2021,England,South East,worthwhile,7.914545454545455,0.17532467532467533,7.570909090909091,8.258181818181818,196.0,34.0,162.0,22185.0,28814.0,1406110.0,249574.0,0.2149,30000.0,27000.0,3400.0,0.1109629008539904,22500.0
E10000014,Hampshire,2022,England,South East,anxiety,3.2754545454545454,0.41604823747680886,2.460909090909091,4.091818181818182,207.0,38.0,169.0,18940.0,19574.5,1417953.0,251909.0,0.2329,31000.0,28000.0,3500.0,0.109657784666985,23500.0
E10000014,Hampshire,2022,England,South East,happiness,7.427272727272728,0.2850185528756956,6.867272727272728,7.984545454545454,207.0,38.0,169.0,18940.0,19574.5,1417953.0,251909.0,0.2329,31000.0,28000.0,3500.0,0.109657784666985,23500.0
E10000014,Hampshire,2022,England,South East,life-satisfaction,7.569999999999999,0.25626159554730993,7.066363636363636,8.07090909090909,207.0,38.0,169.0,18940.0,19574.5,1417953.0,251909.0,0.2329,31000.0,28000.0,3500.0,0.109657784666985,23500.0
E10000014,Hampshire,2022,England,South East,worthwhile,7.781818181818181,0.2743506493506494,7.242727272727273,8.318181818181818,207.0,38.0,169.0,18940.0,19574.5,1417953.0,251909.0,0.2329,31000.0,28000.0,3500.0,0.109657784666985,23500.0
E10000014,Hampshire,2023,England,South East,,,,,,227.0,39.0,188.0,18995.0,18768.0,1433542.0,254594.0,0.268,34000.0,30000.0,2900.0,0.0869691099818949,26000.0
E10000015,Hertfordshire,2016,England,East of England,anxiety,2.873,0.3137755102040816,2.259,3.489,142.0,10.0,132.0,7660.0,7919.2,1180234.0,237418.0,0.1701,24500.0,22000.0,2000.0,0.0834435557372659,17000.0
E10000015,Hertfordshire,2016,England,East of England,happiness,7.5200000000000005,0.22908163265306122,7.071,7.968999999999999,142.0,10.0,132.0,7660.0,7919.2,1180234.0,237418.0,0.1701,24500.0,22000.0,2000.0,0.0834435557372659,17000.0
E10000015,Hertfordshire,2016,England,East of England,life-satisfaction,7.739,0.1788265306122449,7.388,8.089,142.0,10.0,132.0,7660.0,7919.2,1180234.0,237418.0,0.1701,24500.0,22000.0,2000.0,0.0834435557372659,17000.0
E10000015,Hertfordshire,2016,England,East of England,worthwhile,8.006,0.15994897959183668,7.692,8.318999999999999,142.0,10.0,132.0,7660.0,7919.2,1180234.0,237418.0,0.1701,24500.0,22000.0,2000.0,0.0834435557372659,17000.0
E10000015,Hertfordshire,2017,England,East of England,anxiety,2.754,0.2895408163265306,2.1870000000000003,3.322,142.0,10.0,132.0,8105.0,8140.9,1185014.0,238891.0,0.1777,26000.0,23500.0,2000.0,0.0775314796945173,17500.0
E10000015,Hertfordshire,2017,England,East of England,happiness,7.742999999999999,0.1928571428571428,7.365,8.120999999999999,142.0,10.0,132.0,8105.0,8140.9,1185014.0,238891.0,0.1777,26000.0,23500.0,2000.0,0.0775314796945173,17500.0
E10000015,Hertfordshire,2017,England,East of England,life-satisfaction,7.757000000000001,0.1589285714285714,7.447,8.07,142.0,10.0,132.0,8105.0,8140.9,1185014.0,238891.0,0.1777,26000.0,23500.0,2000.0,0.0775314796945173,17500.0
E10000015,Hertfordshire,2017,England,East of England,worthwhile,7.991,0.1668367346938775,7.664,8.318000000000001,142.0,10.0,132.0,8105.0,8140.9,1185014.0,238891.0,0.1777,26000.0,23500.0,2000.0,0.0775314796945173,17500.0
E10000015,Hertfordshire,2018,England,East of England,anxiety,2.613,0.29336734693877553,2.037,3.1870000000000003,145.0,11.0,134.0,10040.0,9535.4,1188182.0,239649.0,0.184,26000.0,24500.0,2100.0,0.0787013958062789,18000.0
E10000015,Hertfordshire,2018,England,East of England,happiness,7.6579999999999995,0.19846938775510198,7.268000000000001,8.046,145.0,11.0,134.0,10040.0,9535.4,1188182.0,239649.0,0.184,26000.0,24500.0,2100.0,0.0787013958062789,18000.0
E10000015,Hertfordshire,2018,England,East of England,life-satisfaction,7.656999999999999,0.16989795918367348,7.324,7.99,145.0,11.0,134.0,10040.0,9535.4,1188182.0,239649.0,0.184,26000.0,24500.0,2100.0,0.0787013958062789,18000.0
E10000015,Hertfordshire,2018,England,East of England,worthwhile,7.9159999999999995,0.16352040816326527,7.595999999999999,8.237,145.0,11.0,134.0,10040.0,9535.4,1188182.0,239649.0,0.184,26000.0,24500.0,2100.0,0.0787013958062789,18000.0
E10000015,Hertfordshire,2019,England,East of England,anxiety,2.775,0.32448979591836735,2.1390000000000002,3.411,148.0,15.0,133.0,13445.0,12386.7,1193394.0,240258.0,0.1918,27000.0,25000.0,2000.0,0.0748192980984901,19000.0
E10000015,Hertfordshire,2019,England,East of England,happiness,7.656999999999999,0.2303571428571428,7.205,8.108,148.0,15.0,133.0,13445.0,12386.7,1193394.0,240258.0,0.1918,27000.0,25000.0,2000.0,0.0748192980984901,19000.0
E10000015,Hertfordshire,2019,England,East of England,life-satisfaction,7.683,0.18826530612244896,7.315,8.053,148.0,15.0,133.0,13445.0,12386.7,1193394.0,240258.0,0.1918,27000.0,25000.0,2000.0,0.0748192980984901,19000.0
E10000015,Hertfordshire,2019,England,East of England,worthwhile,7.973000000000001,0.18061224489795924,7.619,8.327,148.0,15.0,133.0,13445.0,12386.7,1193394.0,240258.0,0.1918,27000.0,25000.0,2000.0,0.0748192980984901,19000.0
E10000015,Hertfordshire,2020,England,East of England,anxiety,3.41,0.3061224489795918,2.809,4.009,156.0,18.0,138.0,36760.0,30574.8,1198052.0,240399.0,0.1999,27000.0,25000.0,2500.0,0.0911514122216422,19000.0
E10000015,Hertfordshire,2020,England,East of England,happiness,7.251,0.24897959183673465,6.7620000000000005,7.7379999999999995,156.0,18.0,138.0,36760.0,30574.8,1198052.0,240399.0,0.1999,27000.0,25000.0,2500.0,0.0911514122216422,19000.0
E10000015,Hertfordshire,2020,England,East of England,life-satisfaction,7.351999999999999,0.20025510204081623,6.9590000000000005,7.744,156.0,18.0,138.0,36760.0,30574.8,1198052.0,240399.0,0.1999,27000.0,25000.0,2500.0,0.0911514122216422,19000.0
E10000015,Hertfordshire,2020,England,East of England,worthwhile,7.682,0.21811224489795905,7.2540000000000004,8.109,156.0,18.0,138.0,36760.0,30574.8,1198052.0,240399.0,0.1999,27000.0,25000.0,2500.0,0.0911514122216422,19000.0
E10000015,Hertfordshire,2021,England,East of England,anxiety,3.0309999999999997,0.30357142857142855,2.435,3.625,163.0,19.0,144.0,23770.0,31439.1,1200899.0,239291.0,0.2084,27000.0,25000.0,3100.0,0.1111890092111932,19500.0
E10000015,Hertfordshire,2021,England,East of England,happiness,7.520999999999999,0.22219387755102038,7.086,7.956999999999999,163.0,19.0,144.0,23770.0,31439.1,1200899.0,239291.0,0.2084,27000.0,25000.0,3100.0,0.1111890092111932,19500.0
E10000015,Hertfordshire,2021,England,East of England,life-satisfaction,7.575,0.1816326530612245,7.218999999999999,7.931,163.0,19.0,144.0,23770.0,31439.1,1200899.0,239291.0,0.2084,27000.0,25000.0,3100.0,0.1111890092111932,19500.0
E10000015,Hertfordshire,2021,England,East of England,worthwhile,7.7540000000000004,0.19668367346938773,7.368,8.139,163.0,19.0,144.0,23770.0,31439.1,1200899.0,239291.0,0.2084,27000.0,25000.0,3100.0,0.1111890092111932,19500.0
E10000015,Hertfordshire,2022,England,East of England,anxiety,3.3340000000000005,0.3823979591836735,2.586,4.085,166.0,20.0,146.0,18730.0,19757.199999999997,1205558.0,241522.0,0.2252,29000.0,26000.0,2600.0,0.0906580191742426,21000.0
E10000015,Hertfordshire,2022,England,East of England,happiness,7.327,0.33290816326530615,6.675,7.9799999999999995,166.0,20.0,146.0,18730.0,19757.199999999997,1205558.0,241522.0,0.2252,29000.0,26000.0,2600.0,0.0906580191742426,21000.0
E10000015,Hertfordshire,2022,England,East of England,life-satisfaction,7.497,0.2681122448979591,6.9719999999999995,8.023,166.0,20.0,146.0,18730.0,19757.199999999997,1205558.0,241522.0,0.2252,29000.0,26000.0,2600.0,0.0906580191742426,21000.0
E10000015,Hertfordshire,2022,England,East of England,worthwhile,7.776000000000001,0.29897959183673467,7.191,8.363,166.0,20.0,146.0,18730.0,19757.199999999997,1205558.0,241522.0,0.2252,29000.0,26000.0,2600.0,0.0906580191742426,21000.0
E10000015,Hertfordshire,2023,England,East of England,,,,,,182.0,21.0,161.0,20055.0,19279.6,1220951.0,244509.0,0.2614,30000.0,27000.0,1700.0,0.0583630704122705,23000.0
E10000016,Kent,2016,England,South East,anxiety,2.825833333333333,0.29230442176870747,2.254166666666667,3.4,183.0,23.0,160.0,14785.0,14760.4,1531022.0,290548.0,0.18489999999999998,34000.0,32000.0,1600.0,0.0483798071498601,24500.0
E10000016,Kent,2016,England,South East,happiness,7.585,0.21534863945578223,7.164166666666667,8.008333333333333,183.0,23.0,160.0,14785.0,14760.4,1531022.0,290548.0,0.18489999999999998,34000.0,32000.0,1600.0,0.0483798071498601,24500.0
E10000016,Kent,2016,England,South East,life-satisfaction,7.755,0.16943027210884345,7.423333333333333,8.0875,183.0,23.0,160.0,14785.0,14760.4,1531022.0,290548.0,0.18489999999999998,34000.0,32000.0,1600.0,0.0483798071498601,24500.0
E10000016,Kent,2016,England,South East,worthwhile,7.920000000000001,0.17453231292517002,7.578333333333333,8.262500000000001,183.0,23.0,160.0,14785.0,14760.4,1531022.0,290548.0,0.18489999999999998,34000.0,32000.0,1600.0,0.0483798071498601,24500.0
E10000016,Kent,2017,England,South East,anxiety,2.839166666666667,0.28486394557823125,2.28,3.3966666666666665,196.0,27.0,169.0,16390.0,15703.0,1542707.0,293219.0,0.1907,35000.0,33000.0,2200.0,0.0629786149894748,26000.0
E10000016,Kent,2017,England,South East,happiness,7.498333333333334,0.23852040816326525,7.028333333333333,7.963333333333334,196.0,27.0,169.0,16390.0,15703.0,1542707.0,293219.0,0.1907,35000.0,33000.0,2200.0,0.0629786149894748,26000.0
E10000016,Kent,2017,England,South East,life-satisfaction,7.683333333333334,0.20450680272108837,7.283333333333334,8.084999999999999,196.0,27.0,169.0,16390.0,15703.0,1542707.0,293219.0,0.1907,35000.0,33000.0,2200.0,0.0629786149894748,26000.0
E10000016,Kent,2017,England,South East,worthwhile,7.965833333333333,0.18579931972789113,7.601666666666667,8.33,196.0,27.0,169.0,16390.0,15703.0,1542707.0,293219.0,0.1907,35000.0,33000.0,2200.0,0.0629786149894748,26000.0
E10000016,Kent,2018,England,South East,anxiety,2.9791666666666665,0.2948554421768707,2.401666666666667,3.5574999999999997,198.0,28.0,170.0,20140.0,18385.3,1552853.0,295821.0,0.1952,36000.0,34000.0,2800.0,0.0756890937315399,26000.0
E10000016,Kent,2018,England,South East,happiness,7.5975,0.21534863945578228,7.174166666666667,8.018333333333333,198.0,28.0,170.0,20140.0,18385.3,1552853.0,295821.0,0.1952,36000.0,34000.0,2800.0,0.0756890937315399,26000.0
E10000016,Kent,2018,England,South East,life-satisfaction,7.7625,0.18154761904761899,7.405833333333334,8.1175,198.0,28.0,170.0,20140.0,18385.3,1552853.0,295821.0,0.1952,36000.0,34000.0,2800.0,0.0756890937315399,26000.0
E10000016,Kent,2018,England,South East,worthwhile,7.941666666666666,0.1806972789115646,7.588333333333334,8.296666666666667,198.0,28.0,170.0,20140.0,18385.3,1552853.0,295821.0,0.1952,36000.0,34000.0,2800.0,0.0756890937315399,26000.0
E10000016,Kent,2019,England,South East,anxiety,3.1075,0.3307823129251701,2.4575,3.7541666666666664,202.0,31.0,171.0,25690.0,23843.8,1562840.0,297560.0,0.2024,37000.0,34000.0,2800.0,0.0747439519814174,27000.0
E10000016,Kent,2019,England,South East,happiness,7.465833333333333,0.24596088435374144,6.985833333333333,7.95,202.0,31.0,171.0,25690.0,23843.8,1562840.0,297560.0,0.2024,37000.0,34000.0,2800.0,0.0747439519814174,27000.0
E10000016,Kent,2019,England,South East,life-satisfaction,7.649166666666667,0.2059948979591836,7.246666666666666,8.054166666666667,202.0,31.0,171.0,25690.0,23843.8,1562840.0,297560.0,0.2024,37000.0,34000.0,2800.0,0.0747439519814174,27000.0
E10000016,Kent,2019,England,South East,worthwhile,7.843333333333334,0.1985544217687074,7.454166666666667,8.2325,202.0,31.0,171.0,25690.0,23843.8,1562840.0,297560.0,0.2024,37000.0,34000.0,2800.0,0.0747439519814174,27000.0
E10000016,Kent,2020,England,South East,anxiety,3.096666666666667,0.31845238095238093,2.473333333333333,3.7216666666666662,210.0,35.0,175.0,56460.0,49124.1,1567971.0,298078.0,0.2086,38000.0,34000.0,2300.0,0.0630821848954123,28000.0
E10000016,Kent,2020,England,South East,happiness,7.4316666666666675,0.2372448979591837,6.965833333333333,7.895833333333333,210.0,35.0,175.0,56460.0,49124.1,1567971.0,298078.0,0.2086,38000.0,34000.0,2300.0,0.0630821848954123,28000.0
E10000016,Kent,2020,England,South East,life-satisfaction,7.370833333333334,0.20174319727891155,6.975833333333334,7.766666666666667,210.0,35.0,175.0,56460.0,49124.1,1567971.0,298078.0,0.2086,38000.0,34000.0,2300.0,0.0630821848954123,28000.0
E10000016,Kent,2020,England,South East,worthwhile,7.753333333333333,0.1940901360544218,7.3725,8.133333333333333,210.0,35.0,175.0,56460.0,49124.1,1567971.0,298078.0,0.2086,38000.0,34000.0,2300.0,0.0630821848954123,28000.0
E10000016,Kent,2021,England,South East,anxiety,3.0645454545454545,0.3105287569573284,2.4545454545454546,3.671818181818182,218.0,38.0,180.0,38365.0,48231.1,1578552.0,299111.0,0.2149,35000.0,31000.0,3800.0,0.1078762902192497,26000.0
E10000016,Kent,2021,England,South East,happiness,7.504545454545454,0.2534786641929499,7.007272727272727,8.000909090909092,218.0,38.0,180.0,38365.0,48231.1,1578552.0,299111.0,0.2149,35000.0,31000.0,3800.0,0.1078762902192497,26000.0
E10000016,Kent,2021,England,South East,life-satisfaction,7.602727272727273,0.19109461966604818,7.2272727272727275,7.976363636363636,218.0,38.0,180.0,38365.0,48231.1,1578552.0,299111.0,0.2149,35000.0,31000.0,3800.0,0.1078762902192497,26000.0
E10000016,Kent,2021,England,South East,worthwhile,7.89,0.18483302411873848,7.526363636363637,8.250909090909092,218.0,38.0,180.0,38365.0,48231.1,1578552.0,299111.0,0.2149,35000.0,31000.0,3800.0,0.1078762902192497,26000.0
E10000016,Kent,2022,England,South East,anxiety,3.025,0.3824404761904762,2.2758333333333334,3.775,226.0,42.0,184.0,30960.0,32657.5,1594860.0,305321.0,0.2329,37000.0,33000.0,3800.0,0.1017977604610464,28000.0
E10000016,Kent,2022,England,South East,happiness,7.585,0.246173469387755,7.101666666666667,8.066666666666666,226.0,42.0,184.0,30960.0,32657.5,1594860.0,305321.0,0.2329,37000.0,33000.0,3800.0,0.1017977604610464,28000.0
E10000016,Kent,2022,England,South East,life-satisfaction,7.580000000000001,0.2512755102040816,7.0874999999999995,8.0725,226.0,42.0,184.0,30960.0,32657.5,1594860.0,305321.0,0.2329,37000.0,33000.0,3800.0,0.1017977604610464,28000.0
E10000016,Kent,2022,England,South East,worthwhile,7.8825,0.20875850340136048,7.4725,8.290833333333333,226.0,42.0,184.0,30960.0,32657.5,1594860.0,305321.0,0.2329,37000.0,33000.0,3800.0,0.1017977604610464,28000.0
E10000016,Kent,2023,England,South East,,,,,,237.0,41.0,196.0,32150.0,31467.5,1617585.0,310673.0,0.268,39000.0,35000.0,3000.0,0.079305499610055,30000.0
E10000017,Lancashire,2016,England,North West,anxiety,2.8249999999999997,0.33269557823129253,2.1716666666666664,3.4758333333333336,134.0,31.0,103.0,13320.0,13453.0,1195310.0,218500.0,0.0819,31000.0,28000.0,1800.0,0.062322728402108,22500.0
E10000017,Lancashire,2016,England,North West,happiness,7.585833333333333,0.2514880952380952,7.0925,8.078333333333333,134.0,31.0,103.0,13320.0,13453.0,1195310.0,218500.0,0.0819,31000.0,28000.0,1800.0,0.062322728402108,22500.0
E10000017,Lancashire,2016,England,North West,life-satisfaction,7.649166666666666,0.21896258503401358,7.219166666666666,8.0775,134.0,31.0,103.0,13320.0,13453.0,1195310.0,218500.0,0.0819,31000.0,28000.0,1800.0,0.062322728402108,22500.0
E10000017,Lancashire,2016,England,North West,worthwhile,7.930833333333333,0.21237244897959184,7.514166666666667,8.346666666666666,134.0,31.0,103.0,13320.0,13453.0,1195310.0,218500.0,0.0819,31000.0,28000.0,1800.0,0.062322728402108,22500.0
E10000017,Lancashire,2017,England,North West,anxiety,2.919166666666667,0.3312074829931973,2.27,3.5683333333333334,147.0,39.0,108.0,15170.0,14864.6,1202420.0,219695.0,0.0846,31000.0,28000.0,2000.0,0.0652152168517561,22500.0
E10000017,Lancashire,2017,England,North West,happiness,7.520833333333333,0.24553571428571422,7.039166666666667,8.001666666666667,147.0,39.0,108.0,15170.0,14864.6,1202420.0,219695.0,0.0846,31000.0,28000.0,2000.0,0.0652152168517561,22500.0
E10000017,Lancashire,2017,England,North West,life-satisfaction,7.808333333333334,0.19153911564625845,7.4316666666666675,8.1825,147.0,39.0,108.0,15170.0,14864.6,1202420.0,219695.0,0.0846,31000.0,28000.0,2000.0,0.0652152168517561,22500.0
E10000017,Lancashire,2017,England,North West,worthwhile,8.055833333333334,0.19047619047619044,7.685,8.431666666666667,147.0,39.0,108.0,15170.0,14864.6,1202420.0,219695.0,0.0846,31000.0,28000.0,2000.0,0.0652152168517561,22500.0
E10000017,Lancashire,2018,England,North West,anxiety,2.6750000000000003,0.3371598639455782,2.015,3.3366666666666664,148.0,42.0,106.0,17555.0,16723.3,1208672.0,220909.0,0.08690000000000002,31000.0,29000.0,2500.0,0.078616098641232,23000.0
E10000017,Lancashire,2018,England,North West,happiness,7.691666666666666,0.22172619047619047,7.258333333333333,8.1275,148.0,42.0,106.0,17555.0,16723.3,1208672.0,220909.0,0.08690000000000002,31000.0,29000.0,2500.0,0.078616098641232,23000.0
E10000017,Lancashire,2018,England,North West,life-satisfaction,7.8066666666666675,0.19940476190476186,7.414166666666667,8.195833333333333,148.0,42.0,106.0,17555.0,16723.3,1208672.0,220909.0,0.08690000000000002,31000.0,29000.0,2500.0,0.078616098641232,23000.0
E10000017,Lancashire,2018,England,North West,worthwhile,7.95,0.19642857142857148,7.565833333333333,8.335833333333333,148.0,42.0,106.0,17555.0,16723.3,1208672.0,220909.0,0.08690000000000002,31000.0,29000.0,2500.0,0.078616098641232,23000.0
E10000017,Lancashire,2019,England,North West,anxiety,2.8125,0.34821428571428575,2.13,3.4949999999999997,150.0,44.0,106.0,22005.0,20580.7,1217384.0,221830.0,0.0916,31000.0,29000.0,2200.0,0.0705589129644101,23000.0
E10000017,Lancashire,2019,England,North West,happiness,7.547499999999999,0.23575680272108845,7.086666666666666,8.010833333333332,150.0,44.0,106.0,22005.0,20580.7,1217384.0,221830.0,0.0916,31000.0,29000.0,2200.0,0.0705589129644101,23000.0
E10000017,Lancashire,2019,England,North West,life-satisfaction,7.699166666666667,0.19834183673469377,7.309166666666667,8.086666666666666,150.0,44.0,106.0,22005.0,20580.7,1217384.0,221830.0,0.0916,31000.0,29000.0,2200.0,0.0705589129644101,23000.0
E10000017,Lancashire,2019,England,North West,worthwhile,7.95,0.19855442176870744,7.560833333333334,8.339166666666666,150.0,44.0,106.0,22005.0,20580.7,1217384.0,221830.0,0.0916,31000.0,29000.0,2200.0,0.0705589129644101,23000.0
E10000017,Lancashire,2020,England,North West,anxiety,3.000833333333333,0.4030612244897959,2.2108333333333334,3.7908333333333335,163.0,48.0,115.0,43225.0,38266.6,1224128.0,222087.0,0.0971,32000.0,30000.0,2500.0,0.0767248708699929,23500.0
E10000017,Lancashire,2020,England,North West,happiness,7.484166666666667,0.28018707482993194,6.933333333333334,8.031666666666666,163.0,48.0,115.0,43225.0,38266.6,1224128.0,222087.0,0.0971,32000.0,30000.0,2500.0,0.0767248708699929,23500.0
E10000017,Lancashire,2020,England,North West,life-satisfaction,7.596666666666667,0.2264030612244897,7.154166666666666,8.041666666666666,163.0,48.0,115.0,43225.0,38266.6,1224128.0,222087.0,0.0971,32000.0,30000.0,2500.0,0.0767248708699929,23500.0
E10000017,Lancashire,2020,England,North West,worthwhile,7.910833333333334,0.2159863945578231,7.488333333333333,8.334999999999999,163.0,48.0,115.0,43225.0,38266.6,1224128.0,222087.0,0.0971,32000.0,30000.0,2500.0,0.0767248708699929,23500.0
E10000017,Lancashire,2021,England,North West,anxiety,3.0058333333333334,0.40391156462585026,2.2150000000000003,3.7983333333333333,166.0,49.0,117.0,30295.0,37834.6,1236228.0,222007.0,0.1057,32000.0,29000.0,2700.0,0.0833401297818372,23500.0
E10000017,Lancashire,2021,England,North West,happiness,7.570833333333333,0.2636054421768707,7.052499999999999,8.085833333333333,166.0,49.0,117.0,30295.0,37834.6,1236228.0,222007.0,0.1057,32000.0,29000.0,2700.0,0.0833401297818372,23500.0
E10000017,Lancashire,2021,England,North West,life-satisfaction,7.618333333333333,0.23958333333333334,7.1499999999999995,8.089166666666667,166.0,49.0,117.0,30295.0,37834.6,1236228.0,222007.0,0.1057,32000.0,29000.0,2700.0,0.0833401297818372,23500.0
E10000017,Lancashire,2021,England,North West,worthwhile,7.799166666666667,0.2361819727891156,7.3374999999999995,8.263333333333334,166.0,49.0,117.0,30295.0,37834.6,1236228.0,222007.0,0.1057,32000.0,29000.0,2700.0,0.0833401297818372,23500.0
E10000017,Lancashire,2022,England,North West,anxiety,3.178181818181818,0.4765769944341373,2.2427272727272727,4.11090909090909,176.0,52.0,124.0,26645.0,26992.1,1255669.0,224738.0,0.1229,31000.0,29000.0,2400.0,0.0753357939893791,23500.0
E10000017,Lancashire,2022,England,North West,happiness,7.538181818181818,0.31910946196660483,6.913636363636363,8.164545454545454,176.0,52.0,124.0,26645.0,26992.1,1255669.0,224738.0,0.1229,31000.0,29000.0,2400.0,0.0753357939893791,23500.0
E10000017,Lancashire,2022,England,North West,life-satisfaction,7.568181818181818,0.26321892393320967,7.052727272727273,8.084545454545456,176.0,52.0,124.0,26645.0,26992.1,1255669.0,224738.0,0.1229,31000.0,29000.0,2400.0,0.0753357939893791,23500.0
E10000017,Lancashire,2022,England,North West,worthwhile,7.824545454545454,0.2771335807050092,7.281818181818181,8.368181818181817,176.0,52.0,124.0,26645.0,26992.1,1255669.0,224738.0,0.1229,31000.0,29000.0,2400.0,0.0753357939893791,23500.0
E10000017,Lancashire,2023,England,North West,,,,,,195.0,52.0,143.0,27140.0,26946.2,1275103.0,227810.0,0.1554,33000.0,30000.0,2300.0,0.0717589225138726,25000.0
E10000018,Leicestershire,2016,England,East Midlands,anxiety,3.011428571428571,0.30575801749271136,2.412857142857143,3.6114285714285717,68.0,13.0,55.0,3065.0,3527.8,678088.0,119808.0,0.1105,13000.0,12000.0,950.0,0.0740731212066806,9100.0
E10000018,Leicestershire,2016,England,East Midlands,happiness,7.71,0.22995626822157433,7.258571428571429,8.16,68.0,13.0,55.0,3065.0,3527.8,678088.0,119808.0,0.1105,13000.0,12000.0,950.0,0.0740731212066806,9100.0
E10000018,Leicestershire,2016,England,East Midlands,life-satisfaction,7.888571428571429,0.16873177842565598,7.558571428571428,8.22,68.0,13.0,55.0,3065.0,3527.8,678088.0,119808.0,0.1105,13000.0,12000.0,950.0,0.0740731212066806,9100.0
E10000018,Leicestershire,2016,England,East Midlands,worthwhile,8.049999999999999,0.1793002915451895,7.698571428571428,8.401428571428571,68.0,13.0,55.0,3065.0,3527.8,678088.0,119808.0,0.1105,13000.0,12000.0,950.0,0.0740731212066806,9100.0
E10000018,Leicestershire,2017,England,East Midlands,anxiety,3.0942857142857143,0.2857142857142857,2.5342857142857143,3.654285714285714,68.0,13.0,55.0,3875.0,3623.7,687456.0,121291.0,0.1168,13500.0,12500.0,,,9300.0
E10000018,Leicestershire,2017,England,East Midlands,happiness,7.698571428571428,0.20371720116618075,7.298571428571429,8.097142857142858,68.0,13.0,55.0,3875.0,3623.7,687456.0,121291.0,0.1168,13500.0,12500.0,,,9300.0
E10000018,Leicestershire,2017,England,East Midlands,life-satisfaction,7.728571428571429,0.17565597667638483,7.385714285714286,8.074285714285713,68.0,13.0,55.0,3875.0,3623.7,687456.0,121291.0,0.1168,13500.0,12500.0,,,9300.0
E10000018,Leicestershire,2017,England,East Midlands,worthwhile,8.03,0.1822157434402333,7.672857142857143,8.387142857142857,68.0,13.0,55.0,3875.0,3623.7,687456.0,121291.0,0.1168,13500.0,12500.0,,,9300.0
E10000018,Leicestershire,2018,England,East Midlands,anxiety,2.938333333333333,0.31037414965986393,2.3316666666666666,3.5483333333333333,72.0,16.0,56.0,5395.0,4712.5,695090.0,122852.0,0.1217,13500.0,13000.0,1100.0,0.0795859882181217,9500.0
E10000018,Leicestershire,2018,England,East Midlands,happiness,7.608333333333333,0.20875850340136046,7.2,8.018333333333333,72.0,16.0,56.0,5395.0,4712.5,695090.0,122852.0,0.1217,13500.0,13000.0,1100.0,0.0795859882181217,9500.0
E10000018,Leicestershire,2018,England,East Midlands,life-satisfaction,7.763333333333333,0.17942176870748297,7.408333333333334,8.111666666666666,72.0,16.0,56.0,5395.0,4712.5,695090.0,122852.0,0.1217,13500.0,13000.0,1100.0,0.0795859882181217,9500.0
E10000018,Leicestershire,2018,England,East Midlands,worthwhile,8.076666666666666,0.1747448979591836,7.733333333333334,8.418333333333333,72.0,16.0,56.0,5395.0,4712.5,695090.0,122852.0,0.1217,13500.0,13000.0,1100.0,0.0795859882181217,9500.0
E10000018,Leicestershire,2019,England,East Midlands,anxiety,2.93,0.3753644314868804,2.1942857142857144,3.665714285714286,73.0,19.0,54.0,6710.0,6476.3,700817.0,123731.0,0.1281,14000.0,13000.0,900.0,0.062044419579809,9700.0
E10000018,Leicestershire,2019,England,East Midlands,happiness,7.465714285714285,0.26603498542274057,6.945714285714286,7.988571428571428,73.0,19.0,54.0,6710.0,6476.3,700817.0,123731.0,0.1281,14000.0,13000.0,900.0,0.062044419579809,9700.0
E10000018,Leicestershire,2019,England,East Midlands,life-satisfaction,7.672857142857143,0.22376093294460633,7.234285714285714,8.11142857142857,73.0,19.0,54.0,6710.0,6476.3,700817.0,123731.0,0.1281,14000.0,13000.0,900.0,0.062044419579809,9700.0
E10000018,Leicestershire,2019,England,East Midlands,worthwhile,8.061428571428571,0.18731778425655973,7.694285714285714,8.428571428571429,73.0,19.0,54.0,6710.0,6476.3,700817.0,123731.0,0.1281,14000.0,13000.0,900.0,0.062044419579809,9700.0
E10000018,Leicestershire,2020,England,East Midlands,anxiety,3.2116666666666664,0.38732993197278914,2.4533333333333336,3.9716666666666662,77.0,20.0,57.0,17010.0,14891.3,705536.0,124023.0,0.1328,15000.0,14500.0,700.0,0.0466253944025052,10500.0
E10000018,Leicestershire,2020,England,East Midlands,happiness,7.4316666666666675,0.2729591836734694,6.896666666666667,7.966666666666666,77.0,20.0,57.0,17010.0,14891.3,705536.0,124023.0,0.1328,15000.0,14500.0,700.0,0.0466253944025052,10500.0
E10000018,Leicestershire,2020,England,East Midlands,life-satisfaction,7.458333333333333,0.2159863945578231,7.035,7.881666666666667,77.0,20.0,57.0,17010.0,14891.3,705536.0,124023.0,0.1328,15000.0,14500.0,700.0,0.0466253944025052,10500.0
E10000018,Leicestershire,2020,England,East Midlands,worthwhile,7.77,0.22746598639455773,7.325,8.216666666666667,77.0,20.0,57.0,17010.0,14891.3,705536.0,124023.0,0.1328,15000.0,14500.0,700.0,0.0466253944025052,10500.0
E10000018,Leicestershire,2021,England,East Midlands,anxiety,2.8983333333333334,0.3618197278911564,2.19,3.608333333333333,82.0,21.0,61.0,11090.0,14265.0,712632.0,124706.0,0.1408,14500.0,13500.0,1200.0,0.080098600806508,10000.0
E10000018,Leicestershire,2021,England,East Midlands,happiness,7.595,0.30654761904761907,6.995,8.196666666666667,82.0,21.0,61.0,11090.0,14265.0,712632.0,124706.0,0.1408,14500.0,13500.0,1200.0,0.080098600806508,10000.0
E10000018,Leicestershire,2021,England,East Midlands,life-satisfaction,7.773333333333333,0.26913265306122447,7.243333333333333,8.298333333333334,82.0,21.0,61.0,11090.0,14265.0,712632.0,124706.0,0.1408,14500.0,13500.0,1200.0,0.080098600806508,10000.0
E10000018,Leicestershire,2021,England,East Midlands,worthwhile,8.081666666666665,0.2142857142857141,7.66,8.5,82.0,21.0,61.0,11090.0,14265.0,712632.0,124706.0,0.1408,14500.0,13500.0,1200.0,0.080098600806508,10000.0
E10000018,Leicestershire,2022,England,East Midlands,anxiety,3.3985714285714286,0.34584548104956264,2.722857142857143,4.078571428571428,84.0,21.0,63.0,9470.0,9752.4,723185.0,127172.0,0.1609,14000.0,13000.0,1200.0,0.0848622102933679,10500.0
E10000018,Leicestershire,2022,England,East Midlands,happiness,7.345714285714286,0.2412536443148688,6.872857142857143,7.818571428571429,84.0,21.0,63.0,9470.0,9752.4,723185.0,127172.0,0.1609,14000.0,13000.0,1200.0,0.0848622102933679,10500.0
E10000018,Leicestershire,2022,England,East Midlands,life-satisfaction,7.412857142857143,0.2536443148688047,6.914285714285714,7.908571428571428,84.0,21.0,63.0,9470.0,9752.4,723185.0,127172.0,0.1609,14000.0,13000.0,1200.0,0.0848622102933679,10500.0
E10000018,Leicestershire,2022,England,East Midlands,worthwhile,7.792857142857143,0.24416909620991253,7.314285714285715,8.27142857142857,84.0,21.0,63.0,9470.0,9752.4,723185.0,127172.0,0.1609,14000.0,13000.0,1200.0,0.0848622102933679,10500.0
E10000018,Leicestershire,2023,England,East Midlands,,,,,,90.0,22.0,68.0,9405.0,9560.5,734236.0,129022.0,0.2016,15000.0,13500.0,1100.0,0.0740767833844442,11000.0
E10000019,Lincolnshire,2016,England,East Midlands,anxiety,2.6385714285714283,0.29045189504373176,2.0685714285714285,3.207142857142857,72.0,17.0,55.0,7045.0,7125.3,746141.0,126126.0,0.1105,18500.0,17000.0,1700.0,0.0916002788269199,13500.0
E10000019,Lincolnshire,2016,England,East Midlands,happiness,7.512857142857143,0.2084548104956267,7.102857142857142,7.92,72.0,17.0,55.0,7045.0,7125.3,746141.0,126126.0,0.1105,18500.0,17000.0,1700.0,0.0916002788269199,13500.0
E10000019,Lincolnshire,2016,England,East Midlands,life-satisfaction,7.771428571428571,0.18695335276967934,7.405714285714287,8.138571428571428,72.0,17.0,55.0,7045.0,7125.3,746141.0,126126.0,0.1105,18500.0,17000.0,1700.0,0.0916002788269199,13500.0
E10000019,Lincolnshire,2016,England,East Midlands,worthwhile,7.991428571428571,0.18221574344023325,7.634285714285714,8.348571428571429,72.0,17.0,55.0,7045.0,7125.3,746141.0,126126.0,0.1105,18500.0,17000.0,1700.0,0.0916002788269199,13500.0
E10000019,Lincolnshire,2017,England,East Midlands,anxiety,2.8242857142857143,0.2900874635568513,2.255714285714286,3.392857142857143,77.0,19.0,58.0,7585.0,7272.5,753031.0,127549.0,0.1168,20000.0,18500.0,1800.0,0.0896422262937763,14500.0
E10000019,Lincolnshire,2017,England,East Midlands,happiness,7.528571428571428,0.23068513119533524,7.075714285714286,7.9799999999999995,77.0,19.0,58.0,7585.0,7272.5,753031.0,127549.0,0.1168,20000.0,18500.0,1800.0,0.0896422262937763,14500.0
E10000019,Lincolnshire,2017,England,East Midlands,life-satisfaction,7.7128571428571435,0.1949708454810495,7.331428571428572,8.095714285714285,77.0,19.0,58.0,7585.0,7272.5,753031.0,127549.0,0.1168,20000.0,18500.0,1800.0,0.0896422262937763,14500.0
E10000019,Lincolnshire,2017,England,East Midlands,worthwhile,7.9557142857142855,0.19023323615160348,7.581428571428572,8.327142857142857,77.0,19.0,58.0,7585.0,7272.5,753031.0,127549.0,0.1168,20000.0,18500.0,1800.0,0.0896422262937763,14500.0
E10000019,Lincolnshire,2018,England,East Midlands,anxiety,2.815714285714286,0.31632653061224486,2.198571428571429,3.4385714285714286,83.0,22.0,61.0,9800.0,8535.9,757281.0,128389.0,0.1217,19000.0,17500.0,1300.0,0.0672569163200538,14000.0
E10000019,Lincolnshire,2018,England,East Midlands,happiness,7.541428571428571,0.23177842565597664,7.088571428571428,7.997142857142857,83.0,22.0,61.0,9800.0,8535.9,757281.0,128389.0,0.1217,19000.0,17500.0,1300.0,0.0672569163200538,14000.0
E10000019,Lincolnshire,2018,England,East Midlands,life-satisfaction,7.805714285714286,0.18586005830903787,7.442857142857143,8.171428571428573,83.0,22.0,61.0,9800.0,8535.9,757281.0,128389.0,0.1217,19000.0,17500.0,1300.0,0.0672569163200538,14000.0
E10000019,Lincolnshire,2018,England,East Midlands,worthwhile,7.951428571428571,0.1986151603498543,7.561428571428571,8.34,83.0,22.0,61.0,9800.0,8535.9,757281.0,128389.0,0.1217,19000.0,17500.0,1300.0,0.0672569163200538,14000.0
E10000019,Lincolnshire,2019,England,East Midlands,anxiety,2.7785714285714285,0.2864431486880466,2.2185714285714284,3.3414285714285716,82.0,22.0,60.0,12425.0,11412.1,761263.0,128591.0,0.1281,19000.0,17500.0,1000.0,0.0560974340536983,14000.0
E10000019,Lincolnshire,2019,England,East Midlands,happiness,7.464285714285714,0.24672011661807583,6.981428571428571,7.948571428571428,82.0,22.0,60.0,12425.0,11412.1,761263.0,128591.0,0.1281,19000.0,17500.0,1000.0,0.0560974340536983,14000.0
E10000019,Lincolnshire,2019,England,East Midlands,life-satisfaction,7.772857142857142,0.18294460641399413,7.411428571428572,8.128571428571428,82.0,22.0,60.0,12425.0,11412.1,761263.0,128591.0,0.1281,19000.0,17500.0,1000.0,0.0560974340536983,14000.0
E10000019,Lincolnshire,2019,England,East Midlands,worthwhile,7.972857142857143,0.21100583090379002,7.558571428571428,8.385714285714286,82.0,22.0,60.0,12425.0,11412.1,761263.0,128591.0,0.1281,19000.0,17500.0,1000.0,0.0560974340536983,14000.0
E10000019,Lincolnshire,2020,England,East Midlands,anxiety,3.3766666666666665,0.3898809523809524,2.6133333333333333,4.141666666666667,85.0,23.0,62.0,24160.0,21757.0,763610.0,128031.0,0.1328,20500.0,18000.0,1300.0,0.0660224475826676,15000.0
E10000019,Lincolnshire,2020,England,East Midlands,happiness,7.55,0.22746598639455784,7.1049999999999995,7.996666666666667,85.0,23.0,62.0,24160.0,21757.0,763610.0,128031.0,0.1328,20500.0,18000.0,1300.0,0.0660224475826676,15000.0
E10000019,Lincolnshire,2020,England,East Midlands,life-satisfaction,7.588333333333334,0.19047619047619035,7.216666666666666,7.963333333333334,85.0,23.0,62.0,24160.0,21757.0,763610.0,128031.0,0.1328,20500.0,18000.0,1300.0,0.0660224475826676,15000.0
E10000019,Lincolnshire,2020,England,East Midlands,worthwhile,7.951666666666667,0.18835034013605434,7.581666666666667,8.32,85.0,23.0,62.0,24160.0,21757.0,763610.0,128031.0,0.1328,20500.0,18000.0,1300.0,0.0660224475826676,15000.0
E10000019,Lincolnshire,2021,England,East Midlands,anxiety,3.087142857142857,0.33855685131195334,2.4214285714285713,3.748571428571428,90.0,23.0,67.0,17070.0,21221.6,769440.0,127973.0,0.1408,19500.0,17500.0,2100.0,0.1071897646605221,14500.0
E10000019,Lincolnshire,2021,England,East Midlands,happiness,7.607142857142857,0.24635568513119538,7.125714285714286,8.09142857142857,90.0,23.0,67.0,17070.0,21221.6,769440.0,127973.0,0.1408,19500.0,17500.0,2100.0,0.1071897646605221,14500.0
E10000019,Lincolnshire,2021,England,East Midlands,life-satisfaction,7.647142857142858,0.20517492711370253,7.244285714285715,8.048571428571428,90.0,23.0,67.0,17070.0,21221.6,769440.0,127973.0,0.1408,19500.0,17500.0,2100.0,0.1071897646605221,14500.0
E10000019,Lincolnshire,2021,England,East Midlands,worthwhile,7.757142857142857,0.23214285714285712,7.301428571428572,8.211428571428572,90.0,23.0,67.0,17070.0,21221.6,769440.0,127973.0,0.1408,19500.0,17500.0,2100.0,0.1071897646605221,14500.0
E10000019,Lincolnshire,2022,England,East Midlands,anxiety,2.6966666666666668,0.35629251700680276,1.9983333333333333,3.395,92.0,24.0,68.0,14595.0,14902.5,776038.0,129547.0,0.1609,20500.0,18000.0,2000.0,0.1008601331574241,15500.0
E10000019,Lincolnshire,2022,England,East Midlands,happiness,7.508333333333333,0.25680272108843527,7.006666666666667,8.013333333333334,92.0,24.0,68.0,14595.0,14902.5,776038.0,129547.0,0.1609,20500.0,18000.0,2000.0,0.1008601331574241,15500.0
E10000019,Lincolnshire,2022,England,East Midlands,life-satisfaction,7.5249999999999995,0.20705782312925167,7.118333333333333,7.93,92.0,24.0,68.0,14595.0,14902.5,776038.0,129547.0,0.1609,20500.0,18000.0,2000.0,0.1008601331574241,15500.0
E10000019,Lincolnshire,2022,England,East Midlands,worthwhile,7.876666666666666,0.2219387755102041,7.4433333333333325,8.313333333333334,92.0,24.0,68.0,14595.0,14902.5,776038.0,129547.0,0.1609,20500.0,18000.0,2000.0,0.1008601331574241,15500.0
E10000019,Lincolnshire,2023,England,East Midlands,,,,,,97.0,25.0,72.0,13940.0,13987.1,783984.0,130733.0,0.2016,21500.0,19000.0,1800.0,0.0842523080020179,16500.0
E10000020,Norfolk,2016,England,East of England,anxiety,2.812857142857143,0.2598396501457726,2.3057142857142856,3.3242857142857143,107.0,20.0,87.0,7130.0,6906.8,891150.0,148139.0,0.1701,21500.0,20500.0,1600.0,0.0721898492789489,15500.0
E10000020,Norfolk,2016,England,East of England,happiness,7.491428571428571,0.2029883381924198,7.095714285714286,7.8914285714285715,107.0,20.0,87.0,7130.0,6906.8,891150.0,148139.0,0.1701,21500.0,20500.0,1600.0,0.0721898492789489,15500.0
E10000020,Norfolk,2016,England,East of England,life-satisfaction,7.727142857142858,0.16071428571428564,7.412857142857143,8.042857142857143,107.0,20.0,87.0,7130.0,6906.8,891150.0,148139.0,0.1701,21500.0,20500.0,1600.0,0.0721898492789489,15500.0
E10000020,Norfolk,2016,England,East of England,worthwhile,7.898571428571429,0.16836734693877548,7.568571428571429,8.22857142857143,107.0,20.0,87.0,7130.0,6906.8,891150.0,148139.0,0.1701,21500.0,20500.0,1600.0,0.0721898492789489,15500.0
E10000020,Norfolk,2017,England,East of England,anxiety,2.6228571428571428,0.27587463556851316,2.0814285714285714,3.162857142857143,111.0,22.0,89.0,7605.0,7766.599999999999,898548.0,149359.0,0.1777,21500.0,20500.0,1500.0,0.0669349792521284,15500.0
E10000020,Norfolk,2017,England,East of England,happiness,7.542857142857143,0.21501457725947512,7.121428571428572,7.964285714285714,111.0,22.0,89.0,7605.0,7766.599999999999,898548.0,149359.0,0.1777,21500.0,20500.0,1500.0,0.0669349792521284,15500.0
E10000020,Norfolk,2017,England,East of England,life-satisfaction,7.8428571428571425,0.1720116618075802,7.505714285714285,8.180000000000001,111.0,22.0,89.0,7605.0,7766.599999999999,898548.0,149359.0,0.1777,21500.0,20500.0,1500.0,0.0669349792521284,15500.0
E10000020,Norfolk,2017,England,East of England,worthwhile,7.935714285714286,0.17237609329446066,7.597142857142857,8.272857142857143,111.0,22.0,89.0,7605.0,7766.599999999999,898548.0,149359.0,0.1777,21500.0,20500.0,1500.0,0.0669349792521284,15500.0
E10000020,Norfolk,2018,England,East of England,anxiety,2.6271428571428572,0.26676384839650147,2.1042857142857145,3.15,112.0,23.0,89.0,8635.0,8306.7,903527.0,149808.0,0.184,21000.0,20000.0,1500.0,0.0697575785071219,15000.0
E10000020,Norfolk,2018,England,East of England,happiness,7.534285714285715,0.2084548104956269,7.1257142857142854,7.942857142857143,112.0,23.0,89.0,8635.0,8306.7,903527.0,149808.0,0.184,21000.0,20000.0,1500.0,0.0697575785071219,15000.0
E10000020,Norfolk,2018,England,East of England,life-satisfaction,7.817142857142857,0.16800291545189497,7.485714285714286,8.144285714285713,112.0,23.0,89.0,8635.0,8306.7,903527.0,149808.0,0.184,21000.0,20000.0,1500.0,0.0697575785071219,15000.0
E10000020,Norfolk,2018,England,East of England,worthwhile,7.867142857142857,0.17857142857142858,7.517142857142858,8.217142857142857,112.0,23.0,89.0,8635.0,8306.7,903527.0,149808.0,0.184,21000.0,20000.0,1500.0,0.0697575785071219,15000.0
E10000020,Norfolk,2019,England,East of England,anxiety,3.2457142857142856,0.3013848396501458,2.652857142857143,3.834285714285714,116.0,25.0,91.0,12660.0,11075.4,906964.0,150138.0,0.1918,21000.0,19500.0,1200.0,0.0594862454200741,15000.0
E10000020,Norfolk,2019,England,East of England,happiness,7.464285714285714,0.22266763848396495,7.028571428571429,7.901428571428572,116.0,25.0,91.0,12660.0,11075.4,906964.0,150138.0,0.1918,21000.0,19500.0,1200.0,0.0594862454200741,15000.0
E10000020,Norfolk,2019,England,East of England,life-satisfaction,7.788571428571428,0.1731049562682215,7.45,8.128571428571428,116.0,25.0,91.0,12660.0,11075.4,906964.0,150138.0,0.1918,21000.0,19500.0,1200.0,0.0594862454200741,15000.0
E10000020,Norfolk,2019,England,East of England,worthwhile,7.935714285714285,0.16873177842565598,7.605714285714286,8.267142857142858,116.0,25.0,91.0,12660.0,11075.4,906964.0,150138.0,0.1918,21000.0,19500.0,1200.0,0.0594862454200741,15000.0
E10000020,Norfolk,2020,England,East of England,anxiety,3.105714285714286,0.33272594752186585,2.454285714285714,3.7585714285714285,118.0,25.0,93.0,26680.0,23612.1,909883.0,149129.0,0.1999,21000.0,20000.0,1300.0,0.0633731322406443,15500.0
E10000020,Norfolk,2020,England,East of England,happiness,7.454285714285715,0.23615160349854222,6.991428571428571,7.917142857142857,118.0,25.0,93.0,26680.0,23612.1,909883.0,149129.0,0.1999,21000.0,20000.0,1300.0,0.0633731322406443,15500.0
E10000020,Norfolk,2020,England,East of England,life-satisfaction,7.534285714285715,0.19169096209912534,7.1571428571428575,7.908571428571428,118.0,25.0,93.0,26680.0,23612.1,909883.0,149129.0,0.1999,21000.0,20000.0,1300.0,0.0633731322406443,15500.0
E10000020,Norfolk,2020,England,East of England,worthwhile,7.804285714285714,0.19606413994169095,7.421428571428572,8.19,118.0,25.0,93.0,26680.0,23612.1,909883.0,149129.0,0.1999,21000.0,20000.0,1300.0,0.0633731322406443,15500.0
E10000020,Norfolk,2021,England,East of England,anxiety,3.0242857142857145,0.32981049562682213,2.3785714285714286,3.6714285714285713,123.0,26.0,97.0,18550.0,22934.7,918462.0,148932.0,0.2084,20000.0,18500.0,1800.0,0.0899293657664851,14500.0
E10000020,Norfolk,2021,England,East of England,happiness,7.444285714285714,0.22412536443148687,7.007142857142857,7.885714285714286,123.0,26.0,97.0,18550.0,22934.7,918462.0,148932.0,0.2084,20000.0,18500.0,1800.0,0.0899293657664851,14500.0
E10000020,Norfolk,2021,England,East of England,life-satisfaction,7.6085714285714285,0.19278425655976675,7.231428571428571,7.987142857142857,123.0,26.0,97.0,18550.0,22934.7,918462.0,148932.0,0.2084,20000.0,18500.0,1800.0,0.0899293657664851,14500.0
E10000020,Norfolk,2021,England,East of England,worthwhile,7.894285714285714,0.1807580174927113,7.54,8.248571428571429,123.0,26.0,97.0,18550.0,22934.7,918462.0,148932.0,0.2084,20000.0,18500.0,1800.0,0.0899293657664851,14500.0
E10000020,Norfolk,2022,England,East of England,anxiety,3.224285714285714,0.38010204081632654,2.48,3.9699999999999998,129.0,27.0,102.0,14770.0,15798.800000000001,925499.0,150118.0,0.2252,20500.0,19000.0,2200.0,0.1009234786986232,15500.0
E10000020,Norfolk,2022,England,East of England,happiness,7.427142857142857,0.25473760932944606,6.93,7.928571428571429,129.0,27.0,102.0,14770.0,15798.800000000001,925499.0,150118.0,0.2252,20500.0,19000.0,2200.0,0.1009234786986232,15500.0
E10000020,Norfolk,2022,England,East of England,life-satisfaction,7.598571428571428,0.19825072886297374,7.21,7.987142857142857,129.0,27.0,102.0,14770.0,15798.800000000001,925499.0,150118.0,0.2252,20500.0,19000.0,2200.0,0.1009234786986232,15500.0
E10000020,Norfolk,2022,England,East of England,worthwhile,7.885714285714286,0.21282798833819225,7.47,8.304285714285713,129.0,27.0,102.0,14770.0,15798.800000000001,925499.0,150118.0,0.2252,20500.0,19000.0,2200.0,0.1009234786986232,15500.0
E10000020,Norfolk,2023,England,East of England,,,,,,142.0,28.0,114.0,15190.0,14932.5,933670.0,151325.0,0.2614,21000.0,19500.0,1800.0,0.0853256623864946,16000.0
E10000024,Nottinghamshire,2016,England,East Midlands,anxiety,3.0614285714285714,0.29118075801749266,2.492857142857143,3.6342857142857143,99.0,16.0,83.0,7155.0,7621.6,807422.0,143279.0,0.1105,19000.0,18000.0,700.0,0.0382740583648994,14500.0
E10000024,Nottinghamshire,2016,England,East Midlands,happiness,7.581428571428572,0.22048104956268225,7.148571428571429,8.012857142857143,99.0,16.0,83.0,7155.0,7621.6,807422.0,143279.0,0.1105,19000.0,18000.0,700.0,0.0382740583648994,14500.0
E10000024,Nottinghamshire,2016,England,East Midlands,life-satisfaction,7.8028571428571425,0.17674927113702618,7.4557142857142855,8.148571428571428,99.0,16.0,83.0,7155.0,7621.6,807422.0,143279.0,0.1105,19000.0,18000.0,700.0,0.0382740583648994,14500.0
E10000024,Nottinghamshire,2016,England,East Midlands,worthwhile,8.03,0.1629008746355686,7.71,8.348571428571429,99.0,16.0,83.0,7155.0,7621.6,807422.0,143279.0,0.1105,19000.0,18000.0,700.0,0.0382740583648994,14500.0
E10000024,Nottinghamshire,2017,England,East Midlands,anxiety,2.9699999999999998,0.2704081632653061,2.4414285714285713,3.501428571428572,101.0,17.0,84.0,7630.0,7874.6,812333.0,144861.0,0.1168,19500.0,18000.0,1300.0,0.0672398759973846,14500.0
E10000024,Nottinghamshire,2017,England,East Midlands,happiness,7.58,0.20298833819241982,7.182857142857143,7.978571428571429,101.0,17.0,84.0,7630.0,7874.6,812333.0,144861.0,0.1168,19500.0,18000.0,1300.0,0.0672398759973846,14500.0
E10000024,Nottinghamshire,2017,England,East Midlands,life-satisfaction,7.764285714285714,0.18695335276967925,7.397142857142858,8.129999999999999,101.0,17.0,84.0,7630.0,7874.6,812333.0,144861.0,0.1168,19500.0,18000.0,1300.0,0.0672398759973846,14500.0
E10000024,Nottinghamshire,2017,England,East Midlands,worthwhile,7.945714285714286,0.184402332361516,7.585714285714286,8.308571428571428,101.0,17.0,84.0,7630.0,7874.6,812333.0,144861.0,0.1168,19500.0,18000.0,1300.0,0.0672398759973846,14500.0
E10000024,Nottinghamshire,2018,England,East Midlands,anxiety,2.967142857142857,0.31231778425655976,2.3542857142857145,3.5785714285714287,103.0,18.0,85.0,8380.0,8197.4,816749.0,145518.0,0.1217,20000.0,18500.0,1200.0,0.0625299501981007,14500.0
E10000024,Nottinghamshire,2018,England,East Midlands,happiness,7.558571428571428,0.23651603498542276,7.094285714285713,8.02142857142857,103.0,18.0,85.0,8380.0,8197.4,816749.0,145518.0,0.1217,20000.0,18500.0,1200.0,0.0625299501981007,14500.0
E10000024,Nottinghamshire,2018,England,East Midlands,life-satisfaction,7.744285714285715,0.20153061224489788,7.348571428571428,8.138571428571428,103.0,18.0,85.0,8380.0,8197.4,816749.0,145518.0,0.1217,20000.0,18500.0,1200.0,0.0625299501981007,14500.0
E10000024,Nottinghamshire,2018,England,East Midlands,worthwhile,8.017142857142858,0.20189504373177844,7.618571428571428,8.41,103.0,18.0,85.0,8380.0,8197.4,816749.0,145518.0,0.1217,20000.0,18500.0,1200.0,0.0625299501981007,14500.0
E10000024,Nottinghamshire,2019,England,East Midlands,anxiety,3.1,0.29956268221574345,2.512857142857143,3.6871428571428573,103.0,20.0,83.0,12155.0,11032.6,819900.0,145808.0,0.1281,20500.0,19000.0,1200.0,0.0585849788510047,15000.0
E10000024,Nottinghamshire,2019,England,East Midlands,happiness,7.5528571428571425,0.24817784256559758,7.065714285714286,8.038571428571428,103.0,20.0,83.0,12155.0,11032.6,819900.0,145808.0,0.1281,20500.0,19000.0,1200.0,0.0585849788510047,15000.0
E10000024,Nottinghamshire,2019,England,East Midlands,life-satisfaction,7.758571428571429,0.18258017492711368,7.401428571428572,8.117142857142857,103.0,20.0,83.0,12155.0,11032.6,819900.0,145808.0,0.1281,20500.0,19000.0,1200.0,0.0585849788510047,15000.0
E10000024,Nottinghamshire,2019,England,East Midlands,worthwhile,7.992857142857143,0.1935131195335276,7.614285714285715,8.372857142857143,103.0,20.0,83.0,12155.0,11032.6,819900.0,145808.0,0.1281,20500.0,19000.0,1200.0,0.0585849788510047,15000.0
E10000024,Nottinghamshire,2020,England,East Midlands,anxiety,3.355714285714286,0.33272594752186585,2.7014285714285715,4.005714285714285,110.0,22.0,88.0,24070.0,22190.7,822118.0,145587.0,0.1328,21500.0,20000.0,1100.0,0.0521518023901099,16000.0
E10000024,Nottinghamshire,2020,England,East Midlands,happiness,7.238571428571428,0.2795189504373178,6.6899999999999995,7.785714285714286,110.0,22.0,88.0,24070.0,22190.7,822118.0,145587.0,0.1328,21500.0,20000.0,1100.0,0.0521518023901099,16000.0
E10000024,Nottinghamshire,2020,England,East Midlands,life-satisfaction,7.37,0.21173469387755098,6.954285714285715,7.784285714285715,110.0,22.0,88.0,24070.0,22190.7,822118.0,145587.0,0.1328,21500.0,20000.0,1100.0,0.0521518023901099,16000.0
E10000024,Nottinghamshire,2020,England,East Midlands,worthwhile,7.724285714285714,0.21938775510204067,7.2942857142857145,8.154285714285715,110.0,22.0,88.0,24070.0,22190.7,822118.0,145587.0,0.1328,21500.0,20000.0,1100.0,0.0521518023901099,16000.0
E10000024,Nottinghamshire,2021,England,East Midlands,anxiety,3.2642857142857147,0.3498542274052478,2.5785714285714287,3.9499999999999997,112.0,24.0,88.0,17265.0,21199.1,826132.0,145770.0,0.1408,21000.0,19500.0,2000.0,0.0945128938086537,16000.0
E10000024,Nottinghamshire,2021,England,East Midlands,happiness,7.3500000000000005,0.27077259475218657,6.8185714285714285,7.88,112.0,24.0,88.0,17265.0,21199.1,826132.0,145770.0,0.1408,21000.0,19500.0,2000.0,0.0945128938086537,16000.0
E10000024,Nottinghamshire,2021,England,East Midlands,life-satisfaction,7.351428571428571,0.21574344023323613,6.928571428571429,7.774285714285715,112.0,24.0,88.0,17265.0,21199.1,826132.0,145770.0,0.1408,21000.0,19500.0,2000.0,0.0945128938086537,16000.0
E10000024,Nottinghamshire,2021,England,East Midlands,worthwhile,7.735714285714286,0.20444606413994162,7.332857142857143,8.134285714285713,112.0,24.0,88.0,17265.0,21199.1,826132.0,145770.0,0.1408,21000.0,19500.0,2000.0,0.0945128938086537,16000.0
E10000024,Nottinghamshire,2022,England,East Midlands,anxiety,2.8857142857142857,0.3545918367346938,2.1885714285714286,3.5785714285714287,118.0,26.0,92.0,14695.0,15411.7,835376.0,147980.0,0.1609,21500.0,19500.0,2200.0,0.1010320752500268,16500.0
E10000024,Nottinghamshire,2022,England,East Midlands,happiness,7.251428571428571,0.33272594752186585,6.6000000000000005,7.904285714285714,118.0,26.0,92.0,14695.0,15411.7,835376.0,147980.0,0.1609,21500.0,19500.0,2200.0,0.1010320752500268,16500.0
E10000024,Nottinghamshire,2022,England,East Midlands,life-satisfaction,7.347142857142857,0.24854227405247814,6.859999999999999,7.8342857142857145,118.0,26.0,92.0,14695.0,15411.7,835376.0,147980.0,0.1609,21500.0,19500.0,2200.0,0.1010320752500268,16500.0
E10000024,Nottinghamshire,2022,England,East Midlands,worthwhile,7.6499999999999995,0.2835276967930029,7.0928571428571425,8.204285714285714,118.0,26.0,92.0,14695.0,15411.7,835376.0,147980.0,0.1609,21500.0,19500.0,2200.0,0.1010320752500268,16500.0
E10000024,Nottinghamshire,2023,England,East Midlands,,,,,,124.0,27.0,97.0,15325.0,15145.3,846728.0,150640.0,0.2016,23000.0,21000.0,1700.0,0.0752766812396188,17500.0
E10000025,Oxfordshire,2016,England,South East,anxiety,3.036,0.27193877551020407,2.506,3.572,84.0,10.0,74.0,2645.0,2759.1,690541.0,127355.0,0.1849,13500.0,12500.0,800.0,0.0608917078307027,10000.0
E10000025,Oxfordshire,2016,England,South East,happiness,7.4879999999999995,0.18928571428571422,7.117999999999999,7.859999999999999,84.0,10.0,74.0,2645.0,2759.1,690541.0,127355.0,0.1849,13500.0,12500.0,800.0,0.0608917078307027,10000.0
E10000025,Oxfordshire,2016,England,South East,life-satisfaction,7.754,0.16122448979591839,7.44,8.072,84.0,10.0,74.0,2645.0,2759.1,690541.0,127355.0,0.1849,13500.0,12500.0,800.0,0.0608917078307027,10000.0
E10000025,Oxfordshire,2016,England,South East,worthwhile,7.938,0.148469387755102,7.648000000000001,8.23,84.0,10.0,74.0,2645.0,2759.1,690541.0,127355.0,0.1849,13500.0,12500.0,800.0,0.0608917078307027,10000.0
E10000025,Oxfordshire,2017,England,South East,anxiety,3.088,0.31632653061224486,2.4699999999999998,3.71,90.0,11.0,79.0,2975.0,2875.0,696188.0,127737.0,0.1907,14000.0,13000.0,950.0,0.0689876143877172,10500.0
E10000025,Oxfordshire,2017,England,South East,happiness,7.5680000000000005,0.17704081632653054,7.220000000000001,7.914,90.0,11.0,79.0,2975.0,2875.0,696188.0,127737.0,0.1907,14000.0,13000.0,950.0,0.0689876143877172,10500.0
E10000025,Oxfordshire,2017,England,South East,life-satisfaction,7.874,0.14897959183673468,7.581999999999999,8.166,90.0,11.0,79.0,2975.0,2875.0,696188.0,127737.0,0.1907,14000.0,13000.0,950.0,0.0689876143877172,10500.0
E10000025,Oxfordshire,2017,England,South East,worthwhile,8.03,0.1479591836734693,7.742,8.322,90.0,11.0,79.0,2975.0,2875.0,696188.0,127737.0,0.1907,14000.0,13000.0,950.0,0.0689876143877172,10500.0
E10000025,Oxfordshire,2018,England,South East,anxiety,2.972,0.27193877551020407,2.4379999999999997,3.504,94.0,11.0,83.0,5165.0,4354.1,702259.0,128457.0,0.1952,14000.0,13000.0,1000.0,0.0735214253161255,10500.0
E10000025,Oxfordshire,2018,England,South East,happiness,7.626,0.18214285714285722,7.267999999999999,7.982000000000001,94.0,11.0,83.0,5165.0,4354.1,702259.0,128457.0,0.1952,14000.0,13000.0,1000.0,0.0735214253161255,10500.0
E10000025,Oxfordshire,2018,England,South East,life-satisfaction,7.8,0.15357142857142858,7.502,8.104000000000001,94.0,11.0,83.0,5165.0,4354.1,702259.0,128457.0,0.1952,14000.0,13000.0,1000.0,0.0735214253161255,10500.0
E10000025,Oxfordshire,2018,England,South East,worthwhile,7.896000000000001,0.15663265306122448,7.587999999999999,8.202000000000002,94.0,11.0,83.0,5165.0,4354.1,702259.0,128457.0,0.1952,14000.0,13000.0,1000.0,0.0735214253161255,10500.0
E10000025,Oxfordshire,2019,England,South East,anxiety,3.136,0.25714285714285706,2.632,3.6399999999999997,96.0,12.0,84.0,6230.0,5742.5,708513.0,128706.0,0.2024,15000.0,13500.0,1400.0,0.0935169284107556,11000.0
E10000025,Oxfordshire,2019,England,South East,happiness,7.542,0.19642857142857134,7.159999999999999,7.93,96.0,12.0,84.0,6230.0,5742.5,708513.0,128706.0,0.2024,15000.0,13500.0,1400.0,0.0935169284107556,11000.0
E10000025,Oxfordshire,2019,England,South East,life-satisfaction,7.698,0.15816326530612246,7.390000000000001,8.01,96.0,12.0,84.0,6230.0,5742.5,708513.0,128706.0,0.2024,15000.0,13500.0,1400.0,0.0935169284107556,11000.0
E10000025,Oxfordshire,2019,England,South East,worthwhile,7.984,0.14489795918367357,7.7,8.268,96.0,12.0,84.0,6230.0,5742.5,708513.0,128706.0,0.2024,15000.0,13500.0,1400.0,0.0935169284107556,11000.0
E10000025,Oxfordshire,2020,England,South East,anxiety,3.3600000000000003,0.29642857142857143,2.7800000000000002,3.942,98.0,12.0,86.0,16300.0,13912.2,714766.0,129004.0,0.20860000000000004,15000.0,13500.0,1000.0,0.0690339949687511,11000.0
E10000025,Oxfordshire,2020,England,South East,happiness,7.331999999999999,0.21275510204081632,6.914,7.748,98.0,12.0,86.0,16300.0,13912.2,714766.0,129004.0,0.20860000000000004,15000.0,13500.0,1000.0,0.0690339949687511,11000.0
E10000025,Oxfordshire,2020,England,South East,life-satisfaction,7.476000000000001,0.19387755102040813,7.098000000000001,7.858,98.0,12.0,86.0,16300.0,13912.2,714766.0,129004.0,0.20860000000000004,15000.0,13500.0,1000.0,0.0690339949687511,11000.0
E10000025,Oxfordshire,2020,England,South East,worthwhile,7.752,0.17091836734693874,7.418000000000001,8.088,98.0,12.0,86.0,16300.0,13912.2,714766.0,129004.0,0.20860000000000004,15000.0,13500.0,1000.0,0.0690339949687511,11000.0
E10000025,Oxfordshire,2021,England,South East,anxiety,3.084,0.31785714285714284,2.46,3.7060000000000004,103.0,14.0,89.0,11000.0,14392.4,726727.0,129898.0,0.2149,14500.0,13000.0,1700.0,0.1166465026923664,10500.0
E10000025,Oxfordshire,2021,England,South East,happiness,7.653999999999999,0.21683673469387754,7.2299999999999995,8.08,103.0,14.0,89.0,11000.0,14392.4,726727.0,129898.0,0.2149,14500.0,13000.0,1700.0,0.1166465026923664,10500.0
E10000025,Oxfordshire,2021,England,South East,life-satisfaction,7.754,0.1683673469387755,7.4239999999999995,8.084,103.0,14.0,89.0,11000.0,14392.4,726727.0,129898.0,0.2149,14500.0,13000.0,1700.0,0.1166465026923664,10500.0
E10000025,Oxfordshire,2021,England,South East,worthwhile,7.904000000000001,0.17755102040816323,7.556,8.252,103.0,14.0,89.0,11000.0,14392.4,726727.0,129898.0,0.2149,14500.0,13000.0,1700.0,0.1166465026923664,10500.0
E10000025,Oxfordshire,2022,England,South East,anxiety,3.086,0.31071428571428567,2.476,3.694,105.0,15.0,90.0,9500.0,9666.2,738911.0,132778.0,0.23289999999999997,14500.0,13000.0,,,11000.0
E10000025,Oxfordshire,2022,England,South East,happiness,7.595999999999999,0.22653061224489796,7.154000000000001,8.042,105.0,15.0,90.0,9500.0,9666.2,738911.0,132778.0,0.23289999999999997,14500.0,13000.0,,,11000.0
E10000025,Oxfordshire,2022,England,South East,life-satisfaction,7.7700000000000005,0.17959183673469375,7.418000000000001,8.122,105.0,15.0,90.0,9500.0,9666.2,738911.0,132778.0,0.23289999999999997,14500.0,13000.0,,,11000.0
E10000025,Oxfordshire,2022,England,South East,worthwhile,7.956,0.19591836734693882,7.575999999999999,8.344,105.0,15.0,90.0,9500.0,9666.2,738911.0,132778.0,0.23289999999999997,14500.0,13000.0,,,11000.0
E10000025,Oxfordshire,2023,England,South East,,,,,,117.0,16.0,101.0,9510.0,9477.9,751883.0,135841.0,0.268,15500.0,13500.0,1600.0,0.1014043181594309,12000.0
E10000028,Staffordshire,2016,England,West Midlands,anxiety,2.815,0.30293367346938777,2.22125,3.40875,91.0,18.0,73.0,4735.0,5070.8,861230.0,147528.0,0.1178,17500.0,16500.0,1100.0,0.0613023085320654,13000.0
E10000028,Staffordshire,2016,England,West Midlands,happiness,7.49,0.2299107142857143,7.04125,7.9425,91.0,18.0,73.0,4735.0,5070.8,861230.0,147528.0,0.1178,17500.0,16500.0,1100.0,0.0613023085320654,13000.0
E10000028,Staffordshire,2016,England,West Midlands,life-satisfaction,7.8275,0.19292091836734684,7.44875,8.205,91.0,18.0,73.0,4735.0,5070.8,861230.0,147528.0,0.1178,17500.0,16500.0,1100.0,0.0613023085320654,13000.0
E10000028,Staffordshire,2016,England,West Midlands,worthwhile,8.0225,0.17410714285714285,7.68,8.3625,91.0,18.0,73.0,4735.0,5070.8,861230.0,147528.0,0.1178,17500.0,16500.0,1100.0,0.0613023085320654,13000.0
E10000028,Staffordshire,2017,England,West Midlands,anxiety,2.525,0.28922193877551017,1.9575,3.09125,93.0,19.0,74.0,5430.0,5504.6,863528.0,147663.0,0.123,18000.0,17000.0,1200.0,0.0643729029385259,13000.0
E10000028,Staffordshire,2017,England,West Midlands,happiness,7.5825,0.22767857142857134,7.1375,8.03,93.0,19.0,74.0,5430.0,5504.6,863528.0,147663.0,0.123,18000.0,17000.0,1200.0,0.0643729029385259,13000.0
E10000028,Staffordshire,2017,England,West Midlands,life-satisfaction,7.895,0.17442602040816318,7.5525,8.23625,93.0,19.0,74.0,5430.0,5504.6,863528.0,147663.0,0.123,18000.0,17000.0,1200.0,0.0643729029385259,13000.0
E10000028,Staffordshire,2017,England,West Midlands,worthwhile,7.976249999999999,0.175063775510204,7.635,8.32125,93.0,19.0,74.0,5430.0,5504.6,863528.0,147663.0,0.123,18000.0,17000.0,1200.0,0.0643729029385259,13000.0
E10000028,Staffordshire,2018,England,West Midlands,anxiety,2.765,0.30325255102040816,2.17,3.35875,94.0,20.0,74.0,6950.0,6798.3,866810.0,148467.0,0.1273,17500.0,16500.0,1500.0,0.0799687496820067,13000.0
E10000028,Staffordshire,2018,England,West Midlands,happiness,7.625,0.22608418367346939,7.1825,8.06875,94.0,20.0,74.0,6950.0,6798.3,866810.0,148467.0,0.1273,17500.0,16500.0,1500.0,0.0799687496820067,13000.0
E10000028,Staffordshire,2018,England,West Midlands,life-satisfaction,7.85375,0.1868622448979591,7.4875,8.22,94.0,20.0,74.0,6950.0,6798.3,866810.0,148467.0,0.1273,17500.0,16500.0,1500.0,0.0799687496820067,13000.0
E10000028,Staffordshire,2018,England,West Midlands,worthwhile,7.99375,0.1890943877551021,7.62375,8.365,94.0,20.0,74.0,6950.0,6798.3,866810.0,148467.0,0.1273,17500.0,16500.0,1500.0,0.0799687496820067,13000.0
E10000028,Staffordshire,2019,England,West Midlands,anxiety,3.00875,0.32780612244897955,2.3675,3.6525,96.0,21.0,75.0,11105.0,9608.4,870117.0,148821.0,0.1326,17500.0,17000.0,1400.0,0.0789194733664016,13000.0
E10000028,Staffordshire,2019,England,West Midlands,happiness,7.645,0.2391581632653061,7.1775,8.115,96.0,21.0,75.0,11105.0,9608.4,870117.0,148821.0,0.1326,17500.0,17000.0,1400.0,0.0789194733664016,13000.0
E10000028,Staffordshire,2019,England,West Midlands,life-satisfaction,7.8412500000000005,0.20440051020408168,7.44125,8.2425,96.0,21.0,75.0,11105.0,9608.4,870117.0,148821.0,0.1326,17500.0,17000.0,1400.0,0.0789194733664016,13000.0
E10000028,Staffordshire,2019,England,West Midlands,worthwhile,8.0525,0.1871811224489796,7.685,8.41875,96.0,21.0,75.0,11105.0,9608.4,870117.0,148821.0,0.1326,17500.0,17000.0,1400.0,0.0789194733664016,13000.0
E10000028,Staffordshire,2020,England,West Midlands,anxiety,3.53375,0.4123086734693877,2.725,4.34125,103.0,21.0,82.0,24855.0,21899.6,872087.0,148892.0,0.1375,18500.0,17500.0,1200.0,0.0662031415649426,13500.0
E10000028,Staffordshire,2020,England,West Midlands,happiness,7.21375,0.32334183673469385,6.58,7.8475,103.0,21.0,82.0,24855.0,21899.6,872087.0,148892.0,0.1375,18500.0,17500.0,1200.0,0.0662031415649426,13500.0
E10000028,Staffordshire,2020,England,West Midlands,life-satisfaction,7.3774999999999995,0.28156887755102034,6.82625,7.93,103.0,21.0,82.0,24855.0,21899.6,872087.0,148892.0,0.1375,18500.0,17500.0,1200.0,0.0662031415649426,13500.0
E10000028,Staffordshire,2020,England,West Midlands,worthwhile,7.695,0.267219387755102,7.1725,8.22,103.0,21.0,82.0,24855.0,21899.6,872087.0,148892.0,0.1375,18500.0,17500.0,1200.0,0.0662031415649426,13500.0
E10000028,Staffordshire,2021,England,West Midlands,anxiety,2.88875,0.31632653061224486,2.26875,3.50875,105.0,23.0,82.0,16700.0,21353.4,877808.0,149786.0,0.1442,17000.0,16500.0,1900.0,0.102183567790723,13000.0
E10000028,Staffordshire,2021,England,West Midlands,happiness,7.56,0.260204081632653,7.04875,8.06875,105.0,23.0,82.0,16700.0,21353.4,877808.0,149786.0,0.1442,17000.0,16500.0,1900.0,0.102183567790723,13000.0
E10000028,Staffordshire,2021,England,West Midlands,life-satisfaction,7.60375,0.24585459183673466,7.1225,8.08625,105.0,23.0,82.0,16700.0,21353.4,877808.0,149786.0,0.1442,17000.0,16500.0,1900.0,0.102183567790723,13000.0
E10000028,Staffordshire,2021,England,West Midlands,worthwhile,7.885,0.21428571428571425,7.46375,8.30375,105.0,23.0,82.0,16700.0,21353.4,877808.0,149786.0,0.1442,17000.0,16500.0,1900.0,0.102183567790723,13000.0
E10000028,Staffordshire,2022,England,West Midlands,anxiety,3.2199999999999998,0.4448341836734694,2.34875,4.0925,110.0,26.0,84.0,14435.0,14901.7,886508.0,151469.0,0.163,18000.0,16000.0,1900.0,0.1036995997312365,13500.0
E10000028,Staffordshire,2022,England,West Midlands,happiness,7.53125,0.3220663265306122,6.90125,8.16375,110.0,26.0,84.0,14435.0,14901.7,886508.0,151469.0,0.163,18000.0,16000.0,1900.0,0.1036995997312365,13500.0
E10000028,Staffordshire,2022,England,West Midlands,life-satisfaction,7.6225,0.24075255102040816,7.15,8.09375,110.0,26.0,84.0,14435.0,14901.7,886508.0,151469.0,0.163,18000.0,16000.0,1900.0,0.1036995997312365,13500.0
E10000028,Staffordshire,2022,England,West Midlands,worthwhile,7.89875,0.27391581632653045,7.36125,8.434999999999999,110.0,26.0,84.0,14435.0,14901.7,886508.0,151469.0,0.163,18000.0,16000.0,1900.0,0.1036995997312365,13500.0
E10000028,Staffordshire,2023,England,West Midlands,,,,,,124.0,28.0,96.0,14970.0,14966.3,897866.0,153953.0,0.2018,19000.0,17500.0,1900.0,0.0969677917330655,14000.0
E10000029,Suffolk,2016,England,East of England,anxiety,2.782,0.24387755102040815,2.302,3.258,79.0,13.0,66.0,4185.13,4188.8,747783.0,132626.0,0.1701,18500.0,17000.0,1000.0,0.0554872939271817,13000.0
E10000029,Suffolk,2016,England,East of England,happiness,7.795999999999999,0.16020408163265293,7.482000000000001,8.11,79.0,13.0,66.0,4185.13,4188.8,747783.0,132626.0,0.1701,18500.0,17000.0,1000.0,0.0554872939271817,13000.0
E10000029,Suffolk,2016,England,East of England,life-satisfaction,7.8420000000000005,0.14387755102040806,7.56,8.123999999999999,79.0,13.0,66.0,4185.13,4188.8,747783.0,132626.0,0.1701,18500.0,17000.0,1000.0,0.0554872939271817,13000.0
E10000029,Suffolk,2016,England,East of England,worthwhile,8.0,0.14795918367346936,7.712000000000001,8.292,79.0,13.0,66.0,4185.13,4188.8,747783.0,132626.0,0.1701,18500.0,17000.0,1000.0,0.0554872939271817,13000.0
E10000029,Suffolk,2017,England,East of England,anxiety,2.714,0.23112244897959178,2.262,3.168,79.0,13.0,66.0,4590.63,4552.28,753590.0,133686.0,0.1777,19500.0,17500.0,1400.0,0.0721880778060535,14000.0
E10000029,Suffolk,2017,England,East of England,happiness,7.662000000000001,0.19744897959183672,7.273999999999999,8.047999999999998,79.0,13.0,66.0,4590.63,4552.28,753590.0,133686.0,0.1777,19500.0,17500.0,1400.0,0.0721880778060535,14000.0
E10000029,Suffolk,2017,England,East of England,life-satisfaction,7.802,0.1489795918367346,7.51,8.094,79.0,13.0,66.0,4590.63,4552.28,753590.0,133686.0,0.1777,19500.0,17500.0,1400.0,0.0721880778060535,14000.0
E10000029,Suffolk,2017,England,East of England,worthwhile,7.9879999999999995,0.16071428571428575,7.676,8.306000000000001,79.0,13.0,66.0,4590.63,4552.28,753590.0,133686.0,0.1777,19500.0,17500.0,1400.0,0.0721880778060535,14000.0
E10000029,Suffolk,2018,England,East of England,anxiety,2.832,0.2801020408163265,2.282,3.38,80.0,15.0,65.0,6227.71,5531.39,755345.0,133405.0,0.184,19000.0,17500.0,1400.0,0.0743799148853879,13500.0
E10000029,Suffolk,2018,England,East of England,happiness,7.698,0.18418367346938766,7.337999999999999,8.059999999999999,80.0,15.0,65.0,6227.71,5531.39,755345.0,133405.0,0.184,19000.0,17500.0,1400.0,0.0743799148853879,13500.0
E10000029,Suffolk,2018,England,East of England,life-satisfaction,7.882000000000001,0.16275510204081625,7.56,8.197999999999999,80.0,15.0,65.0,6227.71,5531.39,755345.0,133405.0,0.184,19000.0,17500.0,1400.0,0.0743799148853879,13500.0
E10000029,Suffolk,2018,England,East of England,worthwhile,8.094,0.1551020408163265,7.794,8.402,80.0,15.0,65.0,6227.71,5531.39,755345.0,133405.0,0.184,19000.0,17500.0,1400.0,0.0743799148853879,13500.0
E10000029,Suffolk,2019,England,East of England,anxiety,3.102,0.29132653061224484,2.5300000000000002,3.6719999999999997,79.0,17.0,62.0,7810.27,7160.59,757321.0,133114.0,0.1918,19000.0,17000.0,1100.0,0.0603932038949514,13500.0
E10000029,Suffolk,2019,England,East of England,happiness,7.566,0.21122448979591835,7.15,7.978,79.0,17.0,62.0,7810.27,7160.59,757321.0,133114.0,0.1918,19000.0,17000.0,1100.0,0.0603932038949514,13500.0
E10000029,Suffolk,2019,England,East of England,life-satisfaction,7.81,0.16683673469387741,7.486,8.14,79.0,17.0,62.0,7810.27,7160.59,757321.0,133114.0,0.1918,19000.0,17000.0,1100.0,0.0603932038949514,13500.0
E10000029,Suffolk,2019,England,East of England,worthwhile,7.94,0.1678571428571428,7.609999999999999,8.268,79.0,17.0,62.0,7810.27,7160.59,757321.0,133114.0,0.1918,19000.0,17000.0,1100.0,0.0603932038949514,13500.0
E10000029,Suffolk,2020,England,East of England,anxiety,3.148,0.2943877551020408,2.572,3.726,84.0,18.0,66.0,16669.72,14433.72,756668.0,131025.0,0.1999,19500.0,17500.0,1300.0,0.0682955653110909,14000.0
E10000029,Suffolk,2020,England,East of England,happiness,7.4,0.20510204081632652,6.998,7.802,84.0,18.0,66.0,16669.72,14433.72,756668.0,131025.0,0.1999,19500.0,17500.0,1300.0,0.0682955653110909,14000.0
E10000029,Suffolk,2020,England,East of England,life-satisfaction,7.608,0.17448979591836733,7.2700000000000005,7.954000000000001,84.0,18.0,66.0,16669.72,14433.72,756668.0,131025.0,0.1999,19500.0,17500.0,1300.0,0.0682955653110909,14000.0
E10000029,Suffolk,2020,England,East of England,worthwhile,7.798,0.17959183673469398,7.446,8.15,84.0,18.0,66.0,16669.72,14433.72,756668.0,131025.0,0.1999,19500.0,17500.0,1300.0,0.0682955653110909,14000.0
E10000029,Suffolk,2021,England,East of England,anxiety,3.1,0.3382653061224489,2.4379999999999997,3.7640000000000002,88.0,20.0,68.0,11450.32,14527.57,763349.0,130165.0,0.2084,18500.0,17000.0,2300.0,0.1197129214556323,13500.0
E10000029,Suffolk,2021,England,East of England,happiness,7.67,0.2290816326530612,7.220000000000001,8.118,88.0,20.0,68.0,11450.32,14527.57,763349.0,130165.0,0.2084,18500.0,17000.0,2300.0,0.1197129214556323,13500.0
E10000029,Suffolk,2021,England,East of England,life-satisfaction,7.828,0.16173469387755096,7.51,8.144,88.0,20.0,68.0,11450.32,14527.57,763349.0,130165.0,0.2084,18500.0,17000.0,2300.0,0.1197129214556323,13500.0
E10000029,Suffolk,2021,England,East of England,worthwhile,7.996,0.17193877551020414,7.659999999999999,8.334,88.0,20.0,68.0,11450.32,14527.57,763349.0,130165.0,0.2084,18500.0,17000.0,2300.0,0.1197129214556323,13500.0
E10000029,Suffolk,2022,England,East of England,anxiety,2.992,0.3622448979591836,2.2800000000000002,3.7,93.0,20.0,73.0,9558.59,9862.23,768812.0,131558.0,0.2252,20000.0,18000.0,1800.0,0.0882653545462111,14500.0
E10000029,Suffolk,2022,England,East of England,happiness,7.598000000000001,0.2122448979591837,7.1819999999999995,8.014,93.0,20.0,73.0,9558.59,9862.23,768812.0,131558.0,0.2252,20000.0,18000.0,1800.0,0.0882653545462111,14500.0
E10000029,Suffolk,2022,England,East of England,life-satisfaction,7.714,0.18775510204081627,7.348000000000001,8.084,93.0,20.0,73.0,9558.59,9862.23,768812.0,131558.0,0.2252,20000.0,18000.0,1800.0,0.0882653545462111,14500.0
E10000029,Suffolk,2022,England,East of England,worthwhile,7.961999999999999,0.18622448979591838,7.598000000000001,8.328,93.0,20.0,73.0,9558.59,9862.23,768812.0,131558.0,0.2252,20000.0,18000.0,1800.0,0.0882653545462111,14500.0
E10000029,Suffolk,2023,England,East of England,,,,,,102.0,20.0,82.0,9485.71,9396.710000000001,778012.0,133619.0,0.2614,20000.0,18500.0,1600.0,0.0783879231538798,15000.0
E10000030,Surrey,2016,England,South East,anxiety,2.8863636363636362,0.3205009276437848,2.26,3.516363636363636,123.0,8.0,115.0,4490.0,4345.4,1182180.0,229154.0,0.1849,29000.0,26000.0,2300.0,0.0841370984958159,21500.0
E10000030,Surrey,2016,England,South East,happiness,7.668181818181818,0.23075139146567716,7.215454545454546,8.120000000000001,123.0,8.0,115.0,4490.0,4345.4,1182180.0,229154.0,0.1849,29000.0,26000.0,2300.0,0.0841370984958159,21500.0
E10000030,Surrey,2016,England,South East,life-satisfaction,7.730909090909091,0.185760667903525,7.367272727272728,8.095454545454546,123.0,8.0,115.0,4490.0,4345.4,1182180.0,229154.0,0.1849,29000.0,26000.0,2300.0,0.0841370984958159,21500.0
E10000030,Surrey,2016,England,South East,worthwhile,7.933636363636364,0.19155844155844146,7.5590909090909095,8.31,123.0,8.0,115.0,4490.0,4345.4,1182180.0,229154.0,0.1849,29000.0,26000.0,2300.0,0.0841370984958159,21500.0
E10000030,Surrey,2017,England,South East,anxiety,2.9954545454545456,0.3314007421150278,2.3454545454545452,3.644545454545455,124.0,9.0,115.0,4845.0,4903.3,1185103.0,229896.0,0.1907,29000.0,26000.0,2400.0,0.0844504647202578,22000.0
E10000030,Surrey,2017,England,South East,happiness,7.579090909090909,0.24373840445269004,7.100909090909091,8.056363636363635,124.0,9.0,115.0,4845.0,4903.3,1185103.0,229896.0,0.1907,29000.0,26000.0,2400.0,0.0844504647202578,22000.0
E10000030,Surrey,2017,England,South East,life-satisfaction,7.7272727272727275,0.202226345083488,7.329999999999999,8.122727272727273,124.0,9.0,115.0,4845.0,4903.3,1185103.0,229896.0,0.1907,29000.0,26000.0,2400.0,0.0844504647202578,22000.0
E10000030,Surrey,2017,England,South East,worthwhile,7.956363636363636,0.21335807050092762,7.53909090909091,8.375454545454545,124.0,9.0,115.0,4845.0,4903.3,1185103.0,229896.0,0.1907,29000.0,26000.0,2400.0,0.0844504647202578,22000.0
E10000030,Surrey,2018,England,South East,anxiety,2.9063636363636363,0.3467068645640074,2.2263636363636365,3.5854545454545454,128.0,8.0,120.0,4895.0,5058.9,1186752.0,230237.0,0.1952,30000.0,27000.0,2700.0,0.0916328525367994,22500.0
E10000030,Surrey,2018,England,South East,happiness,7.6036363636363635,0.2687847866419295,7.077272727272727,8.13090909090909,128.0,8.0,120.0,4895.0,5058.9,1186752.0,230237.0,0.1952,30000.0,27000.0,2700.0,0.0916328525367994,22500.0
E10000030,Surrey,2018,England,South East,life-satisfaction,7.790909090909091,0.2166048237476809,7.365454545454545,8.214545454545455,128.0,8.0,120.0,4895.0,5058.9,1186752.0,230237.0,0.1952,30000.0,27000.0,2700.0,0.0916328525367994,22500.0
E10000030,Surrey,2018,England,South East,worthwhile,8.006363636363636,0.19805194805194812,7.618181818181818,8.394545454545455,128.0,8.0,120.0,4895.0,5058.9,1186752.0,230237.0,0.1952,30000.0,27000.0,2700.0,0.0916328525367994,22500.0
E10000030,Surrey,2019,England,South East,anxiety,3.0854545454545454,0.36224489795918363,2.3763636363636365,3.7963636363636364,131.0,9.0,122.0,8370.0,7013.5,1192224.0,230266.0,0.2024,30000.0,27000.0,2700.0,0.0910528760148119,23000.0
E10000030,Surrey,2019,England,South East,happiness,7.629090909090909,0.24721706864564003,7.1445454545454545,8.113636363636363,131.0,9.0,122.0,8370.0,7013.5,1192224.0,230266.0,0.2024,30000.0,27000.0,2700.0,0.0910528760148119,23000.0
E10000030,Surrey,2019,England,South East,life-satisfaction,7.734545454545454,0.20013914656771795,7.342727272727273,8.127272727272727,131.0,9.0,122.0,8370.0,7013.5,1192224.0,230266.0,0.2024,30000.0,27000.0,2700.0,0.0910528760148119,23000.0
E10000030,Surrey,2019,England,South East,worthwhile,7.986363636363635,0.18831168831168832,7.617272727272726,8.355454545454545,131.0,9.0,122.0,8370.0,7013.5,1192224.0,230266.0,0.2024,30000.0,27000.0,2700.0,0.0910528760148119,23000.0
E10000030,Surrey,2020,England,South East,anxiety,3.319090909090909,0.36386827458256027,2.6063636363636364,4.032727272727272,134.0,11.0,123.0,29325.0,23142.6,1195847.0,229703.0,0.2086,31000.0,27000.0,2500.0,0.0832295214850919,23500.0
E10000030,Surrey,2020,England,South East,happiness,7.443636363636363,0.25440630797773656,6.944545454545454,7.941818181818181,134.0,11.0,123.0,29325.0,23142.6,1195847.0,229703.0,0.2086,31000.0,27000.0,2500.0,0.0832295214850919,23500.0
E10000030,Surrey,2020,England,South East,life-satisfaction,7.51,0.23237476808905386,7.052727272727273,7.963636363636365,134.0,11.0,123.0,29325.0,23142.6,1195847.0,229703.0,0.2086,31000.0,27000.0,2500.0,0.0832295214850919,23500.0
E10000030,Surrey,2020,England,South East,worthwhile,7.784545454545454,0.2411873840445268,7.3109090909090915,8.256363636363636,134.0,11.0,123.0,29325.0,23142.6,1195847.0,229703.0,0.2086,31000.0,27000.0,2500.0,0.0832295214850919,23500.0
E10000030,Surrey,2021,England,South East,anxiety,2.943636363636364,0.37360853432281993,2.211818181818182,3.6763636363636363,142.0,14.0,128.0,17870.0,24250.6,1205994.0,230193.0,0.2149,30000.0,27000.0,3400.0,0.1146955599643546,23000.0
E10000030,Surrey,2021,England,South East,happiness,7.408181818181817,0.23724489795918355,6.943636363636363,7.873636363636364,142.0,14.0,128.0,17870.0,24250.6,1205994.0,230193.0,0.2149,30000.0,27000.0,3400.0,0.1146955599643546,23000.0
E10000030,Surrey,2021,England,South East,life-satisfaction,7.590909090909091,0.20338589981447122,7.1909090909090905,7.988181818181818,142.0,14.0,128.0,17870.0,24250.6,1205994.0,230193.0,0.2149,30000.0,27000.0,3400.0,0.1146955599643546,23000.0
E10000030,Surrey,2021,England,South East,worthwhile,7.847272727272727,0.20269016697588124,7.45,8.244545454545454,142.0,14.0,128.0,17870.0,24250.6,1205994.0,230193.0,0.2149,30000.0,27000.0,3400.0,0.1146955599643546,23000.0
E10000030,Surrey,2022,England,South East,anxiety,3.342222222222222,0.5731292517006802,2.216666666666667,4.463333333333334,147.0,15.0,132.0,15010.0,15657.0,1217915.0,234263.0,0.2329,30000.0,27000.0,3300.0,0.1119739638449975,23500.0
E10000030,Surrey,2022,England,South East,happiness,7.48888888888889,0.33475056689342403,6.834444444444444,8.146666666666667,147.0,15.0,132.0,15010.0,15657.0,1217915.0,234263.0,0.2329,30000.0,27000.0,3300.0,0.1119739638449975,23500.0
E10000030,Surrey,2022,England,South East,life-satisfaction,7.704444444444444,0.2511337868480725,7.212222222222222,8.196666666666665,147.0,15.0,132.0,15010.0,15657.0,1217915.0,234263.0,0.2329,30000.0,27000.0,3300.0,0.1119739638449975,23500.0
E10000030,Surrey,2022,England,South East,worthwhile,7.786666666666666,0.2726757369614513,7.252222222222222,8.321111111111112,147.0,15.0,132.0,15010.0,15657.0,1217915.0,234263.0,0.2329,30000.0,27000.0,3300.0,0.1119739638449975,23500.0
E10000030,Surrey,2023,England,South East,,,,,,162.0,16.0,146.0,15700.0,15349.9,1235134.0,236331.0,0.268,31000.0,28000.0,3200.0,0.1022455335725594,24500.0
E10000031,Warwickshire,2016,England,West Midlands,anxiety,2.68,0.2841836734693878,2.12,3.2340000000000004,61.0,11.0,50.0,3445.0,3504.6,566625.0,101021.0,0.11779999999999999,14500.0,11500.0,750.0,0.0636527507408624,9800.0
E10000031,Warwickshire,2016,England,West Midlands,happiness,7.708,0.19285714285714275,7.33,8.086,61.0,11.0,50.0,3445.0,3504.6,566625.0,101021.0,0.11779999999999999,14500.0,11500.0,750.0,0.0636527507408624,9800.0
E10000031,Warwickshire,2016,England,West Midlands,life-satisfaction,7.88,0.16326530612244897,7.56,8.2,61.0,11.0,50.0,3445.0,3504.6,566625.0,101021.0,0.11779999999999999,14500.0,11500.0,750.0,0.0636527507408624,9800.0
E10000031,Warwickshire,2016,England,West Midlands,worthwhile,8.136,0.14846938775510188,7.846000000000001,8.428,61.0,11.0,50.0,3445.0,3504.6,566625.0,101021.0,0.11779999999999999,14500.0,11500.0,750.0,0.0636527507408624,9800.0
E10000031,Warwickshire,2017,England,West Midlands,anxiety,2.534,0.26122448979591834,2.024,3.048,64.0,13.0,51.0,4315.0,4174.1,572303.0,102187.0,0.123,14500.0,13500.0,700.0,0.0484951157867872,10000.0
E10000031,Warwickshire,2017,England,West Midlands,happiness,7.698,0.18979591836734686,7.3260000000000005,8.069999999999999,64.0,13.0,51.0,4315.0,4174.1,572303.0,102187.0,0.123,14500.0,13500.0,700.0,0.0484951157867872,10000.0
E10000031,Warwickshire,2017,England,West Midlands,life-satisfaction,7.808,0.16377551020408168,7.486,8.128,64.0,13.0,51.0,4315.0,4174.1,572303.0,102187.0,0.123,14500.0,13500.0,700.0,0.0484951157867872,10000.0
E10000031,Warwickshire,2017,England,West Midlands,worthwhile,7.8740000000000006,0.1479591836734695,7.586,8.166,64.0,13.0,51.0,4315.0,4174.1,572303.0,102187.0,0.123,14500.0,13500.0,700.0,0.0484951157867872,10000.0
E10000031,Warwickshire,2018,England,West Midlands,anxiety,2.548,0.2979591836734694,1.964,3.132,64.0,13.0,51.0,5630.0,5470.400000000001,578389.0,103187.0,0.1273,15000.0,14000.0,900.0,0.0598115266961098,10000.0
E10000031,Warwickshire,2018,England,West Midlands,happiness,7.794,0.19693877551020417,7.409999999999999,8.182,64.0,13.0,51.0,5630.0,5470.400000000001,578389.0,103187.0,0.1273,15000.0,14000.0,900.0,0.0598115266961098,10000.0
E10000031,Warwickshire,2018,England,West Midlands,life-satisfaction,7.840000000000001,0.1683673469387755,7.5120000000000005,8.172,64.0,13.0,51.0,5630.0,5470.400000000001,578389.0,103187.0,0.1273,15000.0,14000.0,900.0,0.0598115266961098,10000.0
E10000031,Warwickshire,2018,England,West Midlands,worthwhile,7.998,0.16581632653061226,7.6739999999999995,8.324000000000002,64.0,13.0,51.0,5630.0,5470.400000000001,578389.0,103187.0,0.1273,15000.0,14000.0,900.0,0.0598115266961098,10000.0
E10000031,Warwickshire,2019,England,West Midlands,anxiety,2.766,0.2862244897959183,2.2060000000000004,3.3280000000000003,66.0,14.0,52.0,7425.0,6851.6,584155.0,104430.0,0.1326,14000.0,13000.0,800.0,0.0592640666194521,9600.0
E10000031,Warwickshire,2019,England,West Midlands,happiness,7.590000000000001,0.21683673469387754,7.1659999999999995,8.016,66.0,14.0,52.0,7425.0,6851.6,584155.0,104430.0,0.1326,14000.0,13000.0,800.0,0.0592640666194521,9600.0
E10000031,Warwickshire,2019,England,West Midlands,life-satisfaction,7.772,0.17704081632653057,7.426,8.120000000000001,66.0,14.0,52.0,7425.0,6851.6,584155.0,104430.0,0.1326,14000.0,13000.0,800.0,0.0592640666194521,9600.0
E10000031,Warwickshire,2019,England,West Midlands,worthwhile,7.992,0.17959183673469387,7.642,8.346,66.0,14.0,52.0,7425.0,6851.6,584155.0,104430.0,0.1326,14000.0,13000.0,800.0,0.0592640666194521,9600.0
E10000031,Warwickshire,2020,England,West Midlands,anxiety,3.322,0.3290816326530612,2.678,3.968,69.0,15.0,54.0,16480.0,14489.2,589253.0,105276.0,0.1375,14000.0,13000.0,550.0,0.0412863283040615,9700.0
E10000031,Warwickshire,2020,England,West Midlands,happiness,7.409999999999999,0.21275510204081627,6.992,7.8260000000000005,69.0,15.0,54.0,16480.0,14489.2,589253.0,105276.0,0.1375,14000.0,13000.0,550.0,0.0412863283040615,9700.0
E10000031,Warwickshire,2020,England,West Midlands,life-satisfaction,7.564,0.17755102040816323,7.220000000000001,7.9159999999999995,69.0,15.0,54.0,16480.0,14489.2,589253.0,105276.0,0.1375,14000.0,13000.0,550.0,0.0412863283040615,9700.0
E10000031,Warwickshire,2020,England,West Midlands,worthwhile,7.794,0.21581632653061225,7.368,8.214,69.0,15.0,54.0,16480.0,14489.2,589253.0,105276.0,0.1375,14000.0,13000.0,550.0,0.0412863283040615,9700.0
E10000031,Warwickshire,2021,England,West Midlands,anxiety,3.0,0.4,2.216,3.7840000000000003,70.0,15.0,55.0,11470.0,14324.5,599115.0,106417.0,0.1442,12500.0,11500.0,1100.0,0.0914816487710009,9200.0
E10000031,Warwickshire,2021,England,West Midlands,happiness,7.462000000000001,0.19999999999999998,7.074,7.858,70.0,15.0,55.0,11470.0,14324.5,599115.0,106417.0,0.1442,12500.0,11500.0,1100.0,0.0914816487710009,9200.0
E10000031,Warwickshire,2021,England,West Midlands,life-satisfaction,7.622,0.18367346938775514,7.2620000000000005,7.981999999999999,70.0,15.0,55.0,11470.0,14324.5,599115.0,106417.0,0.1442,12500.0,11500.0,1100.0,0.0914816487710009,9200.0
E10000031,Warwickshire,2021,England,West Midlands,worthwhile,7.7219999999999995,0.17857142857142855,7.37,8.07,70.0,15.0,55.0,11470.0,14324.5,599115.0,106417.0,0.1442,12500.0,11500.0,1100.0,0.0914816487710009,9200.0
E10000031,Warwickshire,2022,England,West Midlands,anxiety,3.09,0.37499999999999994,2.352,3.822,72.0,16.0,56.0,9605.0,10155.5,608712.0,109178.0,0.163,13500.0,12500.0,1000.0,0.076044315425668,10000.0
E10000031,Warwickshire,2022,England,West Midlands,happiness,7.337999999999999,0.28367346938775506,6.784000000000001,7.895999999999999,72.0,16.0,56.0,9605.0,10155.5,608712.0,109178.0,0.163,13500.0,12500.0,1000.0,0.076044315425668,10000.0
E10000031,Warwickshire,2022,England,West Midlands,life-satisfaction,7.4159999999999995,0.25357142857142856,6.9159999999999995,7.909999999999999,72.0,16.0,56.0,9605.0,10155.5,608712.0,109178.0,0.163,13500.0,12500.0,1000.0,0.076044315425668,10000.0
E10000031,Warwickshire,2022,England,West Midlands,worthwhile,7.628,0.24183673469387745,7.156000000000001,8.104,72.0,16.0,56.0,9605.0,10155.5,608712.0,109178.0,0.163,13500.0,12500.0,1000.0,0.076044315425668,10000.0
E10000031,Warwickshire,2023,England,West Midlands,,,,,,76.0,16.0,60.0,9215.0,9639.6,620371.0,112348.0,0.20180000000000003,13500.0,12500.0,800.0,0.0591955273069967,10000.0
E10000032,West Sussex,2016,England,South East,anxiety,3.0085714285714285,0.33053935860058303,2.36,3.6557142857142857,99.0,9.0,90.0,4765.0,4858.7,851868.0,152169.0,0.1849,21000.0,19000.0,1400.0,0.0681611246225582,15000.0
E10000032,West Sussex,2016,England,South East,happiness,7.508571428571429,0.22448979591836735,7.067142857142857,7.9471428571428575,99.0,9.0,90.0,4765.0,4858.7,851868.0,152169.0,0.1849,21000.0,19000.0,1400.0,0.0681611246225582,15000.0
E10000032,West Sussex,2016,England,South East,life-satisfaction,7.724285714285714,0.20080174927113706,7.331428571428572,8.118571428571428,99.0,9.0,90.0,4765.0,4858.7,851868.0,152169.0,0.1849,21000.0,19000.0,1400.0,0.0681611246225582,15000.0
E10000032,West Sussex,2016,England,South East,worthwhile,7.9,0.1978862973760933,7.511428571428572,8.287142857142857,99.0,9.0,90.0,4765.0,4858.7,851868.0,152169.0,0.1849,21000.0,19000.0,1400.0,0.0681611246225582,15000.0
E10000032,West Sussex,2017,England,South East,anxiety,2.932857142857143,0.3090379008746355,2.3285714285714287,3.54,108.0,11.0,97.0,5060.0,5015.1,859537.0,153567.0,0.1907,21500.0,19500.0,1500.0,0.0727126379971111,15500.0
E10000032,West Sussex,2017,England,South East,happiness,7.642857142857143,0.20371720116618058,7.241428571428571,8.040000000000001,108.0,11.0,97.0,5060.0,5015.1,859537.0,153567.0,0.1907,21500.0,19500.0,1500.0,0.0727126379971111,15500.0
E10000032,West Sussex,2017,England,South East,life-satisfaction,7.7700000000000005,0.17711370262390672,7.424285714285714,8.118571428571428,108.0,11.0,97.0,5060.0,5015.1,859537.0,153567.0,0.1907,21500.0,19500.0,1500.0,0.0727126379971111,15500.0
E10000032,West Sussex,2017,England,South East,worthwhile,7.934285714285714,0.1727405247813411,7.594285714285713,8.27142857142857,108.0,11.0,97.0,5060.0,5015.1,859537.0,153567.0,0.1907,21500.0,19500.0,1500.0,0.0727126379971111,15500.0
E10000032,West Sussex,2018,England,South East,anxiety,2.6671428571428573,0.29774052478134105,2.0828571428571427,3.25,108.0,11.0,97.0,6925.0,5634.0,866248.0,154790.0,0.1952,21500.0,19500.0,1700.0,0.0819045134450552,15500.0
E10000032,West Sussex,2018,England,South East,happiness,7.764285714285714,0.21137026239067053,7.3500000000000005,8.178571428571429,108.0,11.0,97.0,6925.0,5634.0,866248.0,154790.0,0.1952,21500.0,19500.0,1700.0,0.0819045134450552,15500.0
E10000032,West Sussex,2018,England,South East,life-satisfaction,7.855714285714285,0.16836734693877548,7.524285714285715,8.184285714285714,108.0,11.0,97.0,6925.0,5634.0,866248.0,154790.0,0.1952,21500.0,19500.0,1700.0,0.0819045134450552,15500.0
E10000032,West Sussex,2018,England,South East,worthwhile,7.974285714285714,0.17310495626822148,7.635714285714286,8.314285714285715,108.0,11.0,97.0,6925.0,5634.0,866248.0,154790.0,0.1952,21500.0,19500.0,1700.0,0.0819045134450552,15500.0
E10000032,West Sussex,2019,England,South East,anxiety,2.895,0.30017006802721086,2.308333333333333,3.485,108.0,11.0,97.0,9485.0,8478.0,871740.0,155320.0,0.2024,22000.0,19500.0,1600.0,0.0788088913923543,16000.0
E10000032,West Sussex,2019,England,South East,happiness,7.733333333333333,0.20280612244897966,7.335,8.13,108.0,11.0,97.0,9485.0,8478.0,871740.0,155320.0,0.2024,22000.0,19500.0,1600.0,0.0788088913923543,16000.0
E10000032,West Sussex,2019,England,South East,life-satisfaction,7.816666666666666,0.1662414965986395,7.491666666666667,8.143333333333333,108.0,11.0,97.0,9485.0,8478.0,871740.0,155320.0,0.2024,22000.0,19500.0,1600.0,0.0788088913923543,16000.0
E10000032,West Sussex,2019,England,South East,worthwhile,7.915,0.17049319727891157,7.581666666666667,8.25,108.0,11.0,97.0,9485.0,8478.0,871740.0,155320.0,0.2024,22000.0,19500.0,1600.0,0.0788088913923543,16000.0
E10000032,West Sussex,2020,England,South East,anxiety,3.1942857142857144,0.3465743440233236,2.5171428571428573,3.875714285714286,110.0,12.0,98.0,26735.0,21899.6,875354.0,154985.0,0.20859999999999998,22000.0,19500.0,1400.0,0.0687494173277915,16000.0
E10000032,West Sussex,2020,England,South East,happiness,7.244285714285715,0.27259475218658885,6.707142857142857,7.775714285714286,110.0,12.0,98.0,26735.0,21899.6,875354.0,154985.0,0.20859999999999998,22000.0,19500.0,1400.0,0.0687494173277915,16000.0
E10000032,West Sussex,2020,England,South East,life-satisfaction,7.354285714285715,0.20007288629737605,6.964285714285714,7.748571428571429,110.0,12.0,98.0,26735.0,21899.6,875354.0,154985.0,0.20859999999999998,22000.0,19500.0,1400.0,0.0687494173277915,16000.0
E10000032,West Sussex,2020,England,South East,worthwhile,7.751428571428571,0.2212099125364431,7.317142857142857,8.184285714285714,110.0,12.0,98.0,26735.0,21899.6,875354.0,154985.0,0.20859999999999998,22000.0,19500.0,1400.0,0.0687494173277915,16000.0
E10000032,West Sussex,2021,England,South East,anxiety,3.4042857142857144,0.38556851311953355,2.6471428571428572,4.158571428571428,113.0,13.0,100.0,17205.0,22750.800000000003,885048.0,155431.0,0.2149,21000.0,18500.0,3000.0,0.140505076403495,15500.0
E10000032,West Sussex,2021,England,South East,happiness,7.36,0.26785714285714285,6.835714285714286,7.885714285714285,113.0,13.0,100.0,17205.0,22750.800000000003,885048.0,155431.0,0.2149,21000.0,18500.0,3000.0,0.140505076403495,15500.0
E10000032,West Sussex,2021,England,South East,life-satisfaction,7.660000000000001,0.2095481049562681,7.248571428571429,8.069999999999999,113.0,13.0,100.0,17205.0,22750.800000000003,885048.0,155431.0,0.2149,21000.0,18500.0,3000.0,0.140505076403495,15500.0
E10000032,West Sussex,2021,England,South East,worthwhile,7.8999999999999995,0.22813411078717197,7.454285714285715,8.348571428571429,113.0,13.0,100.0,17205.0,22750.800000000003,885048.0,155431.0,0.2149,21000.0,18500.0,3000.0,0.140505076403495,15500.0
E10000032,West Sussex,2022,England,South East,anxiety,3.512857142857143,0.5029154518950437,2.527142857142857,4.498571428571428,118.0,14.0,104.0,13890.0,14686.2,893198.0,157870.0,0.23290000000000002,21000.0,18500.0,2200.0,0.1071030675897415,16000.0
E10000032,West Sussex,2022,England,South East,happiness,7.257142857142857,0.4183673469387755,6.437142857142858,8.077142857142857,118.0,14.0,104.0,13890.0,14686.2,893198.0,157870.0,0.23290000000000002,21000.0,18500.0,2200.0,0.1071030675897415,16000.0
E10000032,West Sussex,2022,England,South East,life-satisfaction,7.515714285714286,0.27223032069970843,6.981428571428571,8.04857142857143,118.0,14.0,104.0,13890.0,14686.2,893198.0,157870.0,0.23290000000000002,21000.0,18500.0,2200.0,0.1071030675897415,16000.0
E10000032,West Sussex,2022,England,South East,worthwhile,7.887142857142857,0.2944606413994169,7.3100000000000005,8.464285714285714,118.0,14.0,104.0,13890.0,14686.2,893198.0,157870.0,0.23290000000000002,21000.0,18500.0,2200.0,0.1071030675897415,16000.0
E10000032,West Sussex,2023,England,South East,,,,,,125.0,14.0,111.0,14070.0,13845.5,904033.0,159839.0,0.268,22500.0,19500.0,1600.0,0.0760512601245953,17000.0
E10000034,Worcestershire,2016,England,West Midlands,anxiety,2.723333333333333,0.2657312925170068,2.2033333333333336,3.2449999999999997,70.0,12.0,58.0,4200.0,4383.8,587962.0,102960.0,0.1178,12500.0,11500.0,700.0,0.0564734786936673,8800.0
E10000034,Worcestershire,2016,England,West Midlands,happiness,7.625,0.19047619047619047,7.253333333333333,8.0,70.0,12.0,58.0,4200.0,4383.8,587962.0,102960.0,0.1178,12500.0,11500.0,700.0,0.0564734786936673,8800.0
E10000034,Worcestershire,2016,England,West Midlands,life-satisfaction,7.746666666666666,0.17006802721088424,7.413333333333333,8.08,70.0,12.0,58.0,4200.0,4383.8,587962.0,102960.0,0.1178,12500.0,11500.0,700.0,0.0564734786936673,8800.0
E10000034,Worcestershire,2016,England,West Midlands,worthwhile,7.91,0.1862244897959184,7.543333333333333,8.273333333333333,70.0,12.0,58.0,4200.0,4383.8,587962.0,102960.0,0.1178,12500.0,11500.0,700.0,0.0564734786936673,8800.0
E10000034,Worcestershire,2017,England,West Midlands,anxiety,2.6300000000000003,0.25340136054421764,2.1350000000000002,3.1283333333333334,73.0,14.0,59.0,4550.0,4443.0,592040.0,103802.0,0.123,13000.0,12500.0,1000.0,0.0738325893889357,9100.0
E10000034,Worcestershire,2017,England,West Midlands,happiness,7.616666666666667,0.18622448979591832,7.253333333333334,7.983333333333333,73.0,14.0,59.0,4550.0,4443.0,592040.0,103802.0,0.123,13000.0,12500.0,1000.0,0.0738325893889357,9100.0
E10000034,Worcestershire,2017,England,West Midlands,life-satisfaction,7.831666666666667,0.15221088435374144,7.535,8.131666666666666,73.0,14.0,59.0,4550.0,4443.0,592040.0,103802.0,0.123,13000.0,12500.0,1000.0,0.0738325893889357,9100.0
E10000034,Worcestershire,2017,England,West Midlands,worthwhile,7.951666666666667,0.14965986394557812,7.658333333333334,8.245,73.0,14.0,59.0,4550.0,4443.0,592040.0,103802.0,0.123,13000.0,12500.0,1000.0,0.0738325893889357,9100.0
E10000034,Worcestershire,2018,England,West Midlands,anxiety,2.783333333333333,0.28954081632653067,2.2166666666666663,3.3516666666666666,75.0,17.0,58.0,5650.0,5371.1,594992.0,104309.0,0.1273,13500.0,12500.0,1100.0,0.0830531436536744,9400.0
E10000034,Worcestershire,2018,England,West Midlands,happiness,7.586666666666666,0.19940476190476178,7.196666666666666,7.978333333333334,75.0,17.0,58.0,5650.0,5371.1,594992.0,104309.0,0.1273,13500.0,12500.0,1100.0,0.0830531436536744,9400.0
E10000034,Worcestershire,2018,England,West Midlands,life-satisfaction,7.828333333333333,0.17389455782312926,7.491666666666667,8.173333333333334,75.0,17.0,58.0,5650.0,5371.1,594992.0,104309.0,0.1273,13500.0,12500.0,1100.0,0.0830531436536744,9400.0
E10000034,Worcestershire,2018,England,West Midlands,worthwhile,7.9383333333333335,0.1666666666666667,7.611666666666667,8.265,75.0,17.0,58.0,5650.0,5371.1,594992.0,104309.0,0.1273,13500.0,12500.0,1100.0,0.0830531436536744,9400.0
E10000034,Worcestershire,2019,England,West Midlands,anxiety,2.8466666666666662,0.2852891156462585,2.2866666666666666,3.405,79.0,19.0,60.0,7825.0,7266.6,598250.0,104865.0,0.1326,14000.0,13000.0,950.0,0.0699887055390076,9700.0
E10000034,Worcestershire,2019,England,West Midlands,happiness,7.543333333333333,0.22874149659863938,7.096666666666667,7.993333333333333,79.0,19.0,60.0,7825.0,7266.6,598250.0,104865.0,0.1326,14000.0,13000.0,950.0,0.0699887055390076,9700.0
E10000034,Worcestershire,2019,England,West Midlands,life-satisfaction,7.696666666666666,0.17602040816326525,7.3500000000000005,8.040000000000001,79.0,19.0,60.0,7825.0,7266.6,598250.0,104865.0,0.1326,14000.0,13000.0,950.0,0.0699887055390076,9700.0
E10000034,Worcestershire,2019,England,West Midlands,worthwhile,7.903333333333333,0.16539115646258504,7.576666666666667,8.225,79.0,19.0,60.0,7825.0,7266.6,598250.0,104865.0,0.1326,14000.0,13000.0,950.0,0.0699887055390076,9700.0
E10000034,Worcestershire,2020,England,West Midlands,anxiety,3.1633333333333336,0.34608843537414963,2.485,3.841666666666667,82.0,19.0,63.0,18210.0,15861.6,599819.0,104350.0,0.1375,13500.0,12500.0,950.0,0.0705817119137684,9500.0
E10000034,Worcestershire,2020,England,West Midlands,happiness,7.343333333333334,0.27508503401360535,6.805,7.883333333333333,82.0,19.0,63.0,18210.0,15861.6,599819.0,104350.0,0.1375,13500.0,12500.0,950.0,0.0705817119137684,9500.0
E10000034,Worcestershire,2020,England,West Midlands,life-satisfaction,7.376666666666666,0.2448979591836735,6.896666666666667,7.8566666666666665,82.0,19.0,63.0,18210.0,15861.6,599819.0,104350.0,0.1375,13500.0,12500.0,950.0,0.0705817119137684,9500.0
E10000034,Worcestershire,2020,England,West Midlands,worthwhile,7.68,0.22661564625850336,7.234999999999999,8.123333333333333,82.0,19.0,63.0,18210.0,15861.6,599819.0,104350.0,0.1375,13500.0,12500.0,950.0,0.0705817119137684,9500.0
E10000034,Worcestershire,2021,England,West Midlands,anxiety,3.09,0.3299319727891156,2.4433333333333334,3.736666666666667,83.0,18.0,65.0,12440.0,15563.3,604902.0,104045.0,0.1442,13500.0,12000.0,1600.0,0.1144617726615935,9400.0
E10000034,Worcestershire,2021,England,West Midlands,happiness,7.418333333333333,0.24234693877551025,6.9433333333333325,7.8933333333333335,83.0,18.0,65.0,12440.0,15563.3,604902.0,104045.0,0.1442,13500.0,12000.0,1600.0,0.1144617726615935,9400.0
E10000034,Worcestershire,2021,England,West Midlands,life-satisfaction,7.496666666666666,0.1968537414965986,7.108333333333333,7.88,83.0,18.0,65.0,12440.0,15563.3,604902.0,104045.0,0.1442,13500.0,12000.0,1600.0,0.1144617726615935,9400.0
E10000034,Worcestershire,2021,England,West Midlands,worthwhile,7.711666666666666,0.19770408163265296,7.323333333333333,8.098333333333333,83.0,18.0,65.0,12440.0,15563.3,604902.0,104045.0,0.1442,13500.0,12000.0,1600.0,0.1144617726615935,9400.0
E10000034,Worcestershire,2022,England,West Midlands,anxiety,3.4283333333333332,0.4141156462585034,2.6166666666666667,4.24,84.0,20.0,64.0,11115.0,11400.1,609554.0,105063.0,0.163,13500.0,12500.0,1200.0,0.0885436849452749,10000.0
E10000034,Worcestershire,2022,England,West Midlands,happiness,7.618333333333333,0.22491496598639452,7.176666666666667,8.058333333333334,84.0,20.0,64.0,11115.0,11400.1,609554.0,105063.0,0.163,13500.0,12500.0,1200.0,0.0885436849452749,10000.0
E10000034,Worcestershire,2022,England,West Midlands,life-satisfaction,7.513333333333333,0.21513605442176864,7.091666666666666,7.935,84.0,20.0,64.0,11115.0,11400.1,609554.0,105063.0,0.163,13500.0,12500.0,1200.0,0.0885436849452749,10000.0
E10000034,Worcestershire,2022,England,West Midlands,worthwhile,7.9316666666666675,0.21215986394557818,7.515000000000001,8.346666666666666,84.0,20.0,64.0,11115.0,11400.1,609554.0,105063.0,0.163,13500.0,12500.0,1200.0,0.0885436849452749,10000.0
E10000034,Worcestershire,2023,England,West Midlands,,,,,,94.0,20.0,74.0,10705.0,10806.3,615661.0,105387.0,0.2018,14000.0,13000.0,1200.0,0.0826321466807906,10500.0
NORTHANTS_COMBINED,Northamptonshire (combined),2016,England,East Midlands,,,,,,80.0,16.0,64.0,2250.35,2535.58,746666.0,147756.0,0.1105,19500.0,18500.0,1700.0,0.080188679245283,14000.0
NORTHANTS_COMBINED,Northamptonshire (combined),2017,England,East Midlands,,,,,,84.0,18.0,66.0,2498.05,2530.7200000000003,759436.0,150236.0,0.1168,19500.0,18000.0,1400.0,0.0669856459330143,14000.0
NORTHANTS_COMBINED,Northamptonshire (combined),2018,England,East Midlands,,,,,,83.0,19.0,64.0,2663.11,2773.3500000000004,769240.0,151863.0,0.1217,19500.0,18000.0,1600.0,0.0758293838862559,13500.0
NORTHANTS_COMBINED,Northamptonshire (combined),2019,England,East Midlands,,,,,,86.0,21.0,65.0,3850.3900000000003,3567.26,777016.0,152637.0,0.1281,21000.0,18500.0,1900.0,0.0829694323144104,14500.0
NORTHANTS_COMBINED,Northamptonshire (combined),2020,England,East Midlands,,,,,,91.0,21.0,70.0,9132.63,8007.49,778996.0,152311.0,0.1328,22500.0,19500.0,1700.0,0.0702479338842975,15500.0
NORTHANTS_COMBINED,Northamptonshire (combined),2021,England,East Midlands,,,,,,94.0,21.0,73.0,6413.6,8061.52,787125.0,152582.0,0.1408,20600.0,17900.0,2400.0,0.1043478260869565,6600.0
NORTHANTS_COMBINED,Northamptonshire (combined),2022,England,East Midlands,,,,,,97.0,22.0,75.0,5482.9800000000005,5821.25,792856.0,154467.0,0.1609,20200.0,18200.0,2500.0,0.1101321585903083,7000.0
NORTHANTS_COMBINED,Northamptonshire (combined),2023,England,East Midlands,,,,,,109.0,23.0,86.0,5708.36,5778.53,805069.0,156845.0,0.2016,20900.0,18900.0,1650.0,0.073170731707317,16400.0
