la_code,la_name,slope,intercept,r_squared,p_value,std_err,start_value,end_value,total_change,n_years,year_start,year_end,method,trajectory,measure
CUMBRIA_COMBINED,Cumbria (combined),-0.006800699300699334,21.442360139860206,0.0400692495432928,0.5327737071041173,0.01052611039041003,7.68,7.734999999999999,0.054999999999999716,12,2011,2022,OLS (insufficient SEs),Stable,life-satisfaction
DORSET_COMBINED,Dorset (combined),0.0074825174825175035,-7.449329836829878,0.10835178129640753,0.29613047370945905,0.0067877601154487195,7.555,7.59,0.03500000000000014,12,2011,2022,OLS (insufficient SEs),Stable,life-satisfaction
E06000001,Hartlepool,-0.003283144718689346,14.12101350241295,0.008844160872800488,0.7712725714749198,0.010990885449611376,7.48,7.29,-0.1900000000000004,12,2011,2022,WLS,Stable,life-satisfaction
E06000002,Middlesbrough,0.0010401209762933572,5.414663557421363,0.0005971109348286152,0.9399127425665725,0.013456330429703501,7.41,7.35,-0.0600000000000005,12,2011,2022,WLS,Stable,life-satisfaction
E06000003,Redcar and Cleveland,-0.0009729414987694196,9.536659385259327,0.0008163856452962914,0.929761436900228,0.010763702842037877,7.45,7.25,-0.20000000000000018,12,2011,2022,WLS,Stable,life-satisfaction
E06000004,Stockton-on-Tees,-0.0066564138477925305,21.01716551381378,0.029520616883209505,0.5933792737841406,0.012068985290359638,7.54,7.33,-0.20999999999999996,12,2011,2022,WLS,Stable,life-satisfaction
E06000005,Darlington,-0.001730181766524591,11.081511664406094,0.0014776287926392406,0.9055878436023197,0.014222893504707365,7.5,7.32,-0.17999999999999972,12,2011,2022,WLS,Stable,life-satisfaction
E06000006,Halton,0.004926933626171887,-2.4240598319811397,0.020047263518554126,0.6607071461349734,0.01089310593323255,7.43,7.49,0.0600000000000005,12,2011,2022,WLS,Stable,life-satisfaction
E06000007,Warrington,0.006404023096893113,-5.269680313828076,0.01634074744502878,0.6921700936875939,0.015712282226915942,7.52,7.45,-0.0699999999999994,12,2011,2022,WLS,Stable,life-satisfaction
E06000008,Blackburn with Darwen,0.03703722098638848,-67.14079232079797,0.24733990771924275,0.09994624817470532,0.02043105252388984,7.11,7.24,0.1299999999999999,12,2011,2022,WLS,Improving,life-satisfaction
E06000009,Blackpool,0.019378657774479224,-31.67421845499541,0.23925114729386399,0.10656317362195833,0.010927412350842016,7.13,7.49,0.3600000000000003,12,2011,2022,WLS,Stable,life-satisfaction
E06000010,"Kingston upon Hull, City of",0.003832790576642736,-0.2779282313484259,0.009241158743014677,0.7663185490115594,0.012549772500951564,7.42,7.38,-0.040000000000000036,12,2011,2022,WLS,Stable,life-satisfaction
E06000011,East Riding of Yorkshire,0.015802367856660587,-24.09135818142977,0.11426963785639566,0.2825147740230487,0.01391257465916726,7.56,7.4,-0.15999999999999925,12,2011,2022,WLS,Stable,life-satisfaction
E06000012,North East Lincolnshire,0.01669747735918045,-26.096504576674874,0.16164151401479976,0.1951194676922745,0.012025116451686363,7.47,7.71,0.2400000000000002,12,2011,2022,WLS,Stable,life-satisfaction
E06000013,North Lincolnshire,0.018496986159005607,-29.65542430019383,0.2523823965470283,0.0960156563102732,0.010067258052652808,7.47,7.66,0.1900000000000004,12,2011,2022,WLS,Stable,life-satisfaction
E06000014,York,-0.0004702955696587463,8.630990651886918,0.0002572102808444665,0.9605455662124105,0.009271945405377565,7.57,7.57,0.0,12,2011,2022,WLS,Stable,life-satisfaction
E06000015,Derby,0.017506903672928203,-27.821563276184122,0.17546747018836584,0.17530506710274274,0.012000930812658673,7.24,7.36,0.1200000000000001,12,2011,2022,WLS,Stable,life-satisfaction
E06000016,Leicester,0.01712526218475835,-27.02809241965099,0.21683227417996986,0.1271019079615876,0.010292068255834062,7.45,7.36,-0.08999999999999986,12,2011,2022,WLS,Stable,life-satisfaction
E06000017,Rutland,-0.00785408592428899,23.635027728560488,0.07683973116250187,0.3830599777528252,0.00860877351557945,7.82,7.74,-0.08000000000000007,12,2011,2022,WLS,Stable,life-satisfaction
E06000018,Nottingham,-0.013984382559227237,35.56597990254903,0.3041370991721791,0.06306448297261436,0.006689142346842589,7.45,7.24,-0.20999999999999996,12,2011,2022,WLS,Stable,life-satisfaction
E06000019,"Herefordshire, County of",0.018265446770698135,-29.145028919899573,0.22077174983023518,0.12324229008906995,0.010851527968110402,7.55,7.64,0.08999999999999986,12,2011,2022,WLS,Stable,life-satisfaction
E06000020,Telford and Wrekin,0.006739546775624633,-6.025715495182794,0.050940163047883624,0.48060522842204234,0.009199142025935164,7.47,7.49,0.020000000000000462,12,2011,2022,WLS,Stable,life-satisfaction
E06000021,Stoke-on-Trent,0.02812263339907206,-49.213161725136615,0.2743786553726729,0.08047142669072205,0.014462249460511008,7.29,7.16,-0.1299999999999999,12,2011,2022,WLS,Improving,life-satisfaction
E06000022,Bath and North East Somerset,-0.02011990991598603,48.24096784086055,0.22094268036224618,0.12307735890944782,0.01194733190479792,7.71,7.38,-0.33000000000000007,12,2011,2022,WLS,Stable,life-satisfaction
E06000023,"Bristol, City of",0.009428290964158939,-11.587948222731711,0.04003285446022875,0.5329637269235716,0.014600000906486362,7.26,7.31,0.04999999999999982,12,2011,2022,WLS,Stable,life-satisfaction
E06000024,North Somerset,0.014234519438757087,-21.090631213135794,0.09820134325131347,0.32127411558062424,0.01364077004417347,7.53,7.62,0.08999999999999986,12,2011,2022,WLS,Stable,life-satisfaction
E06000025,South Gloucestershire,0.013319280976993308,-19.219598643494578,0.12355703686749386,0.26253500389546036,0.011217830346932687,7.31,7.65,0.34000000000000075,12,2011,2022,WLS,Stable,life-satisfaction
E06000026,Plymouth,0.007569396727702377,-7.643010080220108,0.03732288964359487,0.5474468223622062,0.012156651326800817,7.53,7.45,-0.08000000000000007,12,2011,2022,WLS,Stable,life-satisfaction
E06000027,Torbay,0.016439009897478735,-25.643385377670143,0.10619810489557358,0.3012695259057141,0.015081269787836969,7.23,7.42,0.1899999999999995,12,2011,2022,WLS,Stable,life-satisfaction
E06000030,Swindon,0.007514975245146077,-7.572036055795536,0.032235849294326324,0.5766032384598261,0.013020952695266519,7.49,7.43,-0.0600000000000005,12,2011,2022,WLS,Stable,life-satisfaction
E06000031,Peterborough,0.0069853892007192275,-6.61413532557782,0.021351036890310704,0.6504501242459015,0.014955281536541156,7.28,7.25,-0.03000000000000025,12,2011,2022,WLS,Stable,life-satisfaction
E06000032,Luton,0.035416737993753694,-63.90338932455796,0.2886438353064943,0.07165133410460611,0.017582108878127677,7.12,7.3,0.17999999999999972,12,2011,2022,WLS,Improving,life-satisfaction
E06000033,Southend-on-Sea,0.020559184659966367,-33.92788672153557,0.21305867763137099,0.13090622320376366,0.012494746493627577,7.34,7.36,0.020000000000000462,12,2011,2022,WLS,Stable,life-satisfaction
E06000034,Thurrock,0.030396927201159246,-53.78968482835057,0.5274025576470305,0.007482840612818231,0.009099221792447591,7.18,7.64,0.45999999999999996,12,2011,2022,WLS,Improving,life-satisfaction
E06000035,Medway,0.014537170967171636,-21.840582902131985,0.12247644180775208,0.2647774335458475,0.01230503943644382,7.22,7.29,0.07000000000000028,12,2011,2022,WLS,Stable,life-satisfaction
E06000036,Bracknell Forest,0.011978528776690506,-16.530889013266346,0.060824969680488894,0.4396708065685613,0.014884553066374142,7.46,7.55,0.08999999999999986,12,2011,2022,WLS,Stable,life-satisfaction
E06000037,West Berkshire,0.004325943736907589,-1.0027071586329157,0.006278433292123187,0.8066269297836288,0.017210265980396745,7.49,7.5,0.009999999999999787,12,2011,2022,WLS,Stable,life-satisfaction
E06000038,Reading,0.015007150191230723,-22.70744687390237,0.08963680357322923,0.34446196317549593,0.015123851149134306,7.33,7.43,0.09999999999999964,12,2011,2022,WLS,Stable,life-satisfaction
E06000039,Slough,0.008849915922746726,-10.44849207379093,0.06595243212280755,0.4203808099956503,0.010531936547453914,7.26,7.25,-0.009999999999999787,12,2011,2022,WLS,Stable,life-satisfaction
E06000040,Windsor and Maidenhead,0.0006260838724176654,6.449369803804814,0.0004922413936200298,0.945436195318478,0.008921472391582103,7.64,7.59,-0.04999999999999982,12,2011,2022,WLS,Stable,life-satisfaction
E06000041,Wokingham,0.00516926568084336,-2.6387042662904605,0.006080684366170486,0.8096465481346748,0.0208991291023144,7.54,7.57,0.03000000000000025,12,2011,2022,WLS,Stable,life-satisfaction
E06000042,Milton Keynes,0.014425956450146216,-21.56716011459747,0.19124272146419952,0.15512905645728603,0.00938126189449717,7.38,7.51,0.1299999999999999,12,2011,2022,WLS,Stable,life-satisfaction
E06000043,Brighton and Hove,-0.004496896258931321,16.58656660778604,0.02846725307158804,0.6001463987859168,0.008307470533764174,7.54,7.39,-0.15000000000000036,12,2011,2022,WLS,Stable,life-satisfaction
E06000044,Portsmouth,0.012017002057465226,-16.630280715450567,0.0551862117322196,0.4623637433888401,0.015723671262940685,7.41,7.38,-0.03000000000000025,12,2011,2022,WLS,Stable,life-satisfaction
E06000045,Southampton,0.0025383161216503414,2.4237929288804594,0.0032493060511084026,0.860325931734732,0.014058651709745464,7.4,7.23,-0.16999999999999993,12,2011,2022,WLS,Stable,life-satisfaction
E06000046,Isle of Wight,0.00691679258234093,-6.30623815057578,0.0187057914649692,0.6716743451320011,0.015842230434202954,7.51,7.42,-0.08999999999999986,12,2011,2022,WLS,Stable,life-satisfaction
E06000047,County Durham,0.012601273439675542,-17.801175569371708,0.07183314067663249,0.39965274352606595,0.014324023897806392,7.52,7.56,0.040000000000000036,12,2011,2022,WLS,Stable,life-satisfaction
E06000049,Cheshire East,0.008939812816208148,-10.311280015280715,0.04850381775579182,0.4915695308154968,0.012521143383520053,7.63,7.65,0.020000000000000462,12,2011,2022,WLS,Stable,life-satisfaction
E06000050,Cheshire West and Chester,0.005646634219440255,-3.754656781823485,0.012434221943710133,0.7300826332419406,0.015913414100383657,7.5,7.44,-0.05999999999999961,12,2011,2022,WLS,Stable,life-satisfaction
E06000051,Shropshire,0.008731879564428419,-9.90289027229585,0.07629111068966943,0.3848339706173738,0.0096081180354395,7.62,7.75,0.1299999999999999,12,2011,2022,WLS,Stable,life-satisfaction
E06000052,Cornwall,-0.011046944308053225,29.987826457706092,0.13395468746043415,0.24198220142529414,0.008882465196925291,7.73,7.53,-0.20000000000000018,12,2011,2022,WLS,Stable,life-satisfaction
E06000054,Wiltshire,-0.011696451639989502,31.271807716057594,0.09239225890760738,0.3367891002825947,0.011592722298026275,7.59,7.44,-0.14999999999999947,12,2011,2022,WLS,Stable,life-satisfaction
E06000055,Bedford,0.0331122294798423,-59.13392275214045,0.3074829414678705,0.061335566354885795,0.01571423152550534,7.29,7.46,0.16999999999999993,12,2011,2022,WLS,Improving,life-satisfaction
E06000056,Central Bedfordshire,0.004136532468658,-0.6552777047414224,0.008886195015331722,0.7707424684593753,0.013814662529488587,7.57,7.32,-0.25,12,2011,2022,WLS,Stable,life-satisfaction
E06000057,Northumberland,0.007195751171969883,-6.900935662405459,0.07529002594320255,0.3880984888373993,0.007974623436335733,7.49,7.68,0.1899999999999995,12,2011,2022,WLS,Stable,life-satisfaction
E06000060,Buckinghamshire,0.015087308586631765,-22.69767540007689,0.10792753085364393,0.29713483095307436,0.013716576209157534,7.49,7.63,0.13999999999999968,12,2011,2022,WLS,Stable,life-satisfaction
E06000065,North Yorkshire,-0.006923076923076938,21.690384615384644,0.02463639882762828,0.6261418845809118,0.01377507005924726,7.61,7.55,-0.0600000000000005,12,2011,2022,OLS (insufficient SEs),Stable,life-satisfaction
E06000066,Somerset,0.006048951048951057,-4.506876456876473,0.023432771744023896,0.6348099220675867,0.012348645179482571,7.5,7.51,0.009999999999999787,12,2011,2022,OLS (insufficient SEs),Stable,life-satisfaction
E07000008,Cambridge,0.020975190686815443,-34.75443818162293,0.11558181992649474,0.2795921133895112,0.01834805292231016,7.2,6.46,-0.7400000000000002,12,2011,2022,WLS,Stable,life-satisfaction
E07000009,East Cambridgeshire,0.025667262319644946,-44.02764210785182,0.1897888943360787,0.15688881803328347,0.016770393276206993,7.25,8.04,0.7899999999999991,12,2011,2022,WLS,Stable,life-satisfaction
E07000010,Fenland,0.003838825602373863,-0.16310900623363978,0.0034876604554444635,0.8553395644557278,0.020519776418644962,7.19,7.22,0.02999999999999936,12,2011,2022,WLS,Stable,life-satisfaction
E07000011,Huntingdonshire,0.0022203004774204727,3.1983641332487878,0.0023660259360580582,0.880672367810929,0.014417422217708156,7.62,7.54,-0.08000000000000007,12,2011,2022,WLS,Stable,life-satisfaction
E07000012,South Cambridgeshire,0.0012383055709586366,5.172381605344526,0.0004940387764479359,0.9453367992093529,0.01761327039576845,7.47,7.41,-0.05999999999999961,12,2011,2022,WLS,Stable,life-satisfaction
E07000032,Amber Valley,-0.0027216239754101756,13.258594570352614,0.0027366342365918728,0.87172993862827,0.016429512494109427,7.68,7.52,-0.16000000000000014,12,2011,2022,WLS,Stable,life-satisfaction
E07000033,Bolsover,0.01943967920274589,-31.46520882159217,0.03146691788112854,0.5812609393385852,0.03410509159431985,7.62,7.42,-0.20000000000000018,12,2011,2022,WLS,Stable,life-satisfaction
E07000034,Chesterfield,-0.005417725595061554,18.56476503699716,0.006930486227639032,0.797009460326843,0.0205080787707805,7.55,7.49,-0.05999999999999961,12,2011,2022,WLS,Stable,life-satisfaction
E07000035,Derbyshire Dales,-0.003710227951191969,15.216179242560656,0.002746207523814048,0.8715074155206817,0.022358196301209506,7.51,7.68,0.16999999999999993,12,2011,2022,WLS,Stable,life-satisfaction
E07000036,Erewash,0.014843251409339009,-22.322879951040704,0.0437714792966849,0.5140210956252589,0.02193887116464751,7.26,7.3,0.040000000000000036,12,2011,2022,WLS,Stable,life-satisfaction
E07000037,High Peak,0.05057086381846898,-94.25967838462486,0.45341593209685205,0.016380420467059675,0.017558219266579942,7.43,7.89,0.45999999999999996,12,2011,2022,WLS,Improving,life-satisfaction
E07000038,North East Derbyshire,0.007001460758841699,-6.462826742570883,0.009274696837057173,0.7659053163056808,0.022883129862763266,7.5,7.22,-0.28000000000000025,12,2011,2022,WLS,Stable,life-satisfaction
E07000039,South Derbyshire,0.010512599276750523,-13.414574869192961,0.03440363508682176,0.5638407118904278,0.017611881510491277,7.53,7.9,0.3700000000000001,12,2011,2022,WLS,Stable,life-satisfaction
E07000040,East Devon,-0.0029690967836113746,13.800464339165103,0.0026251024094638975,0.8743522973185889,0.01830123703329394,7.52,7.79,0.27000000000000046,12,2011,2022,WLS,Stable,life-satisfaction
E07000041,Exeter,-0.03728270809403392,82.85747489250537,0.25447393826925657,0.09442747391505346,0.02017981637128653,7.64,7.36,-0.27999999999999936,12,2011,2022,WLS,Deteriorating,life-satisfaction
E07000042,Mid Devon,0.0029334671270235535,1.8021026520791565,0.001944739398358819,0.8917555388654097,0.021014923506691038,7.33,7.54,0.20999999999999996,12,2011,2022,WLS,Stable,life-satisfaction
E07000043,North Devon,0.00265850169363796,2.557644324996147,0.0014735954849826038,0.9057162777625616,0.021884043887713804,7.66,7.44,-0.21999999999999975,12,2011,2022,WLS,Stable,life-satisfaction
E07000044,South Hams,-0.020104352825640298,48.390528194361764,0.05598270987110854,0.45905673754242904,0.026106768212894718,7.9,7.11,-0.79,12,2011,2022,WLS,Stable,life-satisfaction
E07000045,Teignbridge,0.012071617892794761,-16.63591002620285,0.04314813603438916,0.5171012352863662,0.01797656933140459,7.22,7.46,0.2400000000000002,12,2011,2022,WLS,Stable,life-satisfaction
E07000046,Torridge,0.06170827442357629,-116.6699352592886,0.3841920082599257,0.031567510989729985,0.024705400535095474,7.67,7.71,0.040000000000000036,12,2011,2022,WLS,Improving,life-satisfaction
E07000047,West Devon,0.05125672817083471,-95.46236499058455,0.40781557900560605,0.0344461953753441,0.020588571209655498,7.66,7.87,0.20999999999999996,11,2011,2021,WLS,Improving,life-satisfaction
E07000061,Eastbourne,-0.014820795777253162,37.38441617949178,0.05032257680052776,0.4833487005770456,0.020360017364734122,7.18,6.68,-0.5,12,2011,2022,WLS,Stable,life-satisfaction
E07000062,Hastings,0.0070542634729234555,-6.798301660836387,0.017003927150554765,0.6862610103310163,0.016961058414173398,7.32,6.93,-0.39000000000000057,12,2011,2022,WLS,Stable,life-satisfaction
E07000063,Lewes,-0.012760329663775771,33.42002950648828,0.2227169081466296,0.12137766104519288,0.00753832592267041,7.71,7.35,-0.3600000000000003,12,2011,2022,WLS,Stable,life-satisfaction
E07000064,Rother,-0.008800075135006552,25.534760093581383,0.02804504230088012,0.6029022397854922,0.016382546151716044,7.64,7.53,-0.10999999999999943,12,2011,2022,WLS,Stable,life-satisfaction
E07000065,Wealden,0.009387809224360305,-11.227743536661592,0.040619744176915606,0.5299135089305187,0.014427498960089474,7.47,7.64,0.16999999999999993,12,2011,2022,WLS,Stable,life-satisfaction
E07000066,Basildon,0.013636966419248636,-19.953970383170827,0.07837141485697308,0.3781625485683322,0.014788253804732842,7.2,7.42,0.21999999999999975,12,2011,2022,WLS,Stable,life-satisfaction
E07000067,Braintree,0.012795616535365761,-18.185016256711037,0.05487599966954959,0.4636612087843439,0.016792462607197106,7.39,7.33,-0.05999999999999961,12,2011,2022,WLS,Stable,life-satisfaction
E07000068,Brentwood,0.03263892606115837,-58.19008343544215,0.21852660410744773,0.1254281143834548,0.019518246606201266,7.26,7.89,0.6299999999999999,12,2011,2022,WLS,Stable,life-satisfaction
E07000069,Castle Point,0.05589770568452651,-105.0807785923268,0.6187110098883398,0.0024062641867361734,0.013876412229395096,7.4,7.85,0.4499999999999993,12,2011,2022,WLS,Improving,life-satisfaction
E07000070,Chelmsford,0.008760767466129193,-9.962128219502006,0.019048555980037074,0.6688299073724657,0.019880846828203496,7.29,7.55,0.2599999999999998,12,2011,2022,WLS,Stable,life-satisfaction
E07000071,Colchester,0.02643952562425822,-45.740030174880076,0.21356993116725487,0.1303845455399828,0.01604403719228989,7.32,7.78,0.45999999999999996,12,2011,2022,WLS,Stable,life-satisfaction
E07000072,Epping Forest,0.0017839059789751532,4.136998036576529,0.0010566178839346296,0.9201181950686903,0.017345364059203096,7.68,7.6,-0.08000000000000007,12,2011,2022,WLS,Stable,life-satisfaction
E07000073,Harlow,0.03252672691399239,-58.09899214440907,0.08448397183968837,0.38588049303033856,0.035691510095964475,7.77,7.48,-0.28999999999999915,11,2011,2021,WLS,Stable,life-satisfaction
E07000074,Maldon,-0.0034772258521255095,14.612617574408205,0.0027162264331836994,0.8790434449397595,0.022209461875257967,7.63,7.43,-0.20000000000000018,11,2011,2021,WLS,Stable,life-satisfaction
E07000075,Rochford,0.008244699305786779,-8.771110298702467,0.026395662791491303,0.6139191579630365,0.015834333407731837,7.84,7.42,-0.41999999999999993,12,2011,2022,WLS,Stable,life-satisfaction
E07000076,Tendring,0.0036719852770155104,0.13385768735992087,0.0052012760454220874,0.8237426004444659,0.016058818484944573,7.62,7.34,-0.28000000000000025,12,2011,2022,WLS,Stable,life-satisfaction
E07000077,Uttlesford,0.0023604931131425144,3.1239557568666214,0.001662302346416289,0.8998863269856565,0.018293064431524182,7.54,7.14,-0.40000000000000036,12,2011,2022,WLS,Stable,life-satisfaction
E07000078,Cheltenham,0.0013154764892261694,4.947523927794691,0.00074725232065187,0.9327949989163351,0.01521202848391048,7.74,7.41,-0.33000000000000007,12,2011,2022,WLS,Stable,life-satisfaction
E07000079,Cotswold,-0.0034347378816330376,14.753729066871017,0.004895797237955746,0.8289273474421619,0.015485176815105346,7.49,7.53,0.040000000000000036,12,2011,2022,WLS,Stable,life-satisfaction
E07000080,Forest of Dean,0.003842007889702792,-0.14047981130437392,0.0021395863977461405,0.8864918173498322,0.026237849416727053,7.5,7.16,-0.33999999999999986,12,2011,2022,WLS,Stable,life-satisfaction
E07000081,Gloucester,0.0011245822702057318,5.332983688647232,0.0002906113530074528,0.9580638456105459,0.0208579599647787,7.28,7.44,0.16000000000000014,12,2011,2022,WLS,Stable,life-satisfaction
E07000082,Stroud,0.005245871991341938,-2.8352257811689583,0.010342873219870596,0.7531423354350353,0.016227045968899033,7.59,7.46,-0.1299999999999999,12,2011,2022,WLS,Stable,life-satisfaction
E07000083,Tewkesbury,0.0021523702460889416,3.4138481163374763,0.0013760358059417,0.9088789110262523,0.018335936838730853,7.7,7.62,-0.08000000000000007,12,2011,2022,WLS,Stable,life-satisfaction
E07000084,Basingstoke and Deane,0.005663791532875245,-3.67343641021435,0.0072146968755163465,0.792967291865291,0.021009991905465413,7.53,7.26,-0.27000000000000046,12,2011,2022,WLS,Stable,life-satisfaction
E07000085,East Hampshire,0.007599164329111174,-7.643527772801804,0.01703944626369347,0.6859482531940027,0.018251818541693752,7.32,7.58,0.2599999999999998,12,2011,2022,WLS,Stable,life-satisfaction
E07000086,Eastleigh,0.014669247022173981,-21.84189277199141,0.14782139001086736,0.21720176247484635,0.011137930293788453,7.52,7.82,0.3000000000000007,12,2011,2022,WLS,Stable,life-satisfaction
E07000087,Fareham,0.027873808212607987,-48.35948750060561,0.10287376748765054,0.30940458650366587,0.026029795909569407,7.44,7.73,0.29000000000000004,12,2011,2022,WLS,Stable,life-satisfaction
E07000088,Gosport,-0.013110235958980504,34.15237410027652,0.08522134846054141,0.3572070273691046,0.013582956748372467,7.41,7.68,0.2699999999999996,12,2011,2022,WLS,Stable,life-satisfaction
E07000089,Hart,-0.032941003242986294,74.26407169725991,0.1852757542833341,0.16247686352902635,0.021844034170597125,7.35,7.45,0.10000000000000053,12,2011,2022,WLS,Stable,life-satisfaction
E07000090,Havant,0.003796422613361633,0.09143828788234032,0.0025411440697000742,0.8763640901473573,0.02378523260270371,7.6,7.61,0.010000000000000675,12,2011,2022,WLS,Stable,life-satisfaction
E07000091,New Forest,-0.011788349808794285,31.60146722098267,0.09326025219251022,0.3344149103599696,0.011623744328940323,7.83,7.81,-0.020000000000000462,12,2011,2022,WLS,Stable,life-satisfaction
E07000092,Rushmoor,0.026000712895023037,-44.70619487881976,0.05800771741272015,0.4508028739193479,0.033133402778109756,7.42,6.71,-0.71,12,2011,2022,WLS,Stable,life-satisfaction
E07000093,Test Valley,0.0024473383961393508,2.809438632497688,0.0027455725356457794,0.8715221629977536,0.01474961041985162,7.81,7.9,0.09000000000000075,12,2011,2022,WLS,Stable,life-satisfaction
E07000094,Winchester,0.003079928817607158,1.685210625006448,0.0030693319137854447,0.8642166678049787,0.017552995033086258,7.64,7.72,0.08000000000000007,12,2011,2022,WLS,Stable,life-satisfaction
E07000095,Broxbourne,0.013343609957607916,-19.277620026942998,0.06831858970424187,0.4118706627226154,0.01558251693436896,7.35,7.56,0.20999999999999996,12,2011,2022,WLS,Stable,life-satisfaction
E07000096,Dacorum,0.006168689375750741,-4.8423797269502415,0.015262387816535217,0.70207576028284,0.015669023165215176,7.26,7.6,0.33999999999999986,12,2011,2022,WLS,Stable,life-satisfaction
E07000098,Hertsmere,-0.0418203714769296,91.79582757501595,0.3061995575653107,0.06199368271992456,0.019906865995353372,7.73,7.46,-0.27000000000000046,12,2011,2022,WLS,Deteriorating,life-satisfaction
E07000099,North Hertfordshire,0.010670769072931574,-13.840136526114804,0.05569641270047976,0.46024141551971076,0.013894340228145336,7.68,7.61,-0.0699999999999994,12,2011,2022,WLS,Stable,life-satisfaction
E07000102,Three Rivers,0.03504152065844904,-62.92306560516738,0.255421428245738,0.09371598581299168,0.01891949529324494,7.25,6.84,-0.41000000000000014,12,2011,2022,WLS,Improving,life-satisfaction
E07000103,Watford,-0.010030712348029713,27.744050470672164,0.03623507771817225,0.5534550020243938,0.016358848688627557,7.54,7.11,-0.4299999999999997,12,2011,2022,WLS,Stable,life-satisfaction
E07000105,Ashford,-0.007915038126191348,23.63745619868382,0.02499498251888932,0.623608809812469,0.015632556888084567,7.62,7.31,-0.3100000000000005,12,2011,2022,WLS,Stable,life-satisfaction
E07000106,Canterbury,0.010272709958302928,-13.078527400449047,0.04225433831953007,0.5215710255184893,0.015465874097416376,7.51,7.46,-0.04999999999999982,12,2011,2022,WLS,Stable,life-satisfaction
E07000107,Dartford,0.0488448331031751,-90.83805632408186,0.3257041207940329,0.052637498947143424,0.022224513153479727,7.46,7.53,0.07000000000000028,12,2011,2022,WLS,Improving,life-satisfaction
E07000108,Dover,-0.021515427299994783,50.91598869147259,0.11701357214750019,0.27644160307483245,0.01868998148140873,7.47,7.18,-0.29000000000000004,12,2011,2022,WLS,Stable,life-satisfaction
E07000109,Gravesham,0.007659736526880567,-7.921779759382616,0.007222103028178273,0.8037999791175197,0.029935518626870997,7.1,7.48,0.3800000000000008,11,2011,2022,WLS,Stable,life-satisfaction
E07000110,Maidstone,0.011831534456568454,-16.207285000370973,0.037432249029436204,0.5468491747958899,0.018972902101279984,7.39,7.92,0.5300000000000002,12,2011,2022,WLS,Stable,life-satisfaction
E07000111,Sevenoaks,-0.0038463639874104782,15.546908474813335,0.008850204379396542,0.7711962723799648,0.012871921354819064,7.79,7.73,-0.05999999999999961,12,2011,2022,WLS,Stable,life-satisfaction
E07000112,Folkestone and Hythe,0.023058319175612296,-38.767354623470965,0.12878998169011313,0.2519648187143897,0.0189647899154921,7.84,8.08,0.2400000000000002,12,2011,2022,WLS,Stable,life-satisfaction
E07000113,Swale,-0.02116800387834611,50.32037225463546,0.2533284364997349,0.09529427742401375,0.01149218850181905,7.66,7.42,-0.2400000000000002,12,2011,2022,WLS,Deteriorating,life-satisfaction
E07000114,Thanet,-0.006999014334944209,21.56688283892055,0.010298802717841449,0.7536544168984045,0.021696793787345233,7.41,7.61,0.20000000000000018,12,2011,2022,WLS,Stable,life-satisfaction
E07000115,Tonbridge and Malling,0.012676412921716146,-17.920624096805625,0.02245006133466687,0.6420859891113064,0.026451913139166304,7.13,7.5,0.3700000000000001,12,2011,2022,WLS,Stable,life-satisfaction
E07000116,Tunbridge Wells,-0.0059230821122500665,19.657936211413897,0.012619780518419055,0.7281429439823912,0.016567770261527927,7.8,7.74,-0.05999999999999961,12,2011,2022,WLS,Stable,life-satisfaction
E07000117,Burnley,-0.00213836798090572,11.790038653892225,0.0007285226271818157,0.9372123122043168,0.0263986313470172,7.14,7.17,0.03000000000000025,11,2011,2021,WLS,Stable,life-satisfaction
E07000118,Chorley,0.045048813047474726,-83.12046545023276,0.406878935982361,0.02563493830854413,0.017199761425169113,7.3,7.37,0.07000000000000028,12,2011,2022,WLS,Improving,life-satisfaction
E07000119,Fylde,0.023524733600896797,-39.53633234545305,0.08684471198329025,0.35245494771606634,0.024122668224430845,7.65,7.83,0.17999999999999972,12,2011,2022,WLS,Stable,life-satisfaction
E07000120,Hyndburn,0.02406411746330106,-41.0813226549447,0.09023730253593831,0.3427719103951594,0.024162448949158727,7.2,6.89,-0.3100000000000005,12,2011,2022,WLS,Stable,life-satisfaction
E07000121,Lancaster,0.004822818159786885,-2.0828598701997976,0.016764847984783282,0.6883759160942025,0.01167964858573205,7.61,7.63,0.019999999999999574,12,2011,2022,WLS,Stable,life-satisfaction
E07000122,Pendle,0.05646334183720775,-106.31971660204948,0.33116277897623214,0.05025344050712022,0.025374999150771932,7.5,7.95,0.4500000000000002,12,2011,2022,WLS,Improving,life-satisfaction
E07000123,Preston,0.013576246323648483,-19.765119555309468,0.034879662700620484,0.5611075786983875,0.02258313883714797,7.66,7.38,-0.28000000000000025,12,2011,2022,WLS,Stable,life-satisfaction
E07000124,Ribble Valley,0.007929023219636122,-8.079759785990063,0.02018299170618043,0.6596215203616744,0.017470261503046768,7.93,7.93,0.0,12,2011,2022,WLS,Stable,life-satisfaction
E07000125,Rossendale,-0.012902654699956578,33.611234639951476,0.04305277312586375,0.517575122117919,0.019236342618602038,7.59,7.45,-0.13999999999999968,12,2011,2022,WLS,Stable,life-satisfaction
E07000126,South Ribble,0.005265120850489885,-2.990494711122551,0.008138398985024886,0.7803827435013182,0.018380799341030457,7.49,7.58,0.08999999999999986,12,2011,2022,WLS,Stable,life-satisfaction
E07000127,West Lancashire,0.021550754953655465,-35.94932434766383,0.09585515818283319,0.32743572777933405,0.02093021787218631,7.09,7.46,0.3700000000000001,12,2011,2022,WLS,Stable,life-satisfaction
E07000128,Wyre,0.026613608623611146,-45.95965010384424,0.381524694695485,0.032336945940880435,0.010715282391514777,7.56,7.78,0.22000000000000064,12,2011,2022,WLS,Improving,life-satisfaction
E07000129,Blaby,-0.0003081224470801447,8.344649971621038,1.639290039257002e-05,0.9900363378546482,0.024065333113662015,7.35,7.25,-0.09999999999999964,12,2011,2022,WLS,Stable,life-satisfaction
E07000130,Charnwood,0.025631888442812195,-43.964484786395985,0.1284461409800819,0.2526449790939045,0.02111383818628038,7.67,7.2,-0.46999999999999975,12,2011,2022,WLS,Stable,life-satisfaction
E07000131,Harborough,-0.024867111780114803,57.90454338973859,0.13947246119513546,0.23178225335857228,0.01953275491306144,7.63,7.6,-0.03000000000000025,12,2011,2022,WLS,Stable,life-satisfaction
E07000132,Hinckley and Bosworth,0.012559235335757674,-17.568300024662165,0.07825970122534487,0.378517020480555,0.013630079636111033,7.53,7.82,0.29000000000000004,12,2011,2022,WLS,Stable,life-satisfaction
E07000133,Melton,0.018058146152404614,-28.648523282558415,0.04689266100799716,0.49903532143081986,0.025744925022414922,7.42,7.62,0.20000000000000018,12,2011,2022,WLS,Stable,life-satisfaction
E07000134,North West Leicestershire,0.007112402220010833,-6.647577619289109,0.011119104527018031,0.744310015687109,0.021210621578372515,7.5,7.1,-0.40000000000000036,12,2011,2022,WLS,Stable,life-satisfaction
E07000135,Oadby and Wigston,0.01122027875844333,-14.905908634012981,0.008465996708768686,0.8138744101777431,0.045895423878600336,7.11,7.3,0.1899999999999995,9,2011,2022,WLS,Stable,life-satisfaction
E07000136,Boston,0.06136265507223981,-116.11247357216735,0.4334797073114125,0.03846230100426906,0.024801759898607372,7.36,7.7,0.33999999999999986,10,2011,2021,WLS,Improving,life-satisfaction
E07000137,East Lindsey,0.009205622519157852,-10.91986163350407,0.040794603217435665,0.5290104246241025,0.014115868781367225,7.71,7.53,-0.17999999999999972,12,2011,2022,WLS,Stable,life-satisfaction
E07000138,Lincoln,0.027748616320206865,-48.48162058608574,0.06520891225325054,0.42310442064539644,0.0332234811402276,6.89,6.7,-0.1899999999999995,12,2011,2022,WLS,Stable,life-satisfaction
E07000139,North Kesteven,-0.006705863664047823,21.351697968950077,0.010535156183558492,0.750921804763349,0.020551068859951376,7.73,7.79,0.05999999999999961,12,2011,2022,WLS,Stable,life-satisfaction
E07000140,South Holland,0.021422646807683632,-35.603060497361525,0.15669910483642713,0.20273927891060461,0.015715606664520966,7.57,7.74,0.16999999999999993,12,2011,2022,WLS,Stable,life-satisfaction
E07000141,South Kesteven,0.001624485807834919,4.469812231176547,0.001083341782391778,0.919117201274926,0.01559903751856498,7.32,7.58,0.2599999999999998,12,2011,2022,WLS,Stable,life-satisfaction
E07000142,West Lindsey,0.022426881502292773,-37.40444344673398,0.15747339981602915,0.20152577458463394,0.01640427711128836,7.74,7.81,0.0699999999999994,12,2011,2022,WLS,Stable,life-satisfaction
E07000143,Breckland,0.007522158347391172,-7.4617366940642,0.030988902891275205,0.5841927160523075,0.013301595786477582,7.4,7.75,0.34999999999999964,12,2011,2022,WLS,Stable,life-satisfaction
E07000144,Broadland,-0.0024966410546856943,12.839639214244812,0.002174118326978447,0.8855847618456125,0.016913827674915928,7.56,7.85,0.29000000000000004,12,2011,2022,WLS,Stable,life-satisfaction
E07000145,Great Yarmouth,0.052289668347500706,-97.7561889513056,0.27575492055396544,0.07957966783041126,0.02679766962124239,6.95,7.54,0.5899999999999999,12,2011,2022,WLS,Improving,life-satisfaction
E07000146,King's Lynn and West Norfolk,0.007801325720173863,-7.993064133770815,0.017987256857881828,0.6777360840519915,0.018228230194993478,7.46,7.56,0.09999999999999964,12,2011,2022,WLS,Stable,life-satisfaction
E07000147,North Norfolk,0.010680094454616373,-13.792413523458038,0.03996593060962694,0.5333134392270251,0.016552875604745856,7.77,7.67,-0.09999999999999964,12,2011,2022,WLS,Stable,life-satisfaction
E07000148,Norwich,-0.009899577266301751,27.47100807475306,0.04079974874067083,0.5289838890789289,0.015178978550049377,7.46,7.3,-0.16000000000000014,12,2011,2022,WLS,Stable,life-satisfaction
E07000149,South Norfolk,-0.03511184198926989,78.55857172621779,0.2809961986508358,0.07626482196261608,0.017761064207950837,7.84,7.52,-0.3200000000000003,12,2011,2022,WLS,Deteriorating,life-satisfaction
E07000170,Ashfield,0.0020364141932451563,3.440285129606167,0.0005571137380706581,0.9419569857023693,0.027275528342617678,7.21,7.0,-0.20999999999999996,12,2011,2022,WLS,Stable,life-satisfaction
E07000171,Bassetlaw,-0.01283920851621706,33.55636230158217,0.03404788825803884,0.5658991570604637,0.0216257391275186,7.44,7.38,-0.0600000000000005,12,2011,2022,WLS,Stable,life-satisfaction
E07000172,Broxtowe,-0.01411244012626725,36.210091065564825,0.03925351981313252,0.5370605510056361,0.022078380342594718,7.58,7.25,-0.33000000000000007,12,2011,2022,WLS,Stable,life-satisfaction
E07000173,Gedling,0.001439964204758365,4.743160093512188,0.0006344166410288121,0.9380672225617042,0.01807284848524155,7.46,7.33,-0.1299999999999999,12,2011,2022,WLS,Stable,life-satisfaction
E07000174,Mansfield,0.02151268567140882,-35.836491295664075,0.0603434413717171,0.4415455651059623,0.026845047034503133,7.01,7.18,0.16999999999999993,12,2011,2022,WLS,Stable,life-satisfaction
E07000175,Newark and Sherwood,0.0011312620390799,5.466241999873205,0.00018934159106154258,0.9661456905119359,0.025995554405982745,7.47,7.62,0.15000000000000036,12,2011,2022,WLS,Stable,life-satisfaction
E07000176,Rushcliffe,-0.025360279350712195,58.86686242101524,0.18114800678549026,0.16775846001589456,0.017050611476821742,7.58,7.67,0.08999999999999986,12,2011,2022,WLS,Stable,life-satisfaction
E07000177,Cherwell,0.013623388307124035,-19.77868883562246,0.07597878466971009,0.38584863226347377,0.015023804913859903,7.61,7.57,-0.040000000000000036,12,2011,2022,WLS,Stable,life-satisfaction
E07000178,Oxford,0.01924254327628508,-31.184621515788933,0.3334697939853517,0.049274777205171816,0.008602885430638172,7.38,7.8,0.41999999999999993,12,2011,2022,WLS,Stable,life-satisfaction
E07000179,South Oxfordshire,0.008878597631618718,-10.063380768274953,0.025802129141829333,0.6179861413846783,0.017252029433654965,7.52,7.81,0.29000000000000004,12,2011,2022,WLS,Stable,life-satisfaction
E07000180,Vale of White Horse,0.017334687382654146,-27.284799278070352,0.14940508732091495,0.21454577932319174,0.013079607496512297,7.57,7.73,0.16000000000000014,12,2011,2022,WLS,Stable,life-satisfaction
E07000181,West Oxfordshire,0.010636923494494854,-13.681441802900679,0.02730376857443495,0.6078030542750392,0.020076747413097132,7.38,7.94,0.5600000000000005,12,2011,2022,WLS,Stable,life-satisfaction
E07000192,Cannock Chase,0.016965256781674015,-26.512571990750416,0.05492970603689484,0.4634361973117245,0.022253014769260573,7.45,7.95,0.5,12,2011,2022,WLS,Stable,life-satisfaction
E07000193,East Staffordshire,0.021457788170570313,-35.64627785661156,0.08971143736028786,0.344251362363553,0.021614768535206556,7.16,7.62,0.45999999999999996,12,2011,2022,WLS,Stable,life-satisfaction
E07000194,Lichfield,0.028367431356740108,-49.3506273351436,0.15327427931765703,0.20819726856771759,0.021084181564955153,7.46,7.49,0.03000000000000025,12,2011,2022,WLS,Stable,life-satisfaction
E07000195,Newcastle-under-Lyme,0.03885911459278013,-70.70070353384648,0.3399531233632541,0.04661350615902338,0.01712264186936452,7.36,7.55,0.1899999999999995,12,2011,2022,WLS,Improving,life-satisfaction
E07000196,South Staffordshire,0.02240297677268749,-37.36041373464178,0.2071158487165642,0.1371180448134448,0.013861298966320644,7.65,8.11,0.4599999999999991,12,2011,2022,WLS,Stable,life-satisfaction
E07000197,Stafford,-0.008489702891811446,24.80925667807486,0.01743547400687484,0.6824859762308899,0.020153763259143788,7.53,7.2,-0.33000000000000007,12,2011,2022,WLS,Stable,life-satisfaction
E07000198,Staffordshire Moorlands,0.01662164470015437,-25.6978704964165,0.1291680131811015,0.2512193081100067,0.013647832740364792,7.66,7.45,-0.20999999999999996,12,2011,2022,WLS,Stable,life-satisfaction
E07000199,Tamworth,-0.0047013135749114365,17.12187643087816,0.006333919102603391,0.8057886656033162,0.018621008396873515,7.57,7.61,0.040000000000000036,12,2011,2022,WLS,Stable,life-satisfaction
E07000200,Babergh,0.014166239774300926,-20.734214986389077,0.05740095380317323,0.45325327257854275,0.018153423183582085,7.91,7.68,-0.23000000000000043,12,2011,2022,WLS,Stable,life-satisfaction
E07000202,Ipswich,0.016899129685780945,-26.54068594076773,0.08163768713538166,0.36798263252750574,0.017923632026308138,7.39,7.62,0.23000000000000043,12,2011,2022,WLS,Stable,life-satisfaction
E07000203,Mid Suffolk,0.01218553648396331,-16.742905896132413,0.08620696213964207,0.3543124712465011,0.012545772447742617,7.73,7.95,0.21999999999999975,12,2011,2022,WLS,Stable,life-satisfaction
E07000207,Elmbridge,0.004828215155253862,-2.0544492658469835,0.010189010357401274,0.7549353436377555,0.015048622528887973,7.68,7.59,-0.08999999999999986,12,2011,2022,WLS,Stable,life-satisfaction
E07000208,Epsom and Ewell,-0.027291484742609673,62.76910004679621,0.08121698108136244,0.39564308126461545,0.030597713047497335,7.11,7.14,0.02999999999999936,11,2011,2021,WLS,Stable,life-satisfaction
E07000209,Guildford,-0.002869203910644047,13.328106117570087,0.0036902106237995946,0.851238292055112,0.014908468617089702,7.48,7.57,0.08999999999999986,12,2011,2022,WLS,Stable,life-satisfaction
E07000210,Mole Valley,-0.004399027610178741,16.689079262314408,0.004697102230956207,0.83239048038056,0.020249733676450717,7.87,8.05,0.1800000000000006,12,2011,2022,WLS,Stable,life-satisfaction
E07000211,Reigate and Banstead,-0.02339870080239778,54.85568153107789,0.1506381335067163,0.21250118672460427,0.017569955462971222,7.53,7.41,-0.1200000000000001,12,2011,2022,WLS,Stable,life-satisfaction
E07000212,Runnymede,0.05053768463900943,-94.26497783821037,0.3911269101515369,0.039607491696922015,0.021018350393418688,7.45,7.37,-0.08000000000000007,11,2011,2021,WLS,Improving,life-satisfaction
E07000213,Spelthorne,-0.01476344280569572,37.32827739546576,0.055866102377186144,0.4595387113866414,0.019192442790712545,7.41,7.2,-0.20999999999999996,12,2011,2022,WLS,Stable,life-satisfaction
E07000214,Surrey Heath,0.03216391086079112,-57.07022868764528,0.1609764116166904,0.19612764861147203,0.0232206736162758,7.26,8.03,0.7699999999999996,12,2011,2022,WLS,Stable,life-satisfaction
E07000215,Tandridge,0.006395706894305492,-5.205636330579637,0.028497453375694093,0.5999502449245344,0.011808847067764215,7.65,7.4,-0.25,12,2011,2022,WLS,Stable,life-satisfaction
E07000216,Waverley,-0.009324325165328218,26.615532385613676,0.025424416592727872,0.6206038921655068,0.018255749817215224,7.93,7.88,-0.04999999999999982,12,2011,2022,WLS,Stable,life-satisfaction
E07000217,Woking,0.04187863375321238,-76.662495119109,0.31155894372545934,0.05928639832466698,0.01968592266013701,7.47,8.21,0.7400000000000011,12,2011,2022,WLS,Improving,life-satisfaction
E07000218,North Warwickshire,0.01696626438763671,-26.4538630886168,0.017725858008434514,0.6799757244005451,0.03993916244252952,7.06,7.64,0.5800000000000001,12,2011,2022,WLS,Stable,life-satisfaction
E07000219,Nuneaton and Bedworth,0.01591803287382544,-24.497017722387255,0.053351076596143465,0.47011828971428216,0.02120373051872013,7.2,6.75,-0.4500000000000002,12,2011,2022,WLS,Stable,life-satisfaction
E07000220,Rugby,0.00694507045925416,-6.311652599746026,0.023176613348330766,0.6366887878744418,0.014258035532984298,7.37,7.48,0.11000000000000032,12,2011,2022,WLS,Stable,life-satisfaction
E07000221,Stratford-on-Avon,0.015317436668953882,-23.120926128801045,0.05806059472822811,0.4505902369507184,0.019509980537909026,7.12,7.68,0.5599999999999996,12,2011,2022,WLS,Stable,life-satisfaction
E07000222,Warwick,0.00658234221557491,-5.595962367954712,0.010903618010278504,0.7467273733549629,0.01982505724269542,7.25,7.53,0.28000000000000025,12,2011,2022,WLS,Stable,life-satisfaction
E07000223,Adur,-0.0004976265552172343,8.546621313592595,0.00010179631763573838,0.9765125155682939,0.01643971004088313,7.36,7.57,0.20999999999999996,11,2011,2022,WLS,Stable,life-satisfaction
E07000224,Arun,0.006765198257567828,-5.855737575677779,0.03162710335497154,0.5802847608814252,0.011837830909566286,7.79,7.57,-0.21999999999999975,12,2011,2022,WLS,Stable,life-satisfaction
E07000225,Chichester,-0.04681546758380735,102.14304467263293,0.1789616551288853,0.17062417733670587,0.03170962395337177,8.16,7.18,-0.9800000000000004,12,2011,2022,WLS,Stable,life-satisfaction
E07000226,Crawley,0.010692569408896804,-13.91670463931311,0.0250592990907601,0.6231567894057646,0.021090492380457695,7.29,7.59,0.2999999999999998,12,2011,2022,WLS,Stable,life-satisfaction
E07000227,Horsham,0.008018246290201203,-8.337172937745322,0.012047295366237942,0.7341791419200046,0.022961628711284682,7.7,7.59,-0.11000000000000032,12,2011,2022,WLS,Stable,life-satisfaction
E07000228,Mid Sussex,-0.004329254075677413,16.57201323563362,0.0076534610903163935,0.7868890935382129,0.015588912334775709,7.78,8.14,0.3600000000000003,12,2011,2022,WLS,Stable,life-satisfaction
E07000229,Worthing,0.042606389939018205,-78.30573039112468,0.2540706009719622,0.09473185020107655,0.02308587779816843,7.33,6.97,-0.3600000000000003,12,2011,2022,WLS,Improving,life-satisfaction
E07000234,Bromsgrove,-0.00844384989777483,24.7397166929926,0.015016629400016024,0.7043879626653555,0.021625627711155858,7.22,7.38,0.16000000000000014,12,2011,2022,WLS,Stable,life-satisfaction
E07000235,Malvern Hills,-0.0022720955559411005,12.33229694457441,0.0010656528843709934,0.9197783585742776,0.021998201857852843,7.53,7.9,0.3700000000000001,12,2011,2022,WLS,Stable,life-satisfaction
E07000236,Redditch,0.006673150718871951,-5.899983806387013,0.007214788153964813,0.7929660073221076,0.02475408009531037,7.36,7.46,0.09999999999999964,12,2011,2022,WLS,Stable,life-satisfaction
E07000237,Worcester,0.018211827081110826,-29.176006942065953,0.08263293242528225,0.36494976373734755,0.019188830573558784,7.51,7.5,-0.009999999999999787,12,2011,2022,WLS,Stable,life-satisfaction
E07000238,Wychavon,-0.004343477989230099,16.54488346255897,0.004421844510675732,0.8373161437923158,0.020609790206988898,7.59,7.24,-0.34999999999999964,12,2011,2022,WLS,Stable,life-satisfaction
E07000239,Wyre Forest,0.006761310244163432,-5.9544893546949424,0.03736051336961799,0.5472410798928506,0.010853161923794876,7.67,7.6,-0.07000000000000028,12,2011,2022,WLS,Stable,life-satisfaction
E07000240,St Albans,0.029028896252874803,-50.85451408629808,0.28216663409743004,0.07554183978275875,0.014641632937542568,7.54,7.97,0.4299999999999997,12,2011,2022,WLS,Improving,life-satisfaction
E07000241,Welwyn Hatfield,0.0035810091901576635,0.404839035406269,0.004047890120737363,0.844269673536842,0.017762754194982806,7.6,7.95,0.35000000000000053,12,2011,2022,WLS,Stable,life-satisfaction
E07000242,East Hertfordshire,-0.0181667962391093,44.32595852269094,0.09800565183106735,0.32178277496725793,0.017428286576777755,7.82,7.45,-0.3700000000000001,12,2011,2022,WLS,Stable,life-satisfaction
E07000243,Stevenage,0.00684947016702292,-6.273899157147241,0.02263091612773327,0.6407329353771232,0.014234270332134721,7.53,7.42,-0.11000000000000032,12,2011,2022,WLS,Stable,life-satisfaction
E07000244,East Suffolk,0.015624203368279882,-23.756922801652706,0.11738465785892482,0.27563151171540845,0.013548086167217538,7.58,7.78,0.20000000000000018,12,2011,2022,WLS,Stable,life-satisfaction
E07000245,West Suffolk,0.024227775306716937,-41.117585817860686,0.20800380907189764,0.13617233192121003,0.014949939656501017,7.43,7.54,0.11000000000000032,12,2011,2022,WLS,Stable,life-satisfaction
E08000001,Bolton,0.01755275824868907,-27.873789956869587,0.15286718238230035,0.20885600414596794,0.013066642052747173,7.25,7.46,0.20999999999999996,12,2011,2022,WLS,Stable,life-satisfaction
E08000002,Bury,0.009973809572600967,-12.58092438055769,0.061213178446373306,0.43816755736665347,0.01235156815338597,7.2,7.49,0.29000000000000004,12,2011,2022,WLS,Stable,life-satisfaction
E08000003,Manchester,0.018152371815345042,-29.248690390055344,0.1650030032956774,0.19010381184365688,0.01291308205814051,7.26,6.97,-0.29000000000000004,12,2011,2022,WLS,Stable,life-satisfaction
E08000004,Oldham,0.03697991611143023,-67.1766280158156,0.4747432659401697,0.013199031004011985,0.012300487657268318,7.07,7.21,0.13999999999999968,12,2011,2022,WLS,Improving,life-satisfaction
E08000005,Rochdale,0.02112287567471477,-35.19909857152294,0.1671977324338988,0.18689955189757335,0.014907636713181937,7.13,7.15,0.020000000000000462,12,2011,2022,WLS,Stable,life-satisfaction
E08000006,Salford,0.030347150670925832,-53.76484003678377,0.3183188515753206,0.05602158634353094,0.014043565469384886,7.03,7.37,0.33999999999999986,12,2011,2022,WLS,Improving,life-satisfaction
E08000007,Stockport,0.009787230988535262,-12.092767363636483,0.14656017138965194,0.21934135266024501,0.007468584681372622,7.56,7.53,-0.02999999999999936,12,2011,2022,WLS,Stable,life-satisfaction
E08000008,Tameside,0.02855194869302366,-50.05869575002947,0.3206554928732117,0.05493068295690007,0.013141999512245501,7.34,7.32,-0.019999999999999574,12,2011,2022,WLS,Improving,life-satisfaction
E08000009,Trafford,-0.002111698714017146,11.89684985527009,0.0022579605385747437,0.8834125093505043,0.014037278530218427,7.49,7.46,-0.03000000000000025,12,2011,2022,WLS,Stable,life-satisfaction
E08000010,Wigan,0.02801915264725019,-48.90949086904118,0.26061538093128955,0.08990232463221526,0.014924169801961396,7.29,7.59,0.2999999999999998,12,2011,2022,WLS,Improving,life-satisfaction
E08000011,Knowsley,0.022976324177526347,-38.95485593645668,0.24109551576492194,0.10501963519857127,0.012890790288975289,7.19,7.21,0.019999999999999574,12,2011,2022,WLS,Stable,life-satisfaction
E08000012,Liverpool,0.01312941837459572,-19.121995815668555,0.10656206399184265,0.3003939281447874,0.012021990215419713,7.23,7.1,-0.13000000000000078,12,2011,2022,WLS,Stable,life-satisfaction
E08000013,St. Helens,-0.0017732433161339323,11.081899864134016,0.002071218470260372,0.8883098789862709,0.012308500584607767,7.51,7.26,-0.25,12,2011,2022,WLS,Stable,life-satisfaction
E08000014,Sefton,0.012008473506193024,-16.69444771048728,0.12018902139740406,0.26959397425974774,0.010274249150645006,7.44,7.42,-0.020000000000000462,12,2011,2022,WLS,Stable,life-satisfaction
E08000015,Wirral,0.015351411797693226,-23.48116239653774,0.06427565216686937,0.4265575158987245,0.018522476002795125,7.19,7.32,0.1299999999999999,12,2011,2022,WLS,Stable,life-satisfaction
E08000016,Barnsley,0.02348609868926743,-39.84921156948553,0.18367651243287253,0.16450344667072647,0.015657240241206846,7.26,7.37,0.11000000000000032,12,2011,2022,WLS,Stable,life-satisfaction
E08000017,Doncaster,-0.0053075232848555365,18.188890428451998,0.013442225125731011,0.7197297595845167,0.014378632628427299,7.36,7.49,0.1299999999999999,12,2011,2022,WLS,Stable,life-satisfaction
E08000018,Rotherham,0.010483899774949179,-13.684719450937735,0.15143116296461012,0.21119687194648584,0.007847995962726373,7.26,7.37,0.11000000000000032,12,2011,2022,WLS,Stable,life-satisfaction
E08000019,Sheffield,0.01894846669129499,-30.724403638894216,0.15496163154399067,0.20548961548961353,0.013992657263344989,7.28,7.28,0.0,12,2011,2022,WLS,Stable,life-satisfaction
E08000021,Newcastle upon Tyne,0.010538372529739645,-13.79762756112251,0.07976279708483125,0.37378291594581636,0.011319395970898836,7.53,7.5,-0.03000000000000025,12,2011,2022,WLS,Stable,life-satisfaction
E08000022,North Tyneside,0.019128153514547247,-31.039963750502864,0.2506716394520553,0.0973329239193732,0.010458190126018037,7.29,7.51,0.21999999999999975,12,2011,2022,WLS,Stable,life-satisfaction
E08000023,South Tyneside,0.01672482807886841,-26.28331516998543,0.11274543045158547,0.2859527851042001,0.014836665657903694,7.21,7.28,0.07000000000000028,12,2011,2022,WLS,Stable,life-satisfaction
E08000024,Sunderland,-0.004385544724516244,16.32072134989272,0.010076970979905009,0.7562502099797119,0.01374545923621221,7.36,7.3,-0.0600000000000005,12,2011,2022,WLS,Stable,life-satisfaction
E08000025,Birmingham,0.026556199405832537,-46.12242204014342,0.19119214229966697,0.15518995480547115,0.017272435602845887,6.94,7.24,0.2999999999999998,12,2011,2022,WLS,Stable,life-satisfaction
E08000026,Coventry,0.014006372561629982,-20.77513357309823,0.11992179405863979,0.2701629347124763,0.011998784373401305,7.13,7.35,0.21999999999999975,12,2011,2022,WLS,Stable,life-satisfaction
E08000027,Dudley,-0.006018780449193184,19.664566786829198,0.04450467735544239,0.5104362486243363,0.008819012452788147,7.33,7.44,0.11000000000000032,12,2011,2022,WLS,Stable,life-satisfaction
E08000028,Sandwell,0.013952443797567382,-20.685891172407196,0.10382625701745918,0.3070480756831906,0.012962620020647568,7.26,7.41,0.15000000000000036,12,2011,2022,WLS,Stable,life-satisfaction
E08000029,Solihull,0.014918773509634997,-22.46332670249899,0.11293807884650287,0.28551566023755903,0.013221778923152872,7.4,7.6,0.1999999999999993,12,2011,2022,WLS,Stable,life-satisfaction
E08000030,Walsall,-0.005176150110357908,17.962479174291047,0.032805783041029435,0.5731961316104734,0.008887681932546708,7.4,7.35,-0.05000000000000071,12,2011,2022,WLS,Stable,life-satisfaction
E08000031,Wolverhampton,0.06392059799286898,-121.66771357717238,0.8486264529097964,2.0927894054389995e-05,0.008537044407189736,6.74,7.25,0.5099999999999998,12,2011,2022,WLS,Improving,life-satisfaction
E08000032,Bradford,0.010330117226556468,-13.325188574957735,0.05272712637366905,0.47279902031439414,0.013846045323555848,7.18,7.2,0.020000000000000462,12,2011,2022,WLS,Stable,life-satisfaction
E08000033,Calderdale,-0.006093713832868636,19.823047503095438,0.04907209750517172,0.48897780989968687,0.008482786567907102,7.48,7.28,-0.20000000000000018,12,2011,2022,WLS,Stable,life-satisfaction
E08000034,Kirklees,0.0010327185827955776,5.421164185594478,0.0004382378506093687,0.9485125021823471,0.015596669402348582,7.32,7.27,-0.05000000000000071,12,2011,2022,WLS,Stable,life-satisfaction
E08000035,Leeds,0.01255613600088104,-17.7542678346627,0.08293035551330585,0.3640495005656017,0.013203844669863414,7.36,7.46,0.09999999999999964,12,2011,2022,WLS,Stable,life-satisfaction
E08000036,Wakefield,0.007892531742594217,-8.368803932513515,0.029301366956937636,0.5947753128531588,0.01436529687426956,7.45,7.39,-0.0600000000000005,12,2011,2022,WLS,Stable,life-satisfaction
E08000037,Gateshead,0.016686019081805226,-26.13991128579147,0.09791690739511727,0.3220137607577964,0.016015745659455995,7.29,7.35,0.05999999999999961,12,2011,2022,WLS,Stable,life-satisfaction
E09000002,Barking and Dagenham,0.04889582876191115,-91.22038466493183,0.5545085732448758,0.005464572106817611,0.013859174225705612,7.05,7.48,0.4300000000000006,12,2011,2022,WLS,Improving,life-satisfaction
E09000003,Barnet,-7.830659344104651e-05,7.601087636479036,3.344645444047778e-06,0.9954993660657692,0.0135401215196067,7.43,6.95,-0.47999999999999954,12,2011,2022,WLS,Stable,life-satisfaction
E09000004,Bexley,0.009755550185655215,-12.2106590304914,0.08573551040579996,0.35569340028392205,0.010074124750314765,7.42,7.29,-0.1299999999999999,12,2011,2022,WLS,Stable,life-satisfaction
E09000005,Brent,0.03767925464781505,-68.45654381182851,0.22995924864309314,0.11466599698534896,0.02180387669136091,7.11,7.09,-0.020000000000000462,12,2011,2022,WLS,Stable,life-satisfaction
E09000006,Bromley,-0.011895431639354748,31.522778332489906,0.13445133989392632,0.24104484086537692,0.009544284631457935,7.5,7.33,-0.16999999999999993,12,2011,2022,WLS,Stable,life-satisfaction
E09000007,Camden,0.011937882227085056,-16.748768956188997,0.050008141202320666,0.48475472565388866,0.016453825068522096,7.25,7.29,0.040000000000000036,12,2011,2022,WLS,Stable,life-satisfaction
E09000008,Croydon,0.04161534941775116,-76.46527971338475,0.2917493993986796,0.06985069669979271,0.020504162538572696,7.04,6.97,-0.07000000000000028,12,2011,2022,WLS,Improving,life-satisfaction
E09000009,Ealing,0.025548076269371,-44.05399278299106,0.20713212358746214,0.13710065504852076,0.01580646981764698,7.22,7.28,0.0600000000000005,12,2011,2022,WLS,Stable,life-satisfaction
E09000010,Enfield,-0.001973148573874456,11.265448571962452,0.0024225893552731748,0.8792635344907167,0.012661734094376549,7.23,7.41,0.17999999999999972,12,2011,2022,WLS,Stable,life-satisfaction
E09000011,Greenwich,0.026905889399292365,-46.92970602257162,0.44190637994893356,0.018351112130724268,0.00956171391935968,7.18,7.48,0.3000000000000007,12,2011,2022,WLS,Improving,life-satisfaction
E09000012,Hackney,0.022534807809440366,-38.17412451513201,0.16099073716573165,0.19610587786658962,0.016268098442688554,7.0,7.14,0.13999999999999968,12,2011,2022,WLS,Stable,life-satisfaction
E09000013,Hammersmith and Fulham,0.017356315604323436,-27.5077424090436,0.14409107563531753,0.2235939027901499,0.013376816647182264,7.38,7.51,0.1299999999999999,12,2011,2022,WLS,Stable,life-satisfaction
E09000014,Haringey,0.01834928598140212,-29.636482933647983,0.09524141753907955,0.32907061021766104,0.017884326910349857,7.11,6.97,-0.14000000000000057,12,2011,2022,WLS,Stable,life-satisfaction
E09000015,Harrow,0.030578840300693716,-54.07490976585936,0.39076473351143737,0.029738483915440872,0.012074130000454816,7.31,7.55,0.2400000000000002,12,2011,2022,WLS,Improving,life-satisfaction
E09000016,Havering,0.016151676041008034,-24.99594871925933,0.19310691739224428,0.15290068544413504,0.010440629291196999,7.35,7.47,0.1200000000000001,12,2011,2022,WLS,Stable,life-satisfaction
E09000017,Hillingdon,0.014457511284328747,-21.606952799430076,0.09665292002367132,0.32532505221568364,0.01397698093780215,7.4,7.56,0.15999999999999925,12,2011,2022,WLS,Stable,life-satisfaction
E09000018,Hounslow,0.03706194351306952,-67.17468797717459,0.3120804901082591,0.0590286351432745,0.01740057875310506,7.26,7.62,0.3600000000000003,12,2011,2022,WLS,Improving,life-satisfaction
E09000019,Islington,0.01579330376933802,-24.524079270095797,0.13694703854400725,0.23639279447241224,0.012537628282690866,7.09,7.25,0.16000000000000014,12,2011,2022,WLS,Stable,life-satisfaction
E09000020,Kensington and Chelsea,-0.04896960313260226,106.22551686877642,0.586727916586481,0.0036741340678769774,0.012996494967266096,7.57,7.24,-0.33000000000000007,12,2011,2022,WLS,Deteriorating,life-satisfaction
E09000021,Kingston upon Thames,0.012115809963421681,-16.8944608815807,0.05628911573395878,0.45779378892435774,0.015687716113303805,7.33,7.58,0.25,12,2011,2022,WLS,Stable,life-satisfaction
E09000022,Lambeth,0.034012335958269635,-61.26817366818534,0.4819122920127028,0.012254279149021885,0.011152034453612176,7.13,7.63,0.5,12,2011,2022,WLS,Improving,life-satisfaction
E09000023,Lewisham,0.027484054121152596,-48.10603780803035,0.37824453482797815,0.033305313360540545,0.011143054891714747,7.05,7.48,0.4300000000000006,12,2011,2022,WLS,Improving,life-satisfaction
E09000024,Merton,0.039094098371810826,-71.31028756907756,0.36313331669112603,0.03809762824916052,0.016372025722991533,7.14,7.47,0.33000000000000007,12,2011,2022,WLS,Improving,life-satisfaction
E09000025,Newham,0.04951326615511076,-92.31488257608231,0.5350726327204123,0.006857502419885142,0.014595123082225278,7.12,7.91,0.79,12,2011,2022,WLS,Improving,life-satisfaction
E09000026,Redbridge,0.015696740048026264,-24.085402373491945,0.08714848001343134,0.3515744029996357,0.016064959280644015,7.33,7.59,0.2599999999999998,12,2011,2022,WLS,Stable,life-satisfaction
E09000027,Richmond upon Thames,0.0003829180329605608,6.83253371897564,7.645146474244413e-05,0.9784846101054283,0.013848295171573228,7.52,7.33,-0.1899999999999995,12,2011,2022,WLS,Stable,life-satisfaction
E09000028,Southwark,-0.008007169358491953,23.548131747664172,0.04041215952846722,0.5309889937127437,0.0123385848777554,7.36,7.23,-0.1299999999999999,12,2011,2022,WLS,Stable,life-satisfaction
E09000029,Sutton,0.019313149376962435,-31.350803606321676,0.08337927993857885,0.36269591791209543,0.020249712635823154,7.39,7.46,0.07000000000000028,12,2011,2022,WLS,Stable,life-satisfaction
E09000030,Tower Hamlets,0.026994147979108526,-46.93404701874309,0.1613801780625047,0.1955149788853694,0.019459294500161508,7.02,7.32,0.3000000000000007,12,2011,2022,WLS,Stable,life-satisfaction
E09000031,Waltham Forest,0.008490837639475307,-9.686754189828719,0.019709584520669066,0.6634267636266507,0.018936040768669178,7.18,7.16,-0.019999999999999574,12,2011,2022,WLS,Stable,life-satisfaction
E09000032,Wandsworth,0.010841444272740336,-14.363368452411748,0.08353111174248817,0.36223954323612517,0.011355908228329473,7.46,7.45,-0.009999999999999787,12,2011,2022,WLS,Stable,life-satisfaction
E09000033,Westminster,0.006469373128992234,-5.590004359296813,0.009245461744217254,0.7662654854324624,0.021177804385722736,7.33,7.0,-0.33000000000000007,12,2011,2022,WLS,Stable,life-satisfaction
N09000001,Antrim and Newtownabbey,-0.0359174434640499,80.23027956556143,0.33647992394677095,0.061383824929054365,0.016812473678696063,7.64,7.63,-0.009999999999999787,11,2012,2022,WLS,Deteriorating,life-satisfaction
N09000002,"Armagh City, Banbridge and Craigavon",-0.004889110426748999,17.738163538999515,0.013915034514617952,0.7297720127135652,0.013719036653978353,7.88,7.79,-0.08999999999999986,11,2012,2022,WLS,Stable,life-satisfaction
N09000003,Belfast,-0.022531258399507204,52.912495267758004,0.16090520608439796,0.22144200243444745,0.017150810913522233,7.27,7.21,-0.05999999999999961,11,2012,2022,WLS,Stable,life-satisfaction
N09000004,Causeway Coast and Glens,-0.0007757370362475591,9.544609357227046,0.00011840059925360968,0.9746697772286115,0.023762416801591815,7.56,7.74,0.1800000000000006,11,2012,2022,WLS,Stable,life-satisfaction
N09000005,Derry City and Strabane,0.0039317237779188385,-0.31111741115023506,0.0029834528672347815,0.8732725354501945,0.02395815314924832,7.15,7.37,0.21999999999999975,11,2012,2022,WLS,Stable,life-satisfaction
N09000006,Fermanagh and Omagh,-0.03812757156242408,84.92041567987053,0.3405730805551688,0.05945603178640613,0.017684633646525498,8.06,7.73,-0.33000000000000007,11,2012,2022,WLS,Deteriorating,life-satisfaction
N09000007,Lisburn and Castlereagh,-0.028713065653873215,65.77129006956852,0.24239914128997264,0.12393899594982138,0.016920492505914774,8.06,7.67,-0.39000000000000057,11,2012,2022,WLS,Stable,life-satisfaction
N09000008,Mid and East Antrim,-0.04334524594994049,95.35315581256123,0.33945265884647546,0.05997842915832652,0.020154989855054706,7.94,7.75,-0.1900000000000004,11,2012,2022,WLS,Deteriorating,life-satisfaction
N09000009,Mid Ulster,-0.00023392353351536777,8.480188379731999,2.8091827958598437e-05,0.9876604928227615,0.01471148660213354,7.98,8.04,0.05999999999999872,11,2012,2022,WLS,Stable,life-satisfaction
N09000010,"Newry, Mourne and Down",0.0010898718367695626,5.735174448090447,0.0004702193372437824,0.9495415320257534,0.016749498258386654,7.82,7.7,-0.1200000000000001,11,2012,2022,WLS,Stable,life-satisfaction
N09000011,Ards and North Down,-0.009146334558532643,26.29074385980448,0.037507273740404856,0.5682835108497359,0.015444249444960551,7.91,7.78,-0.1299999999999999,11,2012,2022,WLS,Stable,life-satisfaction
S12000005,Clackmannanshire,-0.0032707674845966483,14.1889838071898,0.010509649437444035,0.7512150912254301,0.010036015844134358,7.41,7.42,0.009999999999999787,12,2011,2022,WLS,Stable,life-satisfaction
S12000006,Dumfries and Galloway,0.014486707249803096,-21.400401145615575,0.12842594822957398,0.25268498460275124,0.011934258468839656,7.58,7.66,0.08000000000000007,12,2011,2022,WLS,Stable,life-satisfaction
S12000008,East Ayrshire,0.013119454019318605,-18.875892779402534,0.064711415893551,0.4249403609232183,0.015772412521224705,7.35,7.3,-0.04999999999999982,12,2011,2022,WLS,Stable,life-satisfaction
S12000010,East Lothian,0.01373620800291081,-20.02177652809297,0.09527172741932499,0.3289896430283734,0.013385787300977066,7.5,7.43,-0.07000000000000028,12,2011,2022,WLS,Stable,life-satisfaction
S12000011,East Renfrewshire,0.028452631087747565,-49.640908424191935,0.5066671680292876,0.009415843464825935,0.008878325456047501,7.5,7.73,0.23000000000000043,12,2011,2022,WLS,Improving,life-satisfaction
S12000013,Na h-Eileanan Siar,0.0030307258409717763,2.0991449305236642,0.004663790236493215,0.8329784818873407,0.014001096513518815,8.1,8.24,0.14000000000000057,12,2011,2022,WLS,Stable,life-satisfaction
S12000014,Falkirk,0.0006901140788099502,6.239802971655905,0.0005811484554872903,0.9407200737843022,0.00905005277737011,7.59,7.62,0.03000000000000025,12,2011,2022,WLS,Stable,life-satisfaction
S12000017,Highland,0.0044365518136514626,-1.0115946973922405,0.021638511338167854,0.6482382586873703,0.009433688740151186,7.85,7.87,0.020000000000000462,12,2011,2022,WLS,Stable,life-satisfaction
S12000018,Inverclyde,0.003415353507451091,0.6096665431912811,0.01326943662781832,0.7214731498445024,0.009313409741271475,7.43,7.51,0.08000000000000007,12,2011,2022,WLS,Stable,life-satisfaction
S12000019,Midlothian,0.005490461774693589,-3.399916856355105,0.00834916183794232,0.7776194281160134,0.018921990679474178,7.62,7.46,-0.16000000000000014,12,2011,2022,WLS,Stable,life-satisfaction
S12000020,Moray,0.010162921996956065,-12.828374545033512,0.051113888770070615,0.4798377782609937,0.013847015407798499,7.58,7.44,-0.13999999999999968,12,2011,2022,WLS,Stable,life-satisfaction
S12000021,North Ayrshire,0.008053889604388714,-8.80043649000919,0.019571055766794077,0.6645502783379396,0.018026300527937803,7.16,7.34,0.17999999999999972,12,2011,2022,WLS,Stable,life-satisfaction
S12000023,Orkney Islands,0.036219212929427536,-64.77493431289508,0.46297786555612486,0.030356421451487314,0.013791452056809272,8.06,8.17,0.10999999999999943,10,2011,2020,WLS,Improving,life-satisfaction
S12000026,Scottish Borders,-0.004072809506437847,15.99446143498534,0.013324797531631072,0.720913210610115,0.011082835701691359,7.62,7.58,-0.040000000000000036,12,2011,2022,WLS,Stable,life-satisfaction
S12000027,Shetland Islands,-0.022252338219991702,52.82126408918941,0.2701235458132458,0.08328617840853614,0.01156695665305094,8.12,7.93,-0.1899999999999995,12,2011,2022,WLS,Deteriorating,life-satisfaction
S12000028,South Ayrshire,0.01602007912837547,-24.6590605954878,0.11851369016356561,0.27318297605153563,0.013816186349981609,7.36,7.58,0.21999999999999975,12,2011,2022,WLS,Stable,life-satisfaction
S12000029,South Lanarkshire,-0.0007792005358683018,9.1969688718724,0.0001888814000378103,0.9661868359196086,0.01792724802705115,7.42,7.39,-0.03000000000000025,12,2011,2022,WLS,Stable,life-satisfaction
S12000030,Stirling,-0.014078893621729455,36.02310970894632,0.17881798228189993,0.17081417936355514,0.009540752892351245,7.64,7.56,-0.08000000000000007,12,2011,2022,WLS,Stable,life-satisfaction
S12000033,Aberdeen City,-0.027389144367371,62.78984943383307,0.43781566012170503,0.019098271827915347,0.009814590663269965,7.68,7.35,-0.33000000000000007,12,2011,2022,WLS,Deteriorating,life-satisfaction
S12000034,Aberdeenshire,-0.017461641277606077,43.00814414950338,0.21908852548849767,0.12487762695077831,0.010425002025047737,7.88,7.77,-0.11000000000000032,12,2011,2022,WLS,Stable,life-satisfaction
S12000035,Argyll and Bute,0.009750009469961046,-11.869440696085064,0.12122111175877093,0.26740890172507403,0.008301483586967057,7.74,7.75,0.009999999999999787,12,2011,2022,WLS,Stable,life-satisfaction
S12000036,City of Edinburgh,0.008629934596768002,-9.82261885297737,0.1295408163452194,0.25048644073960613,0.007074217290222728,7.46,7.69,0.23000000000000043,12,2011,2022,WLS,Stable,life-satisfaction
S12000038,Renfrewshire,-0.008506139745419361,24.691473022140485,0.03425183242820762,0.564717403324988,0.014283102553363363,7.41,7.33,-0.08000000000000007,12,2011,2022,WLS,Stable,life-satisfaction
S12000039,West Dunbartonshire,0.006762820531891783,-6.199354659149094,0.01935587798605165,0.6663046228231058,0.015222190034738257,7.3,7.25,-0.04999999999999982,12,2011,2022,WLS,Stable,life-satisfaction
S12000040,West Lothian,-0.022714913885536897,53.3677192868833,0.29242007416613647,0.06946720702799847,0.011173654923929879,7.58,7.38,-0.20000000000000018,12,2011,2022,WLS,Deteriorating,life-satisfaction
S12000041,Angus,-0.0023485105723984046,12.399022282310455,0.0018503778850587072,0.8944010053255367,0.017248849313127416,7.6,7.4,-0.1999999999999993,12,2011,2022,WLS,Stable,life-satisfaction
S12000042,Dundee City,-0.009577365808230182,26.787653396541202,0.049366202522552194,0.48764481557111927,0.013290393529081774,7.57,7.4,-0.16999999999999993,12,2011,2022,WLS,Stable,life-satisfaction
S12000045,East Dunbartonshire,-0.0030020401046242096,13.823163274811748,0.005055741418190207,0.8261923435878917,0.013317522467712858,7.67,7.68,0.009999999999999787,12,2011,2022,WLS,Stable,life-satisfaction
S12000047,Fife,-0.023530540043102344,55.00061373511477,0.37301019192445106,0.034902501010384945,0.009647211193965654,7.66,7.31,-0.35000000000000053,12,2011,2022,WLS,Deteriorating,life-satisfaction
S12000048,Perth and Kinross,0.011423701135010345,-15.301729021628603,0.054191661849507966,0.46654255214168794,0.015091839127460491,7.39,7.56,0.16999999999999993,12,2011,2022,WLS,Stable,life-satisfaction
S12000049,Glasgow City,0.0058853086334463844,-4.499723364512079,0.031098676172849893,0.5835169495338088,0.010388146516126281,7.19,7.24,0.04999999999999982,12,2011,2022,WLS,Stable,life-satisfaction
S12000050,North Lanarkshire,0.015318855979327528,-23.35361441837307,0.1858017844908758,0.1618156435773137,0.010140665699466159,7.41,7.38,-0.03000000000000025,12,2011,2022,WLS,Stable,life-satisfaction
W06000001,Isle of Anglesey,-0.004983626336907604,17.85028538995303,0.01446966338328326,0.7096113705657148,0.013006224824865211,7.77,7.5,-0.2699999999999996,12,2011,2022,WLS,Stable,life-satisfaction
W06000002,Gwynedd,0.025475869100115206,-43.65645176786677,0.24820644100890887,0.0992604051715309,0.014020767424465445,7.56,7.63,0.07000000000000028,12,2011,2022,WLS,Improving,life-satisfaction
W06000003,Conwy,0.007587876746704358,-7.677627175464465,0.029326254274063657,0.5946165210880081,0.01380475207991332,7.36,7.33,-0.03000000000000025,12,2011,2022,WLS,Stable,life-satisfaction
W06000004,Denbighshire,0.032270870005064956,-57.3643873718853,0.5208779128196617,0.008051529758149156,0.009787365317936107,7.43,7.55,0.1200000000000001,12,2011,2022,WLS,Improving,life-satisfaction
W06000005,Flintshire,-0.005489730042248786,18.673194360712273,0.023064239336651138,0.6375169265170451,0.011298334390052404,7.64,7.31,-0.33000000000000007,12,2011,2022,WLS,Stable,life-satisfaction
W06000006,Wrexham,0.00454501612543573,-1.5370324298366427,0.008451057211017354,0.7762968219557962,0.015568149214300553,7.52,7.53,0.010000000000000675,12,2011,2022,WLS,Stable,life-satisfaction
W06000008,Ceredigion,-0.01622623735579473,40.32226334051427,0.2182253734972427,0.12572416017576815,0.009711939920309819,7.63,7.32,-0.3099999999999996,12,2011,2022,WLS,Stable,life-satisfaction
W06000009,Pembrokeshire,-0.0019220972228766176,11.503983569279626,0.005619312379041896,0.8168982304281003,0.008085559996845052,7.53,7.48,-0.04999999999999982,12,2011,2022,WLS,Stable,life-satisfaction
W06000010,Carmarthenshire,0.025862942445088286,-44.621194781140616,0.5201403037184993,0.008118027183208865,0.007855517804609862,7.32,7.45,0.1299999999999999,12,2011,2022,WLS,Improving,life-satisfaction
W06000011,Swansea,0.01114222648470875,-14.966229480144705,0.09329279378058652,0.33432629222925625,0.010984529670353974,7.31,7.47,0.16000000000000014,12,2011,2022,WLS,Stable,life-satisfaction
W06000012,Neath Port Talbot,0.008551185726318883,-9.697014621739356,0.05540341601551513,0.461458464792438,0.011165579111789852,7.36,7.35,-0.010000000000000675,12,2011,2022,WLS,Stable,life-satisfaction
W06000013,Bridgend,0.013774442487198446,-20.197621269912986,0.0938453415007312,0.33282586853075813,0.013535329553011323,7.38,7.49,0.11000000000000032,12,2011,2022,WLS,Stable,life-satisfaction
W06000014,Vale of Glamorgan,0.021214885459230948,-35.110903548885744,0.19813837554988822,0.1470403382255856,0.013496032239005392,7.47,7.5,0.03000000000000025,12,2011,2022,WLS,Stable,life-satisfaction
W06000015,Cardiff,0.004916158683560823,-2.4005914760255394,0.012217227919793516,0.7323712422221484,0.013978812456359532,7.32,7.15,-0.16999999999999993,12,2011,2022,WLS,Stable,life-satisfaction
W06000016,Rhondda Cynon Taf,0.002569138328896825,2.2474872853392753,0.006541568587141389,0.8026853241536318,0.010012012629116749,7.31,7.39,0.08000000000000007,12,2011,2022,WLS,Stable,life-satisfaction
W06000018,Caerphilly,0.01625852754846402,-25.29238925386022,0.15284290812191703,0.2088953507985445,0.012104324010845994,7.3,7.34,0.040000000000000036,12,2011,2022,WLS,Stable,life-satisfaction
W06000019,Blaenau Gwent,0.02145697791290299,-35.75231524197292,0.15474275752735345,0.2058387854084187,0.015858344154143344,7.27,7.32,0.05000000000000071,12,2011,2022,WLS,Stable,life-satisfaction
W06000020,Torfaen,0.028267133394424188,-49.50672951855256,0.2145098517066315,0.12943061373937015,0.017105214250441047,7.1,7.37,0.27000000000000046,12,2011,2022,WLS,Stable,life-satisfaction
W06000021,Monmouthshire,0.01626492256600781,-25.09548530432494,0.20800867706957482,0.136167164516934,0.0100362503435031,7.55,7.63,0.08000000000000007,12,2011,2022,WLS,Stable,life-satisfaction
W06000022,Newport,0.018271395457005624,-29.388289115068687,0.15544675508204076,0.20471786212720078,0.013467730105431055,7.25,7.27,0.019999999999999574,12,2011,2022,WLS,Stable,life-satisfaction
W06000023,Powys,0.01120922362584617,-14.89181699066188,0.053124929100350826,0.4710872703376934,0.014964861200666695,7.64,7.43,-0.20999999999999996,12,2011,2022,WLS,Stable,life-satisfaction
W06000024,Merthyr Tydfil,0.02181974587229507,-36.53340374207755,0.3018526522099504,0.06426974872947833,0.01049362974166326,7.31,7.47,0.16000000000000014,12,2011,2022,WLS,Improving,life-satisfaction
CUMBRIA_COMBINED,Cumbria (combined),-0.006363636363636359,20.714772727272717,0.046207134178408674,0.5022662799184626,0.009142771645567926,7.84,7.9399999999999995,0.09999999999999964,12,2011,2022,OLS (insufficient SEs),Stable,worthwhile
DORSET_COMBINED,Dorset (combined),0.003356643356643329,1.0929953379953945,0.0282087331985197,0.6018307869233301,0.00623017010035482,7.825,7.805,-0.020000000000000462,12,2011,2022,OLS (insufficient SEs),Stable,worthwhile
E06000001,Hartlepool,0.016744607851196414,-26.017346519360842,0.269644880921728,0.08360834507492831,0.008714569341838984,7.53,7.75,0.21999999999999975,12,2011,2022,WLS,Stable,worthwhile
E06000002,Middlesbrough,0.006411781696649299,-5.185880934147974,0.03806805676945235,0.5433969966806971,0.010192261240495272,7.61,7.64,0.02999999999999936,12,2011,2022,WLS,Stable,worthwhile
E06000003,Redcar and Cleveland,-0.0013744935014538828,10.586745080785192,0.004285769592439648,0.8398098644995406,0.006625148821948049,7.76,7.67,-0.08999999999999986,12,2011,2022,WLS,Stable,worthwhile
E06000004,Stockton-on-Tees,0.0014075583667705338,4.963636879236844,0.0012906229770336397,0.9117421876181209,0.01238187114388793,7.6,7.62,0.020000000000000462,12,2011,2022,WLS,Stable,worthwhile
E06000005,Darlington,0.007496124502590268,-7.308545343609353,0.04409762386978666,0.5124214304257682,0.01103661688876145,7.68,7.63,-0.04999999999999982,12,2011,2022,WLS,Stable,worthwhile
E06000006,Halton,0.001321411764086955,5.122039542152265,0.0037048336165231843,0.85094673976075,0.006852480783075862,7.77,7.79,0.020000000000000462,12,2011,2022,WLS,Stable,worthwhile
E06000007,Warrington,-0.004754308184228062,17.43686445566277,0.018642227281132073,0.6722051289252668,0.010908175439748105,7.91,7.69,-0.21999999999999975,12,2011,2022,WLS,Stable,worthwhile
E06000008,Blackburn with Darwen,0.03439460469709796,-61.56161765500468,0.3967686331532462,0.028148183723585962,0.013411075723545829,7.4,7.8,0.39999999999999947,12,2011,2022,WLS,Improving,worthwhile
E06000009,Blackpool,0.014818868791217105,-22.23125667199224,0.19558865022202765,0.1499823624199308,0.009503472508736949,7.45,7.64,0.1899999999999995,12,2011,2022,WLS,Stable,worthwhile
E06000010,"Kingston upon Hull, City of",0.005628934119695256,-3.632584015336249,0.03608032416357476,0.5543192433801405,0.009200498799705047,7.64,7.73,0.09000000000000075,12,2011,2022,WLS,Stable,worthwhile
E06000011,East Riding of Yorkshire,0.014860324133584651,-21.994627555009345,0.15824074197888005,0.20033048898151096,0.010838347663743243,7.78,7.69,-0.08999999999999986,12,2011,2022,WLS,Stable,worthwhile
E06000012,North East Lincolnshire,0.016249851442793006,-24.90063599275635,0.21889720510990252,0.12506479719324126,0.009706963187270207,7.81,8.02,0.20999999999999996,12,2011,2022,WLS,Stable,worthwhile
E06000013,North Lincolnshire,0.005413061919935791,-3.0387770012986834,0.08412064014331999,0.3604743207931853,0.005648210144801414,7.77,7.94,0.17000000000000082,12,2011,2022,WLS,Stable,worthwhile
E06000014,York,0.0063458388956965095,-5.024557594150224,0.059863165140687014,0.4434267618977006,0.007952519431481378,7.71,7.68,-0.03000000000000025,12,2011,2022,WLS,Stable,worthwhile
E06000015,Derby,0.018808938436774586,-30.13235070171396,0.22355432316943125,0.12058313439988888,0.011084810847534906,7.62,7.65,0.03000000000000025,12,2011,2022,WLS,Stable,worthwhile
E06000016,Leicester,0.016196347041493836,-24.989930296755517,0.19339491676343112,0.15255921324525512,0.010459839577022598,7.71,7.59,-0.1200000000000001,12,2011,2022,WLS,Stable,worthwhile
E06000017,Rutland,0.01479342286842239,-21.807066530307225,0.3824445660912448,0.032069785182089916,0.005944596727499047,8.01,8.22,0.21000000000000085,12,2011,2022,WLS,Stable,worthwhile
E06000018,Nottingham,0.008712582616688974,-9.969802014603658,0.17650529878337118,0.17390162148012034,0.005951116333217337,7.63,7.49,-0.13999999999999968,12,2011,2022,WLS,Stable,worthwhile
E06000019,"Herefordshire, County of",0.024270777094301005,-41.044607944541724,0.44955346394204465,0.017020722809112154,0.008492793784416901,7.72,7.83,0.11000000000000032,12,2011,2022,WLS,Improving,worthwhile
E06000020,Telford and Wrekin,0.011770787143645656,-15.93690059161213,0.12345483326796836,0.26274620139675564,0.009918331218987348,7.69,7.83,0.13999999999999968,12,2011,2022,WLS,Stable,worthwhile
E06000021,Stoke-on-Trent,0.037394841837028875,-67.74149215771382,0.4261619610083266,0.021370055822379497,0.0137220509146008,7.55,7.59,0.040000000000000036,12,2011,2022,WLS,Improving,worthwhile
E06000022,Bath and North East Somerset,-0.011404102899474577,30.77531111559898,0.2002722986652048,0.14462104390082464,0.0072064562745616755,7.87,7.66,-0.20999999999999996,12,2011,2022,WLS,Stable,worthwhile
E06000023,"Bristol, City of",0.0040691838370185696,-0.6383338117989865,0.02481434898307988,0.6248820717364292,0.008066767113901816,7.46,7.33,-0.1299999999999999,12,2011,2022,WLS,Stable,worthwhile
E06000024,North Somerset,0.018074598047972512,-28.61355730177786,0.32605082607783864,0.05248316576733525,0.008217497266106762,7.8,7.89,0.08999999999999986,12,2011,2022,WLS,Stable,worthwhile
E06000025,South Gloucestershire,0.006888678547733035,-6.081510247014364,0.05101834865622712,0.4802596047367049,0.009395104788577465,7.67,7.83,0.16000000000000014,12,2011,2022,WLS,Stable,worthwhile
E06000026,Plymouth,0.007847969228683832,-8.062601517692713,0.04418855606612704,0.5119768723534572,0.011542197446909156,7.72,7.72,0.0,12,2011,2022,WLS,Stable,worthwhile
E06000027,Torbay,0.020408072204854272,-33.29590892602374,0.21018381907550898,0.1338769043974828,0.012510231780447753,7.67,7.9,0.23000000000000043,12,2011,2022,WLS,Stable,worthwhile
E06000030,Swindon,0.0030818230716258,1.5932664547057698,0.023726790590953506,0.6326683863394924,0.006251351073203686,7.75,7.71,-0.040000000000000036,12,2011,2022,WLS,Stable,worthwhile
E06000031,Peterborough,0.006739859581023633,-5.862939004445877,0.060601605665010605,0.4405390367847064,0.008391385822121095,7.66,7.5,-0.16000000000000014,12,2011,2022,WLS,Stable,worthwhile
E06000032,Luton,0.04384810827735941,-80.60923616716155,0.7658230134041777,0.00019329792832589732,0.007667587867890869,7.5,7.95,0.4500000000000002,12,2011,2022,WLS,Improving,worthwhile
E06000033,Southend-on-Sea,0.020723663190252734,-34.000129750215365,0.3895733026525241,0.03006308680572456,0.008203301837348265,7.68,7.77,0.08999999999999986,12,2011,2022,WLS,Improving,worthwhile
E06000034,Thurrock,0.028971364765008417,-50.61331114672657,0.5249731897953512,0.007690535520354924,0.008714840692292376,7.47,7.81,0.33999999999999986,12,2011,2022,WLS,Improving,worthwhile
E06000035,Medway,0.010918716302993542,-14.252101838785336,0.2010585105460111,0.1437394083439183,0.006882842615506676,7.7,7.8,0.09999999999999964,12,2011,2022,WLS,Stable,worthwhile
E06000036,Bracknell Forest,0.015442434370189384,-23.337364337118515,0.15258140225609285,0.20931971543184624,0.011508373777513847,7.66,7.74,0.08000000000000007,12,2011,2022,WLS,Stable,worthwhile
E06000037,West Berkshire,0.011530244672977807,-15.335693154131945,0.09016614733243422,0.3429716435880188,0.011582380081497843,7.79,7.65,-0.13999999999999968,12,2011,2022,WLS,Stable,worthwhile
E06000038,Reading,0.009079345129499677,-10.566417371341402,0.037365888841902395,0.5472116955859718,0.014572950500706745,7.52,7.75,0.23000000000000043,12,2011,2022,WLS,Stable,worthwhile
E06000039,Slough,0.01829080317995621,-29.192866655331443,0.2135653041482667,0.1303892580097905,0.011099381014356277,7.44,7.64,0.1999999999999993,12,2011,2022,WLS,Stable,worthwhile
E06000040,Windsor and Maidenhead,-0.007093362413351512,22.159729091524866,0.07642039537589285,0.3844149688884957,0.007798025950011604,7.79,7.7,-0.08999999999999986,12,2011,2022,WLS,Stable,worthwhile
E06000041,Wokingham,0.004371383471908061,-0.8984707133644463,0.011282087074461544,0.7424985631511118,0.01294077789893637,7.8,7.73,-0.0699999999999994,12,2011,2022,WLS,Stable,worthwhile
E06000042,Milton Keynes,0.016190670088133796,-24.893156547231598,0.20064662453374038,0.1442006374900091,0.010219232993911007,7.65,7.7,0.04999999999999982,12,2011,2022,WLS,Stable,worthwhile
E06000043,Brighton and Hove,0.0001381048561345799,7.405275504310794,3.863580372198694e-05,0.9847041651459407,0.007025958592190192,7.72,7.67,-0.04999999999999982,12,2011,2022,WLS,Stable,worthwhile
E06000044,Portsmouth,0.018837555703634684,-30.23363364348421,0.21522031611904802,0.1287139627221856,0.011375141110978674,7.51,7.74,0.23000000000000043,12,2011,2022,WLS,Stable,worthwhile
E06000045,Southampton,0.0008337406609887354,5.991516018826985,0.0009574379062332605,0.9239495823473378,0.008516627823352545,7.61,7.54,-0.07000000000000028,12,2011,2022,WLS,Stable,worthwhile
E06000046,Isle of Wight,-0.007430349838128347,22.890964928592894,0.0394770132656741,0.5358801964735771,0.01159020184507536,7.84,7.68,-0.16000000000000014,12,2011,2022,WLS,Stable,worthwhile
E06000047,County Durham,0.013237857049509277,-18.883145832863534,0.10223064730697051,0.3110075659586551,0.012405364216784693,7.68,7.63,-0.04999999999999982,12,2011,2022,WLS,Stable,worthwhile
E06000049,Cheshire East,0.0005364680704277314,6.837137918060023,0.00022511696794236258,0.9630874243224068,0.011305528631878265,7.83,7.82,-0.009999999999999787,12,2011,2022,WLS,Stable,worthwhile
E06000050,Cheshire West and Chester,0.0025876133284103986,2.619480364221772,0.0062260446016588755,0.8074219826257081,0.010338012931465794,7.79,7.66,-0.1299999999999999,12,2011,2022,WLS,Stable,worthwhile
E06000051,Shropshire,0.012551913592308533,-17.352881536100824,0.17345455047070468,0.17805931700553712,0.00866463877014132,7.89,8.07,0.1800000000000006,12,2011,2022,WLS,Stable,worthwhile
E06000052,Cornwall,-0.01204581035364391,32.186411757706935,0.25521536623940444,0.09387030146309416,0.0065072570969549335,7.93,7.7,-0.22999999999999954,12,2011,2022,WLS,Stable,worthwhile
E06000054,Wiltshire,-0.0077535582286357985,23.5241341985967,0.07731605261400543,0.3815283021314122,0.008470181154797925,7.87,7.7,-0.16999999999999993,12,2011,2022,WLS,Stable,worthwhile
E06000055,Bedford,0.021630924946392738,-35.833186699870225,0.249349611614734,0.09836225273659904,0.01186832961128945,7.46,7.71,0.25,12,2011,2022,WLS,Improving,worthwhile
E06000056,Central Bedfordshire,0.007671917966605768,-7.625051257238908,0.08793900690618295,0.349295505854621,0.007813131127634463,7.8,7.75,-0.04999999999999982,12,2011,2022,WLS,Stable,worthwhile
E06000057,Northumberland,0.010753172660666666,-13.876302932046997,0.26444725982731476,0.0871803732273253,0.005671187321431116,7.74,7.95,0.20999999999999996,12,2011,2022,WLS,Stable,worthwhile
E06000060,Buckinghamshire,0.010796267492478445,-13.853695005139741,0.10419845592540822,0.30613288498266744,0.010010341600330675,7.76,7.84,0.08000000000000007,12,2011,2022,WLS,Stable,worthwhile
E06000065,North Yorkshire,0.0007342657342657093,6.418519813519863,0.0007226234672926366,0.9339096208272832,0.008634560932248113,7.83,7.81,-0.020000000000000462,12,2011,2022,OLS (insufficient SEs),Stable,worthwhile
E06000066,Somerset,0.01167832167832167,-15.664335664335646,0.10205545370380517,0.31144590797078514,0.010954361867043096,7.71,7.79,0.08000000000000007,12,2011,2022,OLS (insufficient SEs),Stable,worthwhile
E07000008,Cambridge,0.01807294192856973,-28.680081995604723,0.09060563827517432,0.3417402426318239,0.018106202352396555,7.58,7.41,-0.16999999999999993,12,2011,2022,WLS,Stable,worthwhile
E07000009,East Cambridgeshire,0.018168074366385706,-28.72184792666377,0.07536802702452194,0.3878428428557288,0.020123326751420995,7.35,8.25,0.9000000000000004,12,2011,2022,WLS,Stable,worthwhile
E07000010,Fenland,0.01838645427448815,-29.182483432598247,0.04143494040729734,0.5257253062319251,0.02796568258744414,7.22,7.7,0.4800000000000004,12,2011,2022,WLS,Stable,worthwhile
E07000011,Huntingdonshire,0.01596426270856549,-24.333889420313653,0.09961936203147259,0.31761641080482006,0.01517714423718572,7.71,7.58,-0.1299999999999999,12,2011,2022,WLS,Stable,worthwhile
E07000012,South Cambridgeshire,0.009424385450314765,-11.132379597694978,0.08946102917776144,0.3449585813119964,0.00950791661262242,7.81,7.98,0.17000000000000082,12,2011,2022,WLS,Stable,worthwhile
E07000032,Amber Valley,0.0026895476930006434,2.5101607030194373,0.003043926110194106,0.8647752216816431,0.015392182668873272,7.98,7.89,-0.09000000000000075,12,2011,2022,WLS,Stable,worthwhile
E07000033,Bolsover,0.018498368965586903,-29.351183934221524,0.035774681904685246,0.5560332419075866,0.030369302152118093,7.8,7.7,-0.09999999999999964,12,2011,2022,WLS,Stable,worthwhile
E07000034,Chesterfield,-0.000584001670925316,9.00767233423349,0.00019702662972631568,0.9654658347163914,0.01315554479546201,7.8,7.33,-0.46999999999999975,12,2011,2022,WLS,Stable,worthwhile
E07000035,Derbyshire Dales,0.015609597824977006,-23.614018507374567,0.09651091906674358,0.3256995671308569,0.015103059809150034,7.7,8.14,0.4400000000000004,12,2011,2022,WLS,Stable,worthwhile
E07000036,Erewash,0.0036975000671353175,0.5147017140074013,0.003103556759915471,0.8634679561866032,0.020955757666572122,7.49,7.59,0.09999999999999964,12,2011,2022,WLS,Stable,worthwhile
E07000037,High Peak,0.062160444615771804,-117.36287410978235,0.7147718249153832,0.0005326341643769883,0.012417283919251869,7.5,8.31,0.8100000000000005,12,2011,2022,WLS,Improving,worthwhile
E07000038,North East Derbyshire,0.02279669193379591,-38.03707111982311,0.14170922813315745,0.22777800866133924,0.017741485705362468,7.76,7.81,0.04999999999999982,12,2011,2022,WLS,Stable,worthwhile
E07000039,South Derbyshire,0.018963330207236395,-30.201595844158987,0.08438584761351264,0.35968370625154766,0.0197531357049555,7.72,7.91,0.1900000000000004,12,2011,2022,WLS,Stable,worthwhile
E07000040,East Devon,-0.015063140379413503,38.36387261588254,0.09363016988592765,0.33340919805496827,0.014820414090739625,7.85,7.84,-0.009999999999999787,12,2011,2022,WLS,Stable,worthwhile
E07000041,Exeter,0.009898152378737313,-12.049873730518357,0.01931384746875775,0.6666486143544064,0.022304102806241153,7.62,8.1,0.47999999999999954,12,2011,2022,WLS,Stable,worthwhile
E07000042,Mid Devon,0.006231561344179626,-4.637019155558164,0.01907651721118453,0.6685991785557766,0.01413073968691626,7.7,7.72,0.019999999999999574,12,2011,2022,WLS,Stable,worthwhile
E07000043,North Devon,-0.025449323660025898,59.377274548976416,0.10956408774127568,0.2932817549486644,0.022942643942923252,8.02,7.67,-0.34999999999999964,12,2011,2022,WLS,Stable,worthwhile
E07000044,South Hams,-0.032168980842752326,72.94642024848025,0.13561338908487064,0.23886674072431013,0.025682661803708002,8.34,7.14,-1.2000000000000002,12,2011,2022,WLS,Stable,worthwhile
E07000045,Teignbridge,0.01550325028277394,-23.296911438166717,0.08619186118405964,0.3543566007503389,0.015963096528974277,7.81,7.56,-0.25,12,2011,2022,WLS,Stable,worthwhile
E07000046,Torridge,0.04366531860120121,-80.10012875215011,0.5677731657131289,0.004655873445803094,0.01204772552894449,7.86,8.16,0.2999999999999998,12,2011,2022,WLS,Improving,worthwhile
E07000047,West Devon,0.05773199029597953,-108.36200240580251,0.301732552506338,0.08007554649765214,0.029274877738341712,7.86,7.84,-0.020000000000000462,11,2011,2021,WLS,Improving,worthwhile
E07000061,Eastbourne,0.006695778857610288,-5.829696094021784,0.018699591359640833,0.6717260724781564,0.015338611001602746,7.36,7.22,-0.14000000000000057,12,2011,2022,WLS,Stable,worthwhile
E07000062,Hastings,0.002105077115740678,3.4883837975687584,0.0015999774573292047,0.9017728868632044,0.016628894166600704,7.51,7.26,-0.25,12,2011,2022,WLS,Stable,worthwhile
E07000063,Lewes,-0.010320776186799413,28.744942399031345,0.08334281158492152,0.3628056410902958,0.010823849892637185,8.08,7.88,-0.20000000000000018,12,2011,2022,WLS,Stable,worthwhile
E07000064,Rother,0.014144650122049685,-20.525501457835503,0.1284376417210894,0.2526618168411474,0.011651860611434476,7.72,7.9,0.1800000000000006,12,2011,2022,WLS,Stable,worthwhile
E07000065,Wealden,0.02169939985680988,-35.88943123123812,0.3698401911869442,0.03590165354045083,0.008957071078471835,7.76,8.05,0.2900000000000009,12,2011,2022,WLS,Improving,worthwhile
E07000066,Basildon,0.029445148169251534,-51.60835736905136,0.4057951469916078,0.025894794518417807,0.01126752205497285,7.37,7.9,0.5300000000000002,12,2011,2022,WLS,Improving,worthwhile
E07000067,Braintree,0.0017978496016225198,4.257165742040229,0.0014405072716845435,0.906776704149415,0.01496864894368306,7.89,7.71,-0.17999999999999972,12,2011,2022,WLS,Stable,worthwhile
E07000068,Brentwood,0.031866672777135896,-56.393508217851036,0.14468481623911378,0.22256349293323074,0.024501255162188273,7.42,8.12,0.6999999999999993,12,2011,2022,WLS,Stable,worthwhile
E07000069,Castle Point,0.045751207283805356,-84.31315429197286,0.3132235030172458,0.05846720068989186,0.021423138704519916,8.0,8.3,0.3000000000000007,12,2011,2022,WLS,Improving,worthwhile
E07000070,Chelmsford,-0.007869636457094709,23.77330615918936,0.018486097540036717,0.6735133082081695,0.018133443269172718,7.58,7.66,0.08000000000000007,12,2011,2022,WLS,Stable,worthwhile
E07000071,Colchester,0.003466354765502555,0.7799759961905011,0.007363666117014778,0.7908822022523767,0.01272685360054974,7.7,7.73,0.03000000000000025,12,2011,2022,WLS,Stable,worthwhile
E07000072,Epping Forest,-0.002873533794699179,13.746831259310852,0.003794278034689791,0.8491761582626798,0.014724014931352156,7.99,8.12,0.129999999999999,12,2011,2022,WLS,Stable,worthwhile
E07000073,Harlow,0.06281150275786884,-119.01638892511619,0.41587361934012257,0.03216517584127265,0.024813650076590792,7.59,7.75,0.16000000000000014,11,2011,2021,WLS,Improving,worthwhile
E07000074,Maldon,0.001481776789444944,4.841036419348939,0.001064313914416526,0.9241391419342966,0.015131968449706277,7.93,7.76,-0.16999999999999993,11,2011,2021,WLS,Stable,worthwhile
E07000075,Rochford,0.0030771282602709144,1.7838510426340122,0.0018814141489181813,0.8935234880780969,0.02241271492580795,8.0,7.5,-0.5,12,2011,2022,WLS,Stable,worthwhile
E07000076,Tendring,-0.00743825567248485,22.715644952503624,0.06304639677962975,0.4311655487268955,0.00906775984310345,7.75,7.51,-0.2400000000000002,12,2011,2022,WLS,Stable,worthwhile
E07000077,Uttlesford,-0.006061376484517475,20.317101674906468,0.01294330473547134,0.7247983136050429,0.016738622731652976,7.99,7.46,-0.5300000000000002,12,2011,2022,WLS,Stable,worthwhile
E07000078,Cheltenham,-0.02764018184695244,63.411981592363986,0.26873541557586744,0.08422358645201555,0.014418355000686708,7.77,7.73,-0.03999999999999915,12,2011,2022,WLS,Deteriorating,worthwhile
E07000079,Cotswold,-0.003191805062998987,14.38529522982924,0.008551302573162722,0.775003918566707,0.010868143041225745,7.73,7.8,0.0699999999999994,12,2011,2022,WLS,Stable,worthwhile
E07000080,Forest of Dean,0.011253819709247687,-14.8280684107134,0.037208871210286376,0.5480711543487657,0.018102674631347328,7.89,7.87,-0.019999999999999574,12,2011,2022,WLS,Stable,worthwhile
E07000081,Gloucester,0.0020079431515730994,3.681417753394612,0.002420137795987709,0.879324246109356,0.012891551943013398,7.72,7.63,-0.08999999999999986,12,2011,2022,WLS,Stable,worthwhile
E07000082,Stroud,0.00924321494296751,-10.692510223738907,0.030039137579569997,0.5901031432728918,0.01660949498388958,7.65,7.7,0.04999999999999982,12,2011,2022,WLS,Stable,worthwhile
E07000083,Tewkesbury,-0.0030193834056388147,13.993875702716196,0.0019836133764926656,0.8906846874374876,0.021416997492249346,7.78,7.7,-0.08000000000000007,12,2011,2022,WLS,Stable,worthwhile
E07000084,Basingstoke and Deane,0.006041125024416991,-4.2445612622467195,0.02778554222982088,0.6046087339169866,0.01130028568629685,7.91,7.62,-0.29000000000000004,12,2011,2022,WLS,Stable,worthwhile
E07000085,East Hampshire,0.020093791151395757,-32.60385475100168,0.22437298962466556,0.11981113358299011,0.011814165731640021,7.86,7.9,0.040000000000000036,12,2011,2022,WLS,Stable,worthwhile
E07000086,Eastleigh,0.0020659644206163508,3.691469223279796,0.0035313199783760796,0.8544453897683866,0.010974535020231092,7.62,7.72,0.09999999999999964,12,2011,2022,WLS,Stable,worthwhile
E07000087,Fareham,0.020423188881776688,-33.198735613479926,0.11051921319758096,0.2910592991672536,0.018322002897958486,7.85,7.95,0.10000000000000053,12,2011,2022,WLS,Stable,worthwhile
E07000088,Gosport,0.010620888245209958,-13.564280772366601,0.06656326066904206,0.41816117891139193,0.012577258592551412,7.71,7.86,0.15000000000000036,12,2011,2022,WLS,Stable,worthwhile
E07000089,Hart,-0.014385819614856354,36.98688941951491,0.047299663527391456,0.4971326116208563,0.020416615220094716,7.5,7.61,0.11000000000000032,12,2011,2022,WLS,Stable,worthwhile
E07000090,Havant,0.02475582331330428,-41.95974103730987,0.14766237919660252,0.2174703155008908,0.018808244963198512,7.72,7.93,0.20999999999999996,12,2011,2022,WLS,Stable,worthwhile
E07000091,New Forest,-0.015703231807128543,39.67564432432346,0.17927028994966265,0.1702167260618137,0.010625147279689611,8.07,7.91,-0.16000000000000014,12,2011,2022,WLS,Stable,worthwhile
E07000092,Rushmoor,0.02486596312004352,-42.210388012161445,0.06165707661097364,0.4364575273230811,0.03067570919658072,7.73,7.22,-0.5100000000000007,12,2011,2022,WLS,Stable,worthwhile
E07000093,Test Valley,0.0028000123463844118,2.2590292778884304,0.0030268073236922044,0.865152930760114,0.016069756596949553,7.77,7.91,0.14000000000000057,12,2011,2022,WLS,Stable,worthwhile
E07000094,Winchester,0.00655133041390113,-5.158112141871868,0.022006748348467275,0.64543011530828,0.013810820917707977,7.85,7.97,0.1200000000000001,12,2011,2022,WLS,Stable,worthwhile
E07000095,Broxbourne,0.028251251771873098,-49.04933823334966,0.16486149932088234,0.19031229610528877,0.02010746519902514,7.65,7.75,0.09999999999999964,12,2011,2022,WLS,Stable,worthwhile
E07000096,Dacorum,0.0167086605077503,-25.82870053431435,0.12189552703816686,0.26599161332048116,0.014181456754454846,7.67,7.92,0.25,12,2011,2022,WLS,Stable,worthwhile
E07000098,Hertsmere,-0.016748095601541696,41.61890427193481,0.10851279351370957,0.2957503127665826,0.015180375587276643,7.99,7.69,-0.2999999999999998,12,2011,2022,WLS,Stable,worthwhile
E07000099,North Hertfordshire,-0.0046437945314438955,17.258128530936347,0.013165208231037617,0.7225308726878703,0.012713975077772197,7.94,7.82,-0.1200000000000001,12,2011,2022,WLS,Stable,worthwhile
E07000102,Three Rivers,0.012893361554614041,-17.99972774876217,0.07228037396936848,0.39813270778574283,0.014607111285019049,7.91,6.95,-0.96,12,2011,2022,WLS,Stable,worthwhile
E07000103,Watford,0.000996570787179074,5.753079376946175,0.0003954371602621354,0.9510885697004692,0.015844682025913135,7.65,7.49,-0.16000000000000014,12,2011,2022,WLS,Stable,worthwhile
E07000105,Ashford,0.012027508904166373,-16.281588764107028,0.11716034033797096,0.2761208874183463,0.010440620066740174,7.9,8.04,0.1399999999999988,12,2011,2022,WLS,Stable,worthwhile
E07000106,Canterbury,-0.008795742103471227,25.56911426421908,0.030250630631542874,0.5887770071005793,0.01574834874519194,7.67,7.6,-0.07000000000000028,12,2011,2022,WLS,Stable,worthwhile
E07000107,Dartford,0.05573333006183134,-104.37700679604933,0.45856885842631057,0.015557998748017665,0.019150685734753318,7.92,8.33,0.41000000000000014,12,2011,2022,WLS,Improving,worthwhile
E07000108,Dover,-0.007723078881883422,23.423427107453506,0.016256550307179318,0.6929299746633024,0.018998407612395518,7.67,7.58,-0.08999999999999986,12,2011,2022,WLS,Stable,worthwhile
E07000109,Gravesham,-0.0006886934530467848,9.184526196526576,9.390191255786995e-05,0.9774414235753279,0.023689019727756933,7.66,8.14,0.4800000000000004,11,2011,2022,WLS,Stable,worthwhile
E07000110,Maidstone,0.0023424125268579343,3.126090211569874,0.007579435977011051,0.7879013556753387,0.008476036434875463,7.78,8.0,0.21999999999999975,12,2011,2022,WLS,Stable,worthwhile
E07000111,Sevenoaks,0.0017202892296699357,4.542781209833777,0.0021100846127382056,0.8872726603465297,0.011830220840744875,8.13,8.08,-0.05000000000000071,12,2011,2022,WLS,Stable,worthwhile
E07000112,Folkestone and Hythe,-0.007673772386218747,23.4052330319945,0.033587655785310755,0.5685827371773646,0.013016682171491916,8.07,7.8,-0.27000000000000046,12,2011,2022,WLS,Stable,worthwhile
E07000113,Swale,-0.01650491023218892,41.15509852919308,0.15052088331417157,0.21269473623517432,0.012399127928480738,7.88,7.66,-0.21999999999999975,12,2011,2022,WLS,Stable,worthwhile
E07000114,Thanet,-0.010786644279637603,29.537669904334166,0.05274054376767301,0.47274113312676413,0.014456012994379201,7.84,7.86,0.020000000000000462,12,2011,2022,WLS,Stable,worthwhile
E07000115,Tonbridge and Malling,0.015142143936086205,-22.609623473830254,0.055080386238065215,0.46280575751796627,0.01983290417376448,7.46,7.93,0.46999999999999975,12,2011,2022,WLS,Stable,worthwhile
E07000116,Tunbridge Wells,-0.005241537391852541,18.458504349331804,0.014345658037636433,0.7108108826552952,0.013739178657324373,7.9,7.57,-0.33000000000000007,12,2011,2022,WLS,Stable,worthwhile
E07000117,Burnley,-0.016659630608768294,41.286229604550726,0.0366454088069712,0.5728487455372655,0.028472618768017727,7.46,7.03,-0.4299999999999997,11,2011,2021,WLS,Stable,worthwhile
E07000118,Chorley,0.03670082815059714,-66.02333484577645,0.388935961583711,0.030237977495263246,0.014547225697498991,7.67,7.78,0.11000000000000032,12,2011,2022,WLS,Improving,worthwhile
E07000119,Fylde,0.004835763855055519,-1.6411075420253383,0.0026240437707277797,0.8743774580834061,0.029813227524629924,7.59,7.84,0.25,12,2011,2022,WLS,Stable,worthwhile
E07000120,Hyndburn,-0.002126581370422695,12.060332780438472,0.0021129301807739642,0.887197103959777,0.014614371043618136,7.68,7.36,-0.3199999999999994,12,2011,2022,WLS,Stable,worthwhile
E07000121,Lancaster,-0.00021224486092474848,8.223634527417744,4.8212882246878586e-05,0.982913456600407,0.009665963843019874,7.91,7.76,-0.15000000000000036,12,2011,2022,WLS,Stable,worthwhile
E07000122,Pendle,0.021075983041427465,-34.6708189546207,0.09664101349254972,0.32535643503029754,0.020376861197749455,7.85,8.26,0.41000000000000014,12,2011,2022,WLS,Stable,worthwhile
E07000123,Preston,0.02332596986179311,-39.252621232986655,0.05793395316353478,0.45109974587414836,0.02974498840889077,7.72,7.37,-0.34999999999999964,12,2011,2022,WLS,Stable,worthwhile
E07000124,Ribble Valley,-0.009043132305579543,26.396299246839817,0.016134748452607317,0.6940331920576566,0.02233086759221895,8.33,7.82,-0.5099999999999998,12,2011,2022,WLS,Stable,worthwhile
E07000125,Rossendale,0.008362859737850642,-8.95070540111442,0.02163222367967721,0.6482864513127216,0.01778505860144596,7.92,7.91,-0.009999999999999787,12,2011,2022,WLS,Stable,worthwhile
E07000126,South Ribble,-0.005441159134790097,18.888034699966624,0.010226091268313753,0.7545018956914331,0.016927958904466224,7.93,7.99,0.0600000000000005,12,2011,2022,WLS,Stable,worthwhile
E07000127,West Lancashire,0.03843984486174379,-69.64433395445835,0.5300701624702376,0.0072601829752136915,0.011445412705435778,7.58,7.96,0.3799999999999999,12,2011,2022,WLS,Improving,worthwhile
E07000128,Wyre,0.013833104343901337,-19.941269326945758,0.12716232158747953,0.2552021556548647,0.011460595158359373,7.87,8.02,0.14999999999999947,12,2011,2022,WLS,Stable,worthwhile
E07000129,Blaby,0.01691948868727708,-26.136946073966044,0.04580119223860879,0.5041952399415284,0.02442127182197832,7.52,7.73,0.21000000000000085,12,2011,2022,WLS,Stable,worthwhile
E07000130,Charnwood,0.04077273958660235,-74.25500529509111,0.24879520339982852,0.09879689304248096,0.022404129171897894,7.77,7.51,-0.2599999999999998,12,2011,2022,WLS,Improving,worthwhile
E07000131,Harborough,-0.013933827781148184,36.08063859812995,0.0837554341600093,0.36156658791006757,0.014573694024298372,8.04,7.72,-0.3199999999999994,12,2011,2022,WLS,Stable,worthwhile
E07000132,Hinckley and Bosworth,0.018721577821884827,-29.86563300690875,0.3455408090064511,0.04442183460331561,0.008147681810621291,7.77,8.04,0.2699999999999996,12,2011,2022,WLS,Stable,worthwhile
E07000133,Melton,0.045061952779163805,-82.88595346703295,0.3303942624945104,0.05058322874588361,0.020286323313713186,7.57,8.33,0.7599999999999998,12,2011,2022,WLS,Improving,worthwhile
E07000134,North West Leicestershire,0.011087639249151432,-14.397916671039184,0.02178637188424648,0.6471073295766243,0.023494352765368126,7.73,7.52,-0.21000000000000085,12,2011,2022,WLS,Stable,worthwhile
E07000135,Oadby and Wigston,0.03306965943490702,-58.607450907427236,0.19127361273437182,0.23911545263277123,0.025701234180006405,7.6,7.7,0.10000000000000053,9,2011,2022,WLS,Stable,worthwhile
E07000136,Boston,0.034195848551802466,-61.103959421312084,0.1326055411062006,0.30091272866367946,0.030921167064973762,7.52,7.57,0.05000000000000071,10,2011,2021,WLS,Stable,worthwhile
E07000137,East Lindsey,0.02467244872722349,-41.7662995162496,0.27881629208601166,0.07762803229539128,0.012548046950764348,7.77,7.95,0.1800000000000006,12,2011,2022,WLS,Improving,worthwhile
E07000138,Lincoln,0.013249466323073278,-18.955045903666644,0.02300434032526144,0.6379593316927008,0.027304850993489508,7.33,7.22,-0.11000000000000032,12,2011,2022,WLS,Stable,worthwhile
E07000139,North Kesteven,-0.00031305139258472336,8.65974076514891,4.836406018959849e-05,0.9828866924706785,0.014234550637450575,7.96,7.99,0.03000000000000025,12,2011,2022,WLS,Stable,worthwhile
E07000140,South Holland,0.029280227183072438,-51.1689154089845,0.2021444143452762,0.14253021608191263,0.01839525083843045,7.75,7.95,0.20000000000000018,12,2011,2022,WLS,Stable,worthwhile
E07000141,South Kesteven,0.009195218964346469,-10.613352266902098,0.03995493102861836,0.5333709551329777,0.014253538511181203,7.64,8.07,0.4300000000000006,12,2011,2022,WLS,Stable,worthwhile
E07000142,West Lindsey,0.011419203842232023,-15.018191678370272,0.04747780808005708,0.4963033937173915,0.016174395061718718,8.26,8.08,-0.17999999999999972,12,2011,2022,WLS,Stable,worthwhile
E07000143,Breckland,0.011428997289860215,-15.157703924533621,0.04498967995690961,0.5080871178790574,0.016651590045579426,7.69,7.99,0.2999999999999998,12,2011,2022,WLS,Stable,worthwhile
E07000144,Broadland,-0.003712212083264138,15.468118832700043,0.008978160675538138,0.7695873338151507,0.012333340053151086,7.72,7.97,0.25,12,2011,2022,WLS,Stable,worthwhile
E07000145,Great Yarmouth,0.0502434593369952,-93.40425731545554,0.4048615578934027,0.026120443140148497,0.019263502984402794,7.21,8.16,0.9500000000000002,12,2011,2022,WLS,Improving,worthwhile
E07000146,King's Lynn and West Norfolk,0.011933613925671077,-16.133645182020132,0.048294787911376647,0.4925282218776479,0.0167522473100705,7.58,7.55,-0.03000000000000025,12,2011,2022,WLS,Stable,worthwhile
E07000147,North Norfolk,0.0023424497391744403,3.2423468373634705,0.0025230610768781636,0.8768018104289137,0.014728476672701891,8.07,8.05,-0.019999999999999574,12,2011,2022,WLS,Stable,worthwhile
E07000148,Norwich,0.01174034907125121,-16.037394852666694,0.08383777881591026,0.3613199497237598,0.012272903447974468,7.46,7.62,0.16000000000000014,12,2011,2022,WLS,Stable,worthwhile
E07000149,South Norfolk,-0.02141840275812043,51.16331126013773,0.2549073772137094,0.09410138314010297,0.011579798714634748,7.96,7.86,-0.09999999999999964,12,2011,2022,WLS,Deteriorating,worthwhile
E07000170,Ashfield,0.03084410822547934,-54.509426656095684,0.15280259844382016,0.20896070641698739,0.02296672953580067,7.37,6.85,-0.5200000000000005,12,2011,2022,WLS,Stable,worthwhile
E07000171,Bassetlaw,0.006234146979664734,-4.6560254529017016,0.017357736676879565,0.6831620300771746,0.014832973094799256,7.7,7.81,0.10999999999999943,12,2011,2022,WLS,Stable,worthwhile
E07000172,Broxtowe,-0.010321903080845032,28.829903380570443,0.02743354885776561,0.6069391891400433,0.019434726033628835,7.84,7.28,-0.5599999999999996,12,2011,2022,WLS,Stable,worthwhile
E07000173,Gedling,0.011213898333332,-14.724729439607927,0.05514695577648365,0.462527635872507,0.014678374905233183,7.68,7.52,-0.16000000000000014,12,2011,2022,WLS,Stable,worthwhile
E07000174,Mansfield,0.05978513861170828,-112.71875543083405,0.5095214696734343,0.00912735015600874,0.018549063888759272,7.31,8.0,0.6900000000000004,12,2011,2022,WLS,Improving,worthwhile
E07000175,Newark and Sherwood,0.012742969214600441,-17.676829767280594,0.02329576405789513,0.6358133135062749,0.026092379709273167,7.48,8.08,0.5999999999999996,12,2011,2022,WLS,Stable,worthwhile
E07000176,Rushcliffe,0.003423991668312115,1.026575093568681,0.005678197749645397,0.8159557715214545,0.014328176533701366,7.77,8.01,0.2400000000000002,12,2011,2022,WLS,Stable,worthwhile
E07000177,Cherwell,0.00808111244660753,-8.42286194174011,0.025316011663638394,0.6213595349985488,0.01585643027695558,7.57,7.84,0.2699999999999996,12,2011,2022,WLS,Stable,worthwhile
E07000178,Oxford,0.027063639366787046,-46.6950983510597,0.15899793392746098,0.19915810625675712,0.01968289558102728,7.52,8.03,0.5099999999999998,12,2011,2022,WLS,Stable,worthwhile
E07000179,South Oxfordshire,0.009320969097228599,-10.825407824394006,0.0255620983914856,0.6196469750958156,0.01819868051930358,7.59,7.87,0.28000000000000025,12,2011,2022,WLS,Stable,worthwhile
E07000180,Vale of White Horse,0.007452572078576719,-7.111304100460359,0.01796504941986321,0.6779256275222754,0.017424304388135463,7.93,7.95,0.020000000000000462,12,2011,2022,WLS,Stable,worthwhile
E07000181,West Oxfordshire,0.004484034359246408,-1.1552021806263042,0.00686562535774371,0.7979441481567182,0.017054260332606642,7.61,8.09,0.47999999999999954,12,2011,2022,WLS,Stable,worthwhile
E07000192,Cannock Chase,0.008826240785426431,-9.856183296557276,0.017327219959497597,0.6834278953350874,0.02101918099852969,7.77,8.28,0.5099999999999998,12,2011,2022,WLS,Stable,worthwhile
E07000193,East Staffordshire,0.021727973653622584,-36.01711165142433,0.28370351619216916,0.07460189163030817,0.010917753294249204,7.61,7.91,0.2999999999999998,12,2011,2022,WLS,Improving,worthwhile
E07000194,Lichfield,0.01847057786909717,-29.198374972461465,0.11772994975580875,0.27488009912311706,0.015989606352525755,7.97,7.64,-0.33000000000000007,12,2011,2022,WLS,Stable,worthwhile
E07000195,Newcastle-under-Lyme,0.07595809256634048,-145.31488880097604,0.6929203203558542,0.0007799445666558658,0.015990348942731544,7.37,8.0,0.6299999999999999,12,2011,2022,WLS,Improving,worthwhile
E07000196,South Staffordshire,0.03020938329435721,-52.81316466243362,0.3440480771150266,0.04499831514261565,0.013190713778673285,7.83,8.46,0.6300000000000008,12,2011,2022,WLS,Improving,worthwhile
E07000197,Stafford,-0.002812606125642894,13.514563692977589,0.0022190719100985135,0.8844148704038881,0.01885996270481847,7.67,7.49,-0.17999999999999972,12,2011,2022,WLS,Stable,worthwhile
E07000198,Staffordshire Moorlands,0.00803489862402295,-8.03255591655828,0.013220256935101427,0.7219716562270606,0.021951821701155245,8.09,7.61,-0.47999999999999954,12,2011,2022,WLS,Stable,worthwhile
E07000199,Tamworth,0.0043888462721689,-1.0243155799309989,0.00411785791462882,0.8429441646229812,0.02158334052997089,7.74,7.8,0.05999999999999961,12,2011,2022,WLS,Stable,worthwhile
E07000200,Babergh,0.021691564289472054,-35.65862011246685,0.21182952962876,0.1321685726633539,0.013231457956537617,7.99,8.1,0.10999999999999943,12,2011,2022,WLS,Stable,worthwhile
E07000202,Ipswich,0.02628754747851761,-45.18300803337695,0.16068952268795156,0.1965641549760775,0.01899842557949199,7.61,7.93,0.3199999999999994,12,2011,2022,WLS,Stable,worthwhile
E07000203,Mid Suffolk,-0.010265900532230421,28.64838354410557,0.08797449436603133,0.3491936297220275,0.010452547608262861,7.97,8.04,0.0699999999999994,12,2011,2022,WLS,Stable,worthwhile
E07000207,Elmbridge,-0.005023380630969965,17.999513287286845,0.007808054307415269,0.7847917297699163,0.017906987180647024,7.97,7.63,-0.33999999999999986,12,2011,2022,WLS,Stable,worthwhile
E07000208,Epsom and Ewell,0.013906093788583429,-20.040793180456603,0.024012928010201495,0.649145070165176,0.029551761456863317,7.6,7.52,-0.08000000000000007,11,2011,2021,WLS,Stable,worthwhile
E07000209,Guildford,0.013869366958724122,-20.16928452667338,0.06043750324261998,0.4411784606365947,0.017292835819759846,7.59,7.8,0.20999999999999996,12,2011,2022,WLS,Stable,worthwhile
E07000210,Mole Valley,0.010579833338357214,-13.33689260804681,0.02843049241182849,0.6003853361008664,0.01955796090510856,8.04,8.46,0.4200000000000017,12,2011,2022,WLS,Stable,worthwhile
E07000211,Reigate and Banstead,0.00629217611430799,-4.798536143135493,0.016719568947773378,0.6887783838470627,0.01525903360684655,7.88,8.03,0.14999999999999947,12,2011,2022,WLS,Stable,worthwhile
E07000212,Runnymede,0.05628910404879961,-105.66977642305164,0.43593559318912534,0.02703087361801715,0.021343039324877897,7.63,7.51,-0.1200000000000001,11,2011,2021,WLS,Improving,worthwhile
E07000213,Spelthorne,-0.0176178644810302,43.38170541671502,0.07731349345137228,0.3815365102942123,0.01924654152232187,7.83,6.61,-1.2199999999999998,12,2011,2022,WLS,Stable,worthwhile
E07000214,Surrey Heath,0.0285671300152725,-49.727965556365916,0.1548178348090189,0.20571894598641327,0.021107231757073606,7.46,7.8,0.33999999999999986,12,2011,2022,WLS,Stable,worthwhile
E07000215,Tandridge,0.01667770609803526,-25.740582506273768,0.09728165756033891,0.32367292956823435,0.01606560070625084,7.7,7.69,-0.009999999999999787,12,2011,2022,WLS,Stable,worthwhile
E07000216,Waverley,-0.0005897532463685629,9.218930635964853,0.0001925549049144326,0.9658597747756055,0.013438513440159408,8.11,8.17,0.0600000000000005,12,2011,2022,WLS,Stable,worthwhile
E07000217,Woking,0.025010924267347134,-42.422719870497474,0.10873439734049872,0.29522800028775587,0.02264382752129503,7.68,7.89,0.20999999999999996,12,2011,2022,WLS,Stable,worthwhile
E07000218,North Warwickshire,0.018681290482597895,-29.619762103454264,0.02235539499601824,0.6427968030359006,0.03906665287502311,7.26,7.85,0.5899999999999999,12,2011,2022,WLS,Stable,worthwhile
E07000219,Nuneaton and Bedworth,0.020303981230002877,-33.14532016621499,0.11642517205441993,0.2777315366171531,0.017688028383633182,7.42,7.12,-0.2999999999999998,12,2011,2022,WLS,Stable,worthwhile
E07000220,Rugby,0.02098911172225873,-34.43460134602475,0.13628453952549102,0.23761832044115017,0.016709217434521587,7.42,7.78,0.3600000000000003,12,2011,2022,WLS,Stable,worthwhile
E07000221,Stratford-on-Avon,0.006411158268657291,-5.0515285055220716,0.006613271974244772,0.8016257771043858,0.02484777369720863,7.16,7.77,0.6099999999999994,12,2011,2022,WLS,Stable,worthwhile
E07000222,Warwick,0.001116308080998718,5.541007550947597,0.00027261634982223004,0.959381986240261,0.021377106133436335,7.43,7.62,0.1900000000000004,12,2011,2022,WLS,Stable,worthwhile
E07000223,Adur,0.035640762438937656,-64.0857537684958,0.2209598340540696,0.14457191534572167,0.02230740173726075,7.32,7.95,0.6299999999999999,11,2011,2022,WLS,Stable,worthwhile
E07000224,Arun,0.009448707944886975,-11.027390338372129,0.058902863207943135,0.4472225635490652,0.011943220444663925,8.07,8.12,0.049999999999998934,12,2011,2022,WLS,Stable,worthwhile
E07000225,Chichester,-0.02293929497421293,54.26460402690776,0.11864618658908466,0.2728972163822725,0.01977098551325815,8.19,7.87,-0.3199999999999994,12,2011,2022,WLS,Stable,worthwhile
E07000226,Crawley,0.03538791117481735,-63.43767502208283,0.3619631083694278,0.03849248680574968,0.014857497616395321,7.65,8.16,0.5099999999999998,12,2011,2022,WLS,Improving,worthwhile
E07000227,Horsham,0.0028404076506269166,2.229097815865572,0.002567916922867508,0.8757189295225802,0.017702388018731297,7.89,7.79,-0.09999999999999964,12,2011,2022,WLS,Stable,worthwhile
E07000228,Mid Sussex,-3.518311575465005e-05,8.058450551945441,1.6577081162205687e-06,0.9968315003983905,0.008641316351401756,8.05,8.12,0.06999999999999851,12,2011,2022,WLS,Stable,worthwhile
E07000229,Worthing,0.004678723326143434,-1.6192124750290162,0.011799059836033354,0.736845433561307,0.01354023786453832,7.81,7.2,-0.6099999999999994,12,2011,2022,WLS,Stable,worthwhile
E07000234,Bromsgrove,0.007314903096763858,-6.828754576994925,0.012647025336345985,0.7278594733249855,0.020438574499625304,7.72,7.68,-0.040000000000000036,12,2011,2022,WLS,Stable,worthwhile
E07000235,Malvern Hills,-0.004702313160956123,17.417295841081625,0.009050538850701062,0.7686826820911894,0.015559659287257313,7.86,8.21,0.35000000000000053,12,2011,2022,WLS,Stable,worthwhile
E07000236,Redditch,0.025155057472800363,-42.923522569929446,0.09731099136017374,0.32359609243314136,0.02422777003012841,7.58,7.82,0.2400000000000002,12,2011,2022,WLS,Stable,worthwhile
E07000237,Worcester,0.002328033095461285,3.051633608426698,0.0019081771281492799,0.8927726749255724,0.016837013331290892,7.62,7.99,0.3700000000000001,12,2011,2022,WLS,Stable,worthwhile
E07000238,Wychavon,0.013412818085141054,-19.161591994573882,0.10288735252036851,0.3093708293221602,0.012524561452678832,7.77,7.81,0.040000000000000036,12,2011,2022,WLS,Stable,worthwhile
E07000239,Wyre Forest,0.03453976646170756,-61.776978880094134,0.5174212600280204,0.008367128566176385,0.010548272842564281,7.68,8.08,0.40000000000000036,12,2011,2022,WLS,Improving,worthwhile
E07000240,St Albans,0.009637566284321109,-11.560787855928254,0.04103817817838595,0.5277567608991216,0.014732416908238444,8.01,8.02,0.009999999999999787,12,2011,2022,WLS,Stable,worthwhile
E07000241,Welwyn Hatfield,-0.001406066233706857,10.676062893776532,0.0007089348792116423,0.9345373912063821,0.01669354642030655,7.85,8.3,0.45000000000000107,12,2011,2022,WLS,Stable,worthwhile
E07000242,East Hertfordshire,-0.0006616230531400202,9.275582998698269,0.00019463616091897062,0.9656758612820866,0.014995349594950172,7.95,7.77,-0.1800000000000006,12,2011,2022,WLS,Stable,worthwhile
E07000243,Stevenage,0.007241452545487526,-6.751746514841898,0.017239545764898057,0.684193212727898,0.01728966648483945,7.8,8.05,0.2500000000000009,12,2011,2022,WLS,Stable,worthwhile
E07000244,East Suffolk,0.024059186427184076,-40.55276518571395,0.3425683474799891,0.04557622387572913,0.010539806211452835,7.77,8.11,0.33999999999999986,12,2011,2022,WLS,Improving,worthwhile
E07000245,West Suffolk,0.01089862102041167,-14.103401079102241,0.05060254346405402,0.4821020602053079,0.01492826753828423,7.69,7.63,-0.0600000000000005,12,2011,2022,WLS,Stable,worthwhile
E08000001,Bolton,0.024790994236850383,-42.17347587666342,0.3929977907470872,0.029138207022787688,0.009743029684977776,7.62,7.92,0.2999999999999998,12,2011,2022,WLS,Improving,worthwhile
E08000002,Bury,0.02146762443628117,-35.47818309673687,0.39873829761857615,0.027642642093995917,0.008336270239697375,7.52,7.89,0.3700000000000001,12,2011,2022,WLS,Improving,worthwhile
E08000003,Manchester,0.027055363774859495,-46.96133428759168,0.4171470833990114,0.023281600705271632,0.01011319215086533,7.42,7.29,-0.1299999999999999,12,2011,2022,WLS,Improving,worthwhile
E08000004,Oldham,0.037063278276736306,-67.0276712352034,0.5736803141800155,0.004329118182546887,0.010103609446553136,7.44,7.57,0.1299999999999999,12,2011,2022,WLS,Improving,worthwhile
E08000005,Rochdale,0.028836685473495993,-50.45119441251586,0.42950516409526807,0.0206959982642545,0.010509619782050766,7.49,7.63,0.13999999999999968,12,2011,2022,WLS,Improving,worthwhile
E08000006,Salford,0.02492998581924369,-42.59284186226347,0.4156500509182478,0.023612743164644456,0.00934748157332239,7.39,7.69,0.3000000000000007,12,2011,2022,WLS,Improving,worthwhile
E08000007,Stockport,0.007381966978217275,-7.025240178931597,0.09678803554122595,0.3249691708107203,0.007131093018041159,7.77,7.75,-0.019999999999999574,12,2011,2022,WLS,Stable,worthwhile
E08000008,Tameside,0.02839224729654205,-49.48195478532773,0.5100996061937475,0.009069825657119335,0.00879885516997187,7.67,7.74,0.07000000000000028,12,2011,2022,WLS,Improving,worthwhile
E08000009,Trafford,-0.000989485730244169,9.843545407182518,0.0007065459884809666,0.9346475705138781,0.011767544224564906,7.73,7.71,-0.020000000000000462,12,2011,2022,WLS,Stable,worthwhile
E08000010,Wigan,0.024829734571719886,-42.185733320943314,0.29802943467487175,0.06633291310654643,0.012050413467797855,7.64,7.78,0.14000000000000057,12,2011,2022,WLS,Improving,worthwhile
E08000011,Knowsley,0.008146531434482851,-8.719368022532365,0.055008611354491976,0.4631059028538227,0.010677542833030138,7.7,7.49,-0.20999999999999996,12,2011,2022,WLS,Stable,worthwhile
E08000012,Liverpool,0.018932426613692793,-30.523335498366407,0.3070847025082464,0.0615391139550856,0.008993262406462366,7.44,7.59,0.14999999999999947,12,2011,2022,WLS,Stable,worthwhile
E08000013,St. Helens,-0.0017133583038132782,11.261718616526593,0.005764375468985228,0.8145856645327845,0.007115685145338699,7.88,7.72,-0.16000000000000014,12,2011,2022,WLS,Stable,worthwhile
E08000014,Sefton,0.013604691922113804,-19.60604598975027,0.13526530056575437,0.23951697517512183,0.010877696915038275,7.73,7.72,-0.010000000000000675,12,2011,2022,WLS,Stable,worthwhile
E08000015,Wirral,0.006493809381869109,-5.315845638875828,0.02734860993400845,0.607504289919468,0.012246458457799675,7.65,7.62,-0.03000000000000025,12,2011,2022,WLS,Stable,worthwhile
E08000016,Barnsley,0.023654132392046917,-39.91441630137183,0.20178236478298772,0.14293227867820635,0.01487736707827368,7.51,7.54,0.03000000000000025,12,2011,2022,WLS,Stable,worthwhile
E08000017,Doncaster,0.0036888447141447955,0.35652553895465644,0.026178001989460187,0.6154040912108858,0.007114787210380377,7.76,7.94,0.1800000000000006,12,2011,2022,WLS,Stable,worthwhile
E08000018,Rotherham,0.02148201347972087,-35.48901168355383,0.308294685799413,0.06092252172922907,0.010175424155608933,7.59,7.74,0.15000000000000036,12,2011,2022,WLS,Improving,worthwhile
E08000019,Sheffield,0.016659409875081257,-25.860124622075944,0.22960310771407322,0.11498772722435513,0.009650015112330379,7.65,7.62,-0.03000000000000025,12,2011,2022,WLS,Stable,worthwhile
E08000021,Newcastle upon Tyne,0.01182139515582259,-16.218138619232946,0.21365809289636584,0.13029478636771774,0.007171578751022004,7.63,7.56,-0.07000000000000028,12,2011,2022,WLS,Stable,worthwhile
E08000022,North Tyneside,0.015051268157322467,-22.588112344336196,0.36270462076234755,0.03824187098489551,0.0063090930678975435,7.65,7.75,0.09999999999999964,12,2011,2022,WLS,Stable,worthwhile
E08000023,South Tyneside,0.024609382241328998,-41.9191873733547,0.33396445269935837,0.04906713202150659,0.010990040551102703,7.45,7.53,0.08000000000000007,12,2011,2022,WLS,Improving,worthwhile
E08000024,Sunderland,0.0014592237600565827,4.810323199304946,0.001095075464249362,0.9186816314741646,0.013936763982500428,7.61,7.72,0.10999999999999943,12,2011,2022,WLS,Stable,worthwhile
E08000025,Birmingham,0.029383707373665163,-51.59590313235327,0.43460506500945406,0.01970262013666213,0.010598274296795157,7.27,7.65,0.3800000000000008,12,2011,2022,WLS,Improving,worthwhile
E08000026,Coventry,0.024183363226004007,-41.09314971614515,0.3085594153636779,0.060788353754302804,0.011447871106099202,7.27,7.61,0.34000000000000075,12,2011,2022,WLS,Improving,worthwhile
E08000027,Dudley,-0.005190919232542279,18.16739431921951,0.03986913324296815,0.5338199474979861,0.008055473817560065,7.71,7.84,0.1299999999999999,12,2011,2022,WLS,Stable,worthwhile
E08000028,Sandwell,0.011520514483018635,-15.618080378695282,0.20458411752751826,0.13984909736780682,0.007183449548518893,7.44,7.75,0.3099999999999996,12,2011,2022,WLS,Stable,worthwhile
E08000029,Solihull,0.00824620981805052,-8.812395325633247,0.052414042382509685,0.47415280054629405,0.011087659011864578,7.64,7.8,0.16000000000000014,12,2011,2022,WLS,Stable,worthwhile
E08000030,Walsall,0.0027849442607963404,2.149624003789654,0.019829721421400603,0.6624561181839597,0.0061916865958139495,7.66,7.87,0.20999999999999996,12,2011,2022,WLS,Stable,worthwhile
E08000031,Wolverhampton,0.046447904030961606,-86.1622361538287,0.9116508596742728,1.3764094930479587e-06,0.00457249260958476,7.22,7.62,0.40000000000000036,12,2011,2022,WLS,Improving,worthwhile
E08000032,Bradford,0.004031276558503716,-0.3505131880235126,0.019679785845147735,0.6636680532022132,0.008997386732552954,7.61,7.64,0.02999999999999936,12,2011,2022,WLS,Stable,worthwhile
E08000033,Calderdale,-0.00040016720551910856,8.629955319461203,0.00016528354902767273,0.9683685068003434,0.009842168268324918,7.71,7.58,-0.1299999999999999,12,2011,2022,WLS,Stable,worthwhile
E08000034,Kirklees,0.012435197914997032,-17.3108792874732,0.09255078859012156,0.3363539710360066,0.01231328137392428,7.62,7.73,0.11000000000000032,12,2011,2022,WLS,Stable,worthwhile
E08000035,Leeds,0.019926940644067748,-32.374394699848665,0.26685909610658654,0.08550592623963515,0.010444636912404106,7.66,7.68,0.019999999999999574,12,2011,2022,WLS,Stable,worthwhile
E08000036,Wakefield,0.008252096012787785,-8.842848407968404,0.04868040307951804,0.490761906230315,0.011535871537076187,7.7,7.68,-0.020000000000000462,12,2011,2022,WLS,Stable,worthwhile
E08000037,Gateshead,0.018529269028202594,-29.65334970353979,0.19308172972775417,0.15293058503416446,0.011978500931640044,7.56,7.69,0.13000000000000078,12,2011,2022,WLS,Stable,worthwhile
E09000002,Barking and Dagenham,0.04178861368854572,-76.51956903168445,0.5694154700065035,0.004563047268286047,0.011491389470074982,7.49,7.9,0.41000000000000014,12,2011,2022,WLS,Improving,worthwhile
E09000003,Barnet,-0.008960612071804347,25.84028756815286,0.05864981040780193,0.448230544165523,0.011352198513599485,7.7,7.44,-0.2599999999999998,12,2011,2022,WLS,Stable,worthwhile
E09000004,Bexley,0.007481544384540656,-7.2908275796524435,0.10640452229826858,0.30077257653629985,0.006856171851133783,7.68,7.65,-0.02999999999999936,12,2011,2022,WLS,Stable,worthwhile
E09000005,Brent,0.0540202784411474,-101.2526683947691,0.4727496818146105,0.013472379536206613,0.018040543657660144,7.2,7.31,0.10999999999999943,12,2011,2022,WLS,Improving,worthwhile
E09000006,Bromley,-0.016065666616923657,40.148665999765115,0.19865746227231174,0.14644826201919603,0.010203646573032476,7.84,7.55,-0.29000000000000004,12,2011,2022,WLS,Stable,worthwhile
E09000007,Camden,0.01629001237848335,-25.34075722711077,0.17672403698153105,0.1736072508939399,0.011118503068059987,7.35,7.46,0.11000000000000032,12,2011,2022,WLS,Stable,worthwhile
E09000008,Croydon,0.016283730954682857,-25.14101829393684,0.1839293604520963,0.16418138865773035,0.010846566029691201,7.57,7.64,0.0699999999999994,12,2011,2022,WLS,Stable,worthwhile
E09000009,Ealing,0.026958596505657365,-46.606058553664894,0.28977520351021546,0.07099058607861575,0.013346413754287955,7.62,7.48,-0.13999999999999968,12,2011,2022,WLS,Improving,worthwhile
E09000010,Enfield,0.019057361458696437,-30.726326600191044,0.20560503065651303,0.13874159340732484,0.011845793172885479,7.57,7.8,0.22999999999999954,12,2011,2022,WLS,Stable,worthwhile
E09000011,Greenwich,0.025028668283208155,-42.79733291661273,0.33990036686823566,0.04663464215866808,0.011029775463549338,7.36,7.74,0.3799999999999999,12,2011,2022,WLS,Improving,worthwhile
E09000012,Hackney,0.013827425219820222,-20.39733936421834,0.14879128418692422,0.21557115228933,0.01045852895982095,7.38,7.35,-0.03000000000000025,12,2011,2022,WLS,Stable,worthwhile
E09000013,Hammersmith and Fulham,0.021290081118735593,-35.24565569763155,0.408393653288866,0.02527550210907914,0.00810315667791128,7.53,7.82,0.29000000000000004,12,2011,2022,WLS,Improving,worthwhile
E09000014,Haringey,0.011411894605954903,-15.416143942784345,0.08303019793251432,0.3637479133134509,0.0119927072467156,7.37,7.23,-0.13999999999999968,12,2011,2022,WLS,Stable,worthwhile
E09000015,Harrow,0.039057443561154565,-71.06219242947509,0.6315741602076733,0.0020107106495639293,0.009433365860681714,7.33,7.96,0.6299999999999999,12,2011,2022,WLS,Improving,worthwhile
E09000016,Havering,0.027021234337752498,-46.644173019374875,0.5668762985593189,0.004707222486298734,0.007469078246334178,7.69,7.95,0.2599999999999998,12,2011,2022,WLS,Improving,worthwhile
E09000017,Hillingdon,0.010669191366393604,-13.72248274849943,0.0936008470932963,0.33348878685487127,0.010499082800417447,7.61,7.82,0.20999999999999996,12,2011,2022,WLS,Stable,worthwhile
E09000018,Hounslow,0.027438133139346066,-47.581668529979254,0.28751616018691994,0.0723154196442839,0.013658749444246604,7.49,7.71,0.21999999999999975,12,2011,2022,WLS,Improving,worthwhile
E09000019,Islington,0.006704059497983375,-6.06028045517607,0.031424389076759596,0.5815206378090043,0.01176985744851833,7.31,7.31,0.0,12,2011,2022,WLS,Stable,worthwhile
E09000020,Kensington and Chelsea,-0.03576084172220412,79.8161656427726,0.4792517040827379,0.01259802748001082,0.011787991886147903,7.69,7.68,-0.010000000000000675,12,2011,2022,WLS,Deteriorating,worthwhile
E09000021,Kingston upon Thames,0.004758638092511341,-1.8561032598667282,0.010185270958970705,0.754979101750237,0.014834514564052706,7.66,7.52,-0.14000000000000057,12,2011,2022,WLS,Stable,worthwhile
E09000022,Lambeth,0.023773420889186186,-40.396457757830376,0.6014121780830213,0.003037096091815794,0.006120227740690016,7.44,7.75,0.3099999999999996,12,2011,2022,WLS,Improving,worthwhile
E09000023,Lewisham,0.0063007574031236635,-5.077229956002213,0.03235753990452184,0.575872574372013,0.010895883952421127,7.41,7.59,0.17999999999999972,12,2011,2022,WLS,Stable,worthwhile
E09000024,Merton,0.028724486469136223,-50.14280726235896,0.2423444343938218,0.1039862351228551,0.016060965786937945,7.51,7.55,0.040000000000000036,12,2011,2022,WLS,Stable,worthwhile
E09000025,Newham,0.03662275440828602,-66.10923321614547,0.37768912359869566,0.03347173617284738,0.014865771773656142,7.34,8.08,0.7400000000000002,12,2011,2022,WLS,Improving,worthwhile
E09000026,Redbridge,0.011460707787890267,-15.323267182282962,0.041600631037739144,0.5248808289405638,0.017395412825250586,7.64,7.89,0.25,12,2011,2022,WLS,Stable,worthwhile
E09000027,Richmond upon Thames,-0.007440150329541401,22.773885492214447,0.056574832063712055,0.456620685277247,0.009607796653673938,7.72,7.67,-0.04999999999999982,12,2011,2022,WLS,Stable,worthwhile
E09000028,Southwark,-0.009061653179366483,25.89961220635041,0.06950250446287298,0.40769985915612583,0.010484912570428202,7.56,7.4,-0.15999999999999925,12,2011,2022,WLS,Stable,worthwhile
E09000029,Sutton,0.01646337100294834,-25.356683584348445,0.11303597935937637,0.28529380938682536,0.014583555409808827,7.74,7.79,0.04999999999999982,12,2011,2022,WLS,Stable,worthwhile
E09000030,Tower Hamlets,0.03175163727089807,-56.38485953878694,0.3125250292567121,0.058809716883018615,0.014891970524092368,7.14,7.3,0.16000000000000014,12,2011,2022,WLS,Improving,worthwhile
E09000031,Waltham Forest,0.017685883574061395,-27.94379011917482,0.10939648697699123,0.2936737249276937,0.015957589017274617,7.35,7.5,0.15000000000000036,12,2011,2022,WLS,Stable,worthwhile
E09000032,Wandsworth,-0.0039004962277344735,15.544323254025699,0.009760981199070096,0.7600017335720564,0.01242347646350865,7.61,7.4,-0.20999999999999996,12,2011,2022,WLS,Stable,worthwhile
E09000033,Westminster,0.008967222120651042,-10.462199592620323,0.03920925695749644,0.537294848952927,0.014037120446590265,7.59,7.25,-0.33999999999999986,12,2011,2022,WLS,Stable,worthwhile
N09000001,Antrim and Newtownabbey,-0.035181836702517066,78.95617233895223,0.3372083927954006,0.06103681370081082,0.01644131561523001,7.86,7.74,-0.1200000000000001,11,2012,2022,WLS,Deteriorating,worthwhile
N09000002,"Armagh City, Banbridge and Craigavon",0.0022650281829226238,3.506405284785842,0.004735020232912723,0.840674333443834,0.010946134930525814,8.06,8.1,0.03999999999999915,11,2012,2022,WLS,Stable,worthwhile
N09000003,Belfast,-0.02330196618394431,54.6956624139284,0.20038673404674834,0.16739026460740658,0.015515894742754669,7.47,7.43,-0.040000000000000036,11,2012,2022,WLS,Stable,worthwhile
N09000004,Causeway Coast and Glens,0.009212010010181015,-10.339010572391999,0.021773937804848598,0.6650353121559163,0.02058184352290512,7.86,8.11,0.2499999999999991,11,2012,2022,WLS,Stable,worthwhile
N09000005,Derry City and Strabane,0.009746395116417061,-11.749461627169921,0.03183464252340851,0.5996588310232502,0.01791626756075468,7.51,7.79,0.28000000000000025,11,2012,2022,WLS,Stable,worthwhile
N09000006,Fermanagh and Omagh,-0.012218981756183522,32.83648863293365,0.03695180164019218,0.5712180759938996,0.02079313456961737,8.11,8.03,-0.08000000000000007,11,2012,2022,WLS,Stable,worthwhile
N09000007,Lisburn and Castlereagh,-0.008345520591962141,24.87018654176677,0.03456200924221542,0.5841718781738268,0.014702624975916952,8.19,7.99,-0.1999999999999993,11,2012,2022,WLS,Stable,worthwhile
N09000008,Mid and East Antrim,-0.014108704770930292,36.662968865362245,0.06913779508391193,0.4347003618230092,0.01725642495781071,8.11,8.15,0.040000000000000924,11,2012,2022,WLS,Stable,worthwhile
N09000009,Mid Ulster,0.014299005990351166,-20.63280307614923,0.09937199876301561,0.3450396982779984,0.014349121184984956,8.13,8.35,0.21999999999999886,11,2012,2022,WLS,Stable,worthwhile
N09000010,"Newry, Mourne and Down",0.013669542396612111,-19.426936361087655,0.07716101401388575,0.4082150639756357,0.01575784140158314,7.88,8.12,0.23999999999999932,11,2012,2022,WLS,Stable,worthwhile
N09000011,Ards and North Down,0.009134891749313256,-10.41403217783477,0.026790887849891698,0.6305944755541777,0.018352349893288412,7.87,8.0,0.1299999999999999,11,2012,2022,WLS,Stable,worthwhile
S12000005,Clackmannanshire,0.007955355803742015,-8.231737447149214,0.03139728845773426,0.5816862409049848,0.013972894402910548,7.51,7.73,0.22000000000000064,12,2011,2022,WLS,Stable,worthwhile
S12000006,Dumfries and Galloway,0.021393815677385006,-35.13471880081201,0.30310954681606106,0.06360409904269804,0.010258189078749513,7.81,7.81,0.0,12,2011,2022,WLS,Improving,worthwhile
S12000008,East Ayrshire,0.020293759352265267,-33.134202587885795,0.20973555929046395,0.1343458577784611,0.012456977848154525,7.54,7.56,0.019999999999999574,12,2011,2022,WLS,Stable,worthwhile
S12000010,East Lothian,0.019164607868682043,-30.829737401452235,0.26059942154463667,0.08991382186353913,0.010208292530833902,7.69,7.74,0.04999999999999982,12,2011,2022,WLS,Stable,worthwhile
S12000011,East Renfrewshire,0.02554200240433646,-43.589887051328276,0.5417732382714426,0.006347396119959603,0.007428247953002457,7.73,7.87,0.13999999999999968,12,2011,2022,WLS,Improving,worthwhile
S12000013,Na h-Eileanan Siar,0.00756891776286249,-6.979122938862076,0.0415813978663373,0.5249787385465581,0.01149110680434579,8.25,8.27,0.019999999999999574,12,2011,2022,WLS,Stable,worthwhile
S12000014,Falkirk,-0.0009038726837490574,9.643071339639107,0.0008370171165583695,0.9288814054296963,0.009875481056416445,7.78,7.88,0.09999999999999964,12,2011,2022,WLS,Stable,worthwhile
S12000017,Highland,0.01996741467829788,-32.141151050368364,0.24840614706042008,0.09910295917483292,0.010983285624229169,7.98,8.1,0.11999999999999922,12,2011,2022,WLS,Stable,worthwhile
S12000018,Inverclyde,0.010138386130672333,-12.69854559063981,0.13773831864983965,0.23493783016821856,0.008021599639270351,7.59,7.74,0.15000000000000036,12,2011,2022,WLS,Stable,worthwhile
S12000019,Midlothian,0.009517126859646508,-11.315240607067153,0.08677440410015969,0.35265913853711894,0.00976335489445505,7.89,7.87,-0.019999999999999574,12,2011,2022,WLS,Stable,worthwhile
S12000020,Moray,-0.005676225906990989,19.32878401161574,0.019841567101251734,0.6623605962982833,0.012615946159765499,7.95,7.59,-0.3600000000000003,12,2011,2022,WLS,Stable,worthwhile
S12000021,North Ayrshire,0.01885047789174002,-30.318372731813383,0.16680531352237626,0.18746845372780285,0.013322651581540827,7.45,7.64,0.1899999999999995,12,2011,2022,WLS,Stable,worthwhile
S12000023,Orkney Islands,0.033478706005151015,-59.25083050266926,0.6587944989664528,0.0043556091054346435,0.008518373927944488,8.01,8.31,0.3000000000000007,10,2011,2020,WLS,Improving,worthwhile
S12000026,Scottish Borders,0.011552342540488453,-15.341526529534747,0.15647801031175446,0.20308715659557408,0.008481869856024503,7.78,7.91,0.1299999999999999,12,2011,2022,WLS,Stable,worthwhile
S12000027,Shetland Islands,-0.020183947364272925,48.80124487069145,0.4249654755703398,0.021615789474392466,0.007424654353631379,8.29,7.97,-0.3199999999999994,12,2011,2022,WLS,Deteriorating,worthwhile
S12000028,South Ayrshire,0.026159207931479883,-44.9012106108957,0.3187636947215903,0.055812438672133036,0.01209313932452555,7.55,7.98,0.4300000000000006,12,2011,2022,WLS,Improving,worthwhile
S12000029,South Lanarkshire,0.022012924178631932,-36.55521052678927,0.22002914691806008,0.12396125534664959,0.013106200787906487,7.55,7.74,0.1900000000000004,12,2011,2022,WLS,Stable,worthwhile
S12000030,Stirling,-0.003614393006767247,15.118911630681282,0.021534149445597173,0.6490392236712033,0.007704498028890242,7.71,7.82,0.11000000000000032,12,2011,2022,WLS,Stable,worthwhile
S12000033,Aberdeen City,-0.01127992464957353,30.398598560511346,0.1590323664823916,0.19910495992236665,0.008202629176025409,7.65,7.65,0.0,12,2011,2022,WLS,Stable,worthwhile
S12000034,Aberdeenshire,-0.0026057027478383343,13.202815210625545,0.008535512875873175,0.7752070250620338,0.008880729491753198,7.93,7.9,-0.02999999999999936,12,2011,2022,WLS,Stable,worthwhile
S12000035,Argyll and Bute,0.006869812330780045,-5.862541994599269,0.05923684429446008,0.4458971858852272,0.008657431542498834,7.95,7.99,0.040000000000000036,12,2011,2022,WLS,Stable,worthwhile
S12000036,City of Edinburgh,0.005267229690540887,-2.872793469756857,0.059583902186668536,0.4445258533821801,0.006617254128342953,7.68,7.88,0.20000000000000018,12,2011,2022,WLS,Stable,worthwhile
S12000038,Renfrewshire,0.0076429534528972,-7.672519730439319,0.030362262104555282,0.5880793725483184,0.01365837105608125,7.54,7.7,0.16000000000000014,12,2011,2022,WLS,Stable,worthwhile
S12000039,West Dunbartonshire,0.015895231203541332,-24.32997656004835,0.25842014260192137,0.09149648496565033,0.008514960368783313,7.58,7.68,0.09999999999999964,12,2011,2022,WLS,Stable,worthwhile
S12000040,West Lothian,-0.02323522653480324,54.63367709036871,0.3791757222364308,0.033027896960172276,0.009401799725656064,7.83,7.46,-0.3700000000000001,12,2011,2022,WLS,Deteriorating,worthwhile
S12000041,Angus,0.011497038420808792,-15.395611343439043,0.07241188580463631,0.3976871831778468,0.013012437042683758,7.66,7.72,0.05999999999999961,12,2011,2022,WLS,Stable,worthwhile
S12000042,Dundee City,0.019658914049730886,-32.01968392808868,0.31564549592739277,0.05729316943357121,0.009153776207967814,7.54,7.69,0.15000000000000036,12,2011,2022,WLS,Stable,worthwhile
S12000045,East Dunbartonshire,0.002966531480932788,1.950164779418401,0.014256635033096487,0.7116755816863845,0.00780049884266736,7.89,8.02,0.1299999999999999,12,2011,2022,WLS,Stable,worthwhile
S12000047,Fife,-0.009033022899759519,25.95737194056977,0.2215134213550607,0.12252815821084018,0.005354989868764194,7.82,7.72,-0.10000000000000053,12,2011,2022,WLS,Stable,worthwhile
S12000048,Perth and Kinross,0.015314393052021091,-22.98638765147507,0.354300499011565,0.041167124152245105,0.00653776239332506,7.67,7.91,0.2400000000000002,12,2011,2022,WLS,Stable,worthwhile
S12000049,Glasgow City,0.0036322145507104164,0.21208547854888593,0.010828369938702731,0.7475776347532617,0.01097806449020615,7.37,7.41,0.040000000000000036,12,2011,2022,WLS,Stable,worthwhile
S12000050,North Lanarkshire,0.01592643913259245,-24.334669503429836,0.15751050234527497,0.20146781288449178,0.01164786090367803,7.61,7.51,-0.10000000000000053,12,2011,2022,WLS,Stable,worthwhile
W06000001,Isle of Anglesey,-0.005997504580139729,20.07769621666648,0.056822265622135215,0.4556083006690126,0.0077269497030415715,8.05,7.91,-0.14000000000000057,12,2011,2022,WLS,Stable,worthwhile
W06000002,Gwynedd,0.014209174541515407,-20.72402971706441,0.13264289856243683,0.24447680725834675,0.01149015312739076,7.82,7.81,-0.010000000000000675,12,2011,2022,WLS,Stable,worthwhile
W06000003,Conwy,0.003840204010523457,0.10491051945126628,0.02014233019622902,0.6599463055245551,0.008469951811247753,7.83,7.68,-0.15000000000000036,12,2011,2022,WLS,Stable,worthwhile
W06000004,Denbighshire,0.02682653069458503,-46.18769215512029,0.5006136489574461,0.010053003848461639,0.00847288872455642,7.75,7.63,-0.1200000000000001,12,2011,2022,WLS,Improving,worthwhile
W06000005,Flintshire,-0.0014301754922202564,10.739352690990046,0.0017238603566755994,0.8980578449575787,0.010883376053029711,7.93,7.66,-0.2699999999999996,12,2011,2022,WLS,Stable,worthwhile
W06000006,Wrexham,0.0037111912414971304,0.3606447446169341,0.008996413331052389,0.769358826916704,0.01231732065521213,7.83,7.8,-0.03000000000000025,12,2011,2022,WLS,Stable,worthwhile
W06000008,Ceredigion,0.002438768062963448,2.8980177882343128,0.011073502603709207,0.7448194413595899,0.0072880274511176995,7.73,7.63,-0.10000000000000053,12,2011,2022,WLS,Stable,worthwhile
W06000009,Pembrokeshire,-0.0015729219836031205,11.050860459656178,0.003915788358721861,0.8468049284547241,0.007933148887870422,7.88,7.69,-0.1899999999999995,12,2011,2022,WLS,Stable,worthwhile
W06000010,Carmarthenshire,0.01543380403171328,-23.355659045424602,0.39026423380001407,0.029874474750742896,0.006100486089007675,7.62,7.71,0.08999999999999986,12,2011,2022,WLS,Stable,worthwhile
W06000011,Swansea,0.004978755739503488,-2.296875468098392,0.02680077437582873,0.6111751133480245,0.00948741779887311,7.58,7.57,-0.009999999999999787,12,2011,2022,WLS,Stable,worthwhile
W06000012,Neath Port Talbot,0.014190075209781272,-20.828535802778106,0.2512376510130767,0.09689526978019947,0.007746657127112197,7.6,7.68,0.08000000000000007,12,2011,2022,WLS,Stable,worthwhile
W06000013,Bridgend,0.009300118876741148,-10.931141141754097,0.07936280275635366,0.37503532611279966,0.010016690626997981,7.73,7.78,0.04999999999999982,12,2011,2022,WLS,Stable,worthwhile
W06000014,Vale of Glamorgan,0.029791374996801817,-52.17093555008631,0.30727372321332913,0.06144242703108005,0.014145186168187432,7.7,7.68,-0.020000000000000462,12,2011,2022,WLS,Improving,worthwhile
W06000015,Cardiff,-0.0016077638307469833,10.947488446977985,0.0022470995800478732,0.8836915620397596,0.010713283418143699,7.64,7.33,-0.3099999999999996,12,2011,2022,WLS,Stable,worthwhile
W06000016,Rhondda Cynon Taf,0.003473220874934513,0.6754049240925042,0.006968694886549387,0.7964610086613952,0.01311107034354612,7.51,7.83,0.3200000000000003,12,2011,2022,WLS,Stable,worthwhile
W06000018,Caerphilly,0.009973742102403704,-12.347069867071752,0.18762634721992533,0.15954254699699244,0.006562799513667566,7.8,7.85,0.04999999999999982,12,2011,2022,WLS,Stable,worthwhile
W06000019,Blaenau Gwent,0.02045678002649068,-33.48280787853554,0.3063847101005066,0.061898350710014816,0.009733366128925206,7.61,7.75,0.13999999999999968,12,2011,2022,WLS,Improving,worthwhile
W06000020,Torfaen,0.020427284793380518,-33.44377794753768,0.2147692283995596,0.12916854036275094,0.012351601471166727,7.46,7.72,0.2599999999999998,12,2011,2022,WLS,Stable,worthwhile
W06000021,Monmouthshire,0.025102716548148107,-42.711431958788296,0.45025669973633453,0.01690259227366342,0.00877143406181262,7.74,7.98,0.2400000000000002,12,2011,2022,WLS,Improving,worthwhile
W06000022,Newport,0.025748091635772324,-44.18256531041902,0.27323306069337905,0.08122061748145182,0.013279325124204376,7.59,7.47,-0.1200000000000001,12,2011,2022,WLS,Improving,worthwhile
W06000023,Powys,0.007148355328101597,-6.4900638512913815,0.04722007924407079,0.4975037616756406,0.010154044781522906,7.93,7.77,-0.16000000000000014,12,2011,2022,WLS,Stable,worthwhile
W06000024,Merthyr Tydfil,0.03313571565419471,-59.05037062262517,0.49771556099001135,0.010370581888926811,0.010526417887960432,7.64,8.12,0.47999999999999954,12,2011,2022,WLS,Improving,worthwhile
CUMBRIA_COMBINED,Cumbria (combined),0.0054545454545454316,-3.4815909090908628,0.03498084649163758,0.5605297280554438,0.009059649051750144,7.515000000000001,7.52,0.004999999999999005,12,2011,2022,OLS (insufficient SEs),Stable,happiness
DORSET_COMBINED,Dorset (combined),0.012954545454545432,-18.596590909090864,0.2581676375127592,0.09168150175655781,0.0069442311191363825,7.415,7.5,0.08499999999999996,12,2011,2022,OLS (insufficient SEs),Stable,happiness
E06000001,Hartlepool,0.016005541960237957,-24.891464956754135,0.17574222185819965,0.17493243139349146,0.010961345199615655,7.27,7.57,0.3000000000000007,12,2011,2022,WLS,Stable,happiness
E06000002,Middlesbrough,0.008145860582930958,-9.085707108632647,0.03887014751072371,0.5390957103517318,0.012809138211255075,7.14,7.05,-0.08999999999999986,12,2011,2022,WLS,Stable,happiness
E06000003,Redcar and Cleveland,0.023460420993681952,-39.844404217944316,0.46956790322704633,0.013918517796164931,0.007884996361074837,7.26,7.49,0.23000000000000043,12,2011,2022,WLS,Improving,happiness
E06000004,Stockton-on-Tees,0.006162608594871555,-4.996651002980798,0.02050637973032754,0.6570519172352798,0.01346855157142758,7.24,7.29,0.04999999999999982,12,2011,2022,WLS,Stable,happiness
E06000005,Darlington,0.00279090131153098,1.8115810966327217,0.0039152838887918096,0.8468146939420358,0.014077028482022521,7.36,7.17,-0.1900000000000004,12,2011,2022,WLS,Stable,happiness
E06000006,Halton,0.028701491011725727,-50.52485558060238,0.5641081903347723,0.004868673901607501,0.007978341289525931,7.22,7.45,0.23000000000000043,12,2011,2022,WLS,Improving,happiness
E06000007,Warrington,0.008545163004447617,-9.74650838740186,0.03312927915471309,0.5712789544889696,0.014598174908931418,7.27,7.32,0.05000000000000071,12,2011,2022,WLS,Stable,happiness
E06000008,Blackburn with Darwen,0.04668312620414877,-86.68209465324338,0.5234963379892941,0.007819128794165353,0.014084331188001049,7.02,7.43,0.41000000000000014,12,2011,2022,WLS,Improving,happiness
E06000009,Blackpool,0.024340626935714677,-41.79741911131981,0.275935481155992,0.0794633392005597,0.012468569181666354,6.9,7.31,0.40999999999999925,12,2011,2022,WLS,Improving,happiness
E06000010,"Kingston upon Hull, City of",0.012614958578240354,-18.148909472539174,0.12170106786451829,0.26639942118995164,0.010716668867579087,7.3,7.32,0.020000000000000462,12,2011,2022,WLS,Stable,happiness
E06000011,East Riding of Yorkshire,0.030007931236962132,-52.929215942225426,0.3185470765161469,0.055914197533461385,0.013879287553055227,7.29,7.3,0.009999999999999787,12,2011,2022,WLS,Improving,happiness
E06000012,North East Lincolnshire,0.03816949094358066,-69.5129992194054,0.5382878771146132,0.006608637341790624,0.01117878766981067,7.35,7.82,0.47000000000000064,12,2011,2022,WLS,Improving,happiness
E06000013,North Lincolnshire,0.0032795816056175875,0.8946831073604926,0.013260775712079953,0.7215608662410253,0.008946129349824762,7.4,7.55,0.14999999999999947,12,2011,2022,WLS,Stable,happiness
E06000014,York,0.011199537259179992,-15.154210324095914,0.1254706552332201,0.2586146894623773,0.009350098570550873,7.3,7.45,0.15000000000000036,12,2011,2022,WLS,Stable,happiness
E06000015,Derby,0.010920666929056827,-14.627288224728773,0.12755463390821753,0.254417765056802,0.009031713684101661,7.2,7.28,0.08000000000000007,12,2011,2022,WLS,Stable,happiness
E06000016,Leicester,0.018728140608550686,-30.36636840368891,0.19649016652866302,0.14893568594786832,0.01197622230893543,7.22,7.24,0.020000000000000462,12,2011,2022,WLS,Stable,happiness
E06000017,Rutland,0.006826393642945822,-6.091686156755202,0.07943953653506985,0.37479465420061997,0.007348507414269743,7.79,7.7,-0.08999999999999986,12,2011,2022,WLS,Stable,happiness
E06000018,Nottingham,-0.008287304410663915,23.940853949873485,0.09482285826937753,0.330191145091455,0.008096989194771823,7.28,7.24,-0.040000000000000036,12,2011,2022,WLS,Stable,happiness
E06000019,"Herefordshire, County of",0.014741267984511808,-22.153638170178624,0.2385071613182792,0.10719175461129193,0.008329463728645268,7.48,7.64,0.15999999999999925,12,2011,2022,WLS,Stable,happiness
E06000020,Telford and Wrekin,0.010477268725283817,-13.728181989783991,0.0814564482714435,0.3685383389895762,0.01112590185323197,7.38,7.52,0.13999999999999968,12,2011,2022,WLS,Stable,happiness
E06000021,Stoke-on-Trent,0.032136887773105305,-57.46070825162593,0.478781129626467,0.012659661457191884,0.010603405469370362,7.19,7.32,0.1299999999999999,12,2011,2022,WLS,Improving,happiness
E06000022,Bath and North East Somerset,-0.01702472706325571,41.78586317754463,0.2321752596095038,0.11268295560934205,0.009790463191503004,7.5,7.2,-0.2999999999999998,12,2011,2022,WLS,Stable,happiness
E06000023,"Bristol, City of",0.0024020545332510412,2.3578220228785938,0.00830136190993025,0.778242841850906,0.008302292830426442,7.14,7.2,0.0600000000000005,12,2011,2022,WLS,Stable,happiness
E06000024,North Somerset,0.013366339507274116,-19.457890129129794,0.11511645983807994,0.28062473355864537,0.011718899608206589,7.42,7.6,0.17999999999999972,12,2011,2022,WLS,Stable,happiness
E06000025,South Gloucestershire,0.0062059965453671595,-5.047522847567166,0.03172327237863615,0.5797001988768589,0.01084232163358718,7.21,7.36,0.15000000000000036,12,2011,2022,WLS,Stable,happiness
E06000026,Plymouth,0.0315644929523578,-56.18673230404556,0.6839680202487808,0.0009050922953577345,0.006784946616800939,7.29,7.71,0.41999999999999993,12,2011,2022,WLS,Improving,happiness
E06000027,Torbay,0.026443829950619724,-45.89164692229309,0.39148814228310114,0.029542867740588452,0.010425564327860726,7.15,7.39,0.23999999999999932,12,2011,2022,WLS,Improving,happiness
E06000030,Swindon,0.013152984662419903,-19.091134121908112,0.19353263094121598,0.15239619171790553,0.008490643635723903,7.33,7.43,0.09999999999999964,12,2011,2022,WLS,Stable,happiness
E06000031,Peterborough,0.011403304915352214,-15.586281453064828,0.051192738822392614,0.4794900661011283,0.01552442610575913,7.21,7.14,-0.07000000000000028,12,2011,2022,WLS,Stable,happiness
E06000032,Luton,0.047455302686505524,-88.1944029991244,0.803719397275666,7.842321156825705e-05,0.007416025498325756,7.19,7.64,0.4499999999999993,12,2011,2022,WLS,Improving,happiness
E06000033,Southend-on-Sea,0.013138225032117298,-19.033401468736145,0.15606986720324,0.2037309490732444,0.009661185318416362,7.32,7.31,-0.010000000000000675,12,2011,2022,WLS,Stable,happiness
E06000034,Thurrock,0.03163188838447631,-56.37757248984076,0.5824683593123786,0.0038782651076270103,0.008469029510785805,7.1,7.51,0.41000000000000014,12,2011,2022,WLS,Improving,happiness
E06000035,Medway,0.01368048952777004,-20.215782981795087,0.19917676146286534,0.14585824806705472,0.00867462357619575,7.35,7.29,-0.05999999999999961,12,2011,2022,WLS,Stable,happiness
E06000036,Bracknell Forest,0.026803529867845066,-46.593783882158846,0.4050494445995254,0.026074896031166528,0.010272553422447657,7.36,7.67,0.3099999999999996,12,2011,2022,WLS,Improving,happiness
E06000037,West Berkshire,0.004595726702739861,-1.7048780556922338,0.012865659053752143,0.7255967767008242,0.012729938499303237,7.5,7.44,-0.05999999999999961,12,2011,2022,WLS,Stable,happiness
E06000038,Reading,0.01057770484546891,-13.842199575977787,0.06563765861037607,0.42153092504434264,0.012620383939111406,7.24,7.42,0.17999999999999972,12,2011,2022,WLS,Stable,happiness
E06000039,Slough,0.014128593043110038,-21.133766921677307,0.14320866243240993,0.22513452673717183,0.010928279785354019,7.29,7.4,0.11000000000000032,12,2011,2022,WLS,Stable,happiness
E06000040,Windsor and Maidenhead,0.012224183865280125,-17.079121481632058,0.08334251615742783,0.36280653012173714,0.01282006165544438,7.38,7.49,0.11000000000000032,12,2011,2022,WLS,Stable,happiness
E06000041,Wokingham,0.003240020222364276,1.0607557295439278,0.004629886187807686,0.8335791753797546,0.01502293754044536,7.39,7.42,0.03000000000000025,12,2011,2022,WLS,Stable,happiness
E06000042,Milton Keynes,0.017333283882981138,-27.521770745180106,0.09825272499146476,0.32114071656879517,0.01660546215327999,7.2,7.4,0.20000000000000018,12,2011,2022,WLS,Stable,happiness
E06000043,Brighton and Hove,-1.6098168156009063e-05,7.311298572229219,2.9756143238302e-07,0.9986575790177916,0.009332286759307192,7.14,7.03,-0.10999999999999943,12,2011,2022,WLS,Stable,happiness
E06000044,Portsmouth,0.023829219055403972,-40.5471149539523,0.17535845950510032,0.17545313291252174,0.016341015912359022,7.23,7.37,0.13999999999999968,12,2011,2022,WLS,Stable,happiness
E06000045,Southampton,0.0036435007571408995,0.023940486787182635,0.0057025650119557625,0.8155672693522218,0.015213947073694027,7.21,7.07,-0.13999999999999968,12,2011,2022,WLS,Stable,happiness
E06000046,Isle of Wight,0.004420305998285995,-1.346496255105194,0.019007701322216852,0.6691673814422194,0.010042002707272728,7.45,7.53,0.08000000000000007,12,2011,2022,WLS,Stable,happiness
E06000047,County Durham,0.030017127532215943,-53.16123009106707,0.3530759746301251,0.04160920060865503,0.01284877390852057,7.12,7.37,0.25,12,2011,2022,WLS,Improving,happiness
E06000049,Cheshire East,-0.00941942268448584,26.531618786930267,0.059106843223476035,0.4464124160817282,0.011884353410361674,7.57,7.56,-0.010000000000000675,12,2011,2022,WLS,Stable,happiness
E06000050,Cheshire West and Chester,0.0034752185386898726,0.47873031497050533,0.01090230090695965,0.7467422284035998,0.01046749190958406,7.46,7.29,-0.16999999999999993,12,2011,2022,WLS,Stable,happiness
E06000051,Shropshire,0.008043764140206022,-8.635911616020223,0.0587011119232147,0.4480259326456959,0.010185912394637694,7.53,7.66,0.1299999999999999,12,2011,2022,WLS,Stable,happiness
E06000052,Cornwall,6.522286623486528e-05,7.418724296681148,7.956372104711562e-06,0.9930584968747087,0.007312074468897403,7.6,7.51,-0.08999999999999986,12,2011,2022,WLS,Stable,happiness
E06000054,Wiltshire,-0.004119916313231026,15.85131134958948,0.014594102377183393,0.7084134238553839,0.010705507963456254,7.54,7.35,-0.1900000000000004,12,2011,2022,WLS,Stable,happiness
E06000055,Bedford,0.02649115431585436,-45.927021282685814,0.18854111355938907,0.15841469759957794,0.017379253136374853,7.16,7.59,0.4299999999999997,12,2011,2022,WLS,Stable,happiness
E06000056,Central Bedfordshire,0.009852864410898388,-12.316080871037002,0.05360451108613262,0.46903592604536115,0.01309176398777992,7.41,7.28,-0.1299999999999999,12,2011,2022,WLS,Stable,happiness
E06000057,Northumberland,0.006347659311873949,-5.351902166299681,0.04251242114660969,0.5202738485151328,0.009526256350660504,7.24,7.56,0.3199999999999994,12,2011,2022,WLS,Stable,happiness
E06000060,Buckinghamshire,0.012797228558249552,-18.25349129158144,0.11207236803591913,0.2874859126069964,0.011390831771472466,7.43,7.47,0.040000000000000036,12,2011,2022,WLS,Stable,happiness
E06000065,North Yorkshire,0.002762237762237772,2.000780885780866,0.007878336237443334,0.7838455140505715,0.009802261147398909,7.55,7.52,-0.03000000000000025,12,2011,2022,OLS (insufficient SEs),Stable,happiness
E06000066,Somerset,0.01503496503496502,-22.781340326340295,0.19606858972002444,0.1494242602453065,0.009627375443552279,7.36,7.47,0.10999999999999943,12,2011,2022,OLS (insufficient SEs),Stable,happiness
E07000008,Cambridge,0.008574466159749855,-9.933513987806919,0.021565620787892703,0.648797444908151,0.018263834394821633,7.4,7.02,-0.3800000000000008,12,2011,2022,WLS,Stable,happiness
E07000009,East Cambridgeshire,0.005201758709050236,-2.8858341109585126,0.005903857809818724,0.8123906081347061,0.02134501442127564,7.37,7.77,0.39999999999999947,12,2011,2022,WLS,Stable,happiness
E07000010,Fenland,0.03402969712767501,-61.34428636301993,0.13305920608270694,0.24368215443338515,0.027468208764675338,6.88,7.57,0.6900000000000004,12,2011,2022,WLS,Stable,happiness
E07000011,Huntingdonshire,0.0028972227678326357,1.668101873190892,0.0015767360637225503,0.9024859043837954,0.023054713775173274,7.3,7.3,0.0,12,2011,2022,WLS,Stable,happiness
E07000012,South Cambridgeshire,-0.009530101361583193,26.726201600870752,0.020119391261297692,0.6601296994561814,0.021031811621853334,7.48,7.09,-0.39000000000000057,12,2011,2022,WLS,Stable,happiness
E07000032,Amber Valley,0.0005488113157412766,6.4732591358162495,0.00014670850989229045,0.9701981456975239,0.014327273275549333,7.53,7.58,0.04999999999999982,12,2011,2022,WLS,Stable,happiness
E07000033,Bolsover,0.011694688164203132,-16.198751461575853,0.013637464727771609,0.7177747319884058,0.031451409262201135,7.11,7.05,-0.0600000000000005,12,2011,2022,WLS,Stable,happiness
E07000034,Chesterfield,-0.00941522735770614,26.480928773956464,0.028345759059659748,0.6009368138699849,0.017431816333785568,7.47,7.29,-0.17999999999999972,12,2011,2022,WLS,Stable,happiness
E07000035,Derbyshire Dales,-0.02294319327871755,53.78697432965464,0.06717249565440142,0.4159632134759004,0.027037018185809912,7.53,7.39,-0.14000000000000057,12,2011,2022,WLS,Stable,happiness
E07000036,Erewash,-0.010789382891931154,29.30711501009847,0.09709659421920891,0.3241581838254084,0.010404357172847035,7.61,7.52,-0.09000000000000075,12,2011,2022,WLS,Stable,happiness
E07000037,High Peak,0.029901920473937027,-52.7342031072713,0.2975628694876101,0.06658869888840657,0.014528254637407248,7.28,7.58,0.2999999999999998,12,2011,2022,WLS,Improving,happiness
E07000038,North East Derbyshire,0.019215708020633743,-31.180729743476547,0.10837604379523424,0.2960731526322564,0.017429326628779333,7.45,7.61,0.16000000000000014,12,2011,2022,WLS,Stable,happiness
E07000039,South Derbyshire,0.024652988788406466,-42.16955445501833,0.27256339310597133,0.08166148768571535,0.012736009983456144,7.45,7.67,0.21999999999999975,12,2011,2022,WLS,Improving,happiness
E07000040,East Devon,-0.018172364406379066,44.39066383504593,0.11267992851753506,0.28610158256051,0.016126061377350013,7.56,7.73,0.17000000000000082,12,2011,2022,WLS,Stable,happiness
E07000041,Exeter,0.007913571685307097,-8.494755721290403,0.019572017503414862,0.6645424624430922,0.017711795615452962,7.3,7.34,0.040000000000000036,12,2011,2022,WLS,Stable,happiness
E07000042,Mid Devon,0.02249083941271643,-37.77661512485378,0.07841698436334832,0.37801807657751163,0.02438191581363771,7.21,7.25,0.040000000000000036,12,2011,2022,WLS,Stable,happiness
E07000043,North Devon,0.00360296357909462,0.4354695872639809,0.005410390258104081,0.8202843429697801,0.015447831896870826,7.53,7.56,0.02999999999999936,12,2011,2022,WLS,Stable,happiness
E07000044,South Hams,-0.012673543972466284,33.18440361633054,0.022222759591768226,0.6437957131648413,0.026583921388414134,7.96,6.9,-1.0599999999999996,12,2011,2022,WLS,Stable,happiness
E07000045,Teignbridge,0.01091793401468713,-14.412422603815571,0.0286361874568154,0.5990507993105623,0.02010822920370304,7.46,7.17,-0.29000000000000004,12,2011,2022,WLS,Stable,happiness
E07000046,Torridge,0.07728066308569562,-148.1742888262205,0.590618198634715,0.003495531470780522,0.02034612431755069,7.32,8.05,0.7300000000000004,12,2011,2022,WLS,Improving,happiness
E07000047,West Devon,0.07403533512860305,-141.62129613476645,0.565702268981807,0.007580983736406699,0.021623082821034603,7.5,7.83,0.33000000000000007,11,2011,2021,WLS,Improving,happiness
E07000061,Eastbourne,0.017731418660136583,-28.417961603065464,0.08227911392734644,0.3660243663193192,0.018726386771117084,6.94,6.57,-0.3700000000000001,12,2011,2022,WLS,Stable,happiness
E07000062,Hastings,0.021803832816911506,-36.56862156861223,0.08848284827139208,0.3477382498320787,0.022130219361902636,7.35,6.56,-0.79,12,2011,2022,WLS,Stable,happiness
E07000063,Lewes,0.022771398472701126,-38.38422659934173,0.21387653552807018,0.13007263869856467,0.013805543618283582,7.43,7.47,0.040000000000000036,12,2011,2022,WLS,Stable,happiness
E07000064,Rother,-0.0025542488800499863,12.760754780722493,0.004083099115414712,0.8436011885150536,0.01261478350824729,7.57,7.29,-0.28000000000000025,12,2011,2022,WLS,Stable,happiness
E07000065,Wealden,0.031848406291653614,-56.69611539446413,0.3494228512893125,0.042952741129667515,0.013742364253099956,7.35,7.63,0.28000000000000025,12,2011,2022,WLS,Improving,happiness
E07000066,Basildon,0.0427960706313604,-78.84119291021,0.4485277229245671,0.01719428097667186,0.015006212511093658,7.09,7.43,0.33999999999999986,12,2011,2022,WLS,Improving,happiness
E07000067,Braintree,0.007808083736912774,-8.157941849922508,0.029076819326553927,0.5962118216709169,0.014268011419651056,7.6,7.57,-0.02999999999999936,12,2011,2022,WLS,Stable,happiness
E07000068,Brentwood,0.03709216444581234,-67.37860917710293,0.19421167690510166,0.1515948305940913,0.023892136773823725,7.3,7.78,0.4800000000000004,12,2011,2022,WLS,Stable,happiness
E07000069,Castle Point,0.021028183067630463,-34.91787959462823,0.08170307897480145,0.36778239001386304,0.022293286724344444,7.46,7.58,0.1200000000000001,12,2011,2022,WLS,Stable,happiness
E07000070,Chelmsford,0.015008055717315755,-22.63500125534705,0.08075967487062785,0.37068463445430666,0.016011856389817742,7.4,7.79,0.3899999999999997,12,2011,2022,WLS,Stable,happiness
E07000071,Colchester,-0.003846744948409031,15.195605185624004,0.005958837606802714,0.8115328521446807,0.015711396954472275,7.43,7.56,0.1299999999999999,12,2011,2022,WLS,Stable,happiness
E07000072,Epping Forest,-0.004030466937887639,15.664894039046033,0.006452490067403005,0.8040101704260529,0.01581561229965758,7.58,7.58,0.0,12,2011,2022,WLS,Stable,happiness
E07000073,Harlow,0.05420828132653854,-101.93064501788376,0.23732354490433738,0.12855903826973858,0.03239247555981558,7.53,7.79,0.2599999999999998,11,2011,2021,WLS,Stable,happiness
E07000074,Maldon,-0.025320664785753233,58.6785477060389,0.05764361576752708,0.4770183002267183,0.03412603487599965,7.92,7.21,-0.71,11,2011,2021,WLS,Stable,happiness
E07000075,Rochford,0.03460920075158627,-62.171693188355505,0.14206890235187053,0.22714095005340607,0.026894796498750144,7.87,7.28,-0.5899999999999999,12,2011,2022,WLS,Stable,happiness
E07000076,Tendring,-0.013962586630959173,35.528091960592974,0.11904585534844736,0.2720372410639942,0.012011172174155274,7.52,7.06,-0.45999999999999996,12,2011,2022,WLS,Stable,happiness
E07000077,Uttlesford,-0.006853977543684914,21.4806885541135,0.02542268244960799,0.6206159648391734,0.01341961759937723,7.32,7.29,-0.03000000000000025,12,2011,2022,WLS,Stable,happiness
E07000078,Cheltenham,0.006309000012037963,-5.3044093148103,0.01639103228656935,0.6917173292387435,0.015454985971082599,7.47,7.73,0.2600000000000007,12,2011,2022,WLS,Stable,happiness
E07000079,Cotswold,-0.006013584451832754,19.831369168377876,0.010556861696208064,0.7506725295752996,0.01841032345896294,7.24,7.49,0.25,12,2011,2022,WLS,Stable,happiness
E07000080,Forest of Dean,0.01417453864505358,-21.143594133965166,0.021832729241160087,0.6467536909779481,0.03000277889765655,7.36,7.02,-0.34000000000000075,12,2011,2022,WLS,Stable,happiness
E07000081,Gloucester,0.025062020007652785,-43.199001180072,0.24132299629050813,0.10483070300854647,0.014052227689073165,7.07,7.38,0.3099999999999996,12,2011,2022,WLS,Stable,happiness
E07000082,Stroud,0.023908440846994672,-40.7644373694157,0.14750293640661494,0.2177399447172872,0.01817596040673308,7.27,7.09,-0.17999999999999972,12,2011,2022,WLS,Stable,happiness
E07000083,Tewkesbury,-0.0025601444942144336,12.680869725994626,0.0034079162209584846,0.8569877542015192,0.013844546657393405,7.56,7.37,-0.1899999999999995,12,2011,2022,WLS,Stable,happiness
E07000084,Basingstoke and Deane,0.03497296353012144,-62.91589337024408,0.19872482290672844,0.14637159876861405,0.022207374685632286,7.43,7.32,-0.10999999999999943,12,2011,2022,WLS,Stable,happiness
E07000085,East Hampshire,0.03719703949610184,-67.50526073305889,0.36204762896650766,0.03846384873204567,0.015614196839160592,7.14,7.41,0.27000000000000046,12,2011,2022,WLS,Improving,happiness
E07000086,Eastleigh,-0.0027827075524229083,13.09436870310742,0.00238084468280253,0.8803016307974292,0.018012932602977164,7.28,7.29,0.009999999999999787,12,2011,2022,WLS,Stable,happiness
E07000087,Fareham,0.01885749133850073,-30.358213929164037,0.06575042560326605,0.421118404012764,0.022478435812400832,7.41,7.64,0.22999999999999954,12,2011,2022,WLS,Stable,happiness
E07000088,Gosport,0.014528454427583215,-21.810500684795272,0.035460123675967514,0.5578071832928151,0.023961245343706805,6.9,7.67,0.7699999999999996,12,2011,2022,WLS,Stable,happiness
E07000089,Hart,-0.014139376049889546,36.17601780935058,0.027372972714030275,0.6073420938834295,0.02665277478837107,7.17,7.46,0.29000000000000004,12,2011,2022,WLS,Stable,happiness
E07000090,Havant,0.014832679161300238,-22.368073690942595,0.05255565265404327,0.4735397543678994,0.01991529484367858,7.34,7.77,0.4299999999999997,12,2011,2022,WLS,Stable,happiness
E07000091,New Forest,-0.024979723262843978,57.96046845665518,0.24165586534944805,0.10455480940801265,0.013993363587825748,7.65,7.49,-0.16000000000000014,12,2011,2022,WLS,Stable,happiness
E07000092,Rushmoor,0.012492100803262712,-17.60948757792704,0.026579371132268714,0.612671643231564,0.023906357087568417,7.44,6.98,-0.45999999999999996,12,2011,2022,WLS,Stable,happiness
E07000093,Test Valley,0.0014232410359410474,4.686733777402424,0.0008765417216530791,0.9272254690985213,0.015195036189326607,7.63,7.47,-0.16000000000000014,12,2011,2022,WLS,Stable,happiness
E07000094,Winchester,-0.025224810136819986,58.53968792463678,0.11599369514987767,0.2786817152251213,0.02202106888157149,7.69,7.2,-0.4900000000000002,12,2011,2022,WLS,Stable,happiness
E07000095,Broxbourne,0.026439696597290258,-45.90984953201195,0.11568911433564333,0.2793546332229271,0.023116001002051776,7.26,7.21,-0.04999999999999982,12,2011,2022,WLS,Stable,happiness
E07000096,Dacorum,0.01170931605992534,-16.12923223868995,0.046119030189474275,0.5026839326525545,0.016839862375965464,7.34,7.71,0.3700000000000001,12,2011,2022,WLS,Stable,happiness
E07000098,Hertsmere,-0.0056416342165781785,18.883178742646322,0.004025122096688594,0.8447035511787742,0.028063354826257204,7.48,6.9,-0.5800000000000001,12,2011,2022,WLS,Stable,happiness
E07000099,North Hertfordshire,-0.001027999830857329,9.658495379371004,0.0007634221345796943,0.932073229019422,0.011761015734578302,7.66,7.59,-0.07000000000000028,12,2011,2022,WLS,Stable,happiness
E07000102,Three Rivers,0.027802950664025265,-48.38281722360706,0.17216496291428662,0.17984646710208518,0.01927926194442899,7.22,7.04,-0.17999999999999972,12,2011,2022,WLS,Stable,happiness
E07000103,Watford,0.014548845994672266,-21.78442804405313,0.019820302512903676,0.6625320946290627,0.03235387168129924,7.07,6.93,-0.14000000000000057,12,2011,2022,WLS,Stable,happiness
E07000105,Ashford,0.02099202657708024,-34.754347315602956,0.21421515492976317,0.12972898737468808,0.012713967463181017,7.52,7.57,0.05000000000000071,12,2011,2022,WLS,Stable,happiness
E07000106,Canterbury,0.02374315816984693,-40.46311682302468,0.15124577535991535,0.2115010407912823,0.01778639094220346,7.22,7.37,0.15000000000000036,12,2011,2022,WLS,Stable,happiness
E07000107,Dartford,0.02206439608532154,-37.06280023048919,0.07870641567327086,0.37710211767020585,0.02387184583267489,7.47,7.64,0.16999999999999993,12,2011,2022,WLS,Stable,happiness
E07000108,Dover,0.01318772111828187,-19.18713099633044,0.044382074294801566,0.5110328637023738,0.019351208859183226,7.38,7.34,-0.040000000000000036,12,2011,2022,WLS,Stable,happiness
E07000109,Gravesham,0.012294629055940032,-17.271353271082035,0.026484332253763898,0.6325838506690902,0.024846838334598213,7.06,7.41,0.35000000000000053,11,2011,2022,WLS,Stable,happiness
E07000110,Maidstone,0.0074172808419539216,-7.433880775152488,0.039104374845232215,0.5378507257037559,0.011627066529671453,7.32,7.57,0.25,12,2011,2022,WLS,Stable,happiness
E07000111,Sevenoaks,0.034171619452873364,-61.256547558877514,0.40383429819585315,0.026370676319755315,0.01312947782448037,7.61,7.89,0.27999999999999936,12,2011,2022,WLS,Improving,happiness
E07000112,Folkestone and Hythe,0.03201223235489856,-56.96010166530442,0.15568405552611242,0.20434143858099096,0.02357471155670385,7.38,7.79,0.41000000000000014,12,2011,2022,WLS,Stable,happiness
E07000113,Swale,-0.0023902224527809768,12.291353206109193,0.0042002927315790695,0.8413973145759832,0.01163816578306712,7.63,7.75,0.1200000000000001,12,2011,2022,WLS,Stable,happiness
E07000114,Thanet,-0.005878199317687127,19.271882050844056,0.01640548452937529,0.6915873469713614,0.014393215454173073,7.53,7.69,0.16000000000000014,12,2011,2022,WLS,Stable,happiness
E07000115,Tonbridge and Malling,0.02621156101173805,-45.27080166301562,0.10323709096589007,0.3085032409002255,0.024429457635790672,6.95,7.57,0.6200000000000001,12,2011,2022,WLS,Stable,happiness
E07000116,Tunbridge Wells,-0.019205756201288005,46.17753448197868,0.11493787850934245,0.28102213208298243,0.016853367865993858,7.69,7.43,-0.2600000000000007,12,2011,2022,WLS,Stable,happiness
E07000117,Burnley,-0.0040722908803974,15.532429744255069,0.005449222699275946,0.8292224213084198,0.018338497017114222,7.33,7.22,-0.11000000000000032,11,2011,2021,WLS,Stable,happiness
E07000118,Chorley,0.016762181792612685,-26.21863024752338,0.06124384391819393,0.4380491215833302,0.02075275337357565,7.29,7.17,-0.1200000000000001,12,2011,2022,WLS,Stable,happiness
E07000119,Fylde,0.013735283909187657,-19.91638118211472,0.021363118692024896,0.6503568141948208,0.02939788613232946,7.15,7.61,0.45999999999999996,12,2011,2022,WLS,Stable,happiness
E07000120,Hyndburn,0.03292062353948222,-58.94571949484475,0.13963501968770675,0.23148875578955663,0.02584117395384762,7.06,7.33,0.27000000000000046,12,2011,2022,WLS,Stable,happiness
E07000121,Lancaster,0.014219995466196483,-21.210457717794043,0.08944139355680425,0.345014112232751,0.014347760912714782,7.37,7.78,0.41000000000000014,12,2011,2022,WLS,Stable,happiness
E07000122,Pendle,0.011631416221424495,-15.915865154850792,0.012307942084868406,0.7314117940820015,0.032949638614674016,7.72,8.06,0.34000000000000075,12,2011,2022,WLS,Stable,happiness
E07000123,Preston,0.05306928096649524,-99.58057888615781,0.48652528149411045,0.011676955857471416,0.01724050686986414,7.23,7.79,0.5599999999999996,12,2011,2022,WLS,Improving,happiness
E07000124,Ribble Valley,0.005939007762558929,-4.155277581440828,0.0029668733774077527,0.8664840081692455,0.034428585589082614,7.72,7.59,-0.1299999999999999,12,2011,2022,WLS,Stable,happiness
E07000125,Rossendale,-0.027178948005102788,62.244769264444244,0.1021911902893714,0.31110622651746644,0.025475214255746195,7.36,7.09,-0.27000000000000046,12,2011,2022,WLS,Stable,happiness
E07000126,South Ribble,0.034524399043804416,-62.11988710356479,0.20195146274357634,0.14274435667137553,0.02170287550045755,7.15,7.51,0.35999999999999943,12,2011,2022,WLS,Stable,happiness
E07000127,West Lancashire,0.021521435040197157,-35.95142920625074,0.16663985201553466,0.18770885060690157,0.015219421854352733,7.28,7.5,0.21999999999999975,12,2011,2022,WLS,Stable,happiness
E07000128,Wyre,0.018154049976790876,-28.956514602471884,0.1314257529750842,0.24681608833462687,0.014758314603977698,7.62,7.49,-0.1299999999999999,12,2011,2022,WLS,Stable,happiness
E07000129,Blaby,0.014946049176578241,-22.484598618898758,0.021381237459393132,0.6502169375813418,0.03197545679630458,7.09,7.43,0.33999999999999986,12,2011,2022,WLS,Stable,happiness
E07000130,Charnwood,-0.00444227715144202,16.47571848272497,0.005012541202648602,0.8269265658289462,0.01979180831080609,7.5,6.97,-0.5300000000000002,12,2011,2022,WLS,Stable,happiness
E07000131,Harborough,-0.013683366354536985,35.106242020772186,0.04248553693204715,0.5204087248490858,0.020542110947738834,7.28,7.43,0.14999999999999947,12,2011,2022,WLS,Stable,happiness
E07000132,Hinckley and Bosworth,0.003507489505254091,0.46680631593056887,0.00513696821858034,0.8248206164342922,0.015435638090775104,7.43,7.42,-0.009999999999999787,12,2011,2022,WLS,Stable,happiness
E07000133,Melton,0.02711194129152561,-46.996273888708174,0.21834277298380034,0.12560870282375558,0.0162218125413211,7.29,7.65,0.3600000000000003,12,2011,2022,WLS,Stable,happiness
E07000134,North West Leicestershire,-0.015165764089317108,38.11170853582172,0.08508643522615289,0.35760551522920303,0.015726213411959206,7.53,6.98,-0.5499999999999998,12,2011,2022,WLS,Stable,happiness
E07000135,Oadby and Wigston,0.040801752413195794,-74.6769498126777,0.12502331874539996,0.3505685528033329,0.040797403528554786,6.81,7.54,0.7300000000000004,9,2011,2022,WLS,Stable,happiness
E07000136,Boston,0.032700572369218195,-58.50540321086396,0.21446390659772308,0.17769404180247483,0.02212668365386562,7.11,7.62,0.5099999999999998,10,2011,2021,WLS,Stable,happiness
E07000137,East Lindsey,0.03217325153109182,-57.30244819915947,0.6037350804230732,0.0029452348209411117,0.008242606400762444,7.48,7.66,0.17999999999999972,12,2011,2022,WLS,Improving,happiness
E07000138,Lincoln,0.006091429704630114,-4.949339243235784,0.005092992316814482,0.8255618515113836,0.026923032237505456,7.28,6.57,-0.71,12,2011,2022,WLS,Stable,happiness
E07000139,North Kesteven,0.01600763002990538,-24.570157634894315,0.11316169363888151,0.28500921445120575,0.01417096876719976,7.49,8.09,0.5999999999999996,12,2011,2022,WLS,Stable,happiness
E07000140,South Holland,0.017981321841477466,-28.94987141958171,0.07250124269688873,0.39738484232589855,0.020337874228528525,7.26,7.62,0.3600000000000003,12,2011,2022,WLS,Stable,happiness
E07000141,South Kesteven,0.0007875086886932614,6.072202087728897,0.0003249056012101237,0.955660472770564,0.01381357821100335,7.22,7.6,0.3799999999999999,12,2011,2022,WLS,Stable,happiness
E07000142,West Lindsey,0.002385400653842351,2.873512697477338,0.001883978534446662,0.8934513125259853,0.017362564506122877,7.58,7.51,-0.07000000000000028,12,2011,2022,WLS,Stable,happiness
E07000143,Breckland,0.0056275660713540065,-3.7755104141305083,0.009193151728853821,0.7669114622184332,0.01847493369577719,7.27,7.19,-0.07999999999999918,12,2011,2022,WLS,Stable,happiness
E07000144,Broadland,0.017752579109650002,-28.277643666308506,0.1110616553818623,0.2898056094767487,0.015882366204988597,7.1,7.71,0.6100000000000003,12,2011,2022,WLS,Stable,happiness
E07000145,Great Yarmouth,0.028426836763943586,-49.905927828815095,0.17439904370278292,0.17676165538111532,0.01955877180342997,6.97,7.71,0.7400000000000002,12,2011,2022,WLS,Stable,happiness
E07000146,King's Lynn and West Norfolk,0.015069746577313858,-22.81039768099373,0.14014939263690074,0.23056264300204266,0.01180379994253894,7.28,7.45,0.16999999999999993,12,2011,2022,WLS,Stable,happiness
E07000147,North Norfolk,-0.005199794073151881,18.047859888097065,0.012818477572595133,0.7260832639593926,0.014430003277235917,7.68,7.21,-0.46999999999999975,12,2011,2022,WLS,Stable,happiness
E07000148,Norwich,-0.025866343117348478,59.46836285092513,0.16578828680996371,0.18895099996104525,0.01834831781735738,7.23,7.07,-0.16000000000000014,12,2011,2022,WLS,Stable,happiness
E07000149,South Norfolk,-0.014009065659068787,35.78925997481679,0.0707486388845795,0.40337072647281946,0.01605523731242397,7.29,7.65,0.3600000000000003,12,2011,2022,WLS,Stable,happiness
E07000170,Ashfield,0.0387150019550601,-70.6419578815968,0.21259891902764416,0.13137705117972787,0.023561165119499086,7.13,6.82,-0.3099999999999996,12,2011,2022,WLS,Stable,happiness
E07000171,Bassetlaw,0.004131715303920813,-0.7829901179470085,0.005509089483994534,0.8186763194313327,0.01755459783591357,7.35,7.38,0.03000000000000025,12,2011,2022,WLS,Stable,happiness
E07000172,Broxtowe,-0.0005133341020204241,8.589214912684668,8.635468911688537e-05,0.9771338239303122,0.017467807666797147,7.54,7.34,-0.20000000000000018,12,2011,2022,WLS,Stable,happiness
E07000173,Gedling,-0.0077901837715806665,23.102441070662053,0.009093990138693053,0.7681414498963497,0.02571500982781658,6.98,6.88,-0.10000000000000053,12,2011,2022,WLS,Stable,happiness
E07000174,Mansfield,0.03904009044807896,-71.33399336784197,0.2566073710873502,0.09283237371983422,0.02101287014773711,6.8,7.4,0.6000000000000005,12,2011,2022,WLS,Improving,happiness
E07000175,Newark and Sherwood,0.0186367083738741,-30.020968157907816,0.044463869094198194,0.5106347057995901,0.02732053129429502,7.07,7.55,0.47999999999999954,12,2011,2022,WLS,Stable,happiness
E07000176,Rushcliffe,-0.006124960481195485,19.87493381005254,0.015197001839149848,0.7026888861470073,0.015591899038239257,7.35,7.39,0.040000000000000036,12,2011,2022,WLS,Stable,happiness
E07000177,Cherwell,0.026014369330036063,-44.91890196501413,0.1937770828007993,0.15210723439980178,0.016779911439903768,7.34,7.54,0.20000000000000018,12,2011,2022,WLS,Stable,happiness
E07000178,Oxford,0.04391024086077433,-81.08467222203166,0.4112911151012777,0.024599947659710297,0.016612746980363847,7.1,7.56,0.45999999999999996,12,2011,2022,WLS,Improving,happiness
E07000179,South Oxfordshire,0.006164187066496046,-4.852018329978023,0.0074238566233812975,0.7900460703204155,0.022539430488691985,7.35,7.43,0.08000000000000007,12,2011,2022,WLS,Stable,happiness
E07000180,Vale of White Horse,0.006369701612080558,-5.394827575857221,0.01640647135906692,0.6915784738611426,0.015596219089491867,7.4,7.58,0.17999999999999972,12,2011,2022,WLS,Stable,happiness
E07000181,West Oxfordshire,0.02843168649888636,-49.792685915598554,0.10974863414980707,0.2928508415960298,0.025607040249602423,7.01,7.87,0.8600000000000003,12,2011,2022,WLS,Stable,happiness
E07000192,Cannock Chase,0.025108113254073333,-43.26938303855826,0.10469982115353882,0.30490506707363885,0.02321803409738157,7.29,8.04,0.7499999999999991,12,2011,2022,WLS,Stable,happiness
E07000193,East Staffordshire,0.028371097503366416,-49.653615536458176,0.17038027159617275,0.18234935037633337,0.01979730248364596,7.4,7.73,0.33000000000000007,12,2011,2022,WLS,Stable,happiness
E07000194,Lichfield,0.01320548428319826,-18.862241826072818,0.03404622878108987,0.5659087914792398,0.02224323741099126,7.5,7.44,-0.05999999999999961,12,2011,2022,WLS,Stable,happiness
E07000195,Newcastle-under-Lyme,0.06458652243780802,-122.73498235570935,0.5644576059318795,0.004848044668193774,0.01794078548795647,7.16,7.27,0.10999999999999943,12,2011,2022,WLS,Improving,happiness
E07000196,South Staffordshire,0.007604746059511808,-7.740186413929848,0.017783276026007044,0.6794821598371985,0.017872384288749953,7.41,7.64,0.22999999999999954,12,2011,2022,WLS,Stable,happiness
E07000197,Stafford,0.001993555531900698,3.418711108460627,0.0014306988651003882,0.9070934105034716,0.016654949746663074,7.51,7.08,-0.4299999999999997,12,2011,2022,WLS,Stable,happiness
E07000198,Staffordshire Moorlands,-0.018066940998317446,44.12304422040913,0.10847107876369189,0.2958487506680405,0.016379301028154266,7.64,7.28,-0.35999999999999943,12,2011,2022,WLS,Stable,happiness
E07000199,Tamworth,0.01912661003315433,-31.176127633163617,0.13743277164182077,0.2354985248957453,0.015152675670799231,7.22,7.77,0.5499999999999998,12,2011,2022,WLS,Stable,happiness
E07000200,Babergh,0.010714986542403188,-13.851673260665848,0.03803137659460698,0.5435951205555491,0.017041234809475926,7.73,7.81,0.07999999999999918,12,2011,2022,WLS,Stable,happiness
E07000202,Ipswich,-0.01711348347280814,41.812704224324136,0.14515894774452498,0.22174422513168612,0.013132856513063892,7.35,7.21,-0.13999999999999968,12,2011,2022,WLS,Stable,happiness
E07000203,Mid Suffolk,0.013887302911386012,-20.333931810501042,0.037559372200432706,0.5461558852631367,0.022230320296612673,7.41,7.71,0.2999999999999998,12,2011,2022,WLS,Stable,happiness
E07000207,Elmbridge,0.0015339381986667067,4.501371466516048,0.0008670998905786487,0.9276175716428678,0.016465879273772407,7.52,7.25,-0.2699999999999996,12,2011,2022,WLS,Stable,happiness
E07000208,Epsom and Ewell,-0.018484250797139334,44.80254704695358,0.03885813148792916,0.5612606699994132,0.030643148725967285,7.16,7.05,-0.11000000000000032,11,2011,2021,WLS,Stable,happiness
E07000209,Guildford,0.00796960229466881,-8.678453869409225,0.00709546779190684,0.7946525834927438,0.029812601807492976,6.8,7.42,0.6200000000000001,12,2011,2022,WLS,Stable,happiness
E07000210,Mole Valley,-0.0012019330106695647,10.086851243480396,0.00045926853287991953,0.9472930344006456,0.01773156898864174,7.75,7.74,-0.009999999999999787,12,2011,2022,WLS,Stable,happiness
E07000211,Reigate and Banstead,-0.03689183542629898,81.8536302867468,0.34486533000656394,0.04468189368992648,0.01607943505976082,7.62,7.07,-0.5499999999999998,12,2011,2022,WLS,Deteriorating,happiness
E07000212,Runnymede,0.056154065770597894,-105.75707172125021,0.38104548179123743,0.04303222680391672,0.023856180505029852,7.13,7.46,0.33000000000000007,11,2011,2021,WLS,Improving,happiness
E07000213,Spelthorne,0.02287687750782673,-38.57061437267632,0.1101710802521716,0.2918671395066992,0.02055967291093979,6.96,7.36,0.40000000000000036,12,2011,2022,WLS,Stable,happiness
E07000214,Surrey Heath,0.027726792289014063,-48.36651679149969,0.12874126780556483,0.25206106046041166,0.022809423569293875,7.24,7.89,0.6499999999999995,12,2011,2022,WLS,Stable,happiness
E07000215,Tandridge,-0.010438662096911938,28.606944487324142,0.032088243303951325,0.577491853502645,0.018129663822482316,7.53,7.24,-0.29000000000000004,12,2011,2022,WLS,Stable,happiness
E07000216,Waverley,-0.019170666624177046,46.276151297822594,0.07629394991021676,0.38482476257775566,0.021094005700844923,7.7,7.63,-0.07000000000000028,12,2011,2022,WLS,Stable,happiness
E07000217,Woking,0.04919835477562376,-91.56718326382867,0.18679674640207466,0.16057218447915012,0.03246126797742562,7.17,7.8,0.6299999999999999,12,2011,2022,WLS,Stable,happiness
E07000218,North Warwickshire,0.04122432908790394,-75.5440514164548,0.18537220118770625,0.16235543158661603,0.027328192357317017,6.77,7.62,0.8500000000000005,12,2011,2022,WLS,Stable,happiness
E07000219,Nuneaton and Bedworth,0.01896943032820575,-30.793368872304114,0.07014401511654578,0.4054635181685975,0.021840713565406976,7.18,7.01,-0.16999999999999993,12,2011,2022,WLS,Stable,happiness
E07000220,Rugby,0.006853018871562477,-6.257570880524781,0.0123463963767525,0.7310062516421703,0.019382694300150938,7.21,7.28,0.07000000000000028,12,2011,2022,WLS,Stable,happiness
E07000221,Stratford-on-Avon,-0.0004357364652785023,8.544122241825619,3.955871695926483e-05,0.9845225725850884,0.021907570470564,7.09,7.62,0.5300000000000002,12,2011,2022,WLS,Stable,happiness
E07000222,Warwick,-0.0048941218079887605,17.400290892286193,0.0067143675668192015,0.8001421339929977,0.018823886465006934,7.39,7.16,-0.22999999999999954,12,2011,2022,WLS,Stable,happiness
E07000223,Adur,-0.008524099188251033,24.635466885101323,0.011170701329032307,0.7571081301777332,0.026732999034948045,7.03,6.16,-0.8700000000000001,11,2011,2022,WLS,Stable,happiness
E07000224,Arun,0.016517564305484844,-25.640922720736796,0.10498867294049241,0.3042002637135963,0.015250674397537679,7.8,7.63,-0.16999999999999993,12,2011,2022,WLS,Stable,happiness
E07000225,Chichester,-0.0429478729820533,94.30504456510351,0.18118180496906278,0.1677145348795246,0.028872082586203093,8.07,7.59,-0.4800000000000004,12,2011,2022,WLS,Stable,happiness
E07000226,Crawley,0.008836184447937101,-10.337902155338213,0.010498605988213505,0.7513421930030026,0.02712733680677252,7.04,7.04,0.0,12,2011,2022,WLS,Stable,happiness
E07000227,Horsham,0.02822917723455129,-49.3172259251474,0.1043337752614526,0.3058009332723457,0.026155248941893593,7.19,7.4,0.20999999999999996,12,2011,2022,WLS,Stable,happiness
E07000228,Mid Sussex,-0.020689272772549228,49.35191640490774,0.08990864595413461,0.34369563436327377,0.020815506893540333,7.69,7.96,0.2699999999999996,12,2011,2022,WLS,Stable,happiness
E07000229,Worthing,-0.0023222046573580235,12.077485316236107,0.0006311782683687817,0.9382252257205534,0.02922048169884087,7.34,7.02,-0.3200000000000003,12,2011,2022,WLS,Stable,happiness
E07000234,Bromsgrove,0.0501752903550316,-93.61019897316572,0.3308756689406449,0.05037642404962295,0.022563729740760926,7.16,7.65,0.4900000000000002,12,2011,2022,WLS,Improving,happiness
E07000235,Malvern Hills,0.00898618277158919,-10.50264530296289,0.013249926225709308,0.721670792985118,0.024522915475223037,7.46,8.06,0.6000000000000005,12,2011,2022,WLS,Stable,happiness
E07000236,Redditch,0.01318906329161007,-19.09976507663339,0.026654033242232922,0.6121661336106912,0.025203804467141107,6.99,7.55,0.5599999999999996,12,2011,2022,WLS,Stable,happiness
E07000237,Worcester,0.004763196421223415,-2.2017193619401496,0.013506508895546498,0.7190843259445812,0.012872830433433582,7.47,7.5,0.03000000000000025,12,2011,2022,WLS,Stable,happiness
E07000238,Wychavon,-0.0007176424134640591,9.077500140890038,0.00013054599840245373,0.9718870270501117,0.01986085617289185,7.42,7.24,-0.17999999999999972,12,2011,2022,WLS,Stable,happiness
E07000239,Wyre Forest,0.021335641029190527,-35.520217494408485,0.18815142157502307,0.15889420673492238,0.014014882501648835,7.32,7.71,0.3899999999999997,12,2011,2022,WLS,Stable,happiness
E07000240,St Albans,0.010304815836459258,-13.159716693022915,0.015418505637811886,0.7006177855748992,0.02604023667161796,7.74,7.6,-0.14000000000000057,12,2011,2022,WLS,Stable,happiness
E07000241,Welwyn Hatfield,0.018914687818214815,-30.658659492947947,0.08338026414299005,0.3626929572610589,0.019831800565189298,7.31,7.85,0.54,12,2011,2022,WLS,Stable,happiness
E07000242,East Hertfordshire,0.02195409284388708,-36.65433281161978,0.11588981377376284,0.2789110193744191,0.01917547192615333,7.4,7.23,-0.16999999999999993,12,2011,2022,WLS,Stable,happiness
E07000243,Stevenage,-0.041809739085986564,91.74403740176126,0.1388184388172481,0.2329670627734759,0.03293072108893774,7.6,7.21,-0.3899999999999997,12,2011,2022,WLS,Stable,happiness
E07000244,East Suffolk,0.028167947584916975,-49.127631548904674,0.24660064550470095,0.10053481500759576,0.015569358588005407,7.55,7.86,0.3100000000000005,12,2011,2022,WLS,Stable,happiness
E07000245,West Suffolk,0.013727825676290883,-20.098881166690603,0.04469974375677643,0.5094893311328819,0.020068697461025173,7.54,7.4,-0.13999999999999968,12,2011,2022,WLS,Stable,happiness
E08000001,Bolton,0.022880749499516406,-38.76478090519595,0.4127294408730059,0.024270372217069847,0.008630910966978662,7.24,7.61,0.3700000000000001,12,2011,2022,WLS,Improving,happiness
E08000002,Bury,0.017307551199798266,-27.479580152368385,0.18909775710811827,0.15773220971233126,0.011333829811333773,7.21,7.5,0.29000000000000004,12,2011,2022,WLS,Stable,happiness
E08000003,Manchester,0.026781898838721493,-46.77139833442766,0.2672107922798398,0.08526422024873948,0.014025033270699698,6.98,6.85,-0.13000000000000078,12,2011,2022,WLS,Improving,happiness
E08000004,Oldham,0.03352658257190097,-60.30500427417485,0.693164790141017,0.0007767366083111238,0.007053808046970192,7.08,7.31,0.22999999999999954,12,2011,2022,WLS,Improving,happiness
E08000005,Rochdale,0.023674724174194195,-40.4267805964725,0.2735359970815877,0.08102189190849951,0.01220069959215519,7.09,7.45,0.3600000000000003,12,2011,2022,WLS,Improving,happiness
E08000006,Salford,0.028292571152026824,-49.79056477335723,0.49185321223848155,0.011038744843184345,0.009093880708961314,6.99,7.22,0.22999999999999954,12,2011,2022,WLS,Improving,happiness
E08000007,Stockport,0.011473717495395136,-15.716296903837474,0.10796286902268981,0.29705102418418194,0.010429378046127192,7.26,7.27,0.009999999999999787,12,2011,2022,WLS,Stable,happiness
E08000008,Tameside,0.02216262996035384,-37.331405952424404,0.2809042409162287,0.0763218882934229,0.01121335343752176,7.2,7.36,0.16000000000000014,12,2011,2022,WLS,Improving,happiness
E08000009,Trafford,-0.0015529351022638416,10.596201712411357,0.0012000841321149203,0.9148839020772095,0.014167287551750608,7.3,7.28,-0.019999999999999574,12,2011,2022,WLS,Stable,happiness
E08000010,Wigan,0.016656440331993344,-26.08403960291116,0.11853867657732431,0.27312906158883177,0.014363285293641089,7.29,7.3,0.009999999999999787,12,2011,2022,WLS,Stable,happiness
E08000011,Knowsley,0.030125464421342424,-53.53057607782904,0.39631385394101337,0.02826603046110332,0.011757628351538063,7.05,7.24,0.1900000000000004,12,2011,2022,WLS,Improving,happiness
E08000012,Liverpool,0.03294589411811326,-59.243556199959386,0.45742318413663197,0.015737766684973398,0.01134678506225787,7.07,7.34,0.2699999999999996,12,2011,2022,WLS,Improving,happiness
E08000013,St. Helens,0.01488706352395315,-22.731357071831724,0.10469269871567943,0.3049224697385937,0.01376692375477431,7.35,7.07,-0.27999999999999936,12,2011,2022,WLS,Stable,happiness
E08000014,Sefton,0.020647535485749213,-34.25317208513508,0.21105257747006334,0.1329724828587886,0.012623998139924937,7.39,7.42,0.03000000000000025,12,2011,2022,WLS,Stable,happiness
E08000015,Wirral,0.023776947231646306,-40.63693977304712,0.18735512746812155,0.15987845114025978,0.015659348954323613,7.04,7.25,0.20999999999999996,12,2011,2022,WLS,Stable,happiness
E08000016,Barnsley,0.014435224091038423,-21.74159193819429,0.14550511132261934,0.22114806734651382,0.01106213973464163,7.12,7.29,0.16999999999999993,12,2011,2022,WLS,Stable,happiness
E08000017,Doncaster,0.006074078442998121,-4.848347398054443,0.014423809586138647,0.710054245977132,0.015877623798998076,7.26,7.59,0.33000000000000007,12,2011,2022,WLS,Stable,happiness
E08000018,Rotherham,0.014142204948460052,-21.16441455421142,0.1813872424350107,0.1674477864508923,0.009500643275846335,7.12,7.26,0.13999999999999968,12,2011,2022,WLS,Stable,happiness
E08000019,Sheffield,0.01047692394748781,-13.81138188365793,0.05802774208455719,0.4507223311242021,0.013348578246346492,7.23,7.33,0.09999999999999964,12,2011,2022,WLS,Stable,happiness
E08000021,Newcastle upon Tyne,0.01202647954598049,-16.98508501058643,0.15886596291121968,0.19936193624877285,0.008750959842949638,7.31,7.28,-0.02999999999999936,12,2011,2022,WLS,Stable,happiness
E08000022,North Tyneside,0.018488753660752782,-29.89348877286392,0.16971805181594102,0.18328690274021708,0.012931723643414739,7.27,7.47,0.20000000000000018,12,2011,2022,WLS,Stable,happiness
E08000023,South Tyneside,0.03201352342988084,-57.30651741311971,0.5258581353028899,0.007614329331670167,0.009612875743234738,7.03,7.29,0.2599999999999998,12,2011,2022,WLS,Improving,happiness
E08000024,Sunderland,0.008169484821854867,-9.196383938294275,0.03755729210668701,0.5461672170130916,0.013077808613098573,7.14,7.33,0.1900000000000004,12,2011,2022,WLS,Stable,happiness
E08000025,Birmingham,0.029641138271573303,-52.411023424205894,0.21347487626957717,0.13048138867037284,0.017991931621788092,6.93,7.18,0.25,12,2011,2022,WLS,Stable,happiness
E08000026,Coventry,0.023448874355348343,-39.905957205096456,0.28269412157287166,0.07521803482666045,0.011811792409173646,7.0,7.45,0.4500000000000002,12,2011,2022,WLS,Improving,happiness
E08000027,Dudley,-0.000340126934596896,7.924548953030069,6.439698942761751e-05,0.9802532295247564,0.013402760520951996,7.17,7.49,0.3200000000000003,12,2011,2022,WLS,Stable,happiness
E08000028,Sandwell,0.003282591965301229,0.6582331934747003,0.011208330541672362,0.7433165424811476,0.009749870256705649,7.2,7.52,0.3199999999999994,12,2011,2022,WLS,Stable,happiness
E08000029,Solihull,0.019346144202260163,-31.500949553630164,0.21222075339894175,0.13176552933178876,0.011786985854411238,7.32,7.6,0.27999999999999936,12,2011,2022,WLS,Stable,happiness
E08000030,Walsall,-0.0063237133393357625,20.146558603066865,0.07401376117005587,0.39231271269589274,0.007073236897803834,7.34,7.29,-0.04999999999999982,12,2011,2022,WLS,Stable,happiness
E08000031,Wolverhampton,0.056769219437652174,-107.28916280167249,0.8001426942588826,8.598853484897973e-05,0.00897199896726878,6.74,7.49,0.75,12,2011,2022,WLS,Improving,happiness
E08000032,Bradford,0.009224880316116735,-11.238452093083879,0.056999176061153234,0.45488646476300065,0.011865402840198247,7.21,7.24,0.03000000000000025,12,2011,2022,WLS,Stable,happiness
E08000033,Calderdale,0.006139043563770846,-4.9832188185108635,0.04383691201846307,0.513699511142423,0.009066647377646394,7.25,7.11,-0.13999999999999968,12,2011,2022,WLS,Stable,happiness
E08000034,Kirklees,0.009784481685147811,-12.371336577095065,0.04680472599622598,0.4994479231996929,0.013963166326418744,7.29,7.22,-0.07000000000000028,12,2011,2022,WLS,Stable,happiness
E08000035,Leeds,0.017141762322031656,-27.194001086387743,0.18070734156412793,0.16833220131690974,0.011542160317970368,7.13,7.28,0.15000000000000036,12,2011,2022,WLS,Stable,happiness
E08000036,Wakefield,0.017780781883348168,-28.477490794630967,0.14422856216410718,0.22335485794154186,0.013696326840941271,7.11,7.17,0.05999999999999961,12,2011,2022,WLS,Stable,happiness
E08000037,Gateshead,0.01994676992867908,-32.88888473781344,0.20052824887384013,0.14433345798489694,0.012594657425241528,7.09,7.36,0.27000000000000046,12,2011,2022,WLS,Stable,happiness
E09000002,Barking and Dagenham,0.07103420607753139,-135.80778113075758,0.7268878422527674,0.0004258626111472985,0.013769061670354549,6.91,7.48,0.5700000000000003,12,2011,2022,WLS,Improving,happiness
E09000003,Barnet,-0.005375367138388987,18.256972578124646,0.01035810837224349,0.7529655841359655,0.016615252366469543,7.26,6.95,-0.3099999999999996,12,2011,2022,WLS,Stable,happiness
E09000004,Bexley,0.024231710671250545,-41.47293180205668,0.4020636746512969,0.026806811047318968,0.009344673355365617,7.22,7.39,0.16999999999999993,12,2011,2022,WLS,Improving,happiness
E09000005,Brent,0.05879733459765252,-111.02394173560572,0.502051694331412,0.009898469023413181,0.01851720992188615,7.07,7.27,0.1999999999999993,12,2011,2022,WLS,Improving,happiness
E09000006,Bromley,-0.004293552704955156,16.103139076751518,0.03284614866286828,0.5729562527140994,0.00736753748353761,7.44,7.35,-0.09000000000000075,12,2011,2022,WLS,Stable,happiness
E09000007,Camden,0.002062070945354294,3.0474582932285443,0.0029048024999700495,0.8678771361740623,0.012081298378510748,7.24,7.28,0.040000000000000036,12,2011,2022,WLS,Stable,happiness
E09000008,Croydon,0.025786184444650556,-44.599933511415486,0.15005517622393927,0.21346529990733365,0.019406935430232575,7.21,7.11,-0.09999999999999964,12,2011,2022,WLS,Stable,happiness
E09000009,Ealing,0.027345797542425887,-47.70299537796126,0.21895560875356423,0.12500763233390688,0.016332415348210512,7.01,7.25,0.2400000000000002,12,2011,2022,WLS,Stable,happiness
E09000010,Enfield,-0.0006823320662573129,8.744662396759168,0.00018736014534370682,0.9663232088471543,0.015762187360282412,7.16,7.41,0.25,12,2011,2022,WLS,Stable,happiness
E09000011,Greenwich,0.035752079634247425,-64.81849097180452,0.5825836813873804,0.003872617779702159,0.00956988817392948,7.08,7.42,0.33999999999999986,12,2011,2022,WLS,Improving,happiness
E09000012,Hackney,0.014508990465033761,-22.098446505221943,0.09042773095540413,0.34223807037597487,0.014551406868017617,7.09,7.05,-0.040000000000000036,12,2011,2022,WLS,Stable,happiness
E09000013,Hammersmith and Fulham,0.03928607617871882,-71.8639954018513,0.45512039339868804,0.016104412313608263,0.013593327589780282,7.19,7.66,0.46999999999999975,12,2011,2022,WLS,Improving,happiness
E09000014,Haringey,0.00654881232861787,-5.9661170717789105,0.038908712814670565,0.5388903838391603,0.010292513211842685,7.09,7.17,0.08000000000000007,12,2011,2022,WLS,Stable,happiness
E09000015,Harrow,0.023532290831944414,-39.883819178307306,0.14786973921573976,0.2171201739500126,0.01786395218971496,7.32,7.6,0.27999999999999936,12,2011,2022,WLS,Stable,happiness
E09000016,Havering,0.01922918160907261,-31.388769209278564,0.41508777654129825,0.023738152487732034,0.007218320770902825,7.25,7.54,0.29000000000000004,12,2011,2022,WLS,Stable,happiness
E09000017,Hillingdon,0.028150908186223955,-49.28115469574004,0.400009494129125,0.027320526408813883,0.010902584209154874,7.31,7.69,0.3800000000000008,12,2011,2022,WLS,Improving,happiness
E09000018,Hounslow,0.014196708356565946,-21.121116956152946,0.06552032686678833,0.4219607327639261,0.01695448344261329,7.39,7.49,0.10000000000000053,12,2011,2022,WLS,Stable,happiness
E09000019,Islington,0.01041377398803664,-13.828687711540624,0.06914215912029831,0.40896328751419553,0.012083099726707089,7.14,7.2,0.0600000000000005,12,2011,2022,WLS,Stable,happiness
E09000020,Kensington and Chelsea,-0.04793780498095809,104.0147961286184,0.440794980373452,0.018551608861087754,0.017074396198584182,7.49,7.23,-0.2599999999999998,12,2011,2022,WLS,Deteriorating,happiness
E09000021,Kingston upon Thames,-0.005440043703640957,18.367478809110878,0.01280159782313861,0.7262575506553095,0.015106801439986016,7.27,7.25,-0.019999999999999574,12,2011,2022,WLS,Stable,happiness
E09000022,Lambeth,0.014114707747962835,-21.254586323255012,0.14988922005018124,0.21374059034579607,0.010629784305083838,7.16,7.5,0.33999999999999986,12,2011,2022,WLS,Stable,happiness
E09000023,Lewisham,0.01893547406320112,-30.875597200008713,0.19992961917654728,0.1450069440044306,0.01197847992881871,7.11,7.27,0.15999999999999925,12,2011,2022,WLS,Stable,happiness
E09000024,Merton,0.036517707229642093,-66.19320829865751,0.29214844187592626,0.06962229737828185,0.017975161929607793,7.0,7.39,0.3899999999999997,12,2011,2022,WLS,Improving,happiness
E09000025,Newham,0.051678710142159245,-96.68267688400567,0.6446305544136577,0.0016654609321102853,0.012133784140140488,7.05,8.0,0.9500000000000002,12,2011,2022,WLS,Improving,happiness
E09000026,Redbridge,0.006569883253407877,-5.794211427667733,0.025358003023715603,0.621066600282391,0.012880202414671018,7.44,7.63,0.1899999999999995,12,2011,2022,WLS,Stable,happiness
E09000027,Richmond upon Thames,-0.007361772545651651,22.30633304719595,0.02342379792743099,0.6348755356644649,0.015031655261856219,7.21,7.21,0.0,12,2011,2022,WLS,Stable,happiness
E09000028,Southwark,-0.007045283110141229,21.49472603573267,0.03897766490221444,0.5385236098251567,0.011062601832075084,7.25,7.12,-0.1299999999999999,12,2011,2022,WLS,Stable,happiness
E09000029,Sutton,0.029919242801531326,-52.86673975331371,0.16834574180386686,0.18524519883521373,0.021029112196291107,7.13,7.41,0.28000000000000025,12,2011,2022,WLS,Stable,happiness
E09000030,Tower Hamlets,0.01717018159699152,-27.209817715881,0.05748609604064936,0.45290826812610563,0.021985551446652814,7.03,6.87,-0.16000000000000014,12,2011,2022,WLS,Stable,happiness
E09000031,Waltham Forest,0.016915693528801568,-26.73971659949376,0.08674881276188318,0.3527334980683752,0.017356140656883054,7.16,6.82,-0.33999999999999986,12,2011,2022,WLS,Stable,happiness
E09000032,Wandsworth,-0.009001653043713476,25.538899555049795,0.04131758404261121,0.5263248135398646,0.013711728044332475,7.33,7.35,0.019999999999999574,12,2011,2022,WLS,Stable,happiness
E09000033,Westminster,0.018832024817292903,-30.64267184656893,0.10522715638856939,0.3036197747698228,0.01736558819356173,7.28,7.01,-0.27000000000000046,12,2011,2022,WLS,Stable,happiness
N09000001,Antrim and Newtownabbey,-0.04851271354295972,105.55686123976056,0.6208835638455564,0.003971425517015792,0.01263617225858185,7.71,7.53,-0.17999999999999972,11,2012,2022,WLS,Deteriorating,happiness
N09000002,"Armagh City, Banbridge and Craigavon",-0.02582347437416066,59.842737907421,0.3087484275164539,0.07594305854775918,0.012879799649436757,7.78,7.67,-0.11000000000000032,11,2012,2022,WLS,Deteriorating,happiness
N09000003,Belfast,-0.010598168812817832,28.638982122020934,0.10321389963555283,0.3353692899876781,0.010413217004366522,7.24,7.09,-0.15000000000000036,11,2012,2022,WLS,Stable,happiness
N09000004,Causeway Coast and Glens,-0.008080507712339924,24.141591828571563,0.022098755112107238,0.6626729999597791,0.01791764753752566,7.63,7.61,-0.019999999999999574,11,2012,2022,WLS,Stable,happiness
N09000005,Derry City and Strabane,0.005278455269892568,-3.131438578647476,0.00510153957027859,0.8346934531100425,0.024571085352133294,7.12,7.28,0.16000000000000014,11,2012,2022,WLS,Stable,happiness
N09000006,Fermanagh and Omagh,-0.020366060994601032,49.0496190142087,0.1699118999897513,0.20774791364588352,0.01500499936086752,7.9,7.72,-0.1800000000000006,11,2012,2022,WLS,Stable,happiness
N09000007,Lisburn and Castlereagh,-0.03737188099891087,83.15638526802672,0.35838327870353726,0.05166473763751056,0.016668160367740884,8.15,7.68,-0.47000000000000064,11,2012,2022,WLS,Deteriorating,happiness
N09000008,Mid and East Antrim,-0.010121729039214045,28.196521862891814,0.023770236836667458,0.6508245250614,0.021621843516246474,7.67,7.88,0.20999999999999996,11,2012,2022,WLS,Stable,happiness
N09000009,Mid Ulster,0.017997869074884876,-28.45252508055637,0.24516792548295419,0.12148402170165395,0.010526722644642933,7.67,7.95,0.28000000000000025,11,2012,2022,WLS,Stable,happiness
N09000010,"Newry, Mourne and Down",0.022871566113933484,-38.31092402308195,0.16435482734593254,0.21609157711973692,0.017190732046343346,7.69,7.77,0.07999999999999918,11,2012,2022,WLS,Stable,happiness
N09000011,Ards and North Down,-0.000828570674331397,9.319113493133727,0.00030887981497906836,0.9590965143576018,0.015712542169345554,7.55,7.66,0.11000000000000032,11,2012,2022,WLS,Stable,happiness
S12000005,Clackmannanshire,-0.0012888821126368633,9.963725228029205,0.0013628943416909012,0.9093134807926746,0.011032805241715415,7.17,7.23,0.0600000000000005,12,2011,2022,WLS,Stable,happiness
S12000006,Dumfries and Galloway,0.015366428902023693,-23.300691782982483,0.12318616974950847,0.2633022658890918,0.012964198458672237,7.4,7.63,0.22999999999999954,12,2011,2022,WLS,Stable,happiness
S12000008,East Ayrshire,0.02234995279351304,-37.700995736581774,0.24796910755194768,0.09944781637356259,0.012308231646757387,7.12,7.37,0.25,12,2011,2022,WLS,Improving,happiness
S12000010,East Lothian,0.002564224130400944,2.2530989337354868,0.012977844899495938,0.724443972943388,0.007071607431319348,7.39,7.21,-0.17999999999999972,12,2011,2022,WLS,Stable,happiness
S12000011,East Renfrewshire,0.033120363641756995,-59.244159874340994,0.6712520490283758,0.001110611450767296,0.007329659696327953,7.32,7.75,0.4299999999999997,12,2011,2022,WLS,Improving,happiness
S12000013,Na h-Eileanan Siar,-0.006917805491674173,22.011332626148942,0.03883819068259675,0.5392659546127923,0.010882711220272715,8.05,8.12,0.06999999999999851,12,2011,2022,WLS,Stable,happiness
S12000014,Falkirk,-0.002207189124829506,11.88864651928975,0.0025923650836647827,0.8751327800861282,0.013690767968121638,7.42,7.45,0.03000000000000025,12,2011,2022,WLS,Stable,happiness
S12000017,Highland,0.02241312033534862,-37.386741350896614,0.3711376012181844,0.035489769053786535,0.00922598318226683,7.64,7.93,0.29000000000000004,12,2011,2022,WLS,Improving,happiness
S12000018,Inverclyde,0.011937159013795828,-16.73539379684945,0.20538326538253593,0.13898145065586687,0.007425014488426368,7.27,7.56,0.29000000000000004,12,2011,2022,WLS,Stable,happiness
S12000019,Midlothian,0.013134966904541162,-18.96263724795216,0.04327633601226344,0.5164652928944284,0.019529764159975583,7.57,7.37,-0.20000000000000018,12,2011,2022,WLS,Stable,happiness
S12000020,Moray,0.03054299542794775,-54.14920639210948,0.27234772748549685,0.0818039309432319,0.01578743931899194,7.45,7.39,-0.0600000000000005,12,2011,2022,WLS,Improving,happiness
S12000021,North Ayrshire,0.02045657054525954,-33.96521780129024,0.2237101436679384,0.120435835981902,0.012050413376758776,6.99,7.42,0.4299999999999997,12,2011,2022,WLS,Stable,happiness
S12000023,Orkney Islands,0.027030313443709764,-46.39042871495474,0.30392609778686497,0.09856356327888594,0.014462712957998107,7.85,8.11,0.2599999999999998,10,2011,2020,WLS,Improving,happiness
S12000026,Scottish Borders,0.0038072084610681345,-0.08663665682706778,0.01622368584286238,0.6932271817000684,0.0093751899135911,7.46,7.34,-0.1200000000000001,12,2011,2022,WLS,Stable,happiness
S12000027,Shetland Islands,-0.021742894417924263,51.642595237970795,0.11846570164942027,0.27328655637205035,0.01875601833550656,8.03,8.22,0.19000000000000128,12,2011,2022,WLS,Stable,happiness
S12000028,South Ayrshire,0.020665933015723115,-34.181349092660525,0.2031778993751241,0.14138848870310028,0.012941883020002687,7.18,7.54,0.3600000000000003,12,2011,2022,WLS,Stable,happiness
S12000029,South Lanarkshire,0.0062772627532538955,-5.268104163376961,0.02388095014488889,0.6315518670658402,0.012691001662430795,7.16,7.43,0.2699999999999996,12,2011,2022,WLS,Stable,happiness
S12000030,Stirling,-0.006703329713110745,20.971639896127897,0.06566553513275253,0.42142889640946724,0.007996004352569367,7.5,7.57,0.07000000000000028,12,2011,2022,WLS,Stable,happiness
S12000033,Aberdeen City,0.002807674624722978,1.7235765018677398,0.014885111690304043,0.7056340666374701,0.007222942696903963,7.37,7.49,0.1200000000000001,12,2011,2022,WLS,Stable,happiness
S12000034,Aberdeenshire,-0.0036395049026133885,14.923076704897198,0.012874230965378208,0.7255084977253203,0.010077850357452593,7.62,7.59,-0.03000000000000025,12,2011,2022,WLS,Stable,happiness
S12000035,Argyll and Bute,0.017563436736620364,-27.737926180711497,0.3307322692174597,0.050437948390284815,0.007900801636995837,7.56,7.73,0.17000000000000082,12,2011,2022,WLS,Stable,happiness
S12000036,City of Edinburgh,-0.017431963942913714,42.567708265326786,0.2309697633540988,0.11375770203768765,0.01005866772496177,7.41,7.25,-0.16000000000000014,12,2011,2022,WLS,Stable,happiness
S12000038,Renfrewshire,-0.0021039051709288437,11.584225497563864,0.0035995561392009323,0.8530591800789149,0.0110692613501027,7.16,7.25,0.08999999999999986,12,2011,2022,WLS,Stable,happiness
S12000039,West Dunbartonshire,0.022082044849167565,-37.18026793245377,0.1731883567842486,0.17842675909931227,0.015257494906224871,7.15,7.23,0.08000000000000007,12,2011,2022,WLS,Stable,happiness
S12000040,West Lothian,-0.016150836872049823,39.97749286286057,0.17250832174618436,0.17936888830517628,0.01118592293840175,7.4,7.25,-0.15000000000000036,12,2011,2022,WLS,Stable,happiness
S12000041,Angus,0.007535975405515455,-7.714311033759259,0.0507534538528851,0.48143212262021606,0.010306143477808621,7.45,7.52,0.0699999999999994,12,2011,2022,WLS,Stable,happiness
S12000042,Dundee City,-0.0014777866948190999,10.23714230764466,0.0008326370526420268,0.9290673152217224,0.016188365656919862,7.3,7.04,-0.2599999999999998,12,2011,2022,WLS,Stable,happiness
S12000045,East Dunbartonshire,0.0021820201072739187,3.203435424833401,0.004098335375226081,0.8433128328202784,0.010756308014211033,7.59,7.63,0.040000000000000036,12,2011,2022,WLS,Stable,happiness
S12000047,Fife,0.010052865845401215,-12.937050399968768,0.11101899808675042,0.2899039769743541,0.00899575202142149,7.18,7.17,-0.009999999999999787,12,2011,2022,WLS,Stable,happiness
S12000048,Perth and Kinross,0.010085082095654882,-12.740817332105934,0.05440103676960362,0.4656581893149232,0.013296255235594408,7.36,7.33,-0.03000000000000025,12,2011,2022,WLS,Stable,happiness
S12000049,Glasgow City,0.007833727724555761,-8.655984904932154,0.046216501003777055,0.5022219094314724,0.011253687309695122,7.01,7.14,0.1299999999999999,12,2011,2022,WLS,Stable,happiness
S12000050,North Lanarkshire,0.03258942380578486,-58.41123788110622,0.6226152131588192,0.002279993198823549,0.00802341049819563,7.15,7.33,0.17999999999999972,12,2011,2022,WLS,Improving,happiness
W06000001,Isle of Anglesey,-0.0024530838931444976,12.573097310170112,0.009795657210395325,0.7595868773986938,0.007799343080251464,7.62,7.38,-0.2400000000000002,12,2011,2022,WLS,Stable,happiness
W06000002,Gwynedd,0.018425310105700615,-29.558504140025832,0.1532983979799568,0.20815830860247742,0.013693396655923076,7.44,7.51,0.0699999999999994,12,2011,2022,WLS,Stable,happiness
W06000003,Conwy,0.0036808720422597807,0.1121711477639451,0.017564305498139032,0.6813693541623609,0.008705371230825673,7.43,7.32,-0.10999999999999943,12,2011,2022,WLS,Stable,happiness
W06000004,Denbighshire,0.019639613168122377,-32.0514906179298,0.3592421467032414,0.0394243860945076,0.00829442447087083,7.44,7.3,-0.14000000000000057,12,2011,2022,WLS,Stable,happiness
W06000005,Flintshire,-0.00851966791374395,24.65615719801113,0.06679691654057351,0.41731634453503585,0.010070071212971122,7.56,7.4,-0.15999999999999925,12,2011,2022,WLS,Stable,happiness
W06000006,Wrexham,-0.0001876677450567965,7.810175806019117,2.0733798799299485e-05,0.9887945831256584,0.01303303895319731,7.28,7.39,0.10999999999999943,12,2011,2022,WLS,Stable,happiness
W06000008,Ceredigion,-0.015179247313699074,38.076700361195606,0.16291307067023197,0.19320661830608565,0.010880717945474074,7.48,7.34,-0.14000000000000057,12,2011,2022,WLS,Stable,happiness
W06000009,Pembrokeshire,0.00978847955844575,-12.205553513642712,0.19525809625781376,0.1503679246489753,0.006284041159132548,7.37,7.55,0.17999999999999972,12,2011,2022,WLS,Stable,happiness
W06000010,Carmarthenshire,0.025834219071777215,-44.65352666186487,0.34530229632424847,0.04451351029630812,0.011249054312255596,7.15,7.43,0.27999999999999936,12,2011,2022,WLS,Improving,happiness
W06000011,Swansea,0.015936839853828738,-24.762285257964635,0.2094224990796527,0.1346742996094814,0.009791805199032319,7.17,7.34,0.16999999999999993,12,2011,2022,WLS,Stable,happiness
W06000012,Neath Port Talbot,0.013403605321346906,-19.652632433904785,0.1886641776977771,0.1582635634416838,0.008789764380094054,7.21,7.32,0.11000000000000032,12,2011,2022,WLS,Stable,happiness
W06000013,Bridgend,0.019576800512420223,-32.00478859606551,0.32072483582586664,0.054898597990521436,0.009009450172173382,7.4,7.72,0.3199999999999994,12,2011,2022,WLS,Stable,happiness
W06000014,Vale of Glamorgan,0.031035340784869914,-55.04746831576557,0.3844559247485717,0.03149224523191907,0.012418319157627549,7.41,7.43,0.019999999999999574,12,2011,2022,WLS,Improving,happiness
W06000015,Cardiff,0.007696393097504514,-8.16825899112061,0.03871833332245789,0.5399053001652481,0.012127024196370286,7.24,7.1,-0.14000000000000057,12,2011,2022,WLS,Stable,happiness
W06000016,Rhondda Cynon Taf,-0.016035269801781105,39.601384347394855,0.13649890391119468,0.23722104067492045,0.012753903780238699,7.21,7.22,0.009999999999999787,12,2011,2022,WLS,Stable,happiness
W06000018,Caerphilly,0.022507876328189652,-38.04213634457756,0.27611214238186554,0.07934967186149944,0.011524641200715816,7.31,7.37,0.0600000000000005,12,2011,2022,WLS,Improving,happiness
W06000019,Blaenau Gwent,0.013734858380482495,-20.36797490430837,0.11609390117417207,0.27846072328505267,0.011984572537758524,7.15,7.22,0.0699999999999994,12,2011,2022,WLS,Stable,happiness
W06000020,Torfaen,0.03403073942391113,-61.24652635774629,0.31706124401320834,0.05661662094578146,0.01579394733421586,7.0,7.3,0.2999999999999998,12,2011,2022,WLS,Improving,happiness
W06000021,Monmouthshire,0.013536720173636968,-19.71347464789028,0.45312819358784595,0.016427407086488932,0.004702682690993294,7.53,7.64,0.10999999999999943,12,2011,2022,WLS,Stable,happiness
W06000022,Newport,0.012040596969425443,-16.961125906370995,0.13208965275690643,0.24553714997211884,0.009760027771654146,7.28,7.13,-0.15000000000000036,12,2011,2022,WLS,Stable,happiness
W06000023,Powys,0.009951477025241628,-12.506942386057062,0.10679911498840511,0.29982521028001186,0.009100773172350007,7.55,7.45,-0.09999999999999964,12,2011,2022,WLS,Stable,happiness
W06000024,Merthyr Tydfil,0.028756704571977626,-50.67087645929746,0.5785633908468937,0.004073549328740267,0.007761216001266406,7.04,7.48,0.4400000000000004,12,2011,2022,WLS,Improving,happiness
CUMBRIA_COMBINED,Cumbria (combined),0.031625874125874136,-60.848991841491866,0.19375950066026637,0.15212799980784963,0.020400618750598558,2.885,3.35,0.4650000000000003,12,2011,2022,OLS (insufficient SEs),Stable,anxiety
DORSET_COMBINED,Dorset (combined),0.022814685314685317,-43.13539627039627,0.23985631367055313,0.10605440723579265,0.012843599418902035,2.915,2.9850000000000003,0.07000000000000028,12,2011,2022,OLS (insufficient SEs),Stable,anxiety
E06000001,Hartlepool,0.04396143788325099,-85.7156479283272,0.3421177149683575,0.04575350411108525,0.019277832550486845,2.96,3.48,0.52,12,2011,2022,WLS,Deteriorating,anxiety
E06000002,Middlesbrough,-0.039639513941274615,82.91043972215174,0.29902406450181973,0.06579055537356138,0.019192290331261363,3.59,3.07,-0.52,12,2011,2022,WLS,Improving,anxiety
E06000003,Redcar and Cleveland,-0.015798693446004597,34.68911869753282,0.06585640750545385,0.42073120770335226,0.018816072328773716,3.11,3.25,0.14000000000000012,12,2011,2022,WLS,Stable,anxiety
E06000004,Stockton-on-Tees,0.008176938444098836,-13.59422345024285,0.012412409531635804,0.7303116877682765,0.02306484245008979,3.03,3.23,0.20000000000000018,12,2011,2022,WLS,Stable,anxiety
E06000005,Darlington,0.04462945992312361,-87.01968271984252,0.4445384055092356,0.0178836092951129,0.015775894956596717,2.87,3.38,0.5099999999999998,12,2011,2022,WLS,Deteriorating,anxiety
E06000006,Halton,-0.018150745593983234,39.57455116813074,0.07483783871756322,0.3895848380169138,0.020181004641476104,3.15,3.35,0.20000000000000018,12,2011,2022,WLS,Stable,anxiety
E06000007,Warrington,0.0025654830996521133,-2.222161120594137,0.0014129005616171364,0.9076709217654715,0.021567824192188043,3.23,3.18,-0.04999999999999982,12,2011,2022,WLS,Stable,anxiety
E06000008,Blackburn with Darwen,-0.02869565949334816,60.885064828963564,0.1404172116201604,0.23008199122805895,0.0224517342707799,3.32,3.07,-0.25,12,2011,2022,WLS,Stable,anxiety
E06000009,Blackpool,0.018822058419209628,-34.81870778247071,0.07214084694253264,0.398606105488434,0.021346050222029768,3.44,3.5,0.06000000000000005,12,2011,2022,WLS,Stable,anxiety
E06000010,"Kingston upon Hull, City of",0.024620173751339083,-46.61045372449121,0.2679858374472127,0.08473375878917255,0.012867522425842402,2.94,3.51,0.5699999999999998,12,2011,2022,WLS,Deteriorating,anxiety
E06000011,East Riding of Yorkshire,0.023562198617955846,-44.70065810269233,0.27973115584089836,0.07705326215187047,0.01195618722990215,2.84,3.26,0.41999999999999993,12,2011,2022,WLS,Deteriorating,anxiety
E06000012,North East Lincolnshire,0.018784535034088168,-34.91975048204327,0.06434809274325659,0.4262880949332357,0.022651124319540333,3.06,2.94,-0.1200000000000001,12,2011,2022,WLS,Stable,anxiety
E06000013,North Lincolnshire,0.013015178244819486,-23.31687671534587,0.0683597305969913,0.41172476749468756,0.015194068326119824,3.1,2.98,-0.1200000000000001,12,2011,2022,WLS,Stable,anxiety
E06000014,York,0.03203471598507336,-61.44077327368552,0.36807562867610955,0.03646848704896466,0.013273483039683653,3.18,3.45,0.27,12,2011,2022,WLS,Deteriorating,anxiety
E06000015,Derby,-0.0058460492947410014,14.76963408511503,0.008368912932613881,0.7773623876285822,0.020123476683331386,3.15,3.57,0.41999999999999993,12,2011,2022,WLS,Stable,anxiety
E06000016,Leicester,-0.008345201203498423,20.00273342572001,0.020542613256701037,0.6567654866901464,0.018222239061738976,3.27,3.21,-0.06000000000000005,12,2011,2022,WLS,Stable,anxiety
E06000017,Rutland,0.017684815195298936,-32.70776062835745,0.09413102482887725,0.33205326887280284,0.017348695533604963,3.05,3.03,-0.020000000000000018,12,2011,2022,WLS,Stable,anxiety
E06000018,Nottingham,0.06126566070676391,-120.3870887300886,0.48473023005834526,0.011898831486952366,0.019974890202507183,3.11,3.45,0.3400000000000003,12,2011,2022,WLS,Deteriorating,anxiety
E06000019,"Herefordshire, County of",0.0006980449826502338,1.4772239704140873,0.00012259118318158624,0.9727567311007355,0.01993550169071423,3.03,2.93,-0.09999999999999964,12,2011,2022,WLS,Stable,anxiety
E06000020,Telford and Wrekin,0.0005268585456557895,1.91714222190339,9.30010697025585e-05,0.9762703843422251,0.01727546956977086,3.27,2.81,-0.45999999999999996,12,2011,2022,WLS,Stable,anxiety
E06000021,Stoke-on-Trent,0.021737372390057866,-40.856167168894984,0.19504322203880964,0.15061907182207057,0.013964580532707533,3.08,3.39,0.31000000000000005,12,2011,2022,WLS,Stable,anxiety
E06000022,Bath and North East Somerset,0.022204861775270576,-41.59462154567423,0.13702767792695603,0.23624408238235728,0.01762147906797292,3.25,3.59,0.33999999999999986,12,2011,2022,WLS,Stable,anxiety
E06000023,"Bristol, City of",0.033379785129923276,-64.07970844749917,0.33712500712155025,0.047758459424381394,0.014801436631126147,3.17,3.44,0.27,12,2011,2022,WLS,Deteriorating,anxiety
E06000024,North Somerset,0.011932910352542389,-21.128477962227905,0.04630631208634384,0.5017967922823232,0.01712500609878081,3.12,2.89,-0.22999999999999998,12,2011,2022,WLS,Stable,anxiety
E06000025,South Gloucestershire,0.018316562150282725,-34.04962979679587,0.11940691603904607,0.2712629182626005,0.015729570278108434,3.01,3.14,0.13000000000000034,12,2011,2022,WLS,Stable,anxiety
E06000026,Plymouth,-0.003773048712313848,10.6240132757695,0.0066418052979491105,0.8012058290760349,0.014591578687638433,3.21,3.23,0.020000000000000018,12,2011,2022,WLS,Stable,anxiety
E06000027,Torbay,0.026572335057017574,-50.592217525557345,0.2640764067940917,0.0874404780904452,0.014027532451181494,2.95,3.31,0.3599999999999999,12,2011,2022,WLS,Deteriorating,anxiety
E06000030,Swindon,0.023254245652192862,-43.90203762288584,0.1886546776026118,0.15827522544095785,0.01525005238115734,2.96,3.22,0.26000000000000023,12,2011,2022,WLS,Stable,anxiety
E06000031,Peterborough,-0.0002298621039342752,3.4834487884846794,9.14397279716539e-06,0.9925584611673839,0.024037977744303805,3.34,3.61,0.27,12,2011,2022,WLS,Stable,anxiety
E06000032,Luton,-0.04321825719448053,89.94300756249261,0.44355958344950064,0.018056274963048402,0.01530737070240672,3.09,2.64,-0.44999999999999973,12,2011,2022,WLS,Improving,anxiety
E06000033,Southend-on-Sea,0.018565676841616502,-34.444951481646854,0.241754897841163,0.10447285791842198,0.0103974766306809,2.92,3.24,0.3200000000000003,12,2011,2022,WLS,Stable,anxiety
E06000034,Thurrock,0.00855867343095619,-14.190543882479034,0.029856887022430167,0.5912505993665773,0.01542773234184722,3.36,3.35,-0.009999999999999787,12,2011,2022,WLS,Stable,anxiety
E06000035,Medway,0.03746051100695774,-72.43651392646646,0.38759884361153285,0.030607740185327303,0.01489019763501474,3.19,3.29,0.10000000000000009,12,2011,2022,WLS,Deteriorating,anxiety
E06000036,Bracknell Forest,0.025819403339634228,-49.0006921337872,0.23648638216355766,0.1089165257383724,0.014670723330258617,2.93,3.41,0.48,12,2011,2022,WLS,Stable,anxiety
E06000037,West Berkshire,0.009816448344524484,-16.824711484170862,0.05058500743455052,0.4821800004160608,0.01344842791049444,3.06,3.11,0.04999999999999982,12,2011,2022,WLS,Stable,anxiety
E06000038,Reading,0.01462871873511127,-26.37027121122155,0.051638822454940225,0.47753012238439596,0.019824626249070526,3.0,3.22,0.2200000000000002,12,2011,2022,WLS,Stable,anxiety
E06000039,Slough,-4.790692931015694e-05,3.425103697200427,1.0747979440894895e-06,0.9974486891530261,0.014612841971352212,3.33,3.28,-0.050000000000000266,12,2011,2022,WLS,Stable,anxiety
E06000040,Windsor and Maidenhead,0.020745691780386016,-38.7225418563832,0.108562337214541,0.2956334486250436,0.018798959765996374,3.21,3.35,0.14000000000000012,12,2011,2022,WLS,Stable,anxiety
E06000041,Wokingham,0.011773658888006869,-20.798626490399613,0.019754085773536212,0.663066816473594,0.02622711387308017,3.18,3.11,-0.07000000000000028,12,2011,2022,WLS,Stable,anxiety
E06000042,Milton Keynes,0.0005423977889785821,1.9237873340139977,3.401970405392252e-05,0.985646885468666,0.029406630028857877,3.16,3.8,0.6399999999999997,12,2011,2022,WLS,Stable,anxiety
E06000043,Brighton and Hove,0.030839462443717297,-58.716236599782775,0.3496265501241119,0.042876840824008555,0.013301052228373697,3.28,3.31,0.03000000000000025,12,2011,2022,WLS,Deteriorating,anxiety
E06000044,Portsmouth,0.04158415308463215,-81.0001818843512,0.3110443928997727,0.059541682883095026,0.019570967333423554,2.98,3.38,0.3999999999999999,12,2011,2022,WLS,Deteriorating,anxiety
E06000045,Southampton,0.018775826039959614,-34.830553701284856,0.05421640419862028,0.4664379151120881,0.024798738337891812,3.1,3.81,0.71,12,2011,2022,WLS,Stable,anxiety
E06000046,Isle of Wight,0.05041885733397266,-98.7807225096172,0.585725276091913,0.0037213659173420677,0.013408809915531629,2.79,3.19,0.3999999999999999,12,2011,2022,WLS,Deteriorating,anxiety
E06000047,County Durham,-0.017855097370522682,38.99863011768531,0.08875910690240008,0.34695045254359114,0.018091407733762478,3.23,3.13,-0.10000000000000009,12,2011,2022,WLS,Stable,anxiety
E06000049,Cheshire East,0.022039197775877414,-41.54719465984877,0.09025848496595057,0.34271247842156205,0.022126400513621483,3.0,3.27,0.27,12,2011,2022,WLS,Stable,anxiety
E06000050,Cheshire West and Chester,0.011161356849890586,-19.728410061344505,0.022615734805291998,0.640846266659721,0.02320300927502742,2.99,3.09,0.09999999999999964,12,2011,2022,WLS,Stable,anxiety
E06000051,Shropshire,0.014257663956286984,-25.877212093122097,0.08933890455169846,0.34530413526550996,0.014394827161072366,2.94,2.7,-0.23999999999999977,12,2011,2022,WLS,Stable,anxiety
E06000052,Cornwall,0.005545459995877716,-8.309028373996199,0.013852425169092575,0.715640123756484,0.014796044398004742,2.96,2.89,-0.06999999999999984,12,2011,2022,WLS,Stable,anxiety
E06000054,Wiltshire,0.025662712525328438,-48.83351470294414,0.2222919190607242,0.1217827691781237,0.015179205032153979,2.92,3.51,0.5899999999999999,12,2011,2022,WLS,Stable,anxiety
E06000055,Bedford,-0.013143720890249788,29.452074562750795,0.027114267536077707,0.6090689695527072,0.024897188470054718,3.4,3.35,-0.04999999999999982,12,2011,2022,WLS,Stable,anxiety
E06000056,Central Bedfordshire,0.006419403184097679,-10.095233342254915,0.013179899634791381,0.7223815025142302,0.017565381849532543,3.01,3.21,0.20000000000000018,12,2011,2022,WLS,Stable,anxiety
E06000057,Northumberland,-0.008689623814441327,20.45494185865914,0.028858196495219923,0.5976170486837309,0.015940711692431463,3.21,2.69,-0.52,12,2011,2022,WLS,Stable,anxiety
E06000060,Buckinghamshire,0.006180511638121097,-9.495696259537965,0.022035926088336488,0.6452087966861999,0.013020277054282098,3.04,3.26,0.21999999999999975,12,2011,2022,WLS,Stable,anxiety
E06000065,North Yorkshire,0.030804195804195814,-59.36416083916086,0.42453651159165456,0.021704474016983596,0.011341258223833126,2.8,3.03,0.22999999999999998,12,2011,2022,OLS (insufficient SEs),Deteriorating,anxiety
E06000066,Somerset,0.013251748251748227,-23.83298368298363,0.08940123868773671,0.34512770700273326,0.013374111400574158,2.89,3.01,0.11999999999999966,12,2011,2022,OLS (insufficient SEs),Stable,anxiety
E07000008,Cambridge,0.004397630927616927,-5.672991827424482,0.002510527415546693,0.8771061422778668,0.027719823110366984,3.04,2.99,-0.04999999999999982,12,2011,2022,WLS,Stable,anxiety
E07000009,East Cambridgeshire,-0.051634927595634594,106.94843647896985,0.33847602833156654,0.04720846325757222,0.022827187568280692,3.73,2.25,-1.48,12,2011,2022,WLS,Improving,anxiety
E07000010,Fenland,0.03545268992025988,-68.71203273690601,0.11893479922955097,0.2722759012201581,0.030513972077544024,2.56,3.43,0.8700000000000001,12,2011,2022,WLS,Stable,anxiety
E07000011,Huntingdonshire,0.02626442766957006,-50.133678792315436,0.10336694064194918,0.30818184381844715,0.024461578803420807,2.99,2.88,-0.11000000000000032,12,2011,2022,WLS,Stable,anxiety
E07000012,South Cambridgeshire,0.04198963857363666,-81.55440853286794,0.2570351886497634,0.092515499485615,0.022575114792812934,3.23,3.39,0.16000000000000014,12,2011,2022,WLS,Deteriorating,anxiety
E07000032,Amber Valley,0.030499502624416766,-58.66226083833297,0.12595848902713402,0.2576255374531691,0.0254065131482399,2.86,3.04,0.18000000000000016,12,2011,2022,WLS,Stable,anxiety
E07000033,Bolsover,0.049558713545396274,-96.92279640298426,0.1465820283862379,0.21930408719844263,0.037814690732191736,2.83,3.17,0.33999999999999986,12,2011,2022,WLS,Stable,anxiety
E07000034,Chesterfield,0.054409587042260135,-106.77632804893577,0.1604445692980584,0.19693763721768942,0.03935841552111286,2.96,2.91,-0.04999999999999982,12,2011,2022,WLS,Stable,anxiety
E07000035,Derbyshire Dales,0.025553098909247215,-48.62574633582787,0.1114968001736073,0.2888043213657654,0.022810871192837312,2.75,3.75,1.0,12,2011,2022,WLS,Stable,anxiety
E07000036,Erewash,0.0035054911151484874,-4.2073829837462995,0.001650034696760061,0.9002547960177423,0.02726740043407609,3.25,3.09,-0.16000000000000014,12,2011,2022,WLS,Stable,anxiety
E07000037,High Peak,-0.01983741273918166,42.74543410864072,0.10161378360186513,0.3125541805135299,0.018652637842067166,2.64,2.54,-0.10000000000000009,12,2011,2022,WLS,Stable,anxiety
E07000038,North East Derbyshire,-0.0014271232579885218,5.841143099962466,0.00036242643302120126,0.9531725328417822,0.023701336559778095,3.08,3.29,0.20999999999999996,12,2011,2022,WLS,Stable,anxiety
E07000039,South Derbyshire,-0.020030786310203594,43.34388147606589,0.03144344291829537,0.5814042597800464,0.0351556752493892,3.11,2.72,-0.3899999999999997,12,2011,2022,WLS,Stable,anxiety
E07000040,East Devon,0.02152508755233566,-40.57050979700958,0.07035378258850322,0.40473581215118637,0.024743438612817317,3.18,3.17,-0.010000000000000231,12,2011,2022,WLS,Stable,anxiety
E07000041,Exeter,0.03586343825200934,-69.1600508470317,0.1404147574029827,0.23008639099385375,0.028060152165899747,3.21,3.32,0.10999999999999988,12,2011,2022,WLS,Stable,anxiety
E07000042,Mid Devon,-0.018797332224673773,40.71158637962472,0.024561565425749166,0.626673307759122,0.037460030588187,3.12,3.08,-0.040000000000000036,12,2011,2022,WLS,Stable,anxiety
E07000043,North Devon,0.011998410108837398,-21.3412005346689,0.01931941500371892,0.6666030229619937,0.027032767239794427,2.92,3.77,0.8500000000000001,12,2011,2022,WLS,Stable,anxiety
E07000044,South Hams,0.013459230873638456,-24.34135047273392,0.015763088887581933,0.6974288887540832,0.03363174524270441,2.73,3.61,0.8799999999999999,12,2011,2022,WLS,Stable,anxiety
E07000045,Teignbridge,0.038161932791503525,-74.20538291204144,0.15695029912297132,0.2023447810018455,0.027968931661038504,2.81,3.3,0.48999999999999977,12,2011,2022,WLS,Stable,anxiety
E07000046,Torridge,-0.024490403325898455,52.079404909304856,0.09916777939507215,0.3187759070599263,0.02334170623549049,2.85,2.28,-0.5700000000000003,12,2011,2022,WLS,Stable,anxiety
E07000047,West Devon,-0.061361448267542584,126.31845049103765,0.2192243672704215,0.14637601484428586,0.03860051148933866,3.2,2.84,-0.3600000000000003,11,2011,2021,WLS,Stable,anxiety
E07000061,Eastbourne,0.03784551537925508,-73.21898115042717,0.08576472774904786,0.3556076267117101,0.03907410629471249,3.34,3.76,0.41999999999999993,12,2011,2022,WLS,Stable,anxiety
E07000062,Hastings,0.044435658871139413,-86.6584490969052,0.17039103484508433,0.18233415181282187,0.031005944983563773,2.92,4.17,1.25,12,2011,2022,WLS,Stable,anxiety
E07000063,Lewes,0.0421707879133147,-82.04143566018763,0.158489587350937,0.19994441969693244,0.030728481197502426,2.91,3.04,0.1299999999999999,12,2011,2022,WLS,Stable,anxiety
E07000064,Rother,0.07905610089042236,-156.4897046480647,0.2932645945793728,0.0689869989171521,0.03880913811998308,2.96,3.35,0.3900000000000001,12,2011,2022,WLS,Deteriorating,anxiety
E07000065,Wealden,0.025682531527920632,-48.852947963104725,0.08860055893983088,0.34740231138398703,0.026047975700362897,2.84,3.31,0.4700000000000002,12,2011,2022,WLS,Stable,anxiety
E07000066,Basildon,0.000895561451702713,1.1804027021675836,0.00020398209903382813,0.9648618817299615,0.01982691134841295,3.25,3.5,0.25,12,2011,2022,WLS,Stable,anxiety
E07000067,Braintree,0.036872557097557185,-71.44225406160928,0.2340727208589315,0.1110105010996485,0.021092187523978352,2.75,3.15,0.3999999999999999,12,2011,2022,WLS,Stable,anxiety
E07000068,Brentwood,-0.025483364033091066,54.41794560509206,0.04669036969776763,0.4999853052033205,0.036413304429600245,3.72,3.16,-0.56,12,2011,2022,WLS,Stable,anxiety
E07000069,Castle Point,-0.011365243517770879,25.834211046247816,0.008137022773809344,0.7804009116061938,0.03968001427576807,3.12,3.1,-0.020000000000000018,12,2011,2022,WLS,Stable,anxiety
E07000070,Chelmsford,0.034472107932589646,-66.69340974897577,0.19239178236187027,0.15375181642556468,0.022334433767745267,2.94,2.76,-0.18000000000000016,12,2011,2022,WLS,Stable,anxiety
E07000071,Colchester,0.03485133165570464,-67.39295047246765,0.084265894017025,0.36004103440133206,0.03633106721534743,3.37,3.24,-0.1299999999999999,12,2011,2022,WLS,Stable,anxiety
E07000072,Epping Forest,0.03712628273984363,-71.90182764620212,0.13342781742766618,0.242980852749767,0.02991993520643262,2.92,3.51,0.5899999999999999,12,2011,2022,WLS,Stable,anxiety
E07000073,Harlow,-0.0012656962628422308,5.495328038311641,0.00020102749340822346,0.9669974175646578,0.029753417565259562,2.62,2.84,0.21999999999999975,11,2011,2021,WLS,Stable,anxiety
E07000074,Maldon,0.015843880394779797,-29.187010948537022,0.016527594738034224,0.7063864160343936,0.04073958140038641,2.65,3.39,0.7400000000000002,11,2011,2021,WLS,Stable,anxiety
E07000075,Rochford,0.009272894108119212,-16.074891718939256,0.006401345851880458,0.8047751782749453,0.036532984425446814,2.27,3.34,1.0699999999999998,12,2011,2022,WLS,Stable,anxiety
E07000076,Tendring,0.051527692050717236,-100.94477978517386,0.18980598429575635,0.15686801907881698,0.033665126885887416,2.92,3.45,0.5300000000000002,12,2011,2022,WLS,Stable,anxiety
E07000077,Uttlesford,0.042945154286054964,-83.82024024748353,0.1965727554876443,0.1488401532550936,0.027455273980706265,2.63,3.53,0.8999999999999999,12,2011,2022,WLS,Stable,anxiety
E07000078,Cheltenham,0.019544845196128174,-36.392352192299384,0.11269069458804337,0.2860771198082308,0.017343059943092515,2.94,3.17,0.22999999999999998,12,2011,2022,WLS,Stable,anxiety
E07000079,Cotswold,0.02134556756798084,-40.32189861865467,0.06392870752198776,0.42785114176659667,0.025829393468536552,2.99,3.2,0.20999999999999996,12,2011,2022,WLS,Stable,anxiety
E07000080,Forest of Dean,0.06044953494859161,-118.89938207606988,0.1699344853023823,0.1829799520539619,0.042248217427163066,2.59,4.13,1.54,12,2011,2022,WLS,Stable,anxiety
E07000081,Gloucester,-0.01681324234578778,36.713635030181365,0.06518638458344783,0.4231873198174476,0.020134253870503067,3.06,2.36,-0.7000000000000002,12,2011,2022,WLS,Stable,anxiety
E07000082,Stroud,-0.010100381830418115,23.36283642536756,0.042405193329562496,0.520812148178865,0.015178161139429096,3.09,3.31,0.2200000000000002,12,2011,2022,WLS,Stable,anxiety
E07000083,Tewkesbury,0.022467075255832428,-42.386539941219866,0.13886687602829828,0.23287909606884716,0.01769222095818641,2.92,2.84,-0.08000000000000007,12,2011,2022,WLS,Stable,anxiety
E07000084,Basingstoke and Deane,0.033950173960754094,-65.69489182570341,0.26568983714478667,0.08631400255285016,0.017848194995825115,2.7,3.38,0.6799999999999997,12,2011,2022,WLS,Deteriorating,anxiety
E07000085,East Hampshire,0.029266183777781785,-56.0002919133853,0.1198697236256242,0.2702739534542218,0.025077533768969137,3.28,3.49,0.2100000000000004,12,2011,2022,WLS,Stable,anxiety
E07000086,Eastleigh,0.07852845999640266,-155.4466692889401,0.5057179771397685,0.009513454261233623,0.02455049722194484,2.68,3.46,0.7799999999999998,12,2011,2022,WLS,Deteriorating,anxiety
E07000087,Fareham,-0.01593912267244993,34.74590650607024,0.016139102735343136,0.6939936721801006,0.039354243651154044,3.08,2.75,-0.33000000000000007,12,2011,2022,WLS,Stable,anxiety
E07000088,Gosport,0.04774991396328883,-93.42906022155793,0.25462409902992433,0.09431438560429117,0.025835121862682484,3.08,3.26,0.17999999999999972,12,2011,2022,WLS,Deteriorating,anxiety
E07000089,Hart,0.05260774918458122,-103.26313021721839,0.14604143764814248,0.2202277156560959,0.04022815083981698,3.53,3.14,-0.3899999999999997,12,2011,2022,WLS,Stable,anxiety
E07000090,Havant,-0.006724832250190563,16.229694427576874,0.0037039970506723696,0.8509634031251405,0.03487709732694529,2.71,2.68,-0.029999999999999805,12,2011,2022,WLS,Stable,anxiety
E07000091,New Forest,0.033441417124422126,-64.63064576574143,0.24920445639352395,0.09847587958059312,0.01835555895084091,2.58,2.97,0.3900000000000001,12,2011,2022,WLS,Deteriorating,anxiety
E07000092,Rushmoor,0.043078292244344715,-84.23878045730373,0.08601697973152178,0.35486815060033194,0.044405365318319893,2.58,4.33,1.75,12,2011,2022,WLS,Stable,anxiety
E07000093,Test Valley,0.002290211853766773,-1.7654986496054477,0.0007876549628710316,0.9310058011659061,0.02579506026231895,3.24,3.14,-0.10000000000000009,12,2011,2022,WLS,Stable,anxiety
E07000094,Winchester,0.0540195424446471,-106.02936699520941,0.16880800679436592,0.18458320907912773,0.03790574667386715,3.2,3.43,0.22999999999999998,12,2011,2022,WLS,Stable,anxiety
E07000095,Broxbourne,-0.0075148576509160014,18.180373664000598,0.00311295422618707,0.8632631160046997,0.042526277356245604,2.75,4.3,1.5499999999999998,12,2011,2022,WLS,Stable,anxiety
E07000096,Dacorum,0.013942773866417638,-25.270183709311112,0.029234168723982212,0.5952044849580171,0.025407448269380257,2.77,2.87,0.10000000000000009,12,2011,2022,WLS,Stable,anxiety
E07000098,Hertsmere,-0.014106584029796962,31.468980624930765,0.013084673862929441,0.7233513232014284,0.03874185003987845,3.24,3.01,-0.23000000000000043,12,2011,2022,WLS,Stable,anxiety
E07000099,North Hertfordshire,0.0481687352369124,-94.20272117681094,0.42856453751869517,0.02088379189756817,0.017588982698978958,2.69,3.36,0.6699999999999999,12,2011,2022,WLS,Deteriorating,anxiety
E07000102,Three Rivers,-0.029614950195962025,62.50386928115307,0.06415284797107057,0.42701478708851703,0.03576889284212475,3.3,3.35,0.050000000000000266,12,2011,2022,WLS,Stable,anxiety
E07000103,Watford,0.03224205982274134,-62.17088702830105,0.07061997959498756,0.40381484955992075,0.03698755734611172,3.39,3.29,-0.10000000000000009,12,2011,2022,WLS,Stable,anxiety
E07000105,Ashford,0.029837789075173468,-57.35750762694633,0.18076768877407,0.16825351563546675,0.020086754580189232,2.63,3.53,0.8999999999999999,12,2011,2022,WLS,Stable,anxiety
E07000106,Canterbury,0.02847783545392582,-54.22818970569898,0.22439901422694242,0.11978666892111911,0.01674232160753867,3.2,3.32,0.11999999999999966,12,2011,2022,WLS,Stable,anxiety
E07000107,Dartford,-0.07749590350559743,158.98038261785064,0.3671927160755566,0.0367550068802609,0.032171214173932185,3.27,2.88,-0.3900000000000001,12,2011,2022,WLS,Improving,anxiety
E07000108,Dover,0.016876954021580015,-30.931803575703924,0.03215268843650532,0.577103564497965,0.0292811982577677,3.18,3.66,0.48,12,2011,2022,WLS,Stable,anxiety
E07000109,Gravesham,0.007600089810016641,-12.631692604489785,0.0049672323172242905,0.8368584456704165,0.03585575938868588,3.34,3.05,-0.29000000000000004,11,2011,2022,WLS,Stable,anxiety
E07000110,Maidstone,0.008846987117433092,-14.84468378723247,0.030186757311941093,0.5891769035484609,0.01585737213902073,3.14,3.01,-0.13000000000000034,12,2011,2022,WLS,Stable,anxiety
E07000111,Sevenoaks,-0.011888121239331619,26.811393404870785,0.017529922662464448,0.6816669017160759,0.02814381008672161,2.55,2.71,0.16000000000000014,12,2011,2022,WLS,Stable,anxiety
E07000112,Folkestone and Hythe,0.013602729959926597,-24.366819306248914,0.010353039340481152,0.7530243770752267,0.04205641911739976,3.17,2.66,-0.5099999999999998,12,2011,2022,WLS,Stable,anxiety
E07000113,Swale,0.058695568838498996,-115.41519106669938,0.30831809987012027,0.06091064461989326,0.02780090995558516,2.72,2.81,0.08999999999999986,12,2011,2022,WLS,Deteriorating,anxiety
E07000114,Thanet,0.008966416522258741,-15.05721100623225,0.006860281184836503,0.7980213686046063,0.0341156088782929,3.11,2.5,-0.6099999999999999,12,2011,2022,WLS,Stable,anxiety
E07000115,Tonbridge and Malling,0.0003055908536207935,2.19462716866218,1.4055769839593779e-05,0.990773865881283,0.02577567106424646,3.15,3.04,-0.10999999999999988,12,2011,2022,WLS,Stable,anxiety
E07000116,Tunbridge Wells,0.026117994020824417,-49.76562311084464,0.06287200790518976,0.4318248652294814,0.03188677579586236,2.71,3.13,0.41999999999999993,12,2011,2022,WLS,Stable,anxiety
E07000117,Burnley,-0.08037051375629278,164.8946966197775,0.32941165954790286,0.06484099039039593,0.03822381278725307,3.27,2.47,-0.7999999999999998,11,2011,2021,WLS,Improving,anxiety
E07000118,Chorley,-0.024142235287442283,51.351761944864805,0.06928975824669525,0.4084451475850577,0.027980160520067767,2.95,2.58,-0.3700000000000001,12,2011,2022,WLS,Stable,anxiety
E07000119,Fylde,-0.02766383884487518,58.479172348608586,0.07246237980477066,0.3975162985136431,0.03129838410930872,2.95,2.47,-0.48,12,2011,2022,WLS,Stable,anxiety
E07000120,Hyndburn,0.014060183084601496,-25.37724461916156,0.009229381983960061,0.7664638450246617,0.046067137262171765,2.82,3.99,1.1700000000000004,12,2011,2022,WLS,Stable,anxiety
E07000121,Lancaster,0.0508876285804784,-99.72731852856046,0.190717780588592,0.15576223120052712,0.03314870906598205,3.22,3.59,0.36999999999999966,12,2011,2022,WLS,Stable,anxiety
E07000122,Pendle,-0.05179134203379282,107.31311686671435,0.13416432447854554,0.24158606755336076,0.041606039662841446,2.8,2.6,-0.19999999999999973,12,2011,2022,WLS,Stable,anxiety
E07000123,Preston,0.03962938134845633,-76.91448324927497,0.1299028797708911,0.2497768936077076,0.032433347019492076,2.96,3.22,0.26000000000000023,12,2011,2022,WLS,Stable,anxiety
E07000124,Ribble Valley,0.03405584562394785,-65.87075772636445,0.10456210004920585,0.305241771899752,0.03151535881247301,2.69,3.14,0.4500000000000002,12,2011,2022,WLS,Stable,anxiety
E07000125,Rossendale,-0.0017345241269716566,6.471454950253815,0.00020470137390748988,0.9648000185609344,0.03833323851500818,3.5,4.13,0.6299999999999999,12,2011,2022,WLS,Stable,anxiety
E07000126,South Ribble,-0.0029082054871175655,8.752985971873443,0.0007363598736199739,0.9332856408362125,0.03387818028532662,3.41,3.34,-0.07000000000000028,12,2011,2022,WLS,Stable,anxiety
E07000127,West Lancashire,-0.04720277216616993,98.22608572210208,0.2470829378184375,0.10015047403423472,0.026056717006170304,3.28,2.89,-0.3899999999999997,12,2011,2022,WLS,Stable,anxiety
E07000128,Wyre,0.03506222317657738,-67.73340684052064,0.21914300635897832,0.12482437634970434,0.020929622457329464,2.8,3.01,0.20999999999999996,12,2011,2022,WLS,Stable,anxiety
E07000129,Blaby,-0.01641904709027321,36.127757825314035,0.019788977992386658,0.66278492088701,0.0365423149617541,3.79,3.45,-0.33999999999999986,12,2011,2022,WLS,Stable,anxiety
E07000130,Charnwood,-0.03781749807106148,79.21891261824831,0.13362520826218094,0.24260619469006972,0.030450995812221555,3.55,3.31,-0.23999999999999977,12,2011,2022,WLS,Stable,anxiety
E07000131,Harborough,-0.019998165500477505,43.499570547220486,0.0521779809211137,0.4751773963755501,0.02695317432487604,3.53,3.37,-0.1599999999999997,12,2011,2022,WLS,Stable,anxiety
E07000132,Hinckley and Bosworth,0.0338877253419293,-65.30962751903112,0.13564042139998134,0.23881632272016362,0.027051732101473613,3.27,3.26,-0.010000000000000231,12,2011,2022,WLS,Stable,anxiety
E07000133,Melton,-0.03443400724839883,72.50312960197513,0.057401935910549984,0.45324929078346243,0.04412528957984517,3.59,3.16,-0.4299999999999997,12,2011,2022,WLS,Stable,anxiety
E07000134,North West Leicestershire,0.06028755346526099,-118.48959701185274,0.1646155341316119,0.19067523750568616,0.04294725886071602,3.51,4.35,0.8399999999999999,12,2011,2022,WLS,Stable,anxiety
E07000135,Oadby and Wigston,-0.03717103612853619,77.84961742801438,0.061564641190297476,0.5197489912351871,0.05485196019648253,3.59,2.89,-0.6999999999999997,9,2011,2022,WLS,Stable,anxiety
E07000136,Boston,-0.03956808914503562,82.5001254598468,0.07076880736410818,0.45753547674747486,0.05069218784110612,3.21,3.17,-0.040000000000000036,10,2011,2021,WLS,Stable,anxiety
E07000137,East Lindsey,0.014152414385450965,-25.744185182820047,0.016990035697608707,0.6863834301469367,0.034041787052235754,2.89,2.42,-0.4700000000000002,12,2011,2022,WLS,Stable,anxiety
E07000138,Lincoln,-0.024445436497403848,52.52164020977915,0.024837027398015188,0.6247219088911962,0.04843804311759682,4.19,3.11,-1.0800000000000005,12,2011,2022,WLS,Stable,anxiety
E07000139,North Kesteven,-0.003272077854232905,9.283755347586776,0.0019278951630052887,0.8922229162372939,0.023543058432034143,3.1,2.29,-0.81,12,2011,2022,WLS,Stable,anxiety
E07000140,South Holland,0.05822650096810246,-115.00978908739762,0.3829820725294496,0.03191455887388006,0.023371164997992012,2.29,2.47,0.18000000000000016,12,2011,2022,WLS,Deteriorating,anxiety
E07000141,South Kesteven,0.008095847700677242,-13.50837602914038,0.011024451661541756,0.7453686739938432,0.02424803822028091,3.3,2.98,-0.31999999999999984,12,2011,2022,WLS,Stable,anxiety
E07000142,West Lindsey,0.02006583580124298,-37.67115411358283,0.05331223875381097,0.47028448723876837,0.02673912399765958,2.96,2.91,-0.04999999999999982,12,2011,2022,WLS,Stable,anxiety
E07000143,Breckland,-0.036805211767713564,77.08229897273242,0.16699788018158723,0.18718906643742605,0.025994226273657182,3.45,3.05,-0.40000000000000036,12,2011,2022,WLS,Stable,anxiety
E07000144,Broadland,-0.04641983069605149,96.4431382035057,0.21308019543271628,0.1308842266639969,0.028209620689916642,3.28,2.27,-1.0099999999999998,12,2011,2022,WLS,Stable,anxiety
E07000145,Great Yarmouth,-0.039324550272801004,82.07101377507419,0.11447008597685904,0.28206610466810966,0.0345875164256767,3.33,2.86,-0.4700000000000002,12,2011,2022,WLS,Stable,anxiety
E07000146,King's Lynn and West Norfolk,-0.011957933557437989,26.820955863294216,0.010888007663080512,0.7469034985612275,0.03604164965673149,3.22,3.31,0.08999999999999986,12,2011,2022,WLS,Stable,anxiety
E07000147,North Norfolk,0.011457164615802595,-20.393712229664743,0.014940515768148255,0.7051083746131308,0.029418842849435235,3.0,3.36,0.3599999999999999,12,2011,2022,WLS,Stable,anxiety
E07000148,Norwich,0.05791660830441929,-113.47539755959647,0.2680490367904985,0.08469063621857509,0.030264742884748324,3.4,4.37,0.9700000000000002,12,2011,2022,WLS,Deteriorating,anxiety
E07000149,South Norfolk,0.0033983535607638726,-3.734795435703589,0.0017850431332395722,0.8962730216392498,0.025413017729592795,3.35,3.35,0.0,12,2011,2022,WLS,Stable,anxiety
E07000170,Ashfield,0.01809501618802717,-33.702481154760676,0.03355616425164076,0.568767219365212,0.0307086786906383,3.14,2.7,-0.43999999999999995,12,2011,2022,WLS,Stable,anxiety
E07000171,Bassetlaw,0.062247052670559785,-122.66369145557076,0.30510056467478563,0.06256223181131282,0.02970696376803061,3.01,3.02,0.010000000000000231,12,2011,2022,WLS,Deteriorating,anxiety
E07000172,Broxtowe,0.020786102024739683,-38.913590161956705,0.04163844047246246,0.5246884427461445,0.03153483187105436,3.35,3.39,0.040000000000000036,12,2011,2022,WLS,Stable,anxiety
E07000173,Gedling,0.04887191449662123,-95.67464622425388,0.21905587204725485,0.12490955327195508,0.029180443243664936,2.74,2.78,0.03999999999999959,12,2011,2022,WLS,Stable,anxiety
E07000174,Mansfield,0.0017082598520008208,-0.4411039687595064,0.0003348361056237925,0.954988565868387,0.029516514513101683,3.35,2.65,-0.7000000000000002,12,2011,2022,WLS,Stable,anxiety
E07000175,Newark and Sherwood,0.0012597286035785776,0.35946678619475847,0.0001280096712139578,0.9721613704281014,0.03520690114578416,3.01,2.42,-0.5899999999999999,12,2011,2022,WLS,Stable,anxiety
E07000176,Rushcliffe,0.07026310917895678,-138.66742662366514,0.5513559041365172,0.005672983082824379,0.02004298157701638,2.67,3.24,0.5700000000000003,12,2011,2022,WLS,Deteriorating,anxiety
E07000177,Cherwell,-0.007220577405453385,17.47462527400066,0.010885684100584991,0.7469297261210937,0.021765432846538535,3.23,2.71,-0.52,12,2011,2022,WLS,Stable,anxiety
E07000178,Oxford,-0.006790374336123159,17.045078925067855,0.01001934914698388,0.7569295248605701,0.021344565291053306,3.72,3.01,-0.7100000000000004,12,2011,2022,WLS,Stable,anxiety
E07000179,South Oxfordshire,0.025596902052131554,-48.70106445850786,0.07909308427972339,0.3758828478413285,0.027620149059472153,3.12,3.21,0.08999999999999986,12,2011,2022,WLS,Stable,anxiety
E07000180,Vale of White Horse,0.05907599894174581,-116.1000944440836,0.4866289300814536,0.011664251310652407,0.01918791595511308,3.07,3.31,0.2400000000000002,12,2011,2022,WLS,Deteriorating,anxiety
E07000181,West Oxfordshire,-0.0018327559981705516,6.618592093935462,0.0005997725959574485,0.9397791836940588,0.02365816531565964,3.24,3.19,-0.050000000000000266,12,2011,2022,WLS,Stable,anxiety
E07000192,Cannock Chase,-0.0077419230474851525,18.53300918702145,0.005835460006742399,0.813463563160342,0.03195511876778065,2.87,2.23,-0.6400000000000001,12,2011,2022,WLS,Stable,anxiety
E07000193,East Staffordshire,0.01923244237984917,-35.951349934696935,0.025022401065507016,0.6234160251436085,0.037963589462999985,3.05,3.15,0.10000000000000009,12,2011,2022,WLS,Stable,anxiety
E07000194,Lichfield,-0.011258488476476633,25.40874938398761,0.012524661487977484,0.7291352695800322,0.03161260016096239,2.97,2.79,-0.18000000000000016,12,2011,2022,WLS,Stable,anxiety
E07000195,Newcastle-under-Lyme,-0.01933404237584875,41.916771205907054,0.05280648404744093,0.47245679921082173,0.025893955550482878,3.21,3.58,0.3700000000000001,12,2011,2022,WLS,Stable,anxiety
E07000196,South Staffordshire,0.018730223928556722,-35.08951029122191,0.030040265237289532,0.5900960570216527,0.03365642174813081,3.0,3.5,0.5,12,2011,2022,WLS,Stable,anxiety
E07000197,Stafford,0.04026428164503719,-78.29138458138934,0.13563291168580804,0.23883032791466308,0.03214300855123146,2.99,4.05,1.0599999999999996,12,2011,2022,WLS,Stable,anxiety
E07000198,Staffordshire Moorlands,0.056667195424626754,-111.41798164226219,0.22763525932056572,0.11678074767393687,0.033008301126021204,2.82,3.38,0.56,12,2011,2022,WLS,Stable,anxiety
E07000199,Tamworth,0.07190773251597202,-142.23547066720013,0.24755338800049131,0.09977687807147295,0.03964414013021923,2.7,3.08,0.3799999999999999,12,2011,2022,WLS,Deteriorating,anxiety
E07000200,Babergh,0.015001109758959352,-27.396026999219288,0.04536557770216054,0.5062784028836385,0.021760993084366086,2.9,2.79,-0.10999999999999988,12,2011,2022,WLS,Stable,anxiety
E07000202,Ipswich,0.0249485345569158,-47.10505716867246,0.10683843645159308,0.2997309920454705,0.022811103323410967,3.16,3.09,-0.07000000000000028,12,2011,2022,WLS,Stable,anxiety
E07000203,Mid Suffolk,0.013281011179360702,-24.029424551286382,0.023209311830594825,0.6364482656321899,0.027245875379880623,2.55,2.73,0.18000000000000016,12,2011,2022,WLS,Stable,anxiety
E07000207,Elmbridge,0.026235668997333705,-49.93651970895874,0.060376741373970755,0.4414155524482446,0.03272910936471866,2.72,2.97,0.25,12,2011,2022,WLS,Stable,anxiety
E07000208,Epsom and Ewell,0.05869300213870937,-115.26091413962058,0.22009562088684753,0.14546766027159608,0.036828162267802854,3.67,3.2,-0.46999999999999975,11,2011,2021,WLS,Stable,anxiety
E07000209,Guildford,-0.02640468520737488,56.22707710493208,0.07327444814831041,0.3947812717534547,0.029694791819558513,3.49,3.08,-0.41000000000000014,12,2011,2022,WLS,Stable,anxiety
E07000210,Mole Valley,0.02310996280669725,-43.6250795388855,0.0957458082705459,0.3277263054598327,0.022458700674317905,3.14,3.25,0.10999999999999988,12,2011,2022,WLS,Stable,anxiety
E07000211,Reigate and Banstead,0.016093627130464916,-29.48568343305908,0.03054707687513314,0.5869279005291439,0.028670315250096993,3.04,3.47,0.43000000000000016,12,2011,2022,WLS,Stable,anxiety
E07000212,Runnymede,-0.0688380182054783,141.80418227316784,0.2155159678423939,0.1503028133153672,0.04377835429658252,3.57,3.19,-0.3799999999999999,11,2011,2021,WLS,Stable,anxiety
E07000213,Spelthorne,0.05723845648998457,-112.1331974716541,0.21552448519646394,0.1284082982149184,0.03453260191097838,3.12,5.16,2.04,12,2011,2022,WLS,Stable,anxiety
E07000214,Surrey Heath,-0.023965630784077763,51.243755993396206,0.029289005813691982,0.5948542133219243,0.0436296293315565,2.95,3.34,0.3899999999999997,12,2011,2022,WLS,Stable,anxiety
E07000215,Tandridge,-0.022194875679594786,47.57883379642337,0.04100826298553473,0.5279104630218125,0.03394098660332825,2.92,3.11,0.18999999999999995,12,2011,2022,WLS,Stable,anxiety
E07000216,Waverley,0.021279074504995762,-40.156818074698975,0.1336114029193961,0.24263237787423741,0.01713512736845354,2.81,2.94,0.1299999999999999,12,2011,2022,WLS,Stable,anxiety
E07000217,Woking,-0.041629896884715384,86.89101541554976,0.12155445831215639,0.26670733621425224,0.03538973498975806,3.56,2.76,-0.8000000000000003,12,2011,2022,WLS,Stable,anxiety
E07000218,North Warwickshire,0.021448361702167948,-40.480267154494925,0.029029978998691086,0.596512341693463,0.03922596844568626,3.55,2.84,-0.71,12,2011,2022,WLS,Stable,anxiety
E07000219,Nuneaton and Bedworth,0.0174548926112212,-32.40063147271107,0.0162590447698312,0.692907430126807,0.04293485929501403,3.16,2.87,-0.29000000000000004,12,2011,2022,WLS,Stable,anxiety
E07000220,Rugby,0.07082631581226574,-140.15365162724953,0.33885658773507465,0.04705454514780083,0.03128488209062073,2.88,3.04,0.16000000000000014,12,2011,2022,WLS,Deteriorating,anxiety
E07000221,Stratford-on-Avon,0.03627259190526207,-70.52892052535387,0.11824293982301193,0.2737679449046886,0.03132315165900618,3.09,3.28,0.18999999999999995,12,2011,2022,WLS,Stable,anxiety
E07000222,Warwick,0.06162987485200011,-121.69177459641611,0.17739032543925315,0.1727136259065183,0.04196847870957649,2.81,3.42,0.6099999999999999,12,2011,2022,WLS,Stable,anxiety
E07000223,Adur,0.053692955765479444,-105.20525861564306,0.16744732491209613,0.21140722484692742,0.039908261654555736,3.49,4.84,1.3499999999999996,11,2011,2022,WLS,Stable,anxiety
E07000224,Arun,-0.006662265857347922,16.245842939191675,0.006295258014572536,0.8063723368557989,0.026469386354317434,3.06,3.33,0.27,12,2011,2022,WLS,Stable,anxiety
E07000225,Chichester,0.034761799861316375,-67.09706821956766,0.12759926176377956,0.25432870171586086,0.02874327077332699,2.48,3.1,0.6200000000000001,12,2011,2022,WLS,Stable,anxiety
E07000226,Crawley,0.060550622542153446,-119.15796143071827,0.253690988747289,0.0950191457016738,0.03284168526956046,3.37,3.73,0.3599999999999999,12,2011,2022,WLS,Deteriorating,anxiety
E07000227,Horsham,-0.08716265987829264,178.62640793013202,0.28807077945095183,0.07198811726900534,0.04333105670922336,3.23,2.48,-0.75,12,2011,2022,WLS,Improving,anxiety
E07000228,Mid Sussex,0.05594699642246383,-109.93271293679197,0.2823073445714833,0.07545534012283772,0.028208821215338038,2.84,2.84,0.0,12,2011,2022,WLS,Deteriorating,anxiety
E07000229,Worthing,0.027647625198509385,-52.5871994321724,0.05257146527118428,0.4734713738723322,0.037115560447132115,3.04,4.27,1.2299999999999995,12,2011,2022,WLS,Stable,anxiety
E07000234,Bromsgrove,0.011921121659840467,-21.17321273595033,0.008069439498727737,0.781295138264082,0.0417961299342177,3.13,3.59,0.45999999999999996,12,2011,2022,WLS,Stable,anxiety
E07000235,Malvern Hills,0.010418064945248787,-18.260336310488128,0.021481584491217398,0.6494435180386207,0.022235065145205738,3.09,2.5,-0.5899999999999999,12,2011,2022,WLS,Stable,anxiety
E07000236,Redditch,0.05654673085912769,-111.18614332790114,0.18735124627906463,0.15988326298778444,0.037241798474989186,3.05,4.13,1.08,12,2011,2022,WLS,Stable,anxiety
E07000237,Worcester,0.05015606555478152,-98.26257995785502,0.1458589729286507,0.2205403811975546,0.038381476467074564,3.27,3.85,0.5800000000000001,12,2011,2022,WLS,Stable,anxiety
E07000238,Wychavon,0.05157676264058925,-101.3280116784504,0.27949824117423494,0.07719922652425737,0.02618677772693746,2.8,3.25,0.4500000000000002,12,2011,2022,WLS,Deteriorating,anxiety
E07000239,Wyre Forest,0.029671262786024916,-56.96566821016688,0.10514499034532976,0.3038196297341822,0.027372727509270545,2.75,3.25,0.5,12,2011,2022,WLS,Stable,anxiety
E07000240,St Albans,-0.0010161149340242731,4.895552636621289,7.489914377833973e-05,0.9787041175737965,0.0371268533859541,2.81,3.03,0.21999999999999975,12,2011,2022,WLS,Stable,anxiety
E07000241,Welwyn Hatfield,0.022509995009008674,-42.37283155751831,0.0847538604316338,0.3585901855717857,0.023391851980572077,2.88,3.14,0.26000000000000023,12,2011,2022,WLS,Stable,anxiety
E07000242,East Hertfordshire,-0.003257928924908282,9.573182480998483,0.0017538810055008902,0.8971781386276205,0.024578782037553648,2.93,3.58,0.6499999999999999,12,2011,2022,WLS,Stable,anxiety
E07000243,Stevenage,0.009432474611698438,-16.050672214989845,0.003480432541428602,0.8554881507213234,0.05047216684831147,2.88,3.41,0.5300000000000002,12,2011,2022,WLS,Stable,anxiety
E07000244,East Suffolk,0.003448734565303424,-4.038513097970537,0.0027215156549063035,0.8720821691214682,0.02087673488738395,3.09,2.76,-0.33000000000000007,12,2011,2022,WLS,Stable,anxiety
E07000245,West Suffolk,0.007619300826531145,-12.491835697465007,0.006835885831077526,0.7983742722007157,0.02904211426694121,3.03,3.59,0.56,12,2011,2022,WLS,Stable,anxiety
E08000001,Bolton,0.02942277578632388,-56.29147143476422,0.2809624611703496,0.07628575402155269,0.014884535120259241,3.07,3.42,0.3500000000000001,12,2011,2022,WLS,Deteriorating,anxiety
E08000002,Bury,0.003357639486039149,-3.60463297037316,0.004941578750294773,0.8281398093493526,0.015066955060147493,3.3,3.43,0.13000000000000034,12,2011,2022,WLS,Stable,anxiety
E08000003,Manchester,0.00355971285600816,-4.006108335581899,0.0025387171710217205,0.8764227435777205,0.0223128903091687,3.44,3.73,0.29000000000000004,12,2011,2022,WLS,Stable,anxiety
E08000004,Oldham,-0.02375915051227734,50.93388844998421,0.10202170837508406,0.31153042276962584,0.02229038305972153,3.41,3.35,-0.06000000000000005,12,2011,2022,WLS,Stable,anxiety
E08000005,Rochdale,-0.01765267225081371,38.59003620854196,0.08129717432452643,0.3690275708560824,0.018765505100917387,3.26,3.17,-0.08999999999999986,12,2011,2022,WLS,Stable,anxiety
E08000006,Salford,0.0060727894042822,-9.125407234741573,0.008136711520777662,0.7804050208855011,0.02120262681130951,3.42,3.5,0.08000000000000007,12,2011,2022,WLS,Stable,anxiety
E08000007,Stockport,0.03848492566427185,-74.58564957705829,0.23229005633660926,0.11258110658067877,0.02212452346352899,3.02,3.65,0.6299999999999999,12,2011,2022,WLS,Stable,anxiety
E08000008,Tameside,-0.008023774045784818,19.190420990196372,0.016663426499133993,0.6892782728943114,0.019491606323121875,3.2,3.2,0.0,12,2011,2022,WLS,Stable,anxiety
E08000009,Trafford,0.009494112891453209,-16.141957703787057,0.017511372389920732,0.6818275734972188,0.02248837453618366,3.24,3.55,0.3099999999999996,12,2011,2022,WLS,Stable,anxiety
E08000010,Wigan,-0.0011380780724180722,5.097485127138796,0.00022051795081279302,0.9634661979065129,0.024232721524039887,3.25,2.99,-0.2599999999999998,12,2011,2022,WLS,Stable,anxiety
E08000011,Knowsley,-0.034698154948301044,73.10290007095452,0.300219303639225,0.06514405186822891,0.01675205362359248,3.35,3.49,0.14000000000000012,12,2011,2022,WLS,Improving,anxiety
E08000012,Liverpool,-0.030239653137249148,64.17873466471607,0.1581132466554641,0.20052858534268347,0.022065791753819272,3.44,3.28,-0.16000000000000014,12,2011,2022,WLS,Stable,anxiety
E08000013,St. Helens,0.011412712380741902,-20.02110978720151,0.03934217969281839,0.5365917717282829,0.017833805463102804,3.05,3.45,0.40000000000000036,12,2011,2022,WLS,Stable,anxiety
E08000014,Sefton,0.001593175083312283,-0.17673102994365308,0.00218177876811243,0.8853845392311794,0.010774171027116239,3.13,3.19,0.06000000000000005,12,2011,2022,WLS,Stable,anxiety
E08000015,Wirral,0.02090195746802473,-39.193857350225045,0.05240694180984895,0.4741835710951836,0.028106287624191893,3.0,3.34,0.33999999999999986,12,2011,2022,WLS,Stable,anxiety
E08000016,Barnsley,-0.016751417595966114,36.799042104097026,0.1409461880455941,0.2291357437020658,0.013077811783271028,3.27,3.17,-0.10000000000000009,12,2011,2022,WLS,Stable,anxiety
E08000017,Doncaster,0.015333537861928204,-27.905733857849413,0.03814620659903922,0.54297529786976,0.024348444563848305,3.14,3.48,0.33999999999999986,12,2011,2022,WLS,Stable,anxiety
E08000018,Rotherham,0.0026666147157277872,-2.220311753274146,0.002845410911591073,0.8692244620817915,0.015785888148946627,3.37,3.53,0.1599999999999997,12,2011,2022,WLS,Stable,anxiety
E08000019,Sheffield,0.00098815516332236,1.1910278935149563,0.00048520543006469463,0.9458270507940492,0.014182635172563528,3.24,3.28,0.03999999999999959,12,2011,2022,WLS,Stable,anxiety
E08000021,Newcastle upon Tyne,0.012540935985376075,-22.120255020816302,0.049667891219040916,0.48628327605719956,0.017347216227537564,3.32,3.18,-0.13999999999999968,12,2011,2022,WLS,Stable,anxiety
E08000022,North Tyneside,0.015388479374275621,-27.961707798257265,0.06639004383117142,0.4187889871345605,0.018248491361942693,3.08,3.31,0.22999999999999998,12,2011,2022,WLS,Stable,anxiety
E08000023,South Tyneside,-0.00328552756303227,9.697109302502952,0.002909412536390099,0.8677731472842507,0.01923400702197019,3.34,3.3,-0.040000000000000036,12,2011,2022,WLS,Stable,anxiety
E08000024,Sunderland,0.024862591926025884,-47.01657938725572,0.19557623374194877,0.14999682783186485,0.015945230775397605,3.18,3.4,0.21999999999999975,12,2011,2022,WLS,Stable,anxiety
E08000025,Birmingham,0.015001913850743995,-27.249753926848243,0.04460011087136395,0.5099726271124423,0.021956913515651592,3.21,3.43,0.2200000000000002,12,2011,2022,WLS,Stable,anxiety
E08000026,Coventry,0.03844014033021159,-74.59052071021034,0.28248430486158194,0.07534668327521077,0.01937329562814053,3.01,3.31,0.30000000000000027,12,2011,2022,WLS,Deteriorating,anxiety
E08000027,Dudley,0.0057962375524983345,-8.84804995734656,0.01020343516467237,0.754766627212689,0.018052857030797655,3.0,3.01,0.009999999999999787,12,2011,2022,WLS,Stable,anxiety
E08000028,Sandwell,-0.021761093559790064,46.63961677990416,0.1352849552157931,0.23948020978622386,0.017397725432650998,3.03,2.82,-0.20999999999999996,12,2011,2022,WLS,Stable,anxiety
E08000029,Solihull,0.003613889254806407,-4.387016506230083,0.002647507317882436,0.8738210079165056,0.02218097303696391,3.15,3.02,-0.1299999999999999,12,2011,2022,WLS,Stable,anxiety
E08000030,Walsall,0.043766456658180894,-85.22364601715526,0.3754932075419577,0.0341367760971214,0.017848796087660032,3.15,3.36,0.20999999999999996,12,2011,2022,WLS,Deteriorating,anxiety
E08000031,Wolverhampton,0.09124075292173028,-181.47648626777197,0.5147244025333438,0.008620467726728753,0.028015327763221427,2.44,3.11,0.6699999999999999,12,2011,2022,WLS,Deteriorating,anxiety
E08000032,Bradford,0.004144927156656347,-5.271479006716419,0.0039107454141932285,0.8469025787363473,0.02091877543669119,3.34,3.42,0.08000000000000007,12,2011,2022,WLS,Stable,anxiety
E08000033,Calderdale,0.024416985012858744,-46.21437008320086,0.2565410203879078,0.09288160713938809,0.013144441362058982,2.98,3.57,0.5899999999999999,12,2011,2022,WLS,Deteriorating,anxiety
E08000034,Kirklees,0.006634577863305111,-10.336450162466718,0.011609301681890671,0.7389044137033502,0.019358627876583157,3.11,3.48,0.3700000000000001,12,2011,2022,WLS,Stable,anxiety
E08000035,Leeds,0.018383842016163512,-33.914853762381,0.1208851551508795,0.2681180163863348,0.01567734804199334,3.1,3.15,0.04999999999999982,12,2011,2022,WLS,Stable,anxiety
E08000036,Wakefield,-0.0016880234908811798,6.421489179373438,0.0010282912659912435,0.9211932605998663,0.016637842429846044,3.01,3.35,0.3400000000000003,12,2011,2022,WLS,Stable,anxiety
E08000037,Gateshead,0.005798750304083042,-8.507930386140742,0.015368724822198976,0.7010817802829545,0.014677507269964675,3.29,3.41,0.1200000000000001,12,2011,2022,WLS,Stable,anxiety
E09000002,Barking and Dagenham,-0.053084397131938584,110.03641467178952,0.5481242630720643,0.005893419254200394,0.015241822074123864,3.23,2.98,-0.25,12,2011,2022,WLS,Improving,anxiety
E09000003,Barnet,0.05034597810093229,-98.62089274201773,0.22144386984784603,0.12259496081786869,0.029852308129962646,3.41,3.33,-0.08000000000000007,12,2011,2022,WLS,Stable,anxiety
E09000004,Bexley,-0.015920265364553182,35.2364576044308,0.1891630399647557,0.1576523563458898,0.010423148575003588,3.07,3.08,0.010000000000000231,12,2011,2022,WLS,Stable,anxiety
E09000005,Brent,0.01168826619325182,-20.71204396150995,0.008801901033356319,0.7718068832087814,0.03922311520214931,2.77,3.82,1.0499999999999998,12,2011,2022,WLS,Stable,anxiety
E09000006,Bromley,0.0004043616833275254,2.2724104513814325,4.5060451166256676e-05,0.9834814371692762,0.019048572842007772,3.3,3.38,0.08000000000000007,12,2011,2022,WLS,Stable,anxiety
E09000007,Camden,0.015830171795540318,-28.51168271669053,0.06448189186487907,0.42579108681697186,0.019067459897769968,3.81,3.37,-0.43999999999999995,12,2011,2022,WLS,Stable,anxiety
E09000008,Croydon,-0.004206598305723605,11.609834204970156,0.001750429659769126,0.8972788842795338,0.03176715168475548,3.47,3.95,0.48,12,2011,2022,WLS,Stable,anxiety
E09000009,Ealing,-0.041908077394052196,87.85978437713922,0.37537979754069273,0.034171430644803547,0.017095047144465275,3.86,3.64,-0.21999999999999975,12,2011,2022,WLS,Improving,anxiety
E09000010,Enfield,0.029180692492784432,-56.076459346252705,0.06688367741964252,0.41700323282991003,0.03446699454190426,3.15,2.33,-0.8199999999999998,12,2011,2022,WLS,Stable,anxiety
E09000011,Greenwich,-0.011010411041711285,25.570813773798022,0.03794842120618358,0.5440436590218929,0.017530966284328497,3.38,3.39,0.010000000000000231,12,2011,2022,WLS,Stable,anxiety
E09000012,Hackney,-0.0649939634620272,134.40412983448718,0.390607366374233,0.029781184623704604,0.025671509566684618,3.88,3.37,-0.5099999999999998,12,2011,2022,WLS,Improving,anxiety
E09000013,Hammersmith and Fulham,0.041503690543286106,-80.3699493858575,0.3530540071203222,0.041617168939081184,0.017766429520365935,2.87,3.34,0.46999999999999975,12,2011,2022,WLS,Deteriorating,anxiety
E09000014,Haringey,0.007394817865191472,-11.748671578163567,0.020445211107096184,0.65753613386378,0.01618624270786193,3.29,3.27,-0.020000000000000018,12,2011,2022,WLS,Stable,anxiety
E09000015,Harrow,0.04413523852097058,-86.17318762113217,0.13648068757939857,0.23725477335019418,0.03510636829089556,2.65,3.5,0.8500000000000001,12,2011,2022,WLS,Stable,anxiety
E09000016,Havering,-0.007217712183571839,17.582846554820804,0.015105196243669683,0.7035522555181706,0.018430253002646172,3.4,3.18,-0.21999999999999975,12,2011,2022,WLS,Stable,anxiety
E09000017,Hillingdon,-0.02224617339247907,48.01631966088473,0.22016000268890235,0.12383427790814827,0.013240026671596105,3.44,3.0,-0.43999999999999995,12,2011,2022,WLS,Stable,anxiety
E09000018,Hounslow,-0.0038002840281323724,10.919510494026753,0.0034771733387299886,0.8555552029457945,0.02034447614237643,3.54,3.42,-0.1200000000000001,12,2011,2022,WLS,Stable,anxiety
E09000019,Islington,-0.0226956376065255,49.174898456770336,0.1500272432894727,0.21351160970666938,0.017082830296333895,3.66,3.8,0.13999999999999968,12,2011,2022,WLS,Stable,anxiety
E09000020,Kensington and Chelsea,0.05797132030614208,-113.50158378980998,0.6932051534434204,0.0007762079930910826,0.012195688700893237,3.2,3.48,0.2799999999999998,12,2011,2022,WLS,Deteriorating,anxiety
E09000021,Kingston upon Thames,0.00800233138824033,-12.922013197605906,0.013546543073257977,0.7186832282753581,0.02159437259849068,3.5,3.62,0.1200000000000001,12,2011,2022,WLS,Stable,anxiety
E09000022,Lambeth,0.021960777726824088,-40.80103855786737,0.13497158630744222,0.24006710473965676,0.017580925224098272,3.43,3.45,0.020000000000000018,12,2011,2022,WLS,Stable,anxiety
E09000023,Lewisham,0.0019387501350106445,-0.5551237639230635,0.0009253680160746791,0.9252309092505207,0.020144828041935018,3.56,3.58,0.020000000000000018,12,2011,2022,WLS,Stable,anxiety
E09000024,Merton,-0.036014938397570626,75.94472112085418,0.24621615314021428,0.10084219451018406,0.01992727061967212,3.78,3.69,-0.08999999999999986,12,2011,2022,WLS,Stable,anxiety
E09000025,Newham,-0.07487474015442971,153.83681251519187,0.32081817939002977,0.05485543407764326,0.03445076496320516,3.89,1.86,-2.0300000000000002,12,2011,2022,WLS,Improving,anxiety
E09000026,Redbridge,-0.012477035846783141,28.240817454945642,0.11220315141868198,0.2871872852116406,0.01109853599338991,3.3,3.09,-0.20999999999999996,12,2011,2022,WLS,Stable,anxiety
E09000027,Richmond upon Thames,0.035816515546658254,-68.863623284964,0.2543766408888213,0.09450081649863717,0.019391190428338537,3.32,3.67,0.3500000000000001,12,2011,2022,WLS,Deteriorating,anxiety
E09000028,Southwark,0.03311357164975452,-63.263583580481196,0.3551884306892563,0.040849129339140866,0.014108895972196504,3.54,3.82,0.2799999999999998,12,2011,2022,WLS,Deteriorating,anxiety
E09000029,Sutton,-0.03260496552013546,68.84132874405458,0.1629891176173286,0.19309282231758296,0.023365226384659248,3.22,3.47,0.25,12,2011,2022,WLS,Stable,anxiety
E09000030,Tower Hamlets,-0.018734040967697055,40.841728050794515,0.048027915113118325,0.4937564511280703,0.02637525730736207,3.53,3.26,-0.27,12,2011,2022,WLS,Stable,anxiety
E09000031,Waltham Forest,0.005660930021984145,-8.38428265770753,0.004113391816916057,0.8430284236690468,0.0278543284689787,3.45,3.36,-0.0900000000000003,12,2011,2022,WLS,Stable,anxiety
E09000032,Wandsworth,-0.015868684832842622,35.289332856619524,0.05333621897892671,0.4701818590643492,0.021141105957483065,3.63,3.44,-0.18999999999999995,12,2011,2022,WLS,Stable,anxiety
E09000033,Westminster,0.009114854237950581,-15.019566673600337,0.018835942478227508,0.6705907714795969,0.020803042936367647,3.52,3.73,0.20999999999999996,12,2011,2022,WLS,Stable,anxiety
N09000001,Antrim and Newtownabbey,0.12062291929863961,-240.48996596538632,0.7311449003785591,0.0007942933357523163,0.02438181276887526,2.55,3.45,0.9000000000000004,11,2012,2022,WLS,Deteriorating,anxiety
N09000002,"Armagh City, Banbridge and Craigavon",0.0034496420283216533,-4.249026304868266,0.0010764306640370647,0.923709620695957,0.03502884965378006,3.16,2.85,-0.31000000000000005,11,2012,2022,WLS,Stable,anxiety
N09000003,Belfast,-0.015206285322828472,33.91152715727867,0.0358103727443807,0.5773371769379763,0.02630138915415568,3.92,3.31,-0.6099999999999999,11,2012,2022,WLS,Stable,anxiety
N09000004,Causeway Coast and Glens,0.03146557303303904,-60.76051253396383,0.26996157665278653,0.10140694716074927,0.017247901839994802,2.77,3.11,0.33999999999999986,11,2012,2022,WLS,Stable,anxiety
N09000005,Derry City and Strabane,-0.009821187493514794,23.151431215791945,0.03105502299490548,0.604235453595364,0.018286322623205953,3.56,3.44,-0.1200000000000001,11,2012,2022,WLS,Stable,anxiety
N09000006,Fermanagh and Omagh,0.05201756530376231,-102.59156522452753,0.28688126389687685,0.08948757951095421,0.027337487475209574,2.19,2.33,0.14000000000000012,11,2012,2022,WLS,Deteriorating,anxiety
N09000007,Lisburn and Castlereagh,-0.03671577532689424,76.8573864729733,0.07252524780441338,0.4232418862281764,0.04376610381798818,2.71,2.66,-0.04999999999999982,11,2012,2022,WLS,Stable,anxiety
N09000008,Mid and East Antrim,0.04716352876147406,-92.43302691497183,0.26499719278976575,0.10516620092519124,0.026182366569101837,2.8,2.81,0.010000000000000231,11,2012,2022,WLS,Stable,anxiety
N09000009,Mid Ulster,-0.015044136877864295,32.73736815057339,0.02790566547582296,0.623472642368631,0.029597432281000844,1.96,1.95,-0.010000000000000009,11,2012,2022,WLS,Stable,anxiety
N09000010,"Newry, Mourne and Down",0.00599930429501222,-9.529328039544112,0.006116517295322921,0.8192084070232226,0.025491492779537432,2.8,2.49,-0.3099999999999996,11,2012,2022,WLS,Stable,anxiety
N09000011,Ards and North Down,0.017621032819694127,-32.67964600918731,0.0317413060314945,0.6002030941423238,0.032440938662963166,2.97,3.05,0.07999999999999963,11,2012,2022,WLS,Stable,anxiety
S12000005,Clackmannanshire,0.003531828953652144,-4.295290988670587,0.0021457538628659734,0.8863292723668783,0.02408481228947638,3.31,3.4,0.08999999999999986,12,2011,2022,WLS,Stable,anxiety
S12000006,Dumfries and Galloway,0.061170792502786925,-120.74600875309855,0.43736623706415156,0.019181909357076865,0.02193988642180082,2.67,3.68,1.0100000000000002,12,2011,2022,WLS,Deteriorating,anxiety
S12000008,East Ayrshire,0.0026734437839160408,-2.2833191739578638,0.002260454313754212,0.8833485328009374,0.017761587611175855,3.3,3.39,0.0900000000000003,12,2011,2022,WLS,Stable,anxiety
S12000010,East Lothian,-0.020108949015772343,43.43520061847077,0.14149727683837166,0.22815429840442225,0.015663404756195813,3.12,2.68,-0.43999999999999995,12,2011,2022,WLS,Stable,anxiety
S12000011,East Renfrewshire,-0.009676789746547891,22.40511179493035,0.0598707279470958,0.44339705088064174,0.012126007241455348,3.09,3.3,0.20999999999999996,12,2011,2022,WLS,Stable,anxiety
S12000013,Na h-Eileanan Siar,0.009045408700885535,-15.78714416089862,0.021646007485652707,0.6481808142212724,0.019230355068506132,2.47,2.33,-0.14000000000000012,12,2011,2022,WLS,Stable,anxiety
S12000014,Falkirk,0.014511895179362008,-26.270732452000644,0.037511973023521605,0.5464142051442851,0.023245390532285998,3.23,3.28,0.04999999999999982,12,2011,2022,WLS,Stable,anxiety
S12000017,Highland,-0.0031062404184824116,8.91727363475745,0.0036327440587087256,0.8523898578428133,0.016267746239345075,2.59,2.72,0.13000000000000034,12,2011,2022,WLS,Stable,anxiety
S12000018,Inverclyde,-0.009270237248339822,21.79358444966519,0.036428092335281326,0.5523804447128267,0.015076991832142679,3.29,3.09,-0.20000000000000018,12,2011,2022,WLS,Stable,anxiety
S12000019,Midlothian,0.013471648781013396,-24.31055004576561,0.05071650534146277,0.48159601685555087,0.018430794483631267,2.78,2.67,-0.10999999999999988,12,2011,2022,WLS,Stable,anxiety
S12000020,Moray,0.0024650942649238616,-2.288711078378469,0.0018801302601745284,0.8935596423493457,0.017961016518599836,2.75,2.65,-0.10000000000000009,12,2011,2022,WLS,Stable,anxiety
S12000021,North Ayrshire,0.005818432970390364,-8.520139286015052,0.006007217298291567,0.8107814900429613,0.02366796836418714,3.32,3.54,0.2200000000000002,12,2011,2022,WLS,Stable,anxiety
S12000023,Orkney Islands,-0.023707393952087708,50.00880630329078,0.05737528481126197,0.5050675097568849,0.033973931525081776,2.59,2.88,0.29000000000000004,10,2011,2020,WLS,Stable,anxiety
S12000026,Scottish Borders,0.03133900356450708,-60.48304008859327,0.20701280616957807,0.13722819525540508,0.019396334467722407,2.79,2.86,0.06999999999999984,12,2011,2022,WLS,Stable,anxiety
S12000027,Shetland Islands,0.04744193666431332,-93.13244267566583,0.2716128742773096,0.08229098311449268,0.024567918583747534,2.33,2.04,-0.29000000000000004,12,2011,2022,WLS,Deteriorating,anxiety
S12000028,South Ayrshire,-0.014782981760408223,32.927594591152115,0.03119948078073409,0.5828977132981084,0.02604986873493028,3.59,3.22,-0.36999999999999966,12,2011,2022,WLS,Stable,anxiety
S12000029,South Lanarkshire,0.03438481537096928,-66.38847435886771,0.30202801446591454,0.06417650566803479,0.01652958989789216,3.11,3.27,0.16000000000000014,12,2011,2022,WLS,Deteriorating,anxiety
S12000030,Stirling,0.04066361228564287,-78.98448835472342,0.5546697249182355,0.005454092067430194,0.011522052120567464,3.05,3.24,0.1900000000000004,12,2011,2022,WLS,Deteriorating,anxiety
S12000033,Aberdeen City,0.046741091245053684,-91.2968233672749,0.4920552318923169,0.011015133908961028,0.015017587333375286,3.01,3.42,0.41000000000000014,12,2011,2022,WLS,Deteriorating,anxiety
S12000034,Aberdeenshire,0.03967076990174348,-77.30758586951998,0.3216800478841134,0.05445830385430317,0.018216958228239377,2.6,3.05,0.44999999999999973,12,2011,2022,WLS,Deteriorating,anxiety
S12000035,Argyll and Bute,-0.009896102784878319,22.651724286818848,0.045918009131854065,0.5036389382837534,0.014264794563246617,2.83,2.62,-0.20999999999999996,12,2011,2022,WLS,Stable,anxiety
S12000036,City of Edinburgh,0.015536261401580993,-28.00143474203334,0.05399300869693524,0.4673839345281232,0.020564820749967,3.43,3.55,0.11999999999999966,12,2011,2022,WLS,Stable,anxiety
S12000038,Renfrewshire,0.000842434476524781,1.3443359833308932,0.0001993646571377683,0.9652616464674009,0.018865518726482042,3.35,3.26,-0.0900000000000003,12,2011,2022,WLS,Stable,anxiety
S12000039,West Dunbartonshire,-0.013720008233666522,30.62753742224797,0.1291562775715266,0.25124241591079266,0.011265921608208187,3.01,2.89,-0.11999999999999966,12,2011,2022,WLS,Stable,anxiety
S12000040,West Lothian,0.03664170771067641,-70.91614318854386,0.15753476064874716,0.2014299256691272,0.026795601021166404,2.96,3.59,0.6299999999999999,12,2011,2022,WLS,Stable,anxiety
S12000041,Angus,0.04799658413430165,-94.05375054652822,0.43810237350171966,0.019045076460341148,0.017189020358889962,2.67,3.11,0.43999999999999995,12,2011,2022,WLS,Deteriorating,anxiety
S12000042,Dundee City,0.07934417500908769,-156.8317210038738,0.6329287261101131,0.0019723723088493905,0.019107894943304757,2.76,3.63,0.8700000000000001,12,2011,2022,WLS,Deteriorating,anxiety
S12000045,East Dunbartonshire,-0.00761998288738279,18.163400710155997,0.026504877659795145,0.613176873939046,0.014603534600725982,2.84,2.8,-0.040000000000000036,12,2011,2022,WLS,Stable,anxiety
S12000047,Fife,0.04341938775663305,-84.60190573636231,0.31829772049496485,0.05603153857625198,0.02009390312781145,2.83,3.36,0.5299999999999998,12,2011,2022,WLS,Deteriorating,anxiety
S12000048,Perth and Kinross,0.013077323216963775,-23.52772156504558,0.05062224481830979,0.48201451903824966,0.01790884937320286,3.04,3.02,-0.020000000000000018,12,2011,2022,WLS,Stable,anxiety
S12000049,Glasgow City,0.012313448415310513,-21.641465784055413,0.07353658495552906,0.3939036783292531,0.013821083913549857,3.32,3.29,-0.029999999999999805,12,2011,2022,WLS,Stable,anxiety
S12000050,North Lanarkshire,-0.02338389008571702,50.11666038471117,0.20315877583109987,0.1414095351029574,0.01464484786150555,3.29,3.22,-0.06999999999999984,12,2011,2022,WLS,Stable,anxiety
W06000001,Isle of Anglesey,0.02732273583857387,-52.242657036272405,0.17859256689042557,0.1711127050446335,0.018529845912084807,2.79,3.47,0.6800000000000002,12,2011,2022,WLS,Stable,anxiety
W06000002,Gwynedd,0.013088839712396723,-23.4661472913472,0.02753649403615488,0.6062557277661171,0.02459707600447728,2.93,3.54,0.6099999999999999,12,2011,2022,WLS,Stable,anxiety
W06000003,Conwy,0.0015720253944663531,-0.2940521203437072,0.0008870122412214521,0.9267931256622601,0.016684071906876135,3.1,3.36,0.2599999999999998,12,2011,2022,WLS,Stable,anxiety
W06000004,Denbighshire,-0.004993349829706506,12.89442538667943,0.008257284641887797,0.7788194034154903,0.0173050506642083,2.84,2.85,0.010000000000000231,12,2011,2022,WLS,Stable,anxiety
W06000005,Flintshire,0.029931993543014485,-57.52355079381407,0.1452814238551705,0.22153310693296446,0.02295842919417674,2.81,2.87,0.06000000000000005,12,2011,2022,WLS,Stable,anxiety
W06000006,Wrexham,0.014119421552776422,-25.52563479341039,0.021837480598369874,0.6467174700989795,0.02988279032870035,3.12,3.22,0.10000000000000009,12,2011,2022,WLS,Stable,anxiety
W06000008,Ceredigion,0.059465565976098714,-116.8512299079191,0.671081003101692,0.0011136152585780046,0.013165051511246964,2.88,3.28,0.3999999999999999,12,2011,2022,WLS,Deteriorating,anxiety
W06000009,Pembrokeshire,-0.014476616499346631,31.91783054284558,0.07537167581147552,0.3878308893971396,0.0160341735659852,3.08,2.65,-0.43000000000000016,12,2011,2022,WLS,Stable,anxiety
W06000010,Carmarthenshire,0.01713479613748846,-31.597346057663515,0.08252761072669323,0.3652692282607424,0.01806657413297837,3.24,3.21,-0.03000000000000025,12,2011,2022,WLS,Stable,anxiety
W06000011,Swansea,0.03521199893372684,-67.80979059108387,0.2361424631300184,0.10921262693305245,0.020026719712999994,3.34,3.46,0.1200000000000001,12,2011,2022,WLS,Stable,anxiety
W06000012,Neath Port Talbot,0.0027702129006762083,-2.4791239910099137,0.00379403272058243,0.8491809847630263,0.014195058309071178,3.32,3.58,0.26000000000000023,12,2011,2022,WLS,Stable,anxiety
W06000013,Bridgend,0.0069501930121739774,-11.011296805257132,0.030826808681291173,0.5851933250080354,0.012323477546217083,3.03,3.13,0.10000000000000009,12,2011,2022,WLS,Stable,anxiety
W06000014,Vale of Glamorgan,0.0020667800886832385,-1.184889797731202,0.0013859709322837643,0.9085517612481451,0.017543491847685107,3.13,3.43,0.30000000000000027,12,2011,2022,WLS,Stable,anxiety
W06000015,Cardiff,0.02555036182259489,-48.35929081336937,0.1537104549154965,0.20749385234950934,0.01895853778706628,3.2,3.55,0.34999999999999964,12,2011,2022,WLS,Stable,anxiety
W06000016,Rhondda Cynon Taf,0.023261124902015526,-43.70867456077801,0.23899519584070938,0.10677903497858843,0.013125922236395164,3.22,3.35,0.1299999999999999,12,2011,2022,WLS,Stable,anxiety
W06000018,Caerphilly,0.0010301495971663382,1.15772324996027,0.00031400656205693434,0.956409873330164,0.01838072928274096,3.16,3.51,0.34999999999999964,12,2011,2022,WLS,Stable,anxiety
W06000019,Blaenau Gwent,0.014119751605335129,-25.216178712960996,0.03924308090906625,0.5371157918099456,0.022092876720294773,3.51,3.61,0.10000000000000009,12,2011,2022,WLS,Stable,anxiety
W06000020,Torfaen,0.014080802002085793,-25.349150867762035,0.05040671743616176,0.4829735194498084,0.019326446121904987,3.17,3.13,-0.040000000000000036,12,2011,2022,WLS,Stable,anxiety
W06000021,Monmouthshire,0.022519766211707315,-42.39062889721069,0.30019522451866787,0.0651570200332614,0.010873026308563344,2.83,3.23,0.3999999999999999,12,2011,2022,WLS,Deteriorating,anxiety
W06000022,Newport,0.008927668091036386,-14.937866242109408,0.049477125129765764,0.48714353176193637,0.012374198938690985,2.93,3.22,0.29000000000000004,12,2011,2022,WLS,Stable,anxiety
W06000023,Powys,0.00890315317042957,-15.078037767724197,0.028586285114406196,0.5993740173056223,0.01641221130916729,2.94,2.96,0.020000000000000018,12,2011,2022,WLS,Stable,anxiety
W06000024,Merthyr Tydfil,-0.03676557199472917,77.34536364849185,0.2754573036608493,0.07977174818719224,0.018855852511804494,3.49,3.6,0.10999999999999988,12,2011,2022,WLS,Improving,anxiety
